Date,Alibaba,JD.com,NetEase,Baidu,Bilibili,Li Auto,XPeng,NIO,Trip.com,Yum China,Weibo,BeiGene,Zai Lab,Autohome,New Oriental Ed.,ZTO Express,Baozun,Lufax,Tuya,Miniso,Kanzhun (BOSS),Qifu Technology,H World (Huazhu),Hutchmed,GigaCloud
2018-08-08,,,,,,,,,,,,1391.0,,,,,,,,,,,,,
2018-08-09,,,,,,,,,,,,1353.2999801635742,,,,,,,,,,,,,
2018-08-10,,,,,,,,,,,,1352.0,,,,,,,,,,,,,
2018-08-13,,,,,,,,,,,,1299.3499603271484,,,,,,,,,,,,,
2018-08-14,,,,,,,,,,,,1272.7000198364258,,,,,,,,,,,,,
2018-08-15,,,,,,,,,,,,1300.0,,,,,,,,,,,,,
2018-08-16,,,,,,,,,,,,1261.6500396728516,,,,,,,,,,,,,
2018-08-17,,,,,,,,,,,,1211.5999603271484,,,,,,,,,,,,,
2018-08-20,,,,,,,,,,,,1227.8499603271484,,,,,,,,,,,,,
2018-08-21,,,,,,,,,,,,1257.0999603271484,,,,,,,,,,,,,
2018-08-22,,,,,,,,,,,,1266.8499603271484,,,,,,,,,,,,,
2018-08-23,,,,,,,,,,,,1313.0,,,,,,,,,,,,,
2018-08-24,,,,,,,,,,,,1320.7999801635742,,,,,,,,,,,,,
2018-08-27,,,,,,,,,,,,1357.2000198364258,,,,,,,,,,,,,
2018-08-28,,,,,,,,,,,,1396.2000198364258,,,,,,,,,,,,,
2018-08-29,,,,,,,,,,,,1396.2000198364258,,,,,,,,,,,,,
2018-08-30,,,,,,,,,,,,1388.4000396728516,,,,,,,,,,,,,
2018-08-31,,,,,,,,,,,,1381.9000396728516,,,,,,,,,,,,,
2018-09-04,,,,,,,,,,,,1384.5,,,,,,,,,,,,,
2018-09-05,,,,,,,,,,,,1358.5,,,,,,,,,,,,,
2018-09-06,,,,,,,,,,,,1313.0,,,,,,,,,,,,,
2018-09-07,,,,,,,,,,,,1275.2999801635742,,,,,,,,,,,,,
2018-09-10,,,,,,,,,,,,1280.5,,,,,,,,,,,,,
2018-09-11,,,,,,,,,,,,1279.8499603271484,,,,,,,,,,,,,
2018-09-12,,,,,,,,,,,,1212.9000396728516,,,,,,,,,,,,,
2018-09-13,,,,,,,,,,,,1281.7999801635742,,,,,,,,,,,,,
2018-09-14,,,,,,,,,,,,1282.4500198364258,,,,,,,,,,,,,
2018-09-17,,,,,,,,,,,,1258.4000396728516,,,,,,,,,,,,,
2018-09-18,,,,,,,,,,,,1245.4000396728516,,,,,,,,,,,,,
2018-09-19,,,,,,,,,,,,1261.0,,,,,,,,,,,,,
2018-09-20,,,,,,,,,,,,1265.5499801635742,,,,,,,,,,,,,
2018-09-21,,,,,,,,,,,,1262.2999801635742,,,,,,,,,,,,,
2018-09-24,,,,,,,,,,,,1267.5,,,,,,,,,,,,,
2018-09-26,,,,,,,,,,,,1319.5,,,,,,,,,,,,,
2018-09-27,,,,,,,,,,,,1352.0,,,,,,,,,,,,,
2018-09-28,,,,,,,,,,,,1361.0999603271484,,,,,,,,,,,,,
2018-10-02,,,,,,,,,,,,1358.5,,,,,,,,,,,,,
2018-10-03,,,,,,,,,,,,1328.5999603271484,,,,,,,,,,,,,
2018-10-04,,,,,,,,,,,,1311.7000198364258,,,,,,,,,,,,,
2018-10-05,,,,,,,,,,,,1264.9000396728516,,,,,,,,,,,,,
2018-10-08,,,,,,,,,,,,1170.0,,,,,,,,,,,,,
2018-10-09,,,,,,,,,,,,1153.0999603271484,,,,,,,,,,,,,
2018-10-10,,,,,,,,,,,,1110.8499603271484,,,,,,,,,,,,,
2018-10-11,,,,,,,,,,,,998.4000396728516,,,,,,,,,,,,,
2018-10-12,,,,,,,,,,,,995.7999801635742,,,,,,,,,,,,,
2018-10-15,,,,,,,,,,,,980.2000198364258,,,,,,,,,,,,,
2018-10-16,,,,,,,,,,,,975.0,,,,,,,,,,,,,
2018-10-18,,,,,,,,,,,,1015.9500198364258,,,,,,,,,,,,,
2018-10-19,,,,,,,,,,,,975.0,,,,,,,,,,,,,
2018-10-22,,,,,,,,,,,,987.3499603271484,,,,,,,,,,,,,
2018-10-23,,,,,,,,,,,,911.2999801635742,,,,,,,,,,,,,
2018-10-24,,,,,,,,,,,,907.4000396728516,,,,,,,,,,,,,
2018-10-25,,,,,,,,,,,,849.5499801635742,,,,,,,,,,,,,
2018-10-26,,,,,,,,,,,,830.7000198364258,,,,,,,,,,,,,
2018-10-29,,,,,,,,,,,,876.2000198364258,,,,,,,,,,,,,
2018-10-30,,,,,,,,,,,,845.0,,,,,,,,,,,,,
2018-10-31,,,,,,,,,,,,884.0,,,,,,,,,,,,,
2018-11-01,,,,,,,,,,,,999.7000198364258,,,,,,,,,,,,,
2018-11-02,,,,,,,,,,,,1049.0999603271484,,,,,,,,,,,,,
2018-11-05,,,,,,,,,,,,1013.3499603271484,,,,,,,,,,,,,
2018-11-06,,,,,,,,,,,,1001.0,,,,,,,,,,,,,
2018-11-07,,,,,,,,,,,,997.0999603271484,,,,,,,,,,,,,
2018-11-08,,,,,,,,,,,,995.1500396728516,,,,,,,,,,,,,
2018-11-09,,,,,,,,,,,,962.0,,,,,,,,,,,,,
2018-11-12,,,,,,,,,,,,933.4000396728516,,,,,,,,,,,,,
2018-11-13,,,,,,,,,,,,885.9500198364258,,,,,,,,,,,,,
2018-11-14,,,,,,,,,,,,921.7000198364258,,,,,,,,,,,,,
2018-11-15,,,,,,,,,,,,991.25,,,,,,,,,,,,,
2018-11-16,,,,,,,,,,,,978.25,,,,,,,,,,,,,
2018-11-19,,,,,,,,,,,,978.25,,,,,,,,,,,,,
2018-11-20,,,,,,,,,,,,941.8499603271484,,,,,,,,,,,,,
2018-11-21,,,,,,,,,,,,986.7000198364258,,,,,,,,,,,,,
2018-11-23,,,,,,,,,,,,1002.2999801635742,,,,,,,,,,,,,
2018-11-26,,,,,,,,,,,,1062.0999603271484,,,,,,,,,,,,,
2018-11-27,,,,,,,,,,,,1099.1500396728516,,,,,,,,,,,,,
2018-11-28,,,,,,,,,,,,1142.7000198364258,,,,,,,,,,,,,
2018-11-29,,,,,,,,,,,,1141.4000396728516,,,,,,,,,,,,,
2018-11-30,,,,,,,,,,,,1120.5999603271484,,,,,,,,,,,,,
2018-12-03,,,,,,,,,,,,1223.2999801635742,,,,,,,,,,,,,
2018-12-04,,,,,,,,,,,,1170.0,,,,,,,,,,,,,
2018-12-06,,,,,,,,,,,,1103.7000198364258,,,,,,,,,,,,,
2018-12-07,,,,,,,,,,,,1063.4000396728516,,,,,,,,,,,,,
2018-12-10,,,,,,,,,,,,1030.9000396728516,,,,,,,,,,,,,
2018-12-11,,,,,,,,,,,,1040.6500396728516,,,,,,,,,,,,,
2018-12-12,,,,,,,,,,,,1063.4000396728516,,,,,,,,,,,,,
2018-12-13,,,,,,,,,,,,1110.8499603271484,,,,,,,,,,,,,
2018-12-14,,,,,,,,,,,,1010.75,,,,,,,,,,,,,
2018-12-17,,,,,,,,,,,,1042.5999603271484,,,,,,,,,,,,,
2018-12-18,,,,,,,,,,,,1036.75,,,,,,,,,,,,,
2018-12-19,,,,,,,,,,,,1041.2999801635742,,,,,,,,,,,,,
2018-12-20,,,,,,,,,,,,1038.7000198364258,,,,,,,,,,,,,
2018-12-21,,,,,,,,,,,,1017.25,,,,,,,,,,,,,
2018-12-24,,,,,,,,,,,,1015.9500198364258,,,,,,,,,,,,,
2018-12-27,,,,,,,,,,,,1040.0,,,,,,,,,,,,,
2018-12-28,,,,,,,,,,,,1072.5,,,,,,,,,,,,,
2018-12-31,,,,,,,,,,,,1093.2999801635742,,,,,,,,,,,,,
2019-01-02,,,,,,,,,,,,1080.2999801635742,,,,,,,,,,,,,
2019-01-03,,,,,,,,,,,,1049.0999603271484,,,,,,,,,,,,,
2019-01-04,,,,,,,,,,,,1007.5,,,,,,,,,,,,,
2019-01-07,,,,,,,,,,,,1010.75,,,,,,,,,,,,,
2019-01-08,,,,,,,,,,,,1027.0,,,,,,,,,,,,,
2019-01-09,,,,,,,,,,,,1086.7999801635742,,,,,,,,,,,,,
2019-01-10,,,,,,,,,,,,1099.7999801635742,,,,,,,,,,,,,
2019-01-11,,,,,,,,,,,,1092.0,,,,,,,,,,,,,
2019-01-14,,,,,,,,,,,,1088.0999603271484,,,,,,,,,,,,,
2019-01-15,,,,,,,,,,,,1092.0,,,,,,,,,,,,,
2019-01-16,,,,,,,,,,,,1105.0,,,,,,,,,,,,,
2019-01-17,,,,,,,,,,,,1079.6500396728516,,,,,,,,,,,,,
2019-01-18,,,,,,,,,,,,1105.0,,,,,,,,,,,,,
2019-01-22,,,,,,,,,,,,1105.6500396728516,,,,,,,,,,,,,
2019-01-23,,,,,,,,,,,,1061.4500198364258,,,,,,,,,,,,,
2019-01-24,,,,,,,,,,,,1039.3499603271484,,,,,,,,,,,,,
2019-01-25,,,,,,,,,,,,989.2999801635742,,,,,,,,,,,,,
2019-01-28,,,,,,,,,,,,982.1500396728516,,,,,,,,,,,,,
2019-01-29,,,,,,,,,,,,998.4000396728516,,,,,,,,,,,,,
2019-01-30,,,,,,,,,,,,980.8499603271484,,,,,,,,,,,,,
2019-01-31,,,,,,,,,,,,999.0499801635742,,,,,,,,,,,,,
2019-02-01,,,,,,,,,,,,1014.6500396728516,,,,,,,,,,,,,
2019-02-04,,,,,,,,,,,,1026.3499603271484,,,,,,,,,,,,,
2019-02-08,,,,,,,,,,,,988.0,,,,,,,,,,,,,
2019-02-11,,,,,,,,,,,,1008.1500396728516,,,,,,,,,,,,,
2019-02-12,,,,,,,,,,,,1045.2000198364258,,,,,,,,,,,,,
2019-02-13,,,,,,,,,,,,1074.4500198364258,,,,,,,,,,,,,
2019-02-14,,,,,,,,,,,,1054.9500198364258,,,,,,,,,,,,,
2019-02-15,,,,,,,,,,,,1046.5,,,,,,,,,,,,,
2019-02-19,,,,,,,,,,,,1034.7999801635742,,,,,,,,,,,,,
2019-02-20,,,,,,,,,,,,1098.5,,,,,,,,,,,,,
2019-02-21,,,,,,,,,,,,1088.0999603271484,,,,,,,,,,,,,
2019-02-22,,,,,,,,,,,,1084.8499603271484,,,,,,,,,,,,,
2019-02-25,,,,,,,,,,,,1090.7000198364258,,,,,,,,,,,,,
2019-02-26,,,,,,,,,,,,1096.5499801635742,,,,,,,,,,,,,
2019-02-27,,,,,,,,,,,,1098.5,,,,,,,,,,,,,
2019-02-28,,,,,,,,,,,,1088.0999603271484,,,,,,,,,,,,,
2019-03-01,,,,,,,,,,,,1082.25,,,,,,,,,,,,,
2019-03-04,,,,,,,,,,,,1189.5,,,,,,,,,,,,,
2019-03-05,,,,,,,,,,,,1201.2000198364258,,,,,,,,,,,,,
2019-03-06,,,,,,,,,,,,1203.7999801635742,,,,,,,,,,,,,
2019-03-07,,,,,,,,,,,,1158.2999801635742,,,,,,,,,,,,,
2019-03-08,,,,,,,,,,,,1101.0999603271484,,,,,,,,,,,,,
2019-03-11,,,,,,,,,,,,1037.4000396728516,,,,,,,,,,,,,
2019-03-12,,,,,,,,,,,,1095.9000396728516,,,,,,,,,,,,,
2019-03-13,,,,,,,,,,,,1066.0,,,,,,,,,,,,,
2019-03-14,,,,,,,,,,,,1066.0,,,,,,,,,,,,,
2019-03-15,,,,,,,,,,,,1072.5,,,,,,,,,,,,,
2019-03-18,,,,,,,,,,,,1072.5,,,,,,,,,,,,,
2019-03-19,,,,,,,,,,,,1072.5,,,,,,,,,,,,,
2019-03-20,,,,,,,,,,,,1079.0,,,,,,,,,,,,,
2019-03-21,,,,,,,,,,,,1072.5,,,,,,,,,,,,,
2019-03-22,,,,,,,,,,,,1079.0,,,,,,,,,,,,,
2019-03-25,,,,,,,,,,,,1001.0,,,,,,,,,,,,,
2019-03-26,,,,,,,,,,,,1001.0,,,,,,,,,,,,,
2019-03-27,,,,,,,,,,,,978.9000396728516,,,,,,,,,,,,,
2019-03-28,,,,,,,,,,,,981.5,,,,,,,,,,,,,
2019-03-29,,,,,,,,,,,,1003.5999603271484,,,,,,,,,,,,,
2019-04-01,,,,,,,,,,,,1033.5,,,,,,,,,,,,,
2019-04-02,,,,,,,,,,,,1085.5,,,,,,,,,,,,,
2019-04-03,,,,,,,,,,,,1118.0,,,,,,,,,,,,,
2019-04-04,,,,,,,,,,,,1132.9500198364258,,,,,,,,,,,,,
2019-04-08,,,,,,,,,,,,1144.0,,,,,,,,,,,,,
2019-04-09,,,,,,,,,,,,1140.0999603271484,,,,,,,,,,,,,
2019-04-10,,,,,,,,,,,,1131.0,,,,,,,,,,,,,
2019-04-11,,,,,,,,,,,,1133.5999603271484,,,,,,,,,,,,,
2019-04-12,,,,,,,,,,,,1092.0,,,,,,,,,,,,,
2019-04-15,,,,,,,,,,,,1030.9000396728516,,,,,,,,,,,,,
2019-04-16,,,,,,,,,,,,1008.1500396728516,,,,,,,,,,,,,
2019-04-17,,,,,,,,,,,,1014.6500396728516,,,,,,,,,,,,,
2019-04-18,,,,,,,,,,,,967.2000198364258,,,,,,,,,,,,,
2019-04-23,,,,,,,,,,,,957.4500198364258,,,,,,,,,,,,,
2019-04-24,,,,,,,,,,,,958.0999603271484,,,,,,,,,,,,,
2019-04-25,,,,,,,,,,,,946.4000396728516,,,,,,,,,,,,,
2019-04-26,,,,,,,,,,,,948.3499603271484,,,,,,,,,,,,,
2019-04-29,,,,,,,,,,,,945.75,,,,,,,,,,,,,
2019-04-30,,,,,,,,,,,,982.7999801635742,,,,,,,,,,,,,
2019-05-02,,,,,,,,,,,,976.9500198364258,,,,,,,,,,,,,
2019-05-03,,,,,,,,,,,,1001.0,,,,,,,,,,,,,
2019-05-06,,,,,,,,,,,,991.9000396728516,,,,,,,,,,,,,
2019-05-07,,,,,,,,,,,,1002.2999801635742,,,,,,,,,,,,,
2019-05-08,,,,,,,,,,,,962.6500396728516,,,,,,,,,,,,,
2019-05-09,,,,,,,,,,,,923.6500396728516,,,,,,,,,,,,,
2019-05-10,,,,,,,,,,,,949.0,,,,,,,,,,,,,
2019-05-14,,,,,,,,,,,,998.4000396728516,,,,,,,,,,,,,
2019-05-15,,,,,,,,,,,,1032.8499603271484,,,,,,,,,,,,,
2019-05-16,,,,,,,,,,,,1037.4000396728516,,,,,,,,,,,,,
2019-05-17,,,,,,,,,,,,1062.0999603271484,,,,,,,,,,,,,
2019-05-20,,,,,,,,,,,,1027.0,,,,,,,,,,,,,
2019-05-21,,,,,,,,,,,,975.6500396728516,,,,,,,,,,,,,
2019-05-23,,,,,,,,,,,,997.0999603271484,,,,,,,,,,,,,
2019-05-24,,,,,,,,,,,,1001.0,,,,,,,,,,,,,
2019-05-28,,,,,,,,,,,,1002.2999801635742,,,,,,,,,,,,,
2019-05-29,,,,,,,,,,,,963.9500198364258,,,,,,,,,,,,,
2019-05-30,,,,,,,,,,,,955.5,,,,,,,,,,,,,
2019-05-31,,,,,,,,,,,,946.4000396728516,,,,,,,,,,,,,
2019-06-03,,,,,,,,,,,,918.4500198364258,,,,,,,,,,,,,
2019-06-04,,,,,,,,,,,,923.6500396728516,,,,,,,,,,,,,
2019-06-05,,,,,,,,,,,,932.0999603271484,,,,,,,,,,,,,
2019-06-06,,,,,,,,,,,,936.0,,,,,,,,,,,,,
2019-06-10,,,,,,,,,,,,955.5,,,,,,,,,,,,,
2019-06-11,,,,,,,,,,,,962.0,,,,,,,,,,,,,
2019-06-12,,,,,,,,,,,,985.4000396728516,,,,,,,,,,,,,
2019-06-13,,,,,,,,,,,,985.4000396728516,,,,,,,,,,,,,
2019-06-14,,,,,,,,,,,,979.5499801635742,,,,,,,,,,,,,
2019-06-17,,,,,,,,,,,,924.2999801635742,,,,,,,,,,,,,
2019-06-18,,,,,,,,,,,,905.4500198364258,,,,,,,,,,,,,
2019-06-19,,,,,,,,,,,,927.5499801635742,,,,,,,,,,,,,
2019-06-20,,,,,,,,,,,,956.1500396728516,,,,,,,,,,,,,
2019-06-21,,,,,,,,,,,,954.8499603271484,,,,,,,,,,,,,
2019-06-24,,,,,,,,,,,,950.2999801635742,,,,,,,,,,,,,
2019-06-25,,,,,,,,,,,,930.1500396728516,,,,,,,,,,,,,
2019-06-26,,,,,,,,,,,,934.7000198364258,,,,,,,,,,,,,
2019-06-27,,,,,,,,,,,,969.7999801635742,,,,,,,,,,,,,
2019-06-28,,,,,,,,,,,,975.6500396728516,,,,,,,,,,,,,
2019-07-02,,,,,,,,,,,,999.0499801635742,,,,,,,,,,,,,
2019-07-03,,,,,,,,,,,,991.25,,,,,,,,,,,,,
2019-07-05,,,,,,,,,,,,999.7000198364258,,,,,,,,,,,,,
2019-07-08,,,,,,,,,,,,985.4000396728516,,,,,,,,,,,,,
2019-07-09,,,,,,,,,,,,985.4000396728516,,,,,,,,,,,,,
2019-07-10,,,,,,,,,,,,995.1500396728516,,,,,,,,,,,,,
2019-07-11,,,,,,,,,,,,965.25,,,,,,,,,,,,,
2019-07-12,,,,,,,,,,,,941.8499603271484,,,,,,,,,,,,,
2019-07-15,,,,,,,,,,,,949.0,,,,,,,,,,,,,
2019-07-16,,,,,,,,,,,,951.5999603271484,,,,,,,,,,,,,
2019-07-17,,,,,,,,,,,,952.25,,,,,,,,,,,,,
2019-07-18,,,,,,,,,,,,955.5,,,,,,,,,,,,,
2019-07-19,,,,,,,,,,,,969.7999801635742,,,,,,,,,,,,,
2019-07-22,,,,,,,,,,,,962.6500396728516,,,,,,,,,,,,,
2019-07-23,,,,,,,,,,,,997.75,,,,,,,,,,,,,
2019-07-24,,,,,,,,,,,,1004.9000396728516,,,,,,,,,,,,,
2019-07-25,,,,,,,,,,,,1008.1500396728516,,,,,,,,,,,,,
2019-07-26,,,,,,,,,,,,1001.6500396728516,,,,,,,,,,,,,
2019-07-29,,,,,,,,,,,,1023.0999603271484,,,,,,,,,,,,,
2019-07-30,,,,,,,,,,,,1047.7999801635742,,,,,,,,,,,,,
2019-07-31,,,,,,,,,,,,1058.8499603271484,,,,,,,,,,,,,
2019-08-01,,,,,,,,,,,,1062.75,,,,,,,,,,,,,
2019-08-02,,,,,,,,,,,,1056.9000396728516,,,,,,,,,,,,,
2019-08-05,,,,,,,,,,,,1060.7999801635742,,,,,,,,,,,,,
2019-08-06,,,,,,,,,,,,1015.9500198364258,,,,,,,,,,,,,
2019-08-07,,,,,,,,,,,,1014.0,,,,,,,,,,,,,
2019-08-08,,,,,,,,,,,,1014.0,,,,,,,,,,,,,
2019-08-09,,,,,,,,,,,,1028.2999801635742,,,,,,,,,,,,,
2019-08-12,,,,,,,,,,,,1049.0999603271484,,,,,,,,,,,,,
2019-08-13,,,,,,,,,,,,1058.8499603271484,,,,,,,,,,,,,
2019-08-14,,,,,,,,,,,,1055.5999603271484,,,,,,,,,,,,,
2019-08-15,,,,,,,,,,,,1091.3499603271484,,,,,,,,,,,,,
2019-08-16,,,,,,,,,,,,1105.0,,,,,,,,,,,,,
2019-08-19,,,,,,,,,,,,1135.5499801635742,,,,,,,,,,,,,
2019-08-20,,,,,,,,,,,,1167.4000396728516,,,,,,,,,,,,,
2019-08-21,,,,,,,,,,,,1144.6500396728516,,,,,,,,,,,,,
2019-08-22,,,,,,,,,,,,1145.2999801635742,,,,,,,,,,,,,
2019-08-23,,,,,,,,,,,,1143.3499603271484,,,,,,,,,,,,,
2019-08-26,,,,,,,,,,,,1116.7000198364258,,,,,,,,,,,,,
2019-08-27,,,,,,,,,,,,1099.1500396728516,,,,,,,,,,,,,
2019-08-28,,,,,,,,,,,,1101.75,,,,,,,,,,,,,
2019-08-29,,,,,,,,,,,,1092.0,,,,,,,,,,,,,
2019-08-30,,,,,,,,,,,,1120.5999603271484,,,,,,,,,,,,,
2019-09-03,,,,,,,,,,,,1107.5999603271484,,,,,,,,,,,,,
2019-09-04,,,,,,,,,,,,1155.0499801635742,,,,,,,,,,,,,
2019-09-05,,,,,,,,,,,,1109.5499801635742,,,,,,,,,,,,,
2019-09-06,,,,,,,,,,,,1007.5,,,,,,,,,,,,,
2019-09-09,,,,,,,,,,,,972.4000396728516,,,,,,,,,,,,,
2019-09-10,,,,,,,,,,,,1010.0999603271484,,,,,,,,,,,,,
2019-09-11,,,,,,,,,,,,997.0999603271484,,,,,,,,,,,,,
2019-09-12,,,,,,,,,,,,993.2000198364258,,,,,,,,,,,,,
2019-09-13,,,,,,,,,,,,1029.5999603271484,,,,,,,,,,,,,
2019-09-16,,,,,,,,,,,,1035.4500198364258,,,,,,,,,,,,,
2019-09-17,,,,,,,,,,,,1020.5,,,,,,,,,,,,,
2019-09-18,,,,,,,,,,,,1028.9500198364258,,,,,,,,,,,,,
2019-09-19,,,,,,,,,,,,1001.0,,,,,,,,,,,,,
2019-09-20,,,,,,,,,,,,1024.4000396728516,,,,,,,,,,,,,
2019-09-23,,,,,,,,,,,,1049.0999603271484,,,,,,,,,,,,,
2019-09-24,,,,,,,,,,,,1065.3499603271484,,,,,,,,,,,,,
2019-09-25,,,,,,,,,,,,989.9500198364258,,,,,,,,,,,,,
2019-09-26,,,,,,,,,,,,1032.2000198364258,,,,,,,,,,,,,
2019-09-27,,,,,,,,,,,,1014.6500396728516,,,,,,,,,,,,,
2019-09-30,,,,,,,,,,,,976.2999801635742,,,,,,,,,,,,,
2019-10-02,,,,,,,,,,,,949.0,,,,,,,,,,,,,
2019-10-03,,,,,,,,,,,,951.5999603271484,,,,,,,,,,,,,
2019-10-04,,,,,,,,,,,,957.4500198364258,,,,,,,,,,,,,
2019-10-08,,,,,,,,,,,,949.0,,,,,,,,,,,,,
2019-10-09,,,,,,,,,,,,925.5999603271484,,,,,,,,,,,,,
2019-10-10,,,,,,,,,,,,917.1500396728516,,,,,,,,,,,,,
2019-10-11,,,,,,,,,,,,947.0499801635742,,,,,,,,,,,,,
2019-10-14,,,,,,,,,,,,936.6500396728516,,,,,,,,,,,,,
2019-10-15,,,,,,,,,,,,960.0499801635742,,,,,,,,,,,,,
2019-10-16,,,,,,,,,,,,972.4000396728516,,,,,,,,,,,,,
2019-10-17,,,,,,,,,,,,997.0999603271484,,,,,,,,,,,,,
2019-10-18,,,,,,,,,,,,1045.2000198364258,,,,,,,,,,,,,
2019-10-21,,,,,,,,,,,,1030.9000396728516,,,,,,,,,,,,,
2019-10-22,,,,,,,,,,,,1025.0499801635742,,,,,,,,,,,,,
2019-10-23,,,,,,,,,,,,1042.5999603271484,,,,,,,,,,,,,
2019-10-24,,,,,,,,,,,,1071.8499603271484,,,,,,,,,,,,,
2019-10-25,,,,,,,,,,,,1086.7999801635742,,,,,,,,,,,,,
2019-10-28,,,,,,,,,,,,1084.2000198364258,,,,,,,,,,,,,
2019-10-29,,,,,,,,,,,,1076.4000396728516,,,,,,,,,,,,,
2019-10-30,,,,,,,,,,,,1073.1500396728516,,,,,,,,,,,,,
2019-10-31,,,,,,,,,,,,1084.2000198364258,,,,,,,,,,,,,
2019-11-01,,,,,,,,,,,,1430.0,,,,,,,,,,,,,
2019-11-04,,,,,,,,,,,,1513.2000198364258,,,,,,,,,,,,,
2019-11-05,,,,,,,,,,,,1495.0,,,,,,,,,,,,,
2019-11-06,,,,,,,,,,,,1492.4000396728516,,,,,,,,,,,,,
2019-11-07,,,,,,,,,,,,1488.5,,,,,,,,,,,,,
2019-11-08,,,,,,,,,,,,1488.5,,,,,,,,,,,,,
2019-11-11,,,,,,,,,,,,1515.7999801635742,,,,,,,,,,,,,
2019-11-12,,,,,,,,,,,,1491.0999603271484,,,,,,,,,,,,,
2019-11-13,,,,,,,,,,,,1509.2999801635742,,,,,,,,,,,,,
2019-11-14,,,,,,,,,,,,1526.2000198364258,,,,,,,,,,,,,
2019-11-15,,,,,,,,,,,,1627.5999603271484,,,,,,,,,,,,,
2019-11-18,,,,,,,,,,,,1579.5,,,,,,,,,,,,,
2019-11-19,,,,,,,,,,,,1549.5999603271484,,,,,,,,,,,,,
2019-11-20,,,,,,,,,,,,1573.0,,,,,,,,,,,,,
2019-11-21,,,,,,,,,,,,1565.2000198364258,,,,,,,,,,,,,
2019-11-22,,,,,,,,,,,,1604.2000198364258,,,,,,,,,,,,,
2019-11-25,,,,,,,,,,,,1641.9000396728516,,,,,,,,,,,,,
2019-11-26,1500.800048828125,,,,,,,,,,,1623.7000198364258,,,,,,,,,,,,,
2019-11-27,1545.5999755859375,,,,,,,,,,,1570.4000396728516,,,,,,,,,,,,,
2019-11-29,1587.199951171875,,,,,,,,,,,1562.5999603271484,,,,,,,,,,,,,
2019-12-02,1564.0,,,,,,,,,,,1571.7000198364258,,,,,,,,,,,,,
2019-12-03,1540.800048828125,,,,,,,,,,,1569.0999603271484,,,,,,,,,,,,,
2019-12-04,1512.0,,,,,,,,,,,1560.0,,,,,,,,,,,,,
2019-12-05,1539.199951171875,,,,,,,,,,,1505.4000396728516,,,,,,,,,,,,,
2019-12-06,1580.0,,,,,,,,,,,1492.4000396728516,,,,,,,,,,,,,
2019-12-09,1572.800048828125,,,,,,,,,,,1457.2999801635742,,,,,,,,,,,,,
2019-12-10,1563.199951171875,,,,,,,,,,,1443.0,,,,,,,,,,,,,
2019-12-11,1580.800048828125,,,,,,,,,,,1433.9000396728516,,,,,,,,,,,,,
2019-12-12,1601.5999755859375,,,,,,,,,,,1393.5999603271484,,,,,,,,,,,,,
2019-12-13,1616.0,,,,,,,,,,,1402.7000198364258,,,,,,,,,,,,,
2019-12-16,1608.0,,,,,,,,,,,1388.4000396728516,,,,,,,,,,,,,
2019-12-17,1630.4000244140625,,,,,,,,,,,1298.7000198364258,,,,,,,,,,,,,
2019-12-18,1620.800048828125,,,,,,,,,,,1284.4000396728516,,,,,,,,,,,,,
2019-12-19,1638.4000244140625,,,,,,,,,,,1298.7000198364258,,,,,,,,,,,,,
2019-12-20,1656.0,,,,,,,,,,,1333.7999801635742,,,,,,,,,,,,,
2019-12-23,1667.199951171875,,,,,,,,,,,1357.2000198364258,,,,,,,,,,,,,
2019-12-24,1683.199951171875,,,,,,,,,,,1350.7000198364258,,,,,,,,,,,,,
2019-12-27,1702.4000244140625,,,,,,,,,,,1349.4000396728516,,,,,,,,,,,,,
2019-12-30,1684.800048828125,,,,,,,,,,,1303.9000396728516,,,,,,,,,,,,,
2019-12-31,1657.5999755859375,,,,,,,,,,,1300.0,,,,,,,,,,,,,
2020-01-02,1680.0,,,,,,,,,,,1287.0,,,,,,,,,,,,,
2020-01-03,1696.0,,,,,,,,,,,1288.9500198364258,,,,,,,,,,,,,
2020-01-06,1688.0,,,,,,,,,,,1275.2999801635742,,,,,,,,,,,,,
2020-01-07,1700.800048828125,,,,,,,,,,,1280.5,,,,,,,,,,,,,
2020-01-08,1686.4000244140625,,,,,,,,,,,1279.2000198364258,,,,,,,,,,,,,
2020-01-09,1724.800048828125,,,,,,,,,,,1267.5,,,,,,,,,,,,,
2020-01-10,1744.0,,,,,,,,,,,1316.9000396728516,,,,,,,,,,,,,
2020-01-13,1782.4000244140625,,,,,,,,,,,1285.0499801635742,,,,,,,,,,,,,
2020-01-14,1788.800048828125,,,,,,,,,,,1292.8499603271484,,,,,,,,,,,,,
2020-01-15,1766.4000244140625,,,,,,,,,,,1301.2999801635742,,,,,,,,,,,,,
2020-01-16,1755.199951171875,,,,,,,,,,,1299.3499603271484,,,,,,,,,,,,,
2020-01-17,1763.199951171875,,,,,,,,,,,1335.0999603271484,,,,,,,,,,,,,
2020-01-21,1726.4000244140625,,,,,,,,,,,1335.0999603271484,,,,,,,,,,,,,
2020-01-22,1747.199951171875,,,,,,,,,,,1326.0,,,,,,,,,,,,,
2020-01-23,1707.199951171875,,,,,,,,,,,1319.5,,,,,,,,,,,,,
2020-01-24,1716.800048828125,,,,,,,,,,,1306.5,,,,,,,,,,,,,
2020-01-29,1659.199951171875,,,,,,,,,,,1239.5499801635742,,,,,,,,,,,,,
2020-01-30,1614.4000244140625,,,,,,,,,,,1175.2000198364258,,,,,,,,,,,,,
2020-01-31,1603.199951171875,,,,,,,,,,,1189.5,,,,,,,,,,,,,
2020-02-03,1640.0,,,,,,,,,,,1189.5,,,,,,,,,,,,,
2020-02-04,1705.5999755859375,,,,,,,,,,,1209.0,,,,,,,,,,,,,
2020-02-05,1724.800048828125,,,,,,,,,,,1259.7000198364258,,,,,,,,,,,,,
2020-02-06,1739.199951171875,,,,,,,,,,,1274.0,,,,,,,,,,,,,
2020-02-07,1723.199951171875,,,,,,,,,,,1274.0,,,,,,,,,,,,,
2020-02-10,1700.800048828125,,,,,,,,,,,1272.0499801635742,,,,,,,,,,,,,
2020-02-11,1697.5999755859375,,,,,,,,,,,1293.5,,,,,,,,,,,,,
2020-02-12,1720.0,,,,,,,,,,,1294.7999801635742,,,,,,,,,,,,,
2020-02-13,1737.5999755859375,,,,,,,,,,,1292.8499603271484,,,,,,,,,,,,,
2020-02-14,1720.0,,,,,,,,,,,1301.2999801635742,,,,,,,,,,,,,
2020-02-18,1712.0,,,,,,,,,,,1328.5999603271484,,,,,,,,,,,,,
2020-02-19,1712.0,,,,,,,,,,,1335.0999603271484,,,,,,,,,,,,,
2020-02-20,1724.800048828125,,,,,,,,,,,1336.4000396728516,,,,,,,,,,,,,
2020-02-21,1700.800048828125,,,,,,,,,,,1310.4000396728516,,,,,,,,,,,,,
2020-02-24,1641.5999755859375,,,,,,,,,,,1284.4000396728516,,,,,,,,,,,,,
2020-02-25,1652.800048828125,,,,,,,,,,,1273.3499603271484,,,,,,,,,,,,,
2020-02-26,1624.0,,,,,,,,,,,1233.0499801635742,,,,,,,,,,,,,
2020-02-27,1641.5999755859375,,,,,,,,,,,1218.0999603271484,,,,,,,,,,,,,
2020-02-28,1600.0,,,,,,,,,,,1197.2999801635742,,,,,,,,,,,,,
2020-03-02,1636.800048828125,,,,,,,,,,,1234.3499603271484,,,,,,,,,,,,,
2020-03-03,1625.5999755859375,,,,,,,,,,,1246.7000198364258,,,,,,,,,,,,,
2020-03-04,1617.5999755859375,,,,,,,,,,,1206.4000396728516,,,,,,,,,,,,,
2020-03-05,1657.5999755859375,,,,,,,,,,,1220.7000198364258,,,,,,,,,,,,,
2020-03-06,1630.4000244140625,,,,,,,,,,,1195.3499603271484,,,,,,,,,,,,,
2020-03-09,1548.0,,,,,,,,,,,1150.5,,,,,,,,,,,,,
2020-03-10,1594.4000244140625,,,,,,,,,,,1214.2000198364258,,,,,,,,,,,,,
2020-03-11,1576.0,,,,,,,,,,,1192.0999603271484,,,,,,,,,,,,,
2020-03-12,1510.4000244140625,,,,,,,,,,,1131.0,,,,,,,,,,,,,
2020-03-13,1533.5999755859375,,,,,,,,,,,1106.2999801635742,,,,,,,,,,,,,
2020-03-16,1434.4000244140625,,,,,,,,,,,1058.2000198364258,,,,,,,,,,,,,
2020-03-17,1465.5999755859375,,,,,,,,,,,1040.0,,,,,,,,,,,,,
2020-03-18,1384.0,,,,,,,,,,,1079.0,,,,,,,,,,,,,
2020-03-19,1392.0,,,,,,,,,,,1159.5999603271484,,,,,,,,,,,,,
2020-03-20,1464.0,,,,,,,,,,,1164.1500396728516,,,,,,,,,,,,,
2020-03-23,1360.0,,,,,,,,,,,1014.0,,,,,,,,,,,,,
2020-03-24,1396.0,,,,,,,,,,,1040.0,,,,,,,,,,,,,
2020-03-25,1437.5999755859375,,,,,,,,,,,1024.4000396728516,,,,,,,,,,,,,
2020-03-26,1447.199951171875,,,,,,,,,,,967.2000198364258,,,,,,,,,,,,,
2020-03-27,1471.199951171875,,,,,,,,,,,1002.2999801635742,,,,,,,,,,,,,
2020-03-30,1442.4000244140625,,,,,,,,,,,986.0499801635742,,,,,,,,,,,,,
2020-03-31,1467.199951171875,,,,,,,,,,,992.5499801635742,,,,,,,,,,,,,
2020-04-01,1472.0,,,,,,,,,,,946.4000396728516,,,,,,,,,,,,,
2020-04-02,1488.0,,,,,,,,,,,968.5,,,,,,,,,,,,,
2020-04-03,1469.5999755859375,,,,,,,,,,,1040.0,,,,,,,,,,,,,
2020-04-06,1508.800048828125,,,,,,,,,,,1132.9500198364258,,,,,,,,,,,,,
2020-04-07,1532.0,,,,,,,,,,,1130.3499603271484,,,,,,,,,,,,,
2020-04-08,1520.800048828125,,,,,,,,,,,1062.75,,,,,,,,,,,,,
2020-04-09,1533.5999755859375,,,,,,,,,,,1098.5,,,,,,,,,,,,,
2020-04-14,1576.0,,,,,,,,,,,1151.1500396728516,,,,,,,,,,,,,
2020-04-15,1583.199951171875,,,,,,,,,,,1199.25,,,,,,,,,,,,,
2020-04-16,1622.4000244140625,,,,,,,,,,,1205.0999603271484,,,,,,,,,,,,,
2020-04-17,1660.800048828125,,,,,,,,,,,1224.5999603271484,,,,,,,,,,,,,
2020-04-20,1646.4000244140625,,,,,,,,,,,1223.9500198364258,,,,,,,,,,,,,
2020-04-21,1633.5999755859375,,,,,,,,,,,1227.8499603271484,,,,,,,,,,,,,
2020-04-22,1644.800048828125,,,,,,,,,,,1250.5999603271484,,,,,,,,,,,,,
2020-04-23,1635.199951171875,,,,,,,,,,,1244.0999603271484,,,,,,,,,,,,,
2020-04-24,1584.0,,,,,,,,,,,1231.0999603271484,,,,,,,,,,,,,
2020-04-27,1604.800048828125,,,,,,,,,,,1261.0,,,,,,,,,,,,,
2020-04-28,1592.0,,,,,,,,,,,1274.6500396728516,,,,,,,,,,,,,
2020-04-29,1576.0,,,,,,,,,,,1259.7000198364258,,,,,,,,,,,,,
2020-05-04,1517.5999755859375,,,,,,,,,,,1088.0999603271484,,,,,,,,,,,,,
2020-05-05,1508.0,,,,,,,,,,,1093.2999801635742,,,,,,,,,,,,,
2020-05-06,1548.800048828125,,,,,,,,,,,1134.9000396728516,,,,,,,,,,,,,
2020-05-07,1524.0,,,,,,,,,,,1112.7999801635742,,,,,,,,,,,,,
2020-05-08,1547.199951171875,,,,,,,,,,,1189.5,,,,,,,,,,,,,
2020-05-11,1589.5999755859375,,,,,,,,,,,1209.0,,,,,,,,,,,,,
2020-05-12,1597.5999755859375,,,,,,,,,,,1255.7999801635742,,,,,,,,,,,,,
2020-05-13,1570.4000244140625,,,,,,,,,,,1231.0999603271484,,,,,,,,,,,,,
2020-05-14,1556.0,,,,,,,,,,,1248.0,,,,,,,,,,,,,
2020-05-15,1575.199951171875,,,,,,,,,,,1266.2000198364258,,,,,,,,,,,,,
2020-05-18,1624.0,,,,,,,,,,,1297.4000396728516,,,,,,,,,,,,,
2020-05-19,1678.4000244140625,,,,,,,,,,,1281.7999801635742,,,,,,,,,,,,,
2020-05-20,1688.0,,,,,,,,,,,1305.2000198364258,,,,,,,,,,,,,
2020-05-21,1649.5999755859375,,,,,,,,,,,1261.0,,,,,,,,,,,,,
2020-05-22,1585.5999755859375,,,,,,,,,,,1240.2000198364258,,,,,,,,,,,,,
2020-05-26,1608.0,,,,,,,,,,,1271.4000396728516,,,,,,,,,,,,,
2020-05-27,1578.4000244140625,,,,,,,,,,,1259.7000198364258,,,,,,,,,,,,,
2020-05-28,1548.0,,,,,,,,,,,1233.7000198364258,,,,,,,,,,,,,
2020-05-29,1554.4000244140625,,,,,,,,,,,1261.0,,,,,,,,,,,,,
2020-06-01,1622.4000244140625,,,,,,,,,,,1300.0,,,,,,,,,,,,,
2020-06-02,1600.0,,,,,,,,,,,1313.0,,,,,,,,,,,,,
2020-06-03,1676.800048828125,,,,,,,,,,,1319.5,,,,,,,,,,,,,
2020-06-04,1688.0,,,,,,,,,,,1296.0999603271484,,,,,,,,,,,,,
2020-06-05,1697.5999755859375,,,,,,,,,,,1355.9000396728516,,,,,,,,,,,,,
2020-06-08,1699.199951171875,,,,,,,,,,,1324.7000198364258,,,,,,,,,,,,,
2020-06-09,1699.199951171875,,,,,,,,,,,1345.5,,,,,,,,,,,,,
2020-06-10,1724.800048828125,,,,,,,,,,,1352.0,,,,,,,,,,,,,
2020-06-11,1704.0,,650.0,,,,,,,,,1314.2999801635742,,,,,,,,,,,,,
2020-06-12,1696.0,,642.5,,,,,,,,,1287.0,,,,,,,,,,,,,
2020-06-15,1654.4000244140625,,625.4999923706055,,,,,,,,,1235.0,,,,,,,,,,,,,
2020-06-16,1705.5999755859375,,648.4999847412109,,,,,,,,,1366.2999801635742,,,,,,,,,,,,,
2020-06-17,1742.4000244140625,,640.5000305175781,,,,,,,,,1380.5999603271484,,,,,,,,,,,,,
2020-06-18,1742.4000244140625,468.0,633.4999847412109,,,,,,,,,1378.0,,,,,,,,,,,,,
2020-06-19,1752.0,467.20001220703125,644.0000152587891,,,,,,,,,1446.9000396728516,,,,,,,,,,,,,
2020-06-22,1704.0,456.0,646.5000152587891,,,,,,,,,1417.0,,,,,,,,,,,,,
2020-06-23,1760.0,460.0,663.0000305175781,,,,,,,,,1456.0,,,,,,,,,,,,,
2020-06-24,1771.199951171875,469.6000061035156,680.0,,,,,,,,,1456.0,,,,,,,,,,,,,
2020-06-26,1716.800048828125,468.79998779296875,680.0,,,,,,,,,1579.5,,,,,,,,,,,,,
2020-06-29,1675.199951171875,459.6000061035156,675.0,,,,,,,,,1511.9000396728516,,,,,,,,,,,,,
2020-06-30,1676.800048828125,463.6000061035156,668.0000305175781,,,,,,,,,1475.5,,,,,,,,,,,,,
2020-07-02,1715.199951171875,471.6000061035156,674.4999694824219,,,,,,,,,1553.5,,,,,,,,,,,,,
2020-07-06,1803.199951171875,489.6000061035156,680.0,,,,,,,,,1547.0,,,,,,,,,,,,,
2020-07-07,1859.199951171875,484.0,680.0,,,,,,,,,1552.2000198364258,,,,,,,,,,,,,
2020-07-08,1902.4000244140625,495.20001220703125,701.9999694824219,,,,,,,,,1578.2000198364258,,,,,,,,,,,,,
2020-07-09,2092.800048828125,532.0,772.5,,,,,,,,,1592.5,,,,,,,,,,,,,
2020-07-10,2043.199951171875,520.7999877929688,762.5,,,,,,,,,1550.9000396728516,,,,,,,,,,,,,
2020-07-13,2035.199951171875,511.20001220703125,753.4999847412109,,,,,,,,,1580.7999801635742,,,,,,,,,,,,,
2020-07-14,1923.199951171875,483.6000061035156,735.0,,,,,,,,,1781.0,,,,,,,,,,,,,
2020-07-15,1947.199951171875,482.3999938964844,744.4999694824219,,,,,,,,,1916.1999206542969,,,,,,,,,,,,,
2020-07-16,1865.5999755859375,470.0,712.5,,,,,,,,,1779.6999206542969,,,,,,,,,,,,,
2020-07-17,1910.4000244140625,481.20001220703125,702.5,,,,,,,,,1835.5999603271484,,,,,,,,,,,,,
2020-07-20,1916.800048828125,483.6000061035156,706.5000152587891,,,,,,,,,1939.5999603271484,,,,,,,,,,,,,
2020-07-21,2056.0,508.3999938964844,745.5000305175781,,,,,,,,,1970.8000793457031,,,,,,,,,,,,,
2020-07-22,1984.0,484.3999938964844,725.0,,,,,,,,,1922.6999206542969,,,,,,,,,,,,,
2020-07-23,1972.800048828125,483.20001220703125,728.4999847412109,,,,,,,,,1866.8000793457031,,,,,,,,,,,,,
2020-07-24,1912.0,469.6000061035156,700.5000305175781,,,,,,,,,1748.5,,,,,,,,,,,,,
2020-07-27,1912.0,473.6000061035156,694.0000152587891,,,,,,,,,1734.1999206542969,,,,,,,,,,,,,
2020-07-28,1956.800048828125,486.79998779296875,708.4999847412109,,,,,,,,,1725.0999603271484,,,,,,,,,,,,,
2020-07-29,1944.0,479.6000061035156,704.4999694824219,,,,,,,,,1678.3000793457031,,,,,,,,,,,,,
2020-07-30,1958.4000244140625,481.6000061035156,699.0000152587891,,,,,,,,,1625.0,,,,,,,,,,,,,
2020-07-31,1968.0,481.6000061035156,704.0000152587891,,,,,,,,,1657.5,,,,,,,,,,,,,
2020-08-03,1964.800048828125,494.3999938964844,719.0000152587891,,,,,,,,,1690.0,,,,,,,,,,,,,
2020-08-04,2030.4000244140625,504.0,735.0,,,,,,,,,1762.8000793457031,,,,,,,,,,,,,
2020-08-05,2046.4000244140625,506.0,750.0,,,,,,,,,1740.6999206542969,,,,,,,,,,,,,
2020-08-06,2056.0,508.0,750.0,,,,,,,,,1778.4000396728516,,,,,,,,,,,,,
2020-08-07,1993.5999755859375,492.79998779296875,737.5,,,,,,,,,1736.8000793457031,,,,,,,,,,,,,
2020-08-10,1939.199951171875,480.79998779296875,721.5000152587891,,,,,,,,,1722.5,,,,,,,,,,,,,
2020-08-11,1952.0,484.79998779296875,715.0,,,,,,,,,1660.0999603271484,,,,,,,,,,,,,
2020-08-12,1947.199951171875,482.0,714.4999694824219,,,,,,,,,1612.0,,,,,,,,,,,,,
2020-08-13,1985.5999755859375,488.79998779296875,740.0,,,,,,,,,1660.0999603271484,,,,,,,,,,,,,
2020-08-14,1974.4000244140625,486.0,722.5,,,,,,,,,1658.7999801635742,,,,,,,,,,,,,
2020-08-17,1942.4000244140625,485.20001220703125,716.5000152587891,,,,,,,,,1664.0,,,,,,,,,,,,,
2020-08-18,2016.0,531.2000122070312,738.0000305175781,,,,,,,,,1744.5999603271484,,,,,,,,,,,,,
2020-08-19,2043.199951171875,556.0,738.0000305175781,,,,,,,,,1813.5,,,,,,,,,,,,,
2020-08-20,2040.0,559.5999755859375,739.4999694824219,,,,,,,,,1807.0,,,,,,,,,,,,,
2020-08-21,2022.4000244140625,575.2000122070312,750.0,,,,,,,,,1856.4000396728516,,,,,,,,,,,,,
2020-08-24,2115.199951171875,598.0,769.4999694824219,,,,,,,,,1868.0999603271484,,,,,,,,,,,,,
2020-08-25,2153.60009765625,596.0,777.5,,,,,,,,,1830.4000396728516,,,,,,,,,,,,,
2020-08-26,2243.199951171875,631.5999755859375,810.5000305175781,,,,,,,,,1976.0,,,,,,,,,,,,,
2020-08-27,2244.800048828125,633.2000122070312,800.5000305175781,,,,,,,,,1917.5,,,,,,,,,,,,,
2020-08-28,2216.0,616.7999877929688,785.5000305175781,,,,,,,,,1924.0,,,,,,,,,,,,,
2020-08-31,2262.39990234375,621.2000122070312,778.0000305175781,,,,,,,,,1892.8000793457031,,,,,,,,,,,,,
2020-09-01,2262.39990234375,618.4000244140625,765.0,,,,,,,,,1861.5999603271484,,,,,,,,,,,,,
2020-09-02,2329.60009765625,664.0,768.4999847412109,,,,,,,,,1800.5,,,,,,,,,,,,,
2020-09-03,2273.60009765625,646.4000244140625,766.9999694824219,,,,,,,,,1807.0,,,,,,,,,,,,,
2020-09-04,2192.0,615.5999755859375,746.9999694824219,,,,,,,,,1846.0,,,,,,,,,,,,,
2020-09-08,2156.800048828125,610.0,730.5000305175781,,,,,,,,,1849.9000396728516,,,,,,,,,,,,,
2020-09-09,2105.60009765625,591.2000122070312,714.0000152587891,,,,,,,,,1794.0,,,,,,,,,,,,,
2020-09-10,2100.800048828125,590.0,720.9999847412109,,,,,,,390.20001220703125,,1865.5,,,,,,,,,,,,,
2020-09-11,2128.0,590.0,718.0000305175781,,,,,,,397.0,,1877.1999206542969,,,,,,,,,,,,,
2020-09-14,2145.60009765625,587.5999755859375,720.9999847412109,,,,,,,402.0,,1950.0,,,,,,,,,,,,,
2020-09-15,2139.199951171875,603.5999755859375,730.0,,,,,,,404.6000061035156,,1995.5,,,,,,,,,,,,,
2020-09-16,2184.0,596.7999877929688,748.4999847412109,,,,,,,402.3999938964844,,1991.5999603271484,,,,,,,,,,,,,
2020-09-17,2142.39990234375,574.0,730.5000305175781,,,,,,,402.6000061035156,,1937.0,,,,,,,,,,,,,
2020-09-18,2156.800048828125,583.5999755859375,738.4999847412109,,,,,,,406.0,,2171.0,,,,,,,,,,,,,
2020-09-21,2096.0,574.4000244140625,730.0,,,,,,,391.79998779296875,,2129.4000396728516,,,,,,,,,,,,,
2020-09-22,2118.39990234375,580.0,744.4999694824219,,,,,,,387.79998779296875,,2067.0,,,,,,,,,,,311.00000381469727,,
2020-09-23,2136.0,584.7999877929688,746.9999694824219,,,,,,,391.79998779296875,,2083.9000396728516,,,,,,,,,,,329.00001525878906,,
2020-09-24,2088.0,576.7999877929688,734.4999694824219,,,,,,,388.79998779296875,,2087.800079345703,,,,,,,,,,,337.99999237060547,,
2020-09-25,2064.0,564.4000244140625,731.5000152587891,,,,,,,396.0,,2167.0999603271484,,,,,,,,,,,326.8000030517578,,
2020-09-28,2107.199951171875,580.0,720.0,,,,,,,396.20001220703125,,2180.0999603271484,610.0,,,,,,,,,,331.3999938964844,,
2020-09-29,2123.199951171875,590.4000244140625,717.5,,,,,,,401.0,,2132.0,644.0000152587891,,,238.0,252.0,,,,,,340.60001373291016,,
2020-09-30,2204.800048828125,587.5999755859375,689.4999694824219,,,,,,,398.0,,2200.9000396728516,640.9999847412109,,,224.1999969482422,243.0,,,,,,344.00001525878906,,
2020-10-05,2256.0,594.7999877929688,693.4999847412109,,,,,,,409.3999938964844,,2208.699920654297,650.0,,,223.0,252.59999084472656,,,,,,357.99999237060547,,
2020-10-06,2240.0,597.2000122070312,691.5000152587891,,,,,,,412.0,,2385.5,663.0000305175781,,,224.0,248.54999542236328,,,,,,352.20001220703125,,
2020-10-07,2305.60009765625,610.4000244140625,690.0,,,,,,,412.6000061035156,,2310.0999603271484,663.4999847412109,,,226.0,251.09999084472656,,,,,,347.40001678466797,,
2020-10-08,2316.800048828125,610.0,669.4999694824219,,,,,,,411.0,,2319.199920654297,708.4999847412109,,,223.8000030517578,248.54999542236328,,,,,,347.20001220703125,,
2020-10-09,2289.60009765625,615.5999755859375,690.9999847412109,,,,,,,413.6000061035156,,2371.199920654297,705.0,,,222.8000030517578,250.79999542236328,,,,,,342.00000762939453,,
2020-10-12,2336.0,633.5999755859375,710.5000305175781,,,,,,,416.0,,2473.9000396728516,725.9999847412109,,,235.0,259.5,,,,,,340.60001373291016,,
2020-10-14,2380.800048828125,648.0,710.9999847412109,,,,,,,415.0,,2379.0,706.5000152587891,,,232.0,276.15000915527344,,,,,,329.00001525878906,,
2020-10-15,2278.39990234375,622.7999877929688,685.0,,,,,,,410.0,,2363.4000396728516,696.9999694824219,,,225.1999969482422,264.0,,,,,,325.40000915527344,,
2020-10-16,2352.0,630.0,690.5000305175781,,,,,,,412.79998779296875,,2367.300079345703,689.0000152587891,,,223.60000610351562,266.09999084472656,,,,,,322.99999237060547,,
2020-10-19,2377.60009765625,634.0,694.4999694824219,,,,,,,414.3999938964844,,2440.0999603271484,690.0,,,225.0,259.9500045776367,,,,,,324.00001525878906,,
2020-10-20,2395.199951171875,635.2000122070312,688.0000305175781,,,,,,,410.79998779296875,,2333.5,680.5000305175781,,,223.1999969482422,270.0,,,,,,322.59998321533203,,
2020-10-21,2401.60009765625,645.5999755859375,684.4999694824219,,,,,,,416.3999938964844,,2382.9000396728516,675.0,,,235.8000030517578,285.59999084472656,,,,,,327.79998779296875,,
2020-10-22,2400.0,646.0,689.0000152587891,,,,,,,414.6000061035156,,2342.5999603271484,660.0,,,237.39999389648438,290.09999084472656,,,,,,330.0,,
2020-10-23,2384.0,632.0,678.4999847412109,,,,,,,421.6000061035156,,2317.9000396728516,665.9999847412109,,,237.8000030517578,291.0,,,,,,338.80001068115234,,
2020-10-27,2400.0,632.7999877929688,671.5000152587891,,,,,,,421.0,,2275.0,656.9999694824219,,,233.0,288.0,,,,,,330.0,,
2020-10-28,2459.199951171875,642.0,691.9999694824219,,,,,,,415.20001220703125,,2342.5999603271484,679.0000152587891,,,228.60000610351562,293.7000045776367,,,,,,318.4000015258789,,
2020-10-29,2420.800048828125,636.0,680.5000305175781,,,,,,,428.0,,2354.300079345703,660.9999847412109,,,231.8000030517578,287.09999084472656,,,,,,312.60000228881836,,
2020-10-30,2345.60009765625,630.4000244140625,674.4999694824219,,,,,,,418.0,,2237.300079345703,645.0,,,229.1999969482422,280.2000045776367,,,,,,328.1999969482422,,
2020-11-02,2382.39990234375,640.7999877929688,666.9999694824219,,,,,,,412.3999938964844,,2288.0,637.9999923706055,,,227.8000030517578,283.65000915527344,,,,,,313.6000061035156,,
2020-11-03,2398.39990234375,644.0,656.9999694824219,,,,,,,406.0,,2311.4000396728516,630.9999847412109,,,228.0,292.7999954223633,,,,,,308.99999618530273,,
2020-11-04,2217.60009765625,660.0,681.5000152587891,,,,,,,409.20001220703125,,2290.5999603271484,663.4999847412109,,,228.0,286.34999084472656,,,,,,312.00000762939453,,
2020-11-05,2356.800048828125,722.0,730.9999847412109,,,,,,,428.0,,2390.699920654297,680.0,,,238.0,298.2000045776367,,,,,,323.4000015258789,,
2020-11-06,2256.0,716.4000244140625,707.5,,,,,,,431.0,,2219.0999603271484,671.5000152587891,,,242.1999969482422,309.59999084472656,,,,,,324.39998626708984,,
2020-11-09,2321.60009765625,724.4000244140625,722.5,,,,,,,444.6000061035156,,2236.0,683.4999847412109,,1365.0,245.0,333.0,,,,,,324.00001525878906,,
2020-11-10,2203.199951171875,660.7999877929688,690.0,,,,,,,440.3999938964844,,2184.0,671.9999694824219,,1340.0,237.0,307.5,,,,,,342.00000762939453,,
2020-11-11,1987.199951171875,600.0,682.5,,,,,,,446.6000061035156,,2146.300079345703,674.0000152587891,,1338.0000305175781,230.0,284.84999084472656,,,,,,347.99999237060547,,
2020-11-12,2024.0,646.0,696.9999694824219,,,,,,,456.0,,2185.300079345703,745.0,,1341.9999694824219,228.60000610351562,298.34999084472656,,,,,,364.39998626708984,,
2020-11-13,2056.0,696.7999877929688,683.4999847412109,,,,,,,451.0,,2186.5999603271484,761.5000152587891,,1320.0,236.1999969482422,316.5,,,,,,356.5999984741211,,
2020-11-16,2032.0,736.0,689.0000152587891,,,,,,,452.0,,2145.0,802.5,,1370.0,252.60000610351562,323.40000915527344,,,,,,367.79998779296875,,
2020-11-17,1998.4000244140625,683.5999755859375,680.5000305175781,,,,,,,456.0,,2129.4000396728516,811.9999694824219,,1375.0,259.79998779296875,306.0,,,,,,371.5999984741211,,
2020-11-18,2000.0,680.0,679.4999694824219,,,,,,,457.20001220703125,,2184.0,802.5,,1401.9999694824219,257.0,312.0,,,,,,394.39998626708984,,
2020-11-19,1961.5999755859375,664.4000244140625,670.5000305175781,,,,,,,471.6000061035156,,2207.4000396728516,809.0000152587891,,1371.0000610351562,245.8000030517578,312.0,,,,,,398.6000061035156,,
2020-11-20,2024.0,672.0,709.0000152587891,,,,,,,469.20001220703125,,2184.0,790.0,,1386.9999694824219,235.0,313.7999954223633,,,,,,410.0,,
2020-11-23,2112.0,689.2000122070312,742.5,,,,,,,470.0,,2168.4000396728516,790.5000305175781,,1400.0,233.1999969482422,324.0,,,,,,400.40000915527344,,
2020-11-24,2160.0,696.4000244140625,754.0000152587891,,,,,,,471.79998779296875,,2083.9000396728516,815.0,,1403.0000305175781,228.39999389648438,302.09999084472656,,,,,,400.0,,
2020-11-25,2136.0,686.0,744.0000152587891,,,,,,,467.79998779296875,,1969.5,814.4999694824219,,1341.0000610351562,230.0,287.09999084472656,,,,,,395.99998474121094,,
2020-11-27,2156.800048828125,685.5999755859375,721.9999694824219,,,,,,,454.0,,2061.800079345703,815.0,,1303.0000305175781,228.60000610351562,296.09999084472656,,,,,,395.2000045776367,,
2020-11-30,2091.199951171875,677.2000122070312,722.5,,,,,,,445.0,,2167.0999603271484,831.9999694824219,,1275.999984741211,222.60000610351562,293.84999084472656,,,,,,389.00001525878906,,
2020-12-01,2057.60009765625,671.2000122070312,709.0000152587891,,,,,,,447.0,,2009.8000793457031,860.0,,1286.9999694824219,219.60000610351562,292.65000915527344,,,,,,385.99998474121094,,
2020-12-02,2041.5999755859375,652.0,690.0,,,,,,,451.6000061035156,,1804.4000396728516,835.9999847412109,,1270.0,221.1999969482422,299.09999084472656,,,,,,394.00001525878906,,
2020-12-03,2059.199951171875,662.7999877929688,680.0,,,,,,,444.79998779296875,,1769.3000793457031,825.5000305175781,,1225.0,225.1999969482422,308.7000045776367,,,,,,394.59999084472656,,
2020-12-04,2112.0,678.7999877929688,689.0000152587891,,,,,,,447.0,,1745.9000396728516,831.9999694824219,,1275.0,222.0,300.59999084472656,,,,,,395.99998474121094,,
2020-12-07,2064.0,663.5999755859375,694.4999694824219,,,,,,,446.6000061035156,,1827.8000793457031,826.9999694824219,,1253.0000305175781,219.1999969482422,294.15000915527344,,,,,,382.79998779296875,,
2020-12-08,2064.0,651.5999755859375,710.0,,,,,,,442.20001220703125,,1751.0999603271484,824.0000152587891,,1245.999984741211,217.8000030517578,286.34999084472656,,,,,,385.0,,
2020-12-09,2086.39990234375,642.4000244140625,717.5,,,,,,,445.3999938964844,,1782.3000793457031,835.9999847412109,,1249.000015258789,218.0,291.0,,,,,,358.80001068115234,,
2020-12-10,2043.199951171875,638.0,686.5000152587891,,,,,,,445.0,,1722.5,820.9999847412109,,1249.000015258789,217.0,279.75,,,,,,358.80001068115234,,
2020-12-11,2067.199951171875,640.4000244140625,685.0,,,,,,,444.79998779296875,,1761.5,848.0000305175781,,1268.0000305175781,218.1999969482422,280.5,,,,,,363.6000061035156,,
2020-12-14,2012.800048828125,630.4000244140625,675.0,,,,,,,443.79998779296875,,1755.0,840.0,,1240.0,215.39999389648438,277.5,,,,,,359.39998626708984,,
2020-12-15,1968.0,612.7999877929688,676.9999694824219,,,,,,,445.20001220703125,,1803.0999603271484,839.0000152587891,,1243.0000305175781,209.1999969482422,275.09999084472656,,,,,,356.5999984741211,,
2020-12-16,2008.0,623.2000122070312,675.0,,,,,,,450.0,,1956.5,880.9999847412109,,1275.0,207.1999969482422,270.59999084472656,,,,,,367.40001678466797,,
2020-12-17,2064.0,646.0,705.0,,,,,,,455.0,,1960.4000396728516,911.5000152587891,,1313.0000305175781,216.0,276.90000915527344,,,,,,373.4000015258789,,
2020-12-18,2044.800048828125,640.7999877929688,709.4999694824219,,,,,,,455.6000061035156,,2132.0,956.5000152587891,,1291.9999694824219,215.8000030517578,285.0,,,,,,370.99998474121094,,
2020-12-21,2000.0,626.7999877929688,719.0000152587891,,,,,,,452.20001220703125,,2025.4000396728516,965.9999847412109,,1338.0000305175781,217.0,279.59999084472656,,,,,,364.00001525878906,,
2020-12-22,1990.4000244140625,630.4000244140625,712.5,,,,,,,444.79998779296875,,1996.8000793457031,980.0,,1328.0000305175781,218.0,274.65000915527344,,,,,,350.0,,
2020-12-23,1987.199951171875,666.0,724.0000152587891,,,,,,,444.79998779296875,,2025.4000396728516,1006.9999694824219,,1333.9999389648438,218.1999969482422,269.40000915527344,,,,,,345.2000045776367,,
2020-12-24,1828.800048828125,650.7999877929688,709.4999694824219,,,,,,,444.6000061035156,,2067.0,1039.000015258789,,1353.9999389648438,215.0,265.5,,,,,,348.4000015258789,,
2020-12-28,1680.0,636.7999877929688,706.5000152587891,,,,,,,443.20001220703125,,2080.0,1021.9999694824219,,1331.0000610351562,214.0,244.79999542236328,,,,,,345.40000915527344,,
2020-12-29,1776.0,644.0,717.5,,,,,,,443.20001220703125,,1950.0,1005.0,,1318.9999389648438,213.0,244.5,,,,,,342.79998779296875,,
2020-12-30,1889.5999755859375,675.5999755859375,729.4999694824219,,,,,,,449.0,,1947.4000396728516,993.4999847412109,,1310.0,218.1999969482422,255.0,,,,,,345.60001373291016,,
2020-12-31,1857.5999755859375,684.4000244140625,736.9999694824219,,,,,,,447.0,,2048.800079345703,1035.0,,1396.9999694824219,226.0,263.40000915527344,,,,,,350.99998474121094,,
2021-01-04,1820.800048828125,687.2000122070312,743.4999847412109,,,,,,,445.6000061035156,,1976.0,1045.0,,1431.9999694824219,227.0,267.59999084472656,,,,,,355.0,,
2021-01-05,1784.0,677.5999755859375,757.5,,,,,,,448.20001220703125,,2070.9000396728516,1015.9999847412109,,1378.9999389648438,221.0,269.09999084472656,,,,,,356.3999938964844,,
2021-01-06,1840.0,730.0,786.9999694824219,,,,,,,457.20001220703125,,2054.0,1030.0,,1373.0000305175781,224.0,269.40000915527344,,,,,,368.80001068115234,,
2021-01-07,1768.0,702.0,819.0000152587891,,,,,,,453.0,,2024.0999603271484,1010.0,,1348.9999389648438,221.0,270.0,,,,,,364.59999084472656,,
2021-01-08,1793.5999755859375,695.2000122070312,860.5000305175781,,,,,,,456.3999938964844,,2000.6999206542969,1076.9999694824219,,1331.9999694824219,220.0,270.0,,,,,,367.20001220703125,,
2021-01-11,1768.0,707.2000122070312,865.0,,,,,,,468.0,,2119.0,1119.000015258789,,1418.9999389648438,220.39999389648438,280.5,,,,,,369.1999816894531,,
2021-01-12,1760.0,705.5999755859375,837.5,,,,,,,461.6000061035156,,2392.0,1140.0,,1381.0000610351562,223.1999969482422,278.40000915527344,,,,,,368.80001068115234,,
2021-01-13,1790.4000244140625,693.2000122070312,815.0,,,,,,,449.0,,2340.0,1185.0,,1360.0,235.0,279.0,,,,,,351.5999984741211,,
2021-01-14,1880.0,706.7999877929688,820.0,,,,,,,455.0,,2587.0,1230.999984741211,,1358.0000305175781,231.8000030517578,282.0,,,,,,354.00001525878906,,
2021-01-15,1928.0,700.7999877929688,822.5,,,,,,,450.6000061035156,,2636.4000396728516,1290.0,,1366.9999694824219,233.39999389648438,280.7999954223633,,,,,,355.8000183105469,,
2021-01-19,1953.5999755859375,704.7999877929688,837.5,,,,,,,452.79998779296875,,2813.199920654297,1373.0000305175781,,1376.9999694824219,230.60000610351562,283.5,,,,,,366.19998931884766,,
2021-01-20,2120.0,728.4000244140625,865.0,,,,,,,460.0,,2810.5999603271484,1451.0000610351562,,1363.9999389648438,233.8000030517578,273.0,,,,,,375.99998474121094,,
2021-01-21,2068.800048828125,740.0,897.5,,,,,,,459.0,,2847.0,1503.9999389648438,,1315.0,243.60000610351562,275.25,,,,,,374.59999084472656,,
2021-01-22,2004.800048828125,730.4000244140625,890.0,,,,,,,459.0,,2899.0,1398.0000305175781,,1391.0000610351562,254.60000610351562,271.7999954223633,,,,,,367.99999237060547,,
2021-01-25,2064.0,775.2000122070312,965.0,,,,,,,459.0,,2982.199920654297,1416.0000610351562,,1338.9999389648438,264.3999938964844,273.90000915527344,,,,,,374.00001525878906,,
2021-01-26,2027.199951171875,764.0,944.0000152587891,,,,,,,446.0,,2810.5999603271484,1381.9999694824219,,1341.0000610351562,265.3999938964844,276.15000915527344,,,,,,357.40001678466797,,
2021-01-27,2080.0,745.5999755859375,939.4999694824219,,,,,,,459.20001220703125,,2706.5999603271484,1300.0,,1341.0000610351562,269.79998779296875,360.0,,,,,,355.99998474121094,,
2021-01-28,2012.800048828125,700.7999877929688,894.0000152587891,,,,,,,446.79998779296875,,2564.9000396728516,1205.0,,1316.9999694824219,266.20001220703125,324.59999084472656,,,,,,364.7999954223633,,
2021-01-29,1974.4000244140625,691.5999755859375,890.9999847412109,,,,,,,442.0,,2471.300079345703,1195.999984741211,,1296.0000610351562,250.0,318.2999954223633,,,,,,360.0,,
2021-02-01,2009.5999755859375,706.0,910.5000305175781,,,,,,,445.20001220703125,,2644.199920654297,1270.0,,1323.0000305175781,260.79998779296875,318.2999954223633,,,,,,370.8000183105469,,
2021-02-02,2080.0,744.7999877929688,934.4999694824219,,,,,,,452.6000061035156,,2756.0,1298.0000305175781,,1371.9999694824219,263.20001220703125,322.5,,,,,,365.40000915527344,,
2021-02-03,2088.0,755.2000122070312,964.0000152587891,,,,,,,453.0,,2756.0,1360.0,,1398.9999389648438,274.20001220703125,302.7000045776367,,,,,,375.99998474121094,,
2021-02-04,2097.60009765625,736.0,936.5000152587891,,,,,,,438.0,,2847.0,1336.9999694824219,,1411.9999694824219,271.0,333.90000915527344,,,,,,374.1999816894531,,
2021-02-05,2064.0,739.2000122070312,958.4999847412109,,,,,,,431.0,,2865.199920654297,1353.9999389648438,,1423.9999389648438,264.0,355.5,,,,,,392.99999237060547,,
2021-02-08,2051.199951171875,734.7999877929688,968.0000305175781,,,,,,,446.0,,2917.199920654297,1350.0,,1443.0000305175781,276.6000061035156,378.59999084472656,,,,,,450.99998474121094,,
2021-02-09,2043.199951171875,734.0,977.5,,,,,,,463.0,,2870.4000396728516,1393.0000305175781,,1478.0000305175781,282.3999938964844,383.40000915527344,,,,,,444.59999084472656,,
2021-02-10,2096.0,768.0,1021.9999694824219,,,,,,,472.3999938964844,,2953.5999603271484,1411.9999694824219,,1461.0000610351562,287.79998779296875,397.1999816894531,,,,,,445.0,,
2021-02-11,2088.0,772.7999877929688,1026.9999694824219,,,,,,,473.0,,2935.4000396728516,1396.9999694824219,,1481.0000610351562,288.0,432.0,,,,,,446.8000030517578,,
2021-02-16,2113.60009765625,783.2000122070312,984.0000152587891,,,,,,,481.20001220703125,,2987.4000396728516,1406.9999694824219,,1536.0000610351562,297.6000061035156,412.8000183105469,,,,,,484.39998626708984,,
2021-02-17,2136.0,833.5999755859375,981.5000152587891,,,,,,,503.0,,2984.800079345703,1363.9999389648438,,1541.0000610351562,290.6000061035156,406.8000183105469,,,,,,462.00000762939453,,
2021-02-18,2083.199951171875,827.2000122070312,950.9999847412109,,,,,,,497.0,,2714.4000396728516,1350.0,,1500.0,280.79998779296875,391.1999816894531,,,,,,437.99999237060547,,
2021-02-19,2056.0,821.2000122070312,957.5,,,,,,,496.3999938964844,,2691.0,1320.0,,1515.0,283.79998779296875,387.0,,,,,,438.1999969482422,,
2021-02-22,2004.800048828125,790.0,920.0,,,,,,,483.6000061035156,,2693.5999603271484,1301.9999694824219,,1495.0,271.0,388.8000183105469,,,,,,458.4000015258789,,
2021-02-23,1980.800048828125,778.0,919.4999694824219,,,,,,,480.3999938964844,,2571.4000396728516,1265.0,,1436.9999694824219,279.3999938964844,371.7000045776367,,,,,,439.1999816894531,,
2021-02-24,1942.4000244140625,747.5999755859375,898.0000305175781,,,,,,,465.0,,2532.4000396728516,1205.999984741211,,1381.0000610351562,266.3999938964844,365.40000915527344,,,,,,437.99999237060547,,
2021-02-25,1947.199951171875,756.0,909.0000152587891,,,,,,,474.3999938964844,,2584.4000396728516,1190.999984741211,,1436.0000610351562,267.20001220703125,363.59999084472656,,,,,,455.0,,
2021-02-26,1859.199951171875,720.0,830.0,,,,,,,465.79998779296875,,2463.5,1108.0000305175781,,1366.9999694824219,259.0,359.40000915527344,,,,,,443.6000061035156,,
2021-03-01,1876.800048828125,749.2000122070312,858.0000305175781,,,,,,,469.79998779296875,,2563.5999603271484,1145.0,,1400.0,262.20001220703125,357.0,,,,,,445.99998474121094,,
2021-03-02,1835.199951171875,755.5999755859375,860.0,,,,,,,466.0,,2486.9000396728516,1230.999984741211,,1455.0,272.0,371.40000915527344,,,,,,444.00001525878906,,
2021-03-03,1859.199951171875,755.5999755859375,871.5000152587891,,,,,,,470.79998779296875,,2442.699920654297,1160.0,,1466.9999694824219,269.6000061035156,368.40000915527344,,,,,,449.59999084472656,,
2021-03-04,1817.5999755859375,725.5999755859375,833.4999847412109,,,,,,,470.0,,2314.0,1090.0,,1430.0,268.0,354.90000915527344,,,,,,428.4000015258789,,
2021-03-05,1816.0,714.7999877929688,834.4999694824219,,,,,,,470.0,,2251.5999603271484,1018.0000305175781,,1370.0,267.0,339.2999954223633,,,,,,415.99998474121094,,
2021-03-08,1764.800048828125,672.4000244140625,826.5000152587891,,,,,,,471.3999938964844,,2200.9000396728516,1026.9999694824219,,1396.0000610351562,262.79998779296875,334.5,,,,,,424.1999816894531,,
2021-03-09,1792.0,654.0,800.0,,,,,,,475.6000061035156,,2262.0,970.0,,1380.0,246.1999969482422,324.2999954223633,,,,,,434.1999816894531,,
2021-03-10,1827.199951171875,682.7999877929688,840.9999847412109,,,,,,,472.0,,2399.800079345703,1038.0000305175781,,1436.0000610351562,244.1999969482422,327.2999954223633,,,,,,430.0,,
2021-03-11,1820.800048828125,721.5999755859375,850.5000305175781,,,,,,,470.0,,2412.800079345703,1059.000015258789,,1418.0000305175781,247.39999389648438,336.59999084472656,,,,,,424.7999954223633,,
2021-03-12,1808.0,686.7999877929688,836.9999694824219,,,,,,,478.0,,2458.300079345703,1129.000015258789,,1343.0000305175781,252.1999969482422,336.90000915527344,,,,,,434.59999084472656,,
2021-03-15,1771.199951171875,644.4000244140625,826.9999694824219,,,,,,,473.20001220703125,,2462.199920654297,1105.0,720.0,1370.0,252.60000610351562,343.5,,,,,,434.59999084472656,,
2021-03-16,1771.199951171875,662.0,845.0,,,,,,,486.79998779296875,,2522.0,1100.0,726.7999877929688,1335.0,251.0,349.7999954223633,,,,,,439.1999816894531,,
2021-03-17,1780.800048828125,658.0,847.5,,,,,,,480.0,,2577.9000396728516,1111.9999694824219,740.7999877929688,1335.0,252.60000610351562,351.90000915527344,,,,,,465.0,,
2021-03-18,1868.800048828125,662.0,835.0,,,,,,,479.0,,2558.4000396728516,1098.0000305175781,748.7999877929688,1316.0000610351562,236.0,352.7999954223633,,,,,,465.2000045776367,,
2021-03-19,1876.800048828125,652.7999877929688,816.9999694824219,,,,,,,474.0,,2518.0999603271484,1045.0,769.2000122070312,1245.0,223.8000030517578,336.59999084472656,,,,,,459.00001525878906,,
2021-03-22,1849.5999755859375,656.0,856.5000152587891,,,,,,,469.79998779296875,,2680.5999603271484,1053.0000305175781,780.7999877929688,1281.9999694824219,222.39999389648438,340.5,,,,,,457.99999237060547,,
2021-03-23,1840.0,646.0,835.5000305175781,2016.0,,,,,,474.79998779296875,,2709.199920654297,1046.9999694824219,790.4000244140625,1248.0000305175781,210.0,327.0,,,,,,457.20001220703125,,
2021-03-24,1840.0,638.4000244140625,824.0000152587891,2006.4000244140625,,,,,,470.3999938964844,,2548.0,1023.0000305175781,784.0,1238.0000305175781,216.0,307.7999954223633,,,,,,402.79998779296875,,
2021-03-25,1768.0,615.5999755859375,805.5000305175781,1812.800048828125,,,,,,469.0,,2535.0,1001.9999694824219,765.5999755859375,1256.9999694824219,213.8000030517578,286.65000915527344,,,,,,407.00000762939453,,
2021-03-26,1728.0,626.4000244140625,795.9999847412109,1712.0,,,,,,463.0,,2633.800079345703,1053.0000305175781,730.4000244140625,1260.0,222.60000610351562,268.5,,,,,,422.20001220703125,,
2021-03-29,1729.5999755859375,626.7999877929688,780.5000305175781,1627.199951171875,800.0,,,,,457.20001220703125,,2535.0,1006.9999694824219,723.2000122070312,1086.9999694824219,218.1999969482422,270.59999084472656,,,,,,410.99998474121094,,
2021-03-30,1772.800048828125,638.0,794.0000152587891,1614.4000244140625,800.0,,,,,453.79998779296875,,2567.5,1000.0,737.5999755859375,1053.0000305175781,217.1999969482422,270.59999084472656,,,,,,410.0,,
2021-03-31,1760.0,644.0,790.9999847412109,1704.0,828.0,,,,,454.0,,2615.5999603271484,1029.000015258789,741.2000122070312,1063.0000305175781,217.0,285.0,,,,,,418.80001068115234,,
2021-04-01,1804.800048828125,672.4000244140625,828.4999847412109,1745.5999755859375,870.0,,,,,461.3999938964844,,2769.0,1060.0,728.0,1118.0000305175781,225.8000030517578,295.5,,,,,,431.8000030517578,,
2021-04-07,1776.0,648.7999877929688,804.0000152587891,1771.199951171875,874.0,,,,,460.0,,2545.4000396728516,1030.0,753.2000122070312,1135.0,225.0,285.0,,,,,,440.0,,
2021-04-08,1784.0,641.5999755859375,814.0000152587891,1748.800048828125,855.0,,,,,467.3999938964844,,2535.0,1084.000015258789,739.5999755859375,1130.0,220.8000030517578,288.75,,,,,,436.3999938964844,,
2021-04-09,1744.0,632.0,814.0000152587891,1744.0,850.0,,,,,469.6000061035156,,2434.9000396728516,1026.9999694824219,736.7999877929688,1111.9999694824219,217.0,285.2999954223633,,,,,,440.0,,
2021-04-12,1857.5999755859375,618.4000244140625,805.5000305175781,1680.0,812.0,,,,,464.3999938964844,,2382.9000396728516,1009.0000152587891,726.0,1135.999984741211,217.60000610351562,274.0499954223633,,,,,,427.59998321533203,,
2021-04-13,1865.5999755859375,596.7999877929688,799.0000152587891,1643.199951171875,809.0,,,,,464.0,,2314.0,1015.9999847412109,719.2000122070312,1138.0000305175781,221.0,269.5499954223633,,,,,,419.59999084472656,,
2021-04-14,1902.4000244140625,612.0,844.4999694824219,1696.0,816.5,,,,,466.0,,2333.5,1273.0000305175781,736.0,1151.9999694824219,234.39999389648438,272.09999084472656,,,,,,429.7999954223633,,
2021-04-15,1870.4000244140625,602.0,818.0000305175781,1683.199951171875,801.0,,,,,468.0,,2340.0,1278.0000305175781,736.0,1124.000015258789,230.1999969482422,277.65000915527344,,,,,,428.80001068115234,,
2021-04-16,1884.800048828125,606.0,825.0,1656.0,809.0,,,,,469.0,,2408.9000396728516,1255.999984741211,730.0,1144.000015258789,223.8000030517578,266.09999084472656,,,,,,430.2000045776367,,
2021-04-19,1856.0,602.7999877929688,835.0,1684.800048828125,809.5,,,,280.20001220703125,471.3999938964844,,2411.5,1293.9999389648438,723.2000122070312,1140.0,228.60000610351562,276.75,,,,,,437.99999237060547,,
2021-04-20,1825.5999755859375,596.0,830.0,1641.5999755859375,814.0,,,,289.20001220703125,460.0,,2376.4000396728516,1293.9999389648438,728.0,1179.000015258789,233.60000610351562,274.34999084472656,,,,,,441.5999984741211,,
2021-04-21,1774.4000244140625,574.4000244140625,826.5000152587891,1612.800048828125,790.0,,,,282.3999938964844,455.3999938964844,,2312.699920654297,1214.000015258789,698.0,1233.0000305175781,233.0,266.5499954223633,,,,,,427.00000762939453,,
2021-04-22,1771.199951171875,582.7999877929688,837.5,1664.0,810.0,,,,299.0,455.20001220703125,,2379.0,1236.9999694824219,697.5999755859375,1279.000015258789,228.0,275.40000915527344,,,,,,433.4000015258789,,
2021-04-23,1795.199951171875,594.0,870.9999847412109,1683.199951171875,860.0,,,,302.0,459.0,,2421.9000396728516,1288.0000305175781,718.0,1283.0000305175781,244.39999389648438,281.09999084472656,,,,,,447.00000762939453,,
2021-04-26,1796.800048828125,598.4000244140625,861.9999694824219,1716.800048828125,905.0,,,,298.79998779296875,456.0,,2444.0,1356.9999694824219,727.2000122070312,1239.000015258789,252.39999389648438,283.2000045776367,,,,,,452.99999237060547,,
2021-04-27,1811.199951171875,596.0,861.5000152587891,1689.5999755859375,932.0,,,,301.3999938964844,461.20001220703125,,2514.199920654297,1365.0,729.5999755859375,1261.9999694824219,249.39999389648438,286.9500045776367,,,,,,462.79998779296875,,
2021-04-28,1852.800048828125,609.2000122070312,874.0000152587891,1694.4000244140625,943.0,,,,310.0,486.0,,2488.199920654297,1393.0000305175781,729.5999755859375,1238.0000305175781,248.39999389648438,280.9500045776367,,,,,,464.7999954223633,,
2021-04-29,1851.199951171875,614.0,896.9999694824219,1686.4000244140625,941.5,,,,319.0,495.79998779296875,,2711.800079345703,1371.9999694824219,740.0,1260.0,249.8000030517578,285.90000915527344,,,,,,471.5999984741211,,
2021-04-30,1800.0,597.5999755859375,875.9999847412109,1646.4000244140625,891.0,,,,307.79998779296875,489.6000061035156,,2717.0,1293.9999389648438,728.0,1205.999984741211,247.0,272.7000045776367,,,,,,459.7999954223633,,
2021-05-03,1790.4000244140625,597.5999755859375,871.5000152587891,1635.199951171875,860.0,,,,304.6000061035156,491.0,,2670.199920654297,1300.0,724.0,1170.0,250.8000030517578,269.25,,,,,,465.40000915527344,,
2021-05-04,1801.5999755859375,601.5999755859375,867.5,1611.199951171875,838.0,,,,299.79998779296875,488.6000061035156,,2607.800079345703,1303.9999389648438,716.4000244140625,1176.9999694824219,255.8000030517578,265.7999954223633,,,,,,459.00001525878906,,
2021-05-05,1760.0,592.0,840.5000305175781,1554.4000244140625,828.0,,,,291.0,482.20001220703125,,2402.4000396728516,1224.000015258789,710.7999877929688,1160.0,251.8000030517578,259.5,,,,,,454.39998626708984,,
2021-05-06,1772.800048828125,590.7999877929688,840.0,1517.5999755859375,818.0,,,,306.0,485.3999938964844,,2402.4000396728516,1195.0,700.0,1115.999984741211,248.8000030517578,253.5,,,,,,439.7999954223633,,
2021-05-07,1758.4000244140625,585.2000122070312,844.4999694824219,1484.0,808.0,,,,306.6000061035156,484.3999938964844,,2419.300079345703,1185.0,711.2000122070312,1150.0,243.1999969482422,254.54999542236328,,,,,,433.80001068115234,,
2021-05-10,1721.5999755859375,574.4000244140625,848.0000305175781,1464.0,787.0,,,,298.0,480.0,,2428.4000396728516,1220.0,711.2000122070312,1139.000015258789,244.60000610351562,254.09999084472656,,,,,,435.60001373291016,,
2021-05-11,1660.800048828125,544.4000244140625,805.5000305175781,1412.800048828125,729.0,,,,287.3999938964844,473.79998779296875,,2366.0,1160.0,706.0,1105.0,238.60000610351562,243.29999542236328,,,,,,427.79998779296875,,
2021-05-12,1761.5999755859375,572.7999877929688,846.5000152587891,1472.0,778.0,,,,290.0,479.0,,2493.4000396728516,1190.999984741211,711.2000122070312,1110.0,240.0,256.2000045776367,,,,,,454.7999954223633,,
2021-05-13,1705.5999755859375,553.2000122070312,810.5000305175781,1430.4000244140625,752.5,,,,280.79998779296875,471.20001220703125,,2425.800079345703,1151.9999694824219,708.0,1005.0,233.0,247.5,,,,,,429.00001525878906,,
2021-05-14,1636.800048828125,536.4000244140625,803.0000305175781,1408.800048828125,705.5,,,,278.6000061035156,477.79998779296875,,2429.699920654297,1171.9999694824219,698.4000244140625,896.9999694824219,234.0,241.34999084472656,,,,,,421.5999984741211,,
2021-05-17,1643.199951171875,531.5999755859375,819.4999694824219,1464.0,759.0,,,,290.20001220703125,486.20001220703125,,2509.0,1200.0,702.7999877929688,929.0000152587891,242.39999389648438,255.0,,,,,,432.20001220703125,,
2021-05-18,1660.800048828125,541.5999755859375,825.0,1493.5999755859375,783.0,,,,304.79998779296875,493.0,,2555.800079345703,1215.999984741211,714.4000244140625,950.9999847412109,239.8000030517578,255.0,,,,,,437.00000762939453,,
2021-05-20,1648.0,561.5999755859375,893.0000305175781,1488.0,809.5,,,,313.79998779296875,502.0,,2558.4000396728516,1228.0000305175781,662.4000244140625,900.0,250.60000610351562,274.2000045776367,,,,,,446.5999984741211,,
2021-05-21,1664.0,577.5999755859375,935.9999847412109,1509.5999755859375,808.0,,,,318.79998779296875,503.5,,2675.4000396728516,1265.0,650.4000244140625,901.9999694824219,252.1999969482422,280.34999084472656,,,,,,440.99998474121094,,
2021-05-24,1640.0,564.7999877929688,899.0000152587891,1472.0,803.0,,,,313.3999938964844,505.0,,2748.199920654297,1280.0,620.0,835.9999847412109,249.0,275.5499954223633,,,,,,443.4000015258789,,
2021-05-25,1648.0,570.0,904.4999694824219,1499.199951171875,796.5,,,,309.0,503.0,,2711.800079345703,1285.0,600.0,835.0,247.60000610351562,277.9500045776367,,,,,,438.6000061035156,,
2021-05-26,1656.0,575.2000122070312,902.5,1515.199951171875,813.5,,,,310.20001220703125,506.0,,2740.4000396728516,1240.0,608.4000244140625,823.0000305175781,249.0,282.0,,,,,,427.59998321533203,,
2021-05-27,1670.4000244140625,568.7999877929688,910.0,1516.800048828125,805.5,,,,315.20001220703125,514.0,,2688.4000396728516,1271.9999694824219,600.7999877929688,774.4999694824219,246.0,282.2999954223633,,,,,,436.3999938964844,,
2021-05-28,1659.199951171875,564.7999877929688,901.5000152587891,1502.4000244140625,810.0,,,,314.20001220703125,515.0,,2680.5999603271484,1301.0000610351562,604.0,776.5000152587891,241.60000610351562,276.0,,,,,,430.40000915527344,,
2021-06-01,1745.5999755859375,595.5999755859375,945.9999847412109,1564.0,876.5,,,,322.3999938964844,524.5,,2930.199920654297,1391.0000610351562,608.7999877929688,845.0,247.60000610351562,271.34999084472656,,,,,,448.1999969482422,,
2021-06-02,1715.199951171875,599.5999755859375,911.9999694824219,1569.5999755859375,894.5,,,,312.0,532.5,,2854.800079345703,1396.9999694824219,608.7999877929688,884.4999694824219,246.1999969482422,287.09999084472656,,,,,,463.4000015258789,,
2021-06-03,1686.4000244140625,591.5999755859375,901.5000152587891,1524.0,852.0,,,,309.6000061035156,536.5,,2763.800079345703,1378.9999389648438,595.2000122070312,805.0,250.1999969482422,279.0,,,,,,463.80001068115234,,
2021-06-04,1681.5999755859375,590.7999877929688,885.5000305175781,1476.800048828125,824.5,,,,303.6000061035156,522.5,,2711.800079345703,1360.0,580.4000244140625,685.5000305175781,246.8000030517578,277.0499954223633,,,,,,447.79998779296875,,
2021-06-07,1696.0,578.4000244140625,879.4999694824219,1481.5999755859375,832.5,,,,300.20001220703125,529.5,,2761.199920654297,1348.9999389648438,580.0,680.9999847412109,246.1999969482422,266.40000915527344,,,,,,447.40001678466797,,
2021-06-08,1681.5999755859375,576.0,875.9999847412109,1473.5999755859375,815.5,,,,292.20001220703125,533.5,,2680.5999603271484,1331.0000610351562,557.5999755859375,660.0,243.39999389648438,263.40000915527344,,,,,,455.0,,
2021-06-09,1664.0,562.7999877929688,871.5000152587891,1469.5999755859375,848.5,,,,290.6000061035156,533.5,,2722.199920654297,1333.9999389648438,547.5999755859375,637.0000076293945,250.0,277.65000915527344,,,,,,444.00001525878906,,
2021-06-10,1660.800048828125,566.7999877929688,859.0000152587891,1460.0,840.0,,,,293.0,529.0,,2724.800079345703,1338.9999389648438,551.2000122070312,760.5000305175781,248.0,280.5,,,,,,444.00001525878906,,
2021-06-11,1641.5999755859375,558.4000244140625,876.9999694824219,1464.800048828125,870.0,,,,290.6000061035156,533.0,,2782.0,1346.0000610351562,561.2000122070312,769.4999694824219,247.0,276.0,,,,,,437.99999237060547,,
2021-06-15,1651.199951171875,552.0,875.0,1468.800048828125,885.0,,,,288.0,531.0,,2623.4000396728516,1333.0000305175781,533.5999755859375,758.0000305175781,243.1999969482422,285.90000915527344,,,,,,440.40000915527344,,
2021-06-16,1627.199951171875,547.5999755859375,858.0000305175781,1444.800048828125,849.0,,,,289.79998779296875,521.5,,2540.199920654297,1286.0000610351562,508.0,745.0,238.8000030517578,280.0499954223633,,,,,,439.39998626708984,,
2021-06-17,1630.4000244140625,553.2000122070312,851.5000152587891,1438.4000244140625,856.0,,,,290.6000061035156,513.5,,2576.5999603271484,1259.000015258789,503.20001220703125,650.9999847412109,235.0,277.34999084472656,,,,,,435.2000045776367,,
2021-06-18,1656.0,572.7999877929688,868.4999847412109,1451.199951171875,901.0,,,,289.79998779296875,516.0,,2493.4000396728516,1230.0,498.3999938964844,612.0000076293945,230.0,279.75,,,,,,424.00001525878906,,
2021-06-21,1643.199951171875,560.0,843.4999847412109,1448.0,910.0,,,,285.0,509.5,,2537.5999603271484,1225.0,493.20001220703125,595.9999847412109,226.0,275.40000915527344,,,,,,423.80001068115234,,
2021-06-22,1624.0,557.5999755859375,833.4999847412109,1432.0,877.0,,,,286.6000061035156,520.0,,2541.5,1220.0,493.20001220703125,640.0,227.39999389648438,267.2999954223633,,,,,,423.4000015258789,,
2021-06-23,1657.5999755859375,572.0,835.0,1461.5999755859375,869.0,,,,286.6000061035156,520.5,,2618.199920654297,1256.9999694824219,502.3999938964844,590.0,229.8000030517578,264.0,,,,,,426.19998931884766,,
2021-06-24,1681.5999755859375,572.4000244140625,835.5000305175781,1480.0,892.0,,,,284.0,517.5,,2665.0,1254.000015258789,489.6000061035156,614.0000152587891,230.8000030517578,268.5,,,,,,410.40000915527344,,
2021-06-25,1724.800048828125,590.0,842.5,1524.0,958.0,,,,288.79998779296875,517.0,,2776.800079345703,1326.9999694824219,490.3999938964844,660.5000305175781,235.39999389648438,279.75,,,,,,416.3999938964844,,
2021-06-28,1776.0,600.4000244140625,835.0,1573.5999755859375,979.0,,,,279.0,510.0,,2831.4000396728516,1356.0000610351562,504.0,622.0000076293945,236.39999389648438,279.90000915527344,,,,,,408.4000015258789,,
2021-06-29,1755.199951171875,604.0,865.5000305175781,1577.5999755859375,978.0,,,,275.20001220703125,505.0,,2787.199920654297,1320.0,504.0,621.5000152587891,232.0,284.40000915527344,,,,,,416.50001525878906,,
2021-06-30,1760.0,610.7999877929688,879.4999694824219,1595.199951171875,956.0,,,,276.0,506.5,,2745.5999603271484,1363.9999389648438,510.0,640.0,234.0,289.34999084472656,,,,,,416.50001525878906,301.49999618530273,
2021-07-02,1696.0,601.5999755859375,869.4999694824219,1546.4000244140625,935.0,,,,278.20001220703125,506.0,,2667.5999603271484,1358.9999389648438,488.79998779296875,590.0,231.1999969482422,274.9500045776367,,,,,,407.99999237060547,322.24998474121094,
2021-07-06,1675.199951171875,586.4000244140625,870.0,1487.199951171875,891.5,,,,271.20001220703125,512.0,,2580.5,1300.0,484.0,587.0000076293945,224.8000030517578,261.75,,,,,,420.0,282.00000762939453,
2021-07-07,1646.4000244140625,574.0,854.4999694824219,1455.199951171875,846.5,,330.0,,268.20001220703125,512.0,,2548.0,1278.0000305175781,473.6000061035156,587.5,224.0,261.59999084472656,,,,,,404.00001525878906,277.99999237060547,
2021-07-08,1578.4000244140625,553.2000122070312,825.0,1388.0,784.5,,303.0,,255.60000610351562,509.0,,2442.699920654297,1288.9999389648438,473.6000061035156,517.9999923706055,220.39999389648438,250.20000457763672,,,,,,385.49999237060547,284.75000381469727,
2021-07-09,1564.0,558.0,835.9999847412109,1395.199951171875,798.0,,311.6000061035156,,249.60000610351562,506.0,,2509.0,1316.0000610351562,502.0,486.50001525878906,222.0,249.90000915527344,,,,,,397.99999237060547,286.49999618530273,
2021-07-12,1579.199951171875,562.7999877929688,845.5000305175781,1400.0,838.0,,304.20001220703125,,246.60000610351562,511.0,,2587.0,1326.0000610351562,492.3999938964844,501.50001525878906,222.39999389648438,262.9500045776367,,,,,,375.99998474121094,285.0,
2021-07-13,1641.5999755859375,582.0,860.5000305175781,1446.4000244140625,868.0,,312.0,,251.60000610351562,511.0,,2567.5,1348.0000305175781,480.3999938964844,517.5,227.0,253.65000915527344,,,,,,392.5,288.99999618530273,
2021-07-14,1651.199951171875,591.5999755859375,877.5,1436.0,863.5,,302.0,,251.0,507.0,,2626.0,1343.9999389648438,490.0,542.5,229.39999389648438,258.2999954223633,,,,,,392.00000762939453,287.25000381469727,
2021-07-15,1684.800048828125,594.0,879.4999694824219,1428.800048828125,861.5,,287.6000061035156,,251.1999969482422,509.0,,2600.0,1365.0,490.0,540.9999847412109,227.39999389648438,261.2999954223633,,,,,,397.99999237060547,302.74999618530273,
2021-07-16,1675.199951171875,596.0,888.4999847412109,1434.4000244140625,867.0,,301.79998779296875,,247.8000030517578,510.0,,2574.0,1328.0000305175781,499.20001220703125,535.4999923706055,227.8000030517578,257.40000915527344,,,,,,397.99999237060547,316.00000381469727,
2021-07-19,1620.800048828125,579.2000122070312,870.9999847412109,1380.0,843.5,,303.3999938964844,,237.8000030517578,505.0,,2537.5999603271484,1239.000015258789,471.6000061035156,481.50001525878906,224.0,247.79999542236328,,,,,,388.49998474121094,318.25000762939453,
2021-07-20,1622.4000244140625,575.5999755859375,873.4999847412109,1375.199951171875,852.5,,312.20001220703125,,225.0,500.0,,2499.9000396728516,1205.999984741211,468.0,458.49998474121094,220.1999969482422,244.20000457763672,,,,,,377.00000762939453,321.74999237060547,
2021-07-21,1624.0,572.4000244140625,874.0000152587891,1376.800048828125,863.5,,323.6000061035156,,225.8000030517578,501.0,,2475.199920654297,1239.000015258789,438.79998779296875,479.00001525878906,221.60000610351562,243.90000915527344,,,,,,379.00001525878906,335.75000762939453,
2021-07-22,1659.199951171875,590.4000244140625,878.0000305175781,1403.199951171875,902.5,,343.3999938964844,,229.0,510.5,,2431.0,1216.9999694824219,407.6000061035156,508.49998474121094,224.8000030517578,251.84999084472656,,,,,,387.00000762939453,356.74999237060547,
2021-07-23,1641.5999755859375,579.5999755859375,865.0,1374.4000244140625,820.0,,331.6000061035156,,222.0,511.5,,2451.800079345703,1234.000015258789,409.6000061035156,302.00000762939453,225.0,247.79999542236328,,,,,,380.49999237060547,341.50001525878906,
2021-07-26,1536.800048828125,534.4000244140625,750.0,1280.0,726.0,,300.20001220703125,,207.39999389648438,505.5,,2360.800079345703,1161.9999694824219,383.20001220703125,160.0,215.1999969482422,197.84999084472656,,,,,,355.0,334.74998474121094,
2021-07-27,1439.199951171875,484.0,651.9999694824219,1186.4000244140625,639.0,,302.3999938964844,,193.10000610351562,467.79998779296875,,2003.3000793457031,980.0,367.20001220703125,146.19999885559082,200.0,172.95000457763672,,,,,,257.5,302.74999618530273,
2021-07-28,1465.5999755859375,502.0,703.0000305175781,1226.4000244140625,649.0,,278.3999938964844,,207.0,480.0,,2151.5,1000.0,360.0,160.40000915527344,196.39999389648438,188.10000228881836,,,,,,318.50000381469727,330.0,
2021-07-29,1578.4000244140625,566.4000244140625,788.4999847412109,1318.4000244140625,724.5,,308.3999938964844,,219.1999969482422,476.6000061035156,,2428.4000396728516,1194.000015258789,380.0,182.00000762939453,215.8000030517578,201.29999542236328,,,,,,360.0,387.99999237060547,
2021-07-30,1512.0,553.2000122070312,777.5,1265.5999755859375,665.5,,298.3999938964844,,215.0,475.3999938964844,,2388.0999603271484,1058.0000305175781,361.20001220703125,167.99999237060547,209.1999969482422,198.0,,,,,,345.0,352.99999237060547,
2021-08-02,1535.199951171875,554.4000244140625,790.9999847412109,1292.800048828125,668.5,,330.20001220703125,,203.60000610351562,480.0,,2501.199920654297,1120.0,355.0,173.4000015258789,210.8000030517578,190.79999542236328,,,,,,345.0,336.50001525878906,
2021-08-03,1548.0,551.5999755859375,729.4999694824219,1288.800048828125,645.5,,337.20001220703125,,200.1999969482422,480.0,,2544.0999603271484,1135.0,359.79998779296875,164.79999542236328,213.0,198.0,,,,,,344.00001525878906,340.0,
2021-08-04,1538.4000244140625,554.7999877929688,718.0000305175781,1293.5999755859375,649.0,,347.6000061035156,,194.60000610351562,479.6000061035156,,2636.4000396728516,1129.000015258789,337.3999938964844,176.20000839233398,212.0,196.79999542236328,,,,,,336.50001525878906,334.00001525878906,
2021-08-05,1540.0,547.2000122070312,690.9999847412109,1273.5999755859375,628.0,,329.6000061035156,,185.8000030517578,478.79998779296875,,2610.4000396728516,1125.999984741211,341.6000061035156,162.39999771118164,211.1999969482422,188.39999771118164,,,,,,330.0,327.5,
2021-08-06,1548.0,552.7999877929688,678.0000305175781,1288.0,629.0,,337.3999938964844,,192.89999389648438,473.6000061035156,,2561.0,1156.9999694824219,336.20001220703125,165.0,212.1999969482422,187.5,,,,,,342.00000762939453,330.0,
2021-08-09,1509.5999755859375,546.7999877929688,695.5000305175781,1274.4000244140625,619.0,,318.0,,195.5,480.20001220703125,,2506.4000396728516,1159.000015258789,328.79998779296875,165.0,216.8000030517578,187.20000457763672,,,,,,352.00000762939453,334.00001525878906,
2021-08-10,1543.199951171875,570.4000244140625,721.9999694824219,1312.0,655.0,,334.0,,196.89999389648438,480.20001220703125,,2509.0,1195.0,333.0,175.0,218.60000610351562,190.95000457763672,,,,,,354.50000762939453,335.99998474121094,
2021-08-11,1529.5999755859375,563.2000122070312,721.5000152587891,1299.199951171875,623.5,,335.0,,195.6999969482422,474.79998779296875,,2299.699920654297,1163.0000305175781,324.0,170.59999465942383,218.0,188.39999771118164,,,,,,344.50000762939453,332.5,
2021-08-12,1509.5999755859375,552.4000244140625,716.9999694824219,1272.0,620.0,234.0,323.3999938964844,,191.0,468.0,,2145.0,1128.0000305175781,323.6000061035156,163.60000610351562,216.60000610351562,184.04999542236328,,,,,,337.00000762939453,319.50000762939453,
2021-08-13,1472.0,548.0,710.0,1232.800048828125,607.0,229.1999969482422,312.0,,189.3000030517578,471.3999938964844,,2200.9000396728516,1160.0,311.20001220703125,157.39999771118164,211.60000610351562,178.04999542236328,,,,,,335.0,320.75000762939453,
2021-08-16,1443.199951171875,527.2000122070312,681.9999694824219,1173.5999755859375,560.5,212.8000030517578,299.20001220703125,,191.1999969482422,473.3999938964844,,2132.0,1165.999984741211,295.20001220703125,151.5999984741211,212.1999969482422,176.54999542236328,,,,,,342.00000762939453,307.5,
2021-08-17,1374.4000244140625,500.0,645.5000305175781,1109.5999755859375,517.5,212.60000610351562,284.6000061035156,,192.6999969482422,466.20001220703125,,2119.0,1138.0000305175781,293.3999938964844,139.79999542236328,203.60000610351562,165.75,,,,,,337.00000762939453,311.00000381469727,
2021-08-18,1372.800048828125,506.79998779296875,646.9999694824219,1115.199951171875,533.5,222.8000030517578,298.79998779296875,,192.10000610351562,474.0,,2181.4000396728516,1100.0,299.20001220703125,144.20000076293945,205.0,171.60000228881836,,,,,,330.0,315.24999618530273,
2021-08-19,1296.800048828125,493.20001220703125,629.5000076293945,1088.0,521.0,217.8000030517578,298.20001220703125,,194.0,457.20001220703125,,2225.5999603271484,1075.999984741211,296.0,139.399995803833,201.39999389648438,162.45000457763672,,,,,,334.00001525878906,312.5,
2021-08-20,1263.199951171875,482.79998779296875,600.0,1068.0,494.0,209.1999969482422,285.20001220703125,,205.8000030517578,453.0,,2073.5,938.0000305175781,296.3999938964844,135.0,193.1999969482422,147.75,,,,,,330.0,287.99999237060547,
2021-08-23,1216.800048828125,487.20001220703125,634.0000152587891,1076.800048828125,523.5,222.60000610351562,301.79998779296875,,207.60000610351562,461.20001220703125,,2004.5999603271484,1081.9999694824219,300.0,140.79999923706055,199.89999389648438,147.0,,,,,,340.0,293.50000381469727,
2021-08-24,1332.0,560.0,683.0000305175781,1169.5999755859375,577.0,230.39999389648438,311.20001220703125,,223.60000610351562,471.20001220703125,,2178.800079345703,1140.999984741211,313.0,137.2000026702881,204.0,165.0,,,,,,367.00000762939453,299.50000762939453,
2021-08-25,1312.800048828125,588.0,700.5000305175781,1199.199951171875,604.0,235.60000610351562,318.0,,231.0,477.6000061035156,,2219.0999603271484,1118.0000305175781,327.79998779296875,154.79999542236328,204.1999969482422,171.89999771118164,,,,,,365.99998474121094,297.25000381469727,
2021-08-26,1297.5999755859375,593.2000122070312,708.0000305175781,1191.199951171875,606.5,232.0,313.79998779296875,,225.60000610351562,480.0,,2268.5,1091.9999694824219,311.0,154.399995803833,202.60000610351562,175.5,,,,,,365.49999237060547,291.25,
2021-08-27,1247.199951171875,609.5999755859375,716.9999694824219,1204.0,605.5,233.39999389648438,324.20001220703125,,223.60000610351562,473.6000061035156,,2262.0,1066.9999694824219,313.0,153.99999618530273,204.1999969482422,179.70000457763672,,,,,,352.99999237060547,288.25000762939453,
2021-08-30,1265.5999755859375,596.7999877929688,723.4999847412109,1214.4000244140625,606.5,230.39999389648438,312.6000061035156,,226.39999389648438,469.6000061035156,,2325.699920654297,1091.9999694824219,314.3999938964844,158.80000114440918,219.0,178.79999542236328,,,,,,364.50000762939453,293.75,
2021-08-31,1324.0,612.7999877929688,708.4999847412109,1222.4000244140625,600.0,229.1999969482422,319.79998779296875,,226.1999969482422,479.0,,2397.199920654297,1100.0,324.0,171.20000839233398,217.39999389648438,175.5,,,,,,370.49999237060547,292.99999237060547,
2021-09-01,1321.5999755859375,622.7999877929688,754.0000152587891,1236.800048828125,637.5,238.0,328.20001220703125,,238.1999969482422,483.79998779296875,,2458.300079345703,1125.0,348.0,174.59999084472656,221.0,183.89999771118164,,,,,,380.0,310.0,
2021-09-02,1368.0,630.0,744.4999694824219,1305.5999755859375,666.0,237.60000610351562,316.79998779296875,,246.0,489.20001220703125,,2575.300079345703,1134.000015258789,358.0,183.99999618530273,230.0,187.79999542236328,,,,,,392.99999237060547,316.00000381469727,
2021-09-03,1319.199951171875,624.4000244140625,730.5000305175781,1268.800048828125,664.5,237.0,312.3999938964844,,246.0,495.3999938964844,,2618.199920654297,1141.9999694824219,371.3999938964844,175.20000457763672,238.0,183.60000228881836,,,,,,390.0,328.49998474121094,
2021-09-07,1360.0,634.7999877929688,748.0000305175781,1316.800048828125,705.0,242.0,313.6000061035156,,246.60000610351562,498.20001220703125,,2730.0,1168.0000305175781,361.0,182.00000762939453,244.0,190.79999542236328,,,,,,384.50000762939453,324.24999237060547,
2021-09-08,1367.199951171875,646.7999877929688,752.5,1308.800048828125,697.5,242.39999389648438,323.79998779296875,,255.1999969482422,489.0,,2722.199920654297,1173.0000305175781,368.79998779296875,179.79999542236328,241.60000610351562,182.39999771118164,,,,,,400.0,306.00000381469727,
2021-09-09,1288.0,610.4000244140625,669.4999694824219,1248.0,635.5,231.8000030517578,300.20001220703125,,249.0,483.0,,2657.199920654297,1148.0000305175781,360.6000061035156,170.0,242.0,173.85000228881836,,,,,,392.00000762939453,303.99999618530273,
2021-09-10,1343.199951171875,642.4000244140625,690.5000305175781,1296.800048828125,658.5,237.8000030517578,307.0,,250.60000610351562,484.0,,2701.4000396728516,1064.000015258789,364.79998779296875,174.40000534057617,242.0,179.39999771118164,,,,,,395.0,305.49999237060547,
2021-09-13,1286.4000244140625,626.4000244140625,671.5000152587891,1260.0,635.0,234.39999389648438,299.79998779296875,,239.39999389648438,480.20001220703125,,2792.4000396728516,1068.0000305175781,358.0,160.59999465942383,242.0,169.64999771118164,,,,,,380.0,315.24999618530273,
2021-09-14,1266.4000244140625,627.2000122070312,669.0000152587891,1248.0,619.5,229.0,299.20001220703125,,224.60000610351562,477.6000061035156,,2860.0,1065.999984741211,349.20001220703125,153.1999969482422,237.60000610351562,168.29999542236328,,,,,,376.50001525878906,308.25000762939453,
2021-09-15,1232.0,590.0,644.0000152587891,1232.800048828125,601.0,230.0,295.20001220703125,,220.0,456.0,,2969.199920654297,1040.0,343.20001220703125,153.80000114440918,235.1999969482422,161.54999542236328,,,,,,372.00000762939453,303.99999618530273,
2021-09-16,1212.0,587.5999755859375,658.0000305175781,1243.199951171875,584.5,227.8000030517578,291.3999938964844,,217.60000610351562,443.6000061035156,,3010.800079345703,985.0,324.20001220703125,144.399995803833,228.60000610351562,156.14999771118164,,,,,,361.50001525878906,298.50000381469727,
2021-09-17,1239.199951171875,614.7999877929688,643.4999847412109,1272.800048828125,585.0,225.1999969482422,295.79998779296875,,225.1999969482422,429.79998779296875,,3621.800079345703,984.4999694824219,340.0,145.600004196167,239.0,150.0,,,,,,355.49999237060547,300.49999237060547,
2021-09-20,1212.0,589.2000122070312,634.0000152587891,1251.199951171875,565.0,222.0,296.79998779296875,,219.39999389648438,416.3999938964844,,3211.0,964.0000152587891,323.79998779296875,140.0,237.0,150.29999542236328,,,,,,350.49999237060547,305.0,
2021-09-21,1189.5999755859375,581.5999755859375,624.5000076293945,1227.199951171875,562.0,209.39999389648438,286.3999938964844,,220.8000030517578,423.6000061035156,,3130.4000396728516,984.0000152587891,320.0,143.59999656677246,236.8000030517578,149.10000228881836,,,,,,357.99999237060547,302.74999618530273,
2021-09-23,1187.199951171875,592.7999877929688,635.9999847412109,1252.0,582.0,216.0,288.79998779296875,,229.0,426.20001220703125,,2971.800079345703,940.0,318.0,154.399995803833,241.0,153.75,,,,,,364.50000762939453,293.25000762939453,
2021-09-24,1154.4000244140625,584.4000244140625,628.4999847412109,1238.4000244140625,573.0,210.60000610351562,285.20001220703125,,228.39999389648438,449.79998779296875,,2997.800079345703,946.5000152587891,316.79998779296875,147.39999771118164,247.39999389648438,149.85000228881836,,,,,,364.50000762939453,293.50000381469727,
2021-09-27,1135.199951171875,584.7999877929688,639.0000152587891,1225.5999755859375,544.5,205.60000610351562,276.3999938964844,,226.8000030517578,456.20001220703125,,2977.0,940.5000305175781,325.0,146.00000381469727,248.39999389648438,138.60000228881836,,,,,,365.99998474121094,287.74999618530273,
2021-09-28,1207.199951171875,598.4000244140625,666.9999694824219,1226.4000244140625,566.5,207.60000610351562,282.3999938964844,,232.8000030517578,456.20001220703125,,2977.0,864.4999694824219,333.3999938964844,148.99999618530273,246.1999969482422,145.5,,,,,,362.00000762939453,291.49999618530273,
2021-09-29,1186.4000244140625,587.5999755859375,659.4999694824219,1211.199951171875,521.0,206.1999969482422,272.0,,233.39999389648438,461.6000061035156,,2810.5999603271484,830.0,347.20001220703125,143.99999618530273,240.0,135.45000457763672,,,,,,365.0,289.24999237060547,
2021-09-30,1137.5999755859375,566.4000244140625,657.5,1187.199951171875,507.0,202.39999389648438,270.0,,234.8000030517578,460.6000061035156,,2873.0,839.0000152587891,354.0,144.20000076293945,242.0,136.5,,,,,,358.49998474121094,285.0,
2021-10-04,1096.0,549.2000122070312,634.5000076293945,1167.199951171875,499.79998779296875,202.0,273.20001220703125,,239.8000030517578,453.6000061035156,,2698.800079345703,782.5,360.0,162.00000762939453,234.0,132.29999542236328,,,,,,363.49998474121094,268.50000381469727,
2021-10-05,1082.4000244140625,551.2000122070312,634.5000076293945,1150.4000244140625,486.79998779296875,199.10000610351562,269.0,,239.1999969482422,456.0,,2737.800079345703,804.4999694824219,344.0,152.7999973297119,231.39999389648438,128.10000228881836,,,,,,365.49999237060547,259.50000762939453,
2021-10-06,1098.4000244140625,546.4000244140625,640.0,1146.4000244140625,490.0,207.0,271.6000061035156,,244.39999389648438,450.3999938964844,,2680.5999603271484,788.0000305175781,348.0,156.99999809265137,232.8000030517578,130.35000228881836,,,,,,380.99998474121094,261.25,
2021-10-07,1178.4000244140625,580.0,695.0,1202.4000244140625,524.5,216.0,284.79998779296875,,248.0,470.0,,2704.0,810.5000305175781,362.79998779296875,167.00000762939453,244.0,137.10000228881836,,,,,,382.99999237060547,261.25,
2021-10-08,1244.0,592.4000244140625,725.0,1223.199951171875,542.5,221.8000030517578,299.6000061035156,,246.0,464.79998779296875,,2763.800079345703,807.5,380.0,166.00000381469727,244.0,145.20000457763672,,,,,,372.00000762939453,264.75000381469727,
2021-10-11,1342.4000244140625,623.2000122070312,758.0000305175781,1301.5999755859375,568.5,224.60000610351562,300.3999938964844,,247.8000030517578,464.0,,2810.5999603271484,801.5000152587891,399.6000061035156,166.5999984741211,251.0,152.70000457763672,,,,,,380.49999237060547,258.99999618530273,
2021-10-12,1290.4000244140625,608.7999877929688,744.0000152587891,1249.5999755859375,541.0,220.0,294.0,,252.0,464.79998779296875,,2805.4000396728516,796.5000152587891,394.3999938964844,167.99999237060547,246.0,148.35000228881836,,,,,,393.49998474121094,254.50000762939453,
2021-10-15,1294.4000244140625,629.5999755859375,746.5000152587891,1288.0,550.0,232.1999969482422,316.3999938964844,,258.0,464.20001220703125,,2776.800079345703,800.5000305175781,401.6000061035156,179.79999542236328,248.1999969482422,146.10000228881836,,,,,,375.0,247.74999618530273,
2021-10-18,1303.199951171875,635.5999755859375,746.5000152587891,1341.5999755859375,537.0,234.60000610351562,332.0,,253.8000030517578,470.6000061035156,,2795.0,801.5000152587891,386.20001220703125,183.4000015258789,240.0,150.89999771118164,,,,,,377.00000762939453,253.99999618530273,
2021-10-19,1318.4000244140625,646.0,766.9999694824219,1354.4000244140625,601.5,237.1999969482422,338.6000061035156,,243.60000610351562,472.0,,2841.800079345703,789.4999694824219,392.79998779296875,181.00000381469727,241.1999969482422,148.95000457763672,,,,,,377.99999237060547,253.50000381469727,
2021-10-20,1406.4000244140625,662.4000244140625,783.4999847412109,1416.800048828125,640.0,240.1999969482422,334.79998779296875,,245.1999969482422,473.79998779296875,,2964.0,790.5000305175781,400.3999938964844,188.1999969482422,246.0,154.95000457763672,,,,,,377.99999237060547,247.99999237060547,
2021-10-21,1391.199951171875,654.0,780.9999847412109,1404.0,637.5,237.60000610351562,333.20001220703125,,241.0,467.0,,2914.5999603271484,767.5,389.3999938964844,187.99999237060547,246.8000030517578,158.85000228881836,,,,,,374.00001525878906,248.25000762939453,
2021-10-22,1395.199951171875,650.0,802.5,1420.800048828125,651.0,247.1999969482422,339.6000061035156,,243.39999389648438,471.3999938964844,,2935.4000396728516,785.0,395.6000061035156,182.19999313354492,250.0,153.0,,,,,,373.49998474121094,252.00000762939453,
2021-10-25,1392.0,650.0,810.0,1377.5999755859375,651.5,252.1999969482422,350.0,,232.60000610351562,464.6000061035156,,2961.4000396728516,789.4999694824219,376.3999938964844,182.00000762939453,241.1999969482422,150.29999542236328,,,,,,372.00000762939453,252.25000381469727,
2021-10-26,1356.0,651.2000122070312,788.4999847412109,1356.800048828125,625.5,266.0,380.6000061035156,,227.39999389648438,462.0,,3029.0,816.5000152587891,367.20001220703125,172.99999237060547,238.1999969482422,147.14999771118164,,,,,,355.49999237060547,247.74999618530273,
2021-10-27,1316.0,625.2000122070312,775.5000305175781,1304.800048828125,593.5,256.20001220703125,359.6000061035156,,225.1999969482422,450.0,,2971.800079345703,815.5000305175781,342.79998779296875,163.4000015258789,240.1999969482422,137.10000228881836,,,,,,350.0,243.99999618530273,
2021-10-28,1321.5999755859375,625.2000122070312,782.5,1308.0,592.5,258.20001220703125,364.20001220703125,,225.39999389648438,451.0,,2787.199920654297,818.4999847412109,320.0,162.80000686645508,238.60000610351562,136.5,,,,,,369.00001525878906,238.50000381469727,
2021-10-29,1304.0,620.7999877929688,768.4999847412109,1296.0,588.5,262.3999938964844,363.6000061035156,,225.39999389648438,456.0,,2831.4000396728516,812.5,316.3999938964844,160.79999923706055,234.1999969482422,135.0,,,,,,364.50000762939453,231.49999618530273,
2021-11-01,1276.0,612.7999877929688,763.0000305175781,1256.800048828125,581.0,254.0,373.3999938964844,,224.1999969482422,445.0,,2711.800079345703,798.4999847412109,306.79998779296875,155.0,231.60000610351562,133.20000457763672,,,,,,357.99999237060547,225.49999237060547,
2021-11-02,1292.800048828125,628.4000244140625,785.9999847412109,1295.199951171875,614.0,251.8000030517578,373.79998779296875,,226.60000610351562,449.79998779296875,,2719.5999603271484,791.5000152587891,316.0,162.00000762939453,231.39999389648438,140.54999542236328,,,,,,359.00001525878906,239.50000762939453,
2021-11-03,1284.800048828125,632.7999877929688,790.0,1264.800048828125,616.0,241.39999389648438,362.0,,226.39999389648438,439.6000061035156,,2818.4000396728516,805.0,311.79998779296875,155.39999961853027,223.60000610351562,136.79999542236328,,,,,,360.99998474121094,242.74999618530273,
2021-11-04,1324.800048828125,647.5999755859375,800.5000305175781,1296.0,629.0,245.8000030517578,377.3999938964844,,226.39999389648438,446.0,,2914.5999603271484,796.9999694824219,314.0,157.39999771118164,227.8000030517578,135.89999771118164,,,,,,362.5,242.25000381469727,
2021-11-05,1279.199951171875,619.5999755859375,793.0000305175781,1277.5999755859375,595.0,250.1999969482422,376.6000061035156,,224.1999969482422,449.79998779296875,,2927.5999603271484,791.9999694824219,305.6000061035156,155.20000457763672,221.8000030517578,133.64999771118164,,,,,,342.5,237.25000381469727,
2021-11-08,1258.4000244140625,611.2000122070312,804.4999694824219,1247.199951171875,600.0,240.39999389648438,358.20001220703125,,240.1999969482422,445.20001220703125,,2904.199920654297,655.9999847412109,302.20001220703125,156.99999809265137,220.60000610351562,131.85000228881836,,,,,,362.00000762939453,235.24999618530273,
2021-11-09,1256.800048828125,603.2000122070312,800.0,1260.0,611.0,248.1999969482422,368.79998779296875,,245.1999969482422,439.0,,2854.800079345703,678.0000305175781,300.20001220703125,166.20000839233398,217.39999389648438,132.45000457763672,,,,,,369.00001525878906,234.50000762939453,
2021-11-10,1289.5999755859375,616.0,834.4999694824219,1290.4000244140625,630.5,234.39999389648438,349.79998779296875,,240.1999969482422,433.0,,3023.800079345703,683.0000305175781,299.6000061035156,158.00000190734863,219.1999969482422,131.85000228881836,,,,,,362.99999237060547,237.5,
2021-11-11,1305.5999755859375,626.7999877929688,831.9999694824219,1284.0,656.0,235.60000610351562,351.0,,240.1999969482422,437.0,,2849.5999603271484,694.0000152587891,298.79998779296875,164.79999542236328,221.1999969482422,135.0,,,,,,370.99998474121094,238.50000381469727,
2021-11-12,1299.199951171875,659.2000122070312,870.5000305175781,1318.4000244140625,665.5,241.39999389648438,389.20001220703125,,242.39999389648438,428.6000061035156,,2899.0,665.5000305175781,296.6000061035156,169.59999084472656,223.8000030517578,140.25,,,,,,367.00000762939453,237.99999237060547,
2021-11-15,1292.0,671.5999755859375,880.5000305175781,1332.0,677.0,238.0,381.3999938964844,,243.1999969482422,428.0,,2964.0,681.9999694824219,308.20001220703125,170.59999465942383,225.0,144.0,,,,,,374.00001525878906,244.24999237060547,
2021-11-16,1321.5999755859375,676.0,915.5000305175781,1351.199951171875,698.5,240.0,382.20001220703125,,244.0,429.3999938964844,,3016.0,673.0000305175781,303.0,167.19999313354492,226.8000030517578,144.75,,,,,,374.50000762939453,248.50000381469727,
2021-11-17,1318.4000244140625,670.0,882.5,1357.5999755859375,706.0,257.6000061035156,394.79998779296875,,233.1999969482422,428.79998779296875,,3047.199920654297,719.4999694824219,296.0,180.0,228.0,146.10000228881836,,,,,,372.99999237060547,250.0,
2021-11-18,1248.0,646.0,889.0000152587891,1251.199951171875,630.0,254.39999389648438,381.0,,227.39999389648438,422.3999938964844,,2927.5999603271484,700.0,273.20001220703125,172.99999237060547,240.1999969482422,136.64999771118164,,,,,,365.49999237060547,245.75000762939453,
2021-11-19,1114.4000244140625,704.7999877929688,895.0,1210.4000244140625,630.0,242.0,374.3999938964844,,230.1999969482422,420.0,,2847.0,675.9999847412109,264.6000061035156,162.99999237060547,251.1999969482422,133.20000457763672,,,,,,371.50001525878906,242.00000762939453,
2021-11-22,1096.800048828125,718.4000244140625,921.9999694824219,1184.800048828125,564.0,239.8000030517578,370.3999938964844,,228.1999969482422,421.0,,2867.800079345703,653.0000305175781,275.6000061035156,172.39999771118164,259.0,133.64999771118164,,,,,,370.0,270.49999237060547,
2021-11-23,1064.0,709.5999755859375,900.9999847412109,1156.800048828125,547.0,244.39999389648438,378.6000061035156,,228.39999389648438,420.0,,2789.800079345703,568.4999847412109,288.6000061035156,180.79999923706055,255.1999969482422,125.54999542236328,,,,,,365.49999237060547,271.25,
2021-11-24,1054.4000244140625,704.7999877929688,885.0,1167.199951171875,549.5,251.0,416.79998779296875,,228.0,421.3999938964844,,2753.4000396728516,560.4999923706055,285.79998779296875,178.99999618530273,246.39999389648438,122.39999771118164,,,,,,363.49998474121094,265.49999237060547,
2021-11-26,1032.800048828125,692.0,893.4999847412109,1181.5999755859375,562.0,249.0,412.3999938964844,,220.60000610351562,410.20001220703125,,2740.4000396728516,592.5,274.20001220703125,179.40000534057617,246.1999969482422,120.29999542236328,,,,,,315.49999237060547,286.25,
2021-11-29,1040.0,701.2000122070312,894.0000152587891,1190.4000244140625,533.5,259.6000061035156,406.79998779296875,,213.8000030517578,403.3999938964844,,2750.800079345703,604.5000076293945,272.0,170.59999465942383,243.60000610351562,118.35000228881836,,,,,,311.00000381469727,295.0,
2021-11-30,1018.4000244140625,679.5999755859375,843.0000305175781,1160.0,517.5,262.3999938964844,406.0,,211.0,390.20001220703125,,2706.5999603271484,562.0000076293945,274.0,161.39999389648438,242.0,108.0,,,,,,308.50000381469727,280.0,
2021-12-01,1005.5999755859375,682.7999877929688,878.0000305175781,1181.5999755859375,519.5,284.6000061035156,436.0,,215.1999969482422,397.3999938964844,,2774.199920654297,550.0,268.0,167.19999313354492,248.1999969482422,107.54999542236328,,,,,,302.5,275.0,
2021-12-02,980.7999877929688,684.0,888.4999847412109,1178.4000244140625,485.0,286.20001220703125,419.20001220703125,,222.1999969482422,391.79998779296875,,2787.199920654297,553.4999847412109,243.8000030517578,156.19999885559082,248.60000610351562,115.64999771118164,,,,,,314.50000762939453,275.75000762939453,
2021-12-03,955.2000122070312,643.2000122070312,845.9999847412109,1144.0,450.0,271.0,392.0,,223.39999389648438,396.20001220703125,,2771.5999603271484,552.5,233.0,156.00000381469727,243.8000030517578,106.79999542236328,,,,,,312.99999237060547,273.99999618530273,
2021-12-06,901.5999755859375,612.0,805.9999847412109,1078.4000244140625,430.20001220703125,236.1999969482422,360.79998779296875,,193.89999389648438,391.0,,2395.9000396728516,498.1999969482422,233.39999389648438,143.59999656677246,231.8000030517578,100.5,,,,,,294.50000762939453,268.50000381469727,
2021-12-07,1012.0,614.0,853.0000305175781,1184.0,458.79998779296875,245.1999969482422,371.20001220703125,,212.39999389648438,404.79998779296875,,2454.4000396728516,500.0,261.6000061035156,146.19999885559082,227.0,111.60000228881836,,,,,,315.49999237060547,275.0,
2021-12-08,964.7999877929688,614.0,836.9999694824219,1160.0,467.6000061035156,244.0,377.6000061035156,,212.60000610351562,407.0,253.1999969482422,2445.300079345703,550.9999847412109,270.0,155.0,233.39999389648438,114.45000457763672,,,,,,313.99999618530273,273.25000762939453,
2021-12-09,987.2000122070312,622.0,833.4999847412109,1177.5999755859375,471.6000061035156,248.8000030517578,377.6000061035156,,212.0,406.79998779296875,252.0,2519.4000396728516,558.4999847412109,265.79998779296875,175.40000915527344,242.60000610351562,114.89999771118164,,,,,,320.49999237060547,280.0,
2021-12-10,969.5999755859375,624.4000244140625,814.0000152587891,1167.199951171875,457.0,245.1999969482422,360.3999938964844,,205.39999389648438,402.0,242.8000030517578,2384.199920654297,537.0000076293945,257.20001220703125,171.00000381469727,242.39999389648438,110.39999771118164,,,,,,305.49999237060547,271.49999618530273,
2021-12-13,968.7999877929688,621.2000122070312,799.4999694824219,1161.5999755859375,461.0,253.39999389648438,364.6000061035156,,205.1999969482422,400.20001220703125,243.1999969482422,2299.699920654297,505.49999237060547,256.79998779296875,173.1999969482422,240.8000030517578,111.60000228881836,,,,,,315.49999237060547,273.50000381469727,
2021-12-14,949.5999755859375,608.7999877929688,796.5000152587891,1122.4000244140625,434.6000061035156,245.0,352.3999938964844,,192.8000030517578,387.20001220703125,219.8000030517578,2280.199920654297,505.99998474121094,241.1999969482422,166.39999389648438,240.1999969482422,109.04999542236328,,,,,,280.49999237060547,272.99999237060547,
2021-12-15,968.0,598.7999877929688,796.5000152587891,1092.0,414.3999938964844,241.0,344.20001220703125,,190.6999969482422,378.79998779296875,219.1999969482422,2106.0,477.00000762939453,237.60000610351562,162.80000686645508,230.1999969482422,107.25,,,,,,267.5,272.00000762939453,
2021-12-16,965.5999755859375,580.7999877929688,790.0,1112.800048828125,404.3999938964844,241.60000610351562,344.0,,194.0,375.0,226.39999389648438,2090.4000396728516,457.99999237060547,235.60000610351562,171.00000381469727,227.1999969482422,107.10000228881836,,,,,,271.49999618530273,286.00000381469727,
2021-12-17,936.0,560.4000244140625,767.5,1103.199951171875,384.0,233.0,329.6000061035156,,173.60000610351562,371.0,223.0,2039.6999206542969,509.50000762939453,234.0,160.20000457763672,219.60000610351562,103.64999771118164,,,,,,257.00000762939453,282.5,
2021-12-20,916.0,538.0,730.0,1084.800048828125,374.0,224.8000030517578,318.20001220703125,,173.39999389648438,366.6000061035156,224.39999389648438,2042.3000793457031,535.9999847412109,222.1999969482422,159.399995803833,216.39999389648438,102.60000228881836,,,,,,261.49999618530273,278.75,
2021-12-21,911.2000122070312,546.7999877929688,726.9999694824219,1092.800048828125,358.3999938964844,226.39999389648438,322.0,,175.0,368.6000061035156,232.39999389648438,2167.0999603271484,544.5000076293945,220.8000030517578,157.7999973297119,214.39999389648438,103.04999542236328,,,,,,270.49999237060547,276.49999618530273,
2021-12-22,919.2000122070312,558.4000244140625,750.0,1112.0,379.79998779296875,233.0,342.6000061035156,,182.0,376.0,241.60000610351562,2116.4000396728516,522.0000076293945,236.0,158.59999656677246,216.0,106.04999542236328,,,,,,282.5,286.00000381469727,
2021-12-23,906.4000244140625,519.2000122070312,765.0,1108.800048828125,355.20001220703125,235.8000030517578,352.79998779296875,,181.5,377.79998779296875,233.1999969482422,2119.0,530.0,220.39999389648438,159.20000076293945,215.39999389648438,107.39999771118164,,,,,,281.00000381469727,287.99999237060547,
2021-12-28,908.0,521.5999755859375,758.0000305175781,1116.800048828125,343.79998779296875,233.1999969482422,355.20001220703125,,184.39999389648438,376.0,232.0,2078.699920654297,509.00001525878906,220.1999969482422,153.00000190734863,211.0,104.85000228881836,,,,,,283.99999618530273,282.99999237060547,
2021-12-29,884.7999877929688,510.3999938964844,750.0,1093.5999755859375,341.20001220703125,232.39999389648438,351.3999938964844,,180.89999389648438,370.0,228.39999389648438,2078.699920654297,494.59999084472656,217.1999969482422,152.60000228881836,209.0,103.35000228881836,,,,,,282.00000762939453,284.75000381469727,
2021-12-30,879.2000122070312,519.5999755859375,758.0000305175781,1068.0,332.79998779296875,229.8000030517578,348.3999938964844,,178.39999389648438,373.3999938964844,225.39999389648438,2025.4000396728516,487.99999237060547,217.0,143.4000015258789,208.39999389648438,98.10000228881836,,,,,,275.49999237060547,280.0,
2021-12-31,951.2000122070312,548.0,787.5,1160.0,360.6000061035156,245.1999969482422,372.79998779296875,,191.39999389648438,382.6000061035156,240.39999389648438,2093.0,505.99998474121094,225.39999389648438,161.20000839233398,216.39999389648438,102.14999771118164,,,,,,291.49999618530273,282.25000381469727,
2022-01-03,920.0,540.7999877929688,793.4999847412109,1148.800048828125,358.0,254.0,394.3999938964844,,190.5,390.3999938964844,237.1999969482422,2081.300079345703,484.1999816894531,244.0,161.5999984741211,217.1999969482422,107.10000228881836,,,,,,287.5,287.99999237060547,
2022-01-04,935.2000122070312,530.7999877929688,778.4999847412109,1159.199951171875,334.79998779296875,250.8000030517578,394.3999938964844,,194.60000610351562,385.79998779296875,243.1999969482422,1991.5999603271484,492.79998779296875,243.1999969482422,151.8000030517578,215.8000030517578,105.29999542236328,,,,,,283.99999618530273,282.5,
2022-01-05,916.0,492.79998779296875,750.0,1112.800048828125,299.20001220703125,226.39999389648438,358.20001220703125,,196.5,377.6000061035156,234.8000030517578,1870.6999206542969,445.0,239.8000030517578,143.4000015258789,216.39999389648438,101.54999542236328,,,,,,280.49999237060547,270.49999237060547,
2022-01-06,968.0,513.2000122070312,750.0,1136.0,286.79998779296875,226.1999969482422,358.6000061035156,,197.5,369.3999938964844,248.0,1722.5,417.00000762939453,247.8000030517578,139.20000076293945,215.60000610351562,101.70000457763672,,,,,,276.00000381469727,262.74999618530273,
2022-01-07,1030.4000244140625,537.5999755859375,776.5000152587891,1192.0,296.20001220703125,224.39999389648438,366.0,,200.0,379.3999938964844,260.79998779296875,1771.9000396728516,415.40000915527344,267.20001220703125,142.60000228881836,215.39999389648438,107.10000228881836,,,,,,282.99999237060547,272.00000762939453,
2022-01-10,1020.7999877929688,540.4000244140625,791.5000152587891,1214.4000244140625,306.0,229.8000030517578,350.3999938964844,,197.10000610351562,385.0,265.20001220703125,1836.9000396728516,422.99999237060547,262.20001220703125,143.99999618530273,219.0,109.79999542236328,,,,,,280.0,262.5,
2022-01-11,1004.7999877929688,550.0,788.0000305175781,1172.0,314.0,217.60000610351562,335.0,,184.6999969482422,377.0,259.6000061035156,1855.0999603271484,450.0,280.0,138.4000015258789,229.8000030517578,108.29999542236328,,,,,,271.49999618530273,261.00000381469727,
2022-01-12,1064.0,610.4000244140625,841.5000152587891,1243.199951171875,333.0,235.1999969482422,367.6000061035156,,194.6999969482422,380.3999938964844,268.0,1899.3000793457031,454.59999084472656,278.79998779296875,145.0,244.1999969482422,111.0,,,,,,280.0,267.5,
2022-01-13,1057.5999755859375,586.4000244140625,814.0000152587891,1224.0,315.79998779296875,235.0,368.6000061035156,,195.5,376.79998779296875,269.6000061035156,1930.5,430.2000045776367,280.3999938964844,142.2000026702881,245.0,106.95000457763672,,,,,,282.00000762939453,262.00000762939453,
2022-01-14,1034.4000244140625,574.0,800.0,1199.199951171875,297.6000061035156,245.39999389648438,376.6000061035156,,190.10000610351562,375.79998779296875,260.3999938964844,1878.5,402.00000762939453,276.0,140.0,246.0,103.20000457763672,,,,,,268.50000381469727,253.99999618530273,
2022-01-18,1011.2000122070312,558.0,803.4999847412109,1182.4000244140625,291.0,244.1999969482422,379.6000061035156,,186.3000030517578,362.0,260.79998779296875,1853.8000793457031,375.2000045776367,274.79998779296875,136.40000343322754,239.8000030517578,104.25,,,,,,266.49999618530273,247.99999237060547,
2022-01-19,993.5999755859375,562.7999877929688,804.4999694824219,1191.199951171875,290.79998779296875,234.0,357.3999938964844,,183.8000030517578,354.79998779296875,259.0,1836.9000396728516,394.39998626708984,282.0,131.00000381469727,235.0,101.25,,,,,,263.50000381469727,244.50000762939453,
2022-01-20,1052.0,599.5999755859375,838.4999847412109,1266.4000244140625,306.6000061035156,234.39999389648438,352.79998779296875,,192.0,361.6000061035156,269.3999938964844,1873.3000793457031,417.20001220703125,291.3999938964844,135.39999961853027,238.1999969482422,105.14999771118164,,,,,,277.5,245.0,
2022-01-21,1016.7999877929688,612.4000244140625,811.5000152587891,1277.5999755859375,308.79998779296875,228.8000030517578,349.20001220703125,,207.1999969482422,372.20001220703125,272.0,1925.3000793457031,407.99999237060547,280.20001220703125,132.2000026702881,230.8000030517578,103.04999542236328,,,,,,291.49999618530273,242.00000762939453,
2022-01-24,952.7999877929688,578.4000244140625,750.9999847412109,1219.199951171875,282.6000061035156,220.0,328.0,,205.0,360.6000061035156,259.20001220703125,1929.1999206542969,395.0,275.3999938964844,124.79999542236328,225.0,102.45000457763672,,,,,,296.49999618530273,234.75000381469727,
2022-01-25,934.4000244140625,561.2000122070312,750.5000305175781,1165.5999755859375,266.3999938964844,208.1999969482422,306.0,,198.89999389648438,356.0,257.20001220703125,1865.5,379.1999816894531,240.39999389648438,114.60000038146973,223.1999969482422,97.04999542236328,,,,,,298.99999618530273,224.50000762939453,
2022-01-26,935.2000122070312,569.5999755859375,782.5,1188.0,267.79998779296875,202.1999969482422,298.3999938964844,,199.8000030517578,352.0,265.0,1782.3000793457031,373.4000015258789,241.8000030517578,111.19999885559082,229.60000610351562,98.54999542236328,,,,,,308.99999618530273,223.75,
2022-01-27,868.0,549.5999755859375,750.5000305175781,1140.0,241.1999969482422,190.39999389648438,282.0,,199.6999969482422,348.79998779296875,251.0,1727.6999206542969,360.99998474121094,237.39999389648438,104.20000076293945,225.1999969482422,94.5,,,,,,295.49999237060547,214.50000762939453,
2022-01-28,880.0,532.0,743.0000305175781,1132.0,232.60000610351562,184.5,251.39999389648438,,195.8000030517578,349.20001220703125,249.1999969482422,1560.0,327.79998779296875,230.0,103.00000190734863,219.8000030517578,87.0,,,,,,283.99999618530273,204.24999237060547,
2022-01-31,917.5999755859375,559.2000122070312,769.4999694824219,1154.4000244140625,242.39999389648438,187.6999969482422,249.0,,200.1999969482422,364.6000061035156,253.0,1701.6999206542969,343.80001068115234,236.1999969482422,106.19999885559082,221.1999969482422,89.39999771118164,,,,,,298.99999618530273,204.24999237060547,
2022-02-04,963.2000122070312,569.5999755859375,787.5,1219.199951171875,254.60000610351562,211.1999969482422,277.79998779296875,,208.0,365.20001220703125,251.1999969482422,1755.0,395.40000915527344,240.8000030517578,110.0,229.1999969482422,95.69999885559082,,,,,,310.0,205.49999237060547,
2022-02-07,920.0,584.4000244140625,785.5000305175781,1226.4000244140625,257.20001220703125,216.60000610351562,285.79998779296875,,212.0,370.3999938964844,253.0,1738.0999603271484,383.6000061035156,237.0,115.79999923706055,229.1999969482422,96.14999771118164,,,,,,327.99999237060547,212.5,
2022-02-08,889.5999755859375,571.2000122070312,778.4999847412109,1203.199951171875,249.8000030517578,220.0,282.3999938964844,,215.0,358.0,242.1999969482422,1708.1999206542969,387.40001678466797,228.39999389648438,116.5999984741211,229.1999969482422,94.19999885559082,,,,,,325.0,212.5,
2022-02-09,950.4000244140625,596.0,816.5000152587891,1260.0,271.0,229.0,305.0,,223.0,347.3999938964844,252.39999389648438,1649.7000198364258,388.4000015258789,237.39999389648438,121.40000343322754,235.60000610351562,97.64999771118164,,,,,,336.50001525878906,211.74999237060547,
2022-02-10,977.5999755859375,603.5999755859375,823.0000305175781,1278.4000244140625,283.20001220703125,227.1999969482422,314.3999938964844,,233.39999389648438,377.0,249.0,1734.1999206542969,419.59999084472656,244.39999389648438,126.80000305175781,238.1999969482422,100.79999542236328,,,,,,354.00001525878906,215.49999237060547,
2022-02-11,979.2000122070312,597.2000122070312,805.0,1271.199951171875,283.6000061035156,228.39999389648438,304.3999938964844,,235.39999389648438,396.3999938964844,244.39999389648438,1669.1999206542969,412.40001678466797,232.39999389648438,123.00000190734863,236.1999969482422,99.89999771118164,,,,,,349.50000762939453,210.75000762939453,
2022-02-14,949.5999755859375,579.2000122070312,770.9999847412109,1248.800048828125,275.20001220703125,220.0,290.6000061035156,,228.60000610351562,391.6000061035156,241.39999389648438,1569.0999603271484,412.00000762939453,229.0,118.80000114440918,235.1999969482422,96.14999771118164,,,,,,350.99998474121094,204.75000381469727,
2022-02-15,947.2000122070312,580.7999877929688,767.5,1252.800048828125,270.0,225.60000610351562,292.3999938964844,,230.8000030517578,398.79998779296875,237.60000610351562,1640.5999603271484,407.59998321533203,222.1999969482422,116.19999885559082,232.60000610351562,96.75,,,,,,344.50000762939453,203.25000762939453,
2022-02-16,980.0,594.4000244140625,788.4999847412109,1292.800048828125,293.6000061035156,233.1999969482422,312.3999938964844,,237.0,412.79998779296875,249.0,1742.0,442.99999237060547,235.60000610351562,125.39999961853027,235.60000610351562,104.39999771118164,,,,,,357.5,208.50000381469727,
2022-02-17,984.0,590.7999877929688,794.4999694824219,1308.800048828125,290.20001220703125,234.0,309.79998779296875,,234.0,407.20001220703125,250.60000610351562,1731.5999603271484,452.00000762939453,227.1999969482422,123.99999618530273,237.39999389648438,100.20000457763672,,,,,,352.99999237060547,207.74999618530273,
2022-02-18,956.0,574.0,783.4999847412109,1280.800048828125,275.3999938964844,231.8000030517578,310.0,,232.8000030517578,404.79998779296875,243.60000610351562,1596.4000396728516,440.99998474121094,222.1999969482422,121.00000381469727,240.0,99.14999771118164,,,,,,350.49999237060547,207.5,
2022-02-22,891.2000122070312,550.4000244140625,751.5000152587891,1210.4000244140625,245.60000610351562,220.60000610351562,289.6000061035156,,220.8000030517578,395.20001220703125,229.8000030517578,1623.7000198364258,448.4000015258789,204.39999389648438,111.40000343322754,236.1999969482422,88.64999771118164,,,,,,330.0,206.00000381469727,
2022-02-23,899.2000122070312,570.0,735.5000305175781,1207.199951171875,248.60000610351562,224.1999969482422,279.6000061035156,,218.0,410.20001220703125,231.8000030517578,1680.9000396728516,455.0,206.8000030517578,117.39999771118164,237.8000030517578,83.69999885559082,,,,,,334.00001525878906,208.75,
2022-02-24,839.2000122070312,542.4000244140625,721.9999694824219,1142.4000244140625,227.1999969482422,209.0,259.6000061035156,,204.8000030517578,392.0,219.8000030517578,1580.7999801635742,385.0,202.39999389648438,111.40000343322754,230.0,83.10000228881836,,,,,,313.99999618530273,204.24999237060547,
2022-02-25,842.4000244140625,551.5999755859375,731.5000152587891,1158.4000244140625,238.8000030517578,219.0,272.0,,208.0,396.79998779296875,218.8000030517578,1688.6999206542969,419.7999954223633,210.39999389648438,110.0,232.8000030517578,84.0,,,,,,322.5,210.0,
2022-02-28,833.5999755859375,558.4000244140625,762.5,1179.199951171875,237.0,220.1999969482422,270.20001220703125,,209.0,396.6000061035156,230.0,1648.4000396728516,408.4000015258789,224.0,106.00000381469727,225.1999969482422,82.05000114440918,,,,,,317.99999237060547,214.75000381469727,
2022-03-01,830.4000244140625,575.5999755859375,758.0000305175781,1184.800048828125,250.1999969482422,243.60000610351562,285.79998779296875,,204.1999969482422,404.0,216.0,1666.5999603271484,422.99999237060547,236.8000030517578,114.20000076293945,230.0,82.64999771118164,,,,,,316.49999618530273,214.24999237060547,
2022-03-02,831.2000122070312,570.0,730.5000305175781,1264.800048828125,238.60000610351562,245.0,271.3999938964844,,199.6999969482422,400.0,212.8000030517578,1677.0,381.3999938964844,250.0,111.40000343322754,227.0,83.69999885559082,,,,,,317.99999237060547,213.99999618530273,
2022-03-03,835.2000122070312,572.4000244140625,711.9999694824219,1272.0,238.0,235.0,266.3999938964844,,221.1999969482422,416.3999938964844,217.0,1683.5,399.59999084472656,223.1999969482422,105.60000419616699,228.0,83.55000114440918,,,,,,342.00000762939453,209.24999237060547,
2022-03-04,792.0,524.7999877929688,671.5000152587891,1192.0,207.39999389648438,209.8000030517578,231.8000030517578,,207.39999389648438,399.20001220703125,211.39999389648438,1431.2999801635742,319.7999954223633,220.8000030517578,96.80000305175781,220.1999969482422,79.05000114440918,,,,,,327.00000762939453,175.49999237060547,
2022-03-07,768.0,494.0,661.5000152587891,1121.5999755859375,187.10000610351562,208.60000610351562,226.39999389648438,,187.1999969482422,373.6000061035156,195.0,1355.9000396728516,305.0,204.0,90.10000228881836,215.0,69.0,,,,,,296.49999618530273,151.25,
2022-03-08,775.2000122070312,460.79998779296875,646.5000152587891,1064.800048828125,171.3000030517578,192.8000030517578,197.1999969482422,,172.6999969482422,365.20001220703125,183.89999389648438,1407.9000396728516,288.6000061035156,196.60000610351562,91.00000381469727,201.1999969482422,66.0,,,,,,274.50000762939453,142.25000381469727,
2022-03-09,770.0,470.0,662.5,1068.800048828125,175.8000030517578,196.60000610351562,206.0,,180.3000030517578,361.3999938964844,199.0,1428.7000198364258,281.00000381469727,190.0,91.00000381469727,200.8000030517578,63.60000228881836,,,,,,268.99999618530273,138.75,
2022-03-10,768.7999877929688,474.79998779296875,676.9999694824219,1105.5999755859375,185.1999969482422,213.60000610351562,219.8000030517578,158.89999389648438,189.1999969482422,381.79998779296875,201.39999389648438,1508.0,291.5999984741211,200.0,95.0,215.1999969482422,66.44999885559082,,,,,,273.99999618530273,145.24999618530273,
2022-03-11,726.4000244140625,422.3999938964844,645.0,1052.0,166.1999969482422,209.1999969482422,210.8000030517578,146.39999389648438,172.0,359.0,195.0,1433.9000396728516,273.1999969482422,189.60000610351562,91.89999580383301,199.10000610351562,58.80000114440918,,,,,,240.0,131.49999618530273,
2022-03-14,647.2000122070312,360.0,592.5,1054.4000244140625,166.6999969482422,209.60000610351562,211.1999969482422,146.3000030517578,171.39999389648438,290.0,195.5,1195.3499603271484,223.60000610351562,188.60000610351562,90.9000015258789,169.60000610351562,49.08000183105469,,,,,,202.00000762939453,131.49999618530273,
2022-03-15,570.0,323.79998779296875,547.0000076293945,800.0,127.5999984741211,138.1999969482422,147.3000030517578,109.5999984741211,126.19999694824219,290.0,155.8000030517578,1127.75,206.00000381469727,159.1999969482422,67.5,159.8000030517578,43.5,,,,,,179.40000534057617,113.75,
2022-03-16,725.5999755859375,439.20001220703125,675.0,963.2000122070312,179.6999969482422,186.0,195.0,141.5,171.0,338.0,186.6999969482422,1287.6500396728516,255.0,207.8000030517578,92.5,191.8000030517578,54.30000114440918,,,,,,236.49999618530273,129.49999809265137,
2022-03-17,816.0,508.79998779296875,711.5000152587891,1119.199951171875,208.39999389648438,202.0,203.0,145.0,179.0,330.6000061035156,197.6999969482422,1441.7000198364258,281.8000030517578,230.39999389648438,88.4000015258789,196.0,58.32000160217285,,,,,,256.00000381469727,145.50000190734863,
2022-03-18,786.7999877929688,487.6000061035156,693.0000305175781,1195.199951171875,190.10000610351562,209.0,205.1999969482422,150.0,178.60000610351562,345.0,195.0,1500.2000198364258,280.0,224.0,87.5,201.39999389648438,53.69999885559082,,,,,,257.99999237060547,151.49999618530273,
2022-03-21,792.7999877929688,478.0,670.9999847412109,1124.800048828125,194.6999969482422,209.60000610351562,210.8000030517578,160.0,172.5,338.79998779296875,198.0,1448.2000198364258,302.8000068664551,233.1999969482422,93.50000381469727,191.1999969482422,51.60000228881836,,,,,,244.50000762939453,152.5,
2022-03-22,881.5999755859375,507.6000061035156,728.0000305175781,1189.5999755859375,208.0,216.0,220.0,164.1999969482422,187.39999389648438,337.0,205.0,1475.5,311.00000381469727,233.60000610351562,95.50000190734863,198.1999969482422,55.860002517700195,,,,,,253.50000381469727,158.24999809265137,
2022-03-23,940.7999877929688,504.0,756.5000152587891,1230.4000244140625,229.0,213.8000030517578,224.1999969482422,173.0,191.10000610351562,352.0,210.39999389648438,1501.5,340.0,248.0,101.19999885559082,203.1999969482422,63.30000114440918,,,,,,256.49999618530273,157.5,
2022-03-24,910.4000244140625,483.20001220703125,740.9999847412109,1200.0,244.1999969482422,213.1999969482422,222.60000610351562,174.39999389648438,205.60000610351562,334.20001220703125,206.8000030517578,1539.2000198364258,361.3999938964844,242.1999969482422,100.79999923706055,211.8000030517578,60.60000228881836,,,,,,264.50000762939453,168.25000762939453,
2022-03-25,859.2000122070312,457.6000061035156,705.0,1136.0,218.60000610351562,205.0,214.8000030517578,162.0,186.5,326.0,197.0,1474.2000198364258,362.00000762939453,232.8000030517578,95.79999923706055,197.0,59.82000160217285,,,,,,248.99999618530273,155.50000190734863,
2022-03-28,888.7999877929688,449.6000061035156,743.0000305175781,1140.0,224.0,206.39999389648438,207.60000610351562,155.8000030517578,176.3000030517578,319.79998779296875,199.3000030517578,1445.5999603271484,330.0,230.60000610351562,96.40000343322754,200.8000030517578,61.5,,,,,,248.99999618530273,143.75,
2022-03-29,908.0,476.79998779296875,733.0000305175781,1168.0,225.8000030517578,211.0,211.0,167.0,188.8000030517578,335.20001220703125,202.60000610351562,1548.2999801635742,331.8000030517578,248.0,95.69999694824219,200.1999969482422,68.39999771118164,,,,,,265.49999237060547,145.50000190734863,
2022-03-30,911.2000122070312,476.0,728.0000305175781,1169.5999755859375,220.1999969482422,216.39999389648438,229.39999389648438,175.8000030517578,191.39999389648438,345.6000061035156,191.8000030517578,1628.9000396728516,361.50001525878906,246.1999969482422,96.40000343322754,207.0,68.25,,,,,,258.50000381469727,152.5,
2022-03-31,896.7999877929688,468.0,719.0000152587891,1132.0,216.39999389648438,210.60000610351562,225.0,175.1999969482422,188.60000610351562,347.6000061035156,189.89999389648438,1575.5999603271484,359.50000762939453,246.1999969482422,96.30000114440918,199.60000610351562,68.39999771118164,,,,,,267.5,150.50000190734863,
2022-04-01,877.5999755859375,458.0,733.0000305175781,1081.5999755859375,213.0,205.1999969482422,222.60000610351562,169.89999389648438,186.6999969482422,337.3999938964844,200.0,1532.7000198364258,360.0,244.60000610351562,92.20000267028809,204.39999389648438,67.94999885559082,,,,,,269.50000762939453,148.00000190734863,
2022-04-04,909.5999755859375,493.20001220703125,781.5000152587891,1165.5999755859375,241.39999389648438,226.1999969482422,245.60000610351562,183.0,198.10000610351562,355.3999938964844,206.8000030517578,1631.5,383.49998474121094,272.20001220703125,98.00000190734863,211.1999969482422,73.19999885559082,,,,,,283.99999618530273,157.74999618530273,
2022-04-06,860.7999877929688,469.6000061035156,756.5000152587891,1140.800048828125,243.8000030517578,221.8000030517578,231.60000610351562,177.1999969482422,187.39999389648438,340.6000061035156,211.1999969482422,1615.9000396728516,392.5,254.0,96.30000114440918,199.89999389648438,70.5,,,,,,273.50000381469727,153.75,
2022-04-07,841.5999755859375,454.3999938964844,743.0000305175781,1100.0,232.60000610351562,217.1999969482422,231.60000610351562,170.0,187.6999969482422,327.3999938964844,204.60000610351562,1658.7999801635742,374.50000762939453,246.60000610351562,96.89999580383301,196.6999969482422,69.0,,,,,,262.99999237060547,146.99999809265137,
2022-04-08,830.4000244140625,444.79998779296875,736.9999694824219,1082.4000244140625,215.39999389648438,210.8000030517578,222.39999389648438,163.5,177.39999389648438,325.79998779296875,194.1999969482422,1638.0,368.49998474121094,236.8000030517578,92.10000038146973,197.60000610351562,65.10000228881836,,,,,,257.99999237060547,143.99999618530273,
2022-04-11,788.0,430.79998779296875,711.9999694824219,1025.5999755859375,186.89999389648438,193.6999969482422,200.39999389648438,144.8000030517578,167.10000610351562,313.20001220703125,187.5,1454.7000198364258,339.00001525878906,231.39999389648438,88.10000419616699,191.0,61.94999885559082,,,,,,237.00000762939453,137.74999618530273,
2022-04-12,792.0,448.3999938964844,741.9999694824219,1035.199951171875,210.8000030517578,201.0,209.60000610351562,157.0,175.89999389648438,322.3999938964844,187.39999389648438,1495.0,342.00000762939453,231.39999389648438,88.90000343322754,198.6999969482422,63.75,,,,,,252.5,135.50000190734863,
2022-04-13,788.0,455.6000061035156,745.9999847412109,1031.199951171875,202.60000610351562,198.89999389648438,206.60000610351562,154.1999969482422,180.6999969482422,317.0,186.60000610351562,1466.4000396728516,338.49998474121094,227.8000030517578,87.39999771118164,201.39999389648438,64.94999885559082,,,,,,253.99999618530273,133.24999809265137,
2022-04-14,764.0,452.79998779296875,752.5,1051.199951171875,206.0,206.0,218.60000610351562,160.89999389648438,185.5,329.20001220703125,182.0,1475.5,357.00000762939453,235.0,86.99999809265137,204.1999969482422,66.0,,,,,,270.0,137.5,
2022-04-19,732.0,444.3999938964844,730.0,995.2000122070312,183.5,201.60000610351562,209.60000610351562,155.60000610351562,180.0,325.20001220703125,175.39999389648438,1362.4000396728516,342.99999237060547,206.60000610351562,81.49999618530273,201.39999389648438,57.0,,,,,,253.50000381469727,131.00000381469727,
2022-04-20,725.5999755859375,441.6000061035156,714.4999694824219,988.7999877929688,182.1999969482422,196.39999389648438,209.60000610351562,152.60000610351562,177.0,335.0,174.0,1393.5999603271484,346.50001525878906,198.1999969482422,82.5,200.39999389648438,58.80000114440918,,,,,,260.0,135.24999618530273,
2022-04-21,703.2000122070312,412.79998779296875,690.9999847412109,955.2000122070312,173.6999969482422,187.8000030517578,200.39999389648438,147.39999389648438,173.1999969482422,340.79998779296875,171.0,1344.2000198364258,352.99999237060547,198.8000030517578,80.79999923706055,194.1999969482422,55.91999816894531,,,,,,252.00000762939453,135.0,
2022-04-22,693.2000122070312,416.79998779296875,686.5000152587891,934.4000244140625,169.89999389648438,182.10000610351562,191.6999969482422,139.0,171.6999969482422,324.0,167.5,1344.2000198364258,333.49998474121094,212.0,80.79999923706055,190.1999969482422,55.80000114440918,,,,,,240.49999237060547,130.24999618530273,
2022-04-25,654.7999877929688,401.6000061035156,666.9999694824219,868.7999877929688,159.8000030517578,166.8000030517578,177.8000030517578,130.89999389648438,163.1999969482422,317.6000061035156,161.10000610351562,1242.1500396728516,324.50000762939453,199.60000610351562,75.9000015258789,176.1999969482422,52.02000045776367,,,,,,223.99999618530273,122.74999618530273,
2022-04-26,679.2000122070312,424.3999938964844,711.5000152587891,913.5999755859375,165.0,178.3000030517578,188.8000030517578,135.8000030517578,164.89999389648438,323.20001220703125,164.39999389648438,1269.4500198364258,350.49999237060547,202.1999969482422,78.49999904632568,190.0,54.78000068664551,,,,,,235.49999237060547,125.0,
2022-04-27,676.4000244140625,439.6000061035156,703.0000305175781,909.5999755859375,169.6999969482422,177.6999969482422,187.8000030517578,132.1999969482422,166.0,323.20001220703125,165.89999389648438,1240.8499603271484,340.0,203.0,79.80000019073486,193.5,53.10000228881836,,,,,,233.50000381469727,123.50000381469727,
2022-04-28,706.0,459.20001220703125,715.0,947.2000122070312,180.1999969482422,177.89999389648438,192.39999389648438,135.0,172.1999969482422,332.6000061035156,165.39999389648438,1300.0,337.00000762939453,213.39999389648438,85.0,204.1999969482422,56.10000228881836,,,,,,242.00000762939453,123.00000190734863,
2022-04-29,816.7999877929688,531.2000122070312,770.0,1044.800048828125,203.60000610351562,193.5,206.0,144.0,187.1999969482422,333.20001220703125,184.39999389648438,1359.7999801635742,329.50000762939453,228.39999389648438,93.99999618530273,219.1999969482422,60.14999771118164,,,,,,260.0,128.50000381469727,
2022-05-03,802.4000244140625,499.6000061035156,753.4999847412109,1010.4000244140625,192.0,182.5,203.39999389648438,137.5,189.89999389648438,328.20001220703125,190.89999389648438,1332.5,320.0,232.0,102.20000267028809,221.8000030517578,63.44999885559082,,,,,,243.99999618530273,105.74999809265137,
2022-05-04,772.4000244140625,479.20001220703125,750.0,980.0,176.3000030517578,176.60000610351562,197.60000610351562,137.3000030517578,184.6999969482422,331.6000061035156,173.89999389648438,1253.8499603271484,312.00000762939453,230.39999389648438,98.80000114440918,216.8000030517578,62.55000114440918,,,,,,238.99999618530273,100.50000190734863,
2022-05-05,773.5999755859375,483.20001220703125,737.5,1005.5999755859375,179.0,180.10000610351562,202.1999969482422,137.8000030517578,182.10000610351562,330.79998779296875,175.5,1278.5499801635742,296.49999618530273,234.0,97.5,216.1999969482422,63.89999771118164,,,,,,242.99999237060547,98.4000015258789,
2022-05-06,722.7999877929688,453.20001220703125,706.5000152587891,943.2000122070312,163.3000030517578,170.10000610351562,182.3000030517578,122.0,172.10000610351562,310.6000061035156,168.3000030517578,1275.9500198364258,273.50000381469727,217.60000610351562,93.80000114440918,207.39999389648438,59.10000228881836,,,,,,228.99999618530273,89.70000267028809,
2022-05-10,688.0,416.0,693.0000305175781,876.0,155.3000030517578,158.89999389648438,164.1999969482422,109.5999984741211,162.3000030517578,308.3999938964844,162.6999969482422,1144.6500396728516,220.49999237060547,204.0,85.39999961853027,197.8000030517578,55.08000183105469,,,,,,211.00000381469727,83.69999885559082,
2022-05-11,685.2000122070312,416.3999938964844,712.5,884.7999877929688,160.60000610351562,174.39999389648438,173.10000610351562,112.0,164.0,317.0,165.1999969482422,1111.5,248.99999618530273,209.8000030517578,81.5999984741211,206.1999969482422,54.84000205993652,,,,,,225.0,82.89999961853027,
2022-05-12,640.0,384.0,685.0,836.0,147.6999969482422,161.89999389648438,157.1999969482422,100.9000015258789,158.5,292.79998779296875,157.5,966.5499801635742,199.20000076293945,200.0,76.99999809265137,202.8000030517578,52.32000160217285,,,,,,216.00000381469727,78.4000015258789,
2022-05-13,657.5999755859375,399.20001220703125,716.5000152587891,888.0,153.1999969482422,173.10000610351562,170.1999969482422,106.5999984741211,159.0,293.6000061035156,163.8000030517578,1040.0,219.50000762939453,201.39999389648438,81.19999885559082,199.60000610351562,53.15999794006348,,,,,,212.5,81.99999809265137,
2022-05-16,676.7999877929688,400.0,710.5000305175781,906.4000244140625,156.5,170.39999389648438,177.1999969482422,109.80000305175781,165.39999389648438,302.20001220703125,164.0,1041.9500198364258,260.0,212.0,83.59999656677246,198.6999969482422,53.21999931335449,,,,,,228.50000381469727,83.00000190734863,
2022-05-17,724.4000244140625,429.6000061035156,755.9999847412109,954.4000244140625,167.39999389648438,186.60000610351562,189.10000610351562,121.5,171.8000030517578,320.20001220703125,171.8000030517578,1081.5999603271484,263.50000381469727,224.1999969482422,88.19999694824219,201.39999389648438,63.0,,,,,,233.99999618530273,86.5999984741211,
2022-05-18,720.0,424.79998779296875,762.5,970.4000244140625,166.1999969482422,187.89999389648438,189.10000610351562,130.39999389648438,170.5,323.79998779296875,167.8000030517578,1102.4000396728516,283.99999618530273,226.1999969482422,90.10000228881836,203.60000610351562,62.69999885559082,,,,,,235.49999237060547,86.09999656677246,
2022-05-19,666.7999877929688,399.6000061035156,741.9999694824219,940.0,164.39999389648438,186.8000030517578,181.6999969482422,123.5999984741211,166.3000030517578,317.79998779296875,165.1999969482422,1056.9000396728516,275.0,238.1999969482422,86.89999580383301,200.1999969482422,62.10000228881836,,,,,,225.0,78.49999904632568,
2022-05-20,704.4000244140625,423.20001220703125,780.0,988.7999877929688,175.5,194.1999969482422,194.39999389648438,135.39999389648438,170.6999969482422,333.79998779296875,169.5,1108.9000396728516,291.49999618530273,239.0,98.50000381469727,203.1999969482422,69.75,,,,,,232.5,85.10000228881836,
2022-05-23,680.7999877929688,425.6000061035156,769.4999694824219,984.0,168.3000030517578,184.39999389648438,181.6999969482422,132.39999389648438,168.0,323.3999938964844,171.5,1095.9000396728516,290.49999237060547,228.0,96.70000076293945,198.0,65.69999885559082,,,,,,226.49999618530273,81.80000305175781,
2022-05-24,668.7999877929688,403.20001220703125,755.0,938.4000244140625,158.89999389648438,179.60000610351562,165.10000610351562,121.69999694824219,156.8000030517578,321.6000061035156,165.8000030517578,1021.7999801635742,280.0,216.1999969482422,89.49999809265137,196.6999969482422,61.5,,,,,,217.00000762939453,77.69999980926514,
2022-05-25,658.7999877929688,397.20001220703125,778.0000305175781,924.0,152.0,178.5,163.8000030517578,118.5,154.3000030517578,323.3999938964844,164.60000610351562,1007.5,267.5,222.39999389648438,88.00000190734863,195.39999389648438,58.739999771118164,,,,,,216.00000381469727,74.29999828338623,
2022-05-26,648.7999877929688,394.79998779296875,779.4999694824219,925.5999755859375,148.60000610351562,176.89999389648438,162.39999389648438,115.9000015258789,155.39999389648438,322.0,162.0,1011.4000396728516,252.00000762939453,241.39999389648438,86.19999885559082,192.10000610351562,57.12000274658203,,,,,,220.49999237060547,75.79999923706055,
2022-05-27,728.0,416.79998779296875,814.0000152587891,1057.5999755859375,158.5,189.10000610351562,169.1999969482422,125.69999694824219,166.39999389648438,337.3999938964844,172.0,1017.9000396728516,240.49999237060547,257.79998779296875,89.0999984741211,194.39999389648438,75.0,,,,,,238.99999618530273,76.70000076293945,
2022-05-31,770.0,452.0,850.9999847412109,1180.0,179.8000030517578,199.60000610351562,184.8000030517578,136.0,176.3000030517578,360.20001220703125,186.89999389648438,1117.3499603271484,248.99999618530273,274.3999938964844,106.00000381469727,198.60000610351562,76.19999885559082,,,,,,262.99999237060547,83.90000343322754,
2022-06-01,756.7999877929688,448.3999938964844,816.5000152587891,1121.5999755859375,182.0,202.0,185.89999389648438,139.1999969482422,174.39999389648438,373.20001220703125,175.0,1098.5,230.0,283.20001220703125,106.00000381469727,204.1999969482422,70.64999771118164,,,,,,261.00000381469727,84.49999809265137,
2022-06-02,738.4000244140625,442.79998779296875,801.5000152587891,1112.800048828125,182.0,201.60000610351562,183.0,141.1999969482422,171.3000030517578,359.6000061035156,173.1999969482422,1116.7000198364258,229.50000762939453,286.0,101.00000381469727,205.60000610351562,70.05000114440918,,,,,,257.99999237060547,82.5,
2022-06-06,775.5999755859375,463.6000061035156,825.5000305175781,1170.4000244140625,198.39999389648438,226.60000610351562,198.1999969482422,149.5,181.1999969482422,362.20001220703125,178.8000030517578,1147.25,236.00000381469727,280.0,105.79999923706055,208.60000610351562,77.55000114440918,,,,,,266.49999618530273,84.0999984741211,
2022-06-07,790.4000244140625,477.6000061035156,804.0000152587891,1147.199951171875,197.8000030517578,227.0,197.3000030517578,153.8000030517578,178.60000610351562,369.0,182.8000030517578,1126.4500198364258,214.50000762939453,276.20001220703125,112.20000267028809,217.60000610351562,81.0,,,,,,270.0,84.30000305175781,
2022-06-08,870.4000244140625,508.3999938964844,849.4999694824219,1216.800048828125,236.60000610351562,236.1999969482422,209.39999389648438,161.60000610351562,189.0,368.20001220703125,190.0,1281.7999801635742,225.0,290.3999938964844,118.4000015258789,218.39999389648438,82.80000114440918,,,,,,272.99999237060547,86.89999580383301,
2022-06-09,890.4000244140625,498.0,836.9999694824219,1198.4000244140625,233.1999969482422,234.39999389648438,210.8000030517578,159.6999969482422,191.0,363.79998779296875,191.39999389648438,1276.5999603271484,227.00000762939453,292.0,130.20000457763672,216.0,88.05000114440918,,,,,,270.0,90.9000015258789,
2022-06-10,902.4000244140625,501.6000061035156,862.5,1199.199951171875,219.8000030517578,245.39999389648438,216.0,154.6999969482422,181.1999969482422,349.3999938964844,188.10000610351562,1244.0999603271484,217.5,294.6000061035156,128.00000190734863,213.8000030517578,83.39999771118164,,,,,,263.99999618530273,88.90000343322754,
2022-06-13,830.4000244140625,478.3999938964844,813.0000305175781,1112.800048828125,196.89999389648438,238.0,201.0,139.89999389648438,172.0,326.0,174.0,1134.9000396728516,199.79999542236328,267.6000061035156,144.79999542236328,203.60000610351562,78.0,,,,,,241.00000381469727,83.29999923706055,
2022-06-14,809.5999755859375,482.3999938964844,815.5000305175781,1089.5999755859375,193.89999389648438,246.60000610351562,199.0,132.60000610351562,171.5,322.20001220703125,170.6999969482422,1073.1500396728516,198.79999160766602,264.6000061035156,146.00000381469727,200.39999389648438,76.64999771118164,,,,,,243.99999618530273,78.49999904632568,
2022-06-15,844.7999877929688,500.79998779296875,813.0000305175781,1138.4000244140625,210.1999969482422,258.79998779296875,212.1999969482422,149.10000610351562,178.89999389648438,322.0,170.3000030517578,1069.25,193.79999160766602,272.6000061035156,178.79999160766602,197.1999969482422,78.30000114440918,,,,,,246.49999618530273,80.39999961853027,
2022-06-16,819.2000122070312,492.3999938964844,770.0,1105.5999755859375,202.60000610351562,247.1999969482422,204.1999969482422,155.3000030517578,168.0,320.3999938964844,166.6999969482422,1054.2999801635742,183.1999969482422,270.79998779296875,175.20000457763672,189.6999969482422,76.64999771118164,,,,,,249.50000762939453,81.49999618530273,
2022-06-17,836.0,522.4000244140625,755.5000305175781,1111.199951171875,205.8000030517578,266.20001220703125,215.39999389648438,159.39999389648438,170.0,326.0,171.0,1084.8499603271484,186.20000839233398,257.6000061035156,164.59999084472656,188.3000030517578,77.55000114440918,,,,,,247.00000762939453,91.00000381469727,
2022-06-21,846.4000244140625,513.5999755859375,713.4999847412109,1144.800048828125,215.8000030517578,274.6000061035156,236.0,175.10000610351562,179.6999969482422,327.3999938964844,172.60000610351562,1195.3499603271484,222.5,270.0,165.0,192.8000030517578,79.80000114440918,,,,,,267.5,96.00000381469727,
2022-06-22,812.0,481.6000061035156,695.9999847412109,1124.0,208.39999389648438,281.79998779296875,231.39999389648438,175.5,179.6999969482422,324.6000061035156,173.39999389648438,1169.3499603271484,221.49999618530273,263.79998779296875,160.0,185.5,79.5,,,,,,255.49999237060547,93.99999618530273,
2022-06-23,864.0,487.20001220703125,711.9999694824219,1137.5999755859375,210.8000030517578,308.3999938964844,254.0,184.1999969482422,181.3000030517578,331.0,179.1999969482422,1211.5999603271484,237.5,272.79998779296875,164.79999542236328,191.1999969482422,82.05000114440918,,,,,,261.49999618530273,95.39999961853027,
2022-06-24,911.2000122070312,499.6000061035156,736.5000152587891,1182.4000244140625,224.1999969482422,326.6000061035156,272.6000061035156,188.5,185.5,349.3999938964844,184.10000610351562,1344.2000198364258,257.99999237060547,272.20001220703125,159.79999542236328,196.1999969482422,88.19999885559082,,,,,,267.5,104.25000190734863,
2022-06-27,944.7999877929688,530.7999877929688,765.0,1220.0,227.0,316.79998779296875,276.0,193.5,197.6999969482422,364.6000061035156,187.0,1391.0,276.00000381469727,278.0,158.80000114440918,212.1999969482422,89.55000114440918,,,,,,290.0,104.49999809265137,
2022-06-28,944.7999877929688,518.7999877929688,756.9999694824219,1237.5999755859375,223.0,316.6000061035156,270.20001220703125,186.6999969482422,230.39999389648438,385.20001220703125,181.39999389648438,1355.9000396728516,272.5,280.6000061035156,152.39999771118164,210.39999389648438,87.0,,,,,,329.00001525878906,106.00000381469727,
2022-06-29,916.0,502.79998779296875,725.9999847412109,1200.0,208.39999389648438,288.6000061035156,250.1999969482422,165.5,220.0,381.0,191.8000030517578,1302.5999603271484,266.00000381469727,311.3999938964844,147.2000026702881,202.8000030517578,84.60000228881836,,,,,,306.49999618530273,102.5,
2022-06-30,895.2000122070312,505.6000061035156,720.5000305175781,1188.0,201.0,305.79998779296875,252.8000030517578,172.0,221.60000610351562,382.79998779296875,190.39999389648438,1280.5,267.5,311.6000061035156,158.1999969482422,203.1999969482422,86.85000228881836,,,,,,303.99999618530273,96.70000076293945,
2022-07-05,921.5999755859375,520.4000244140625,725.5000305175781,1216.0,213.60000610351562,302.0,243.1999969482422,170.1999969482422,219.60000610351562,392.20001220703125,185.5,1396.2000198364258,306.00000381469727,312.20001220703125,160.59999465942383,210.0,87.60000228881836,,19.299999237060547,,,,307.00000762939453,109.25000190734863,
2022-07-06,936.0,500.0,711.5000152587891,1199.199951171875,212.0,310.6000061035156,250.0,172.89999389648438,205.0,364.20001220703125,183.39999389648438,1527.5,311.49999618530273,304.79998779296875,180.20000457763672,209.60000610351562,87.0,,19.299999237060547,,,,292.99999237060547,115.74999809265137,
2022-07-07,933.5999755859375,494.3999938964844,695.9999847412109,1176.0,206.0,306.3999938964844,249.0,166.8000030517578,205.60000610351562,375.3999938964844,179.10000610351562,1439.0999603271484,287.99999237060547,289.79998779296875,178.1999969482422,211.0,80.85000228881836,,19.299999237060547,,,,296.49999618530273,111.99999809265137,
2022-07-08,968.0,491.6000061035156,700.9999847412109,1200.0,212.39999389648438,302.6000061035156,250.0,176.10000610351562,210.0,387.0,181.1999969482422,1459.9000396728516,292.00000762939453,302.20001220703125,181.20000839233398,210.1999969482422,83.85000228881836,,19.299999237060547,,,,302.99999237060547,115.74999809265137,
2022-07-11,912.0,470.0,689.0000152587891,1158.4000244140625,196.0,290.3999938964844,236.0,168.6999969482422,196.1999969482422,367.79998779296875,174.0,1430.0,298.99999618530273,293.6000061035156,175.40000915527344,205.8000030517578,78.60000228881836,,19.299999237060547,,,,292.00000762939453,116.49999618530273,
2022-07-12,862.4000244140625,461.6000061035156,681.9999694824219,1138.4000244140625,187.39999389648438,288.0,226.8000030517578,158.39999389648438,188.0,358.20001220703125,162.1999969482422,1349.4000396728516,296.49999618530273,276.3999938964844,167.99999237060547,203.60000610351562,74.25,,18.899999618530273,,,,286.49999618530273,111.49999618530273,
2022-07-13,859.2000122070312,475.20001220703125,694.4999694824219,1133.5999755859375,194.0,293.79998779296875,232.8000030517578,161.5,194.5,363.0,160.89999389648438,1376.7000198364258,292.5,280.0,172.39999771118164,204.0,76.64999771118164,,18.760000228881836,53.52000045776367,,,297.5,106.49999618530273,
2022-07-14,869.5999755859375,488.0,703.0000305175781,1154.4000244140625,189.60000610351562,301.6000061035156,236.1999969482422,165.5,203.8000030517578,371.79998779296875,162.1999969482422,1363.7000198364258,307.5,280.6000061035156,177.99999237060547,207.0,77.10000228881836,,19.18000030517578,52.08000183105469,,,306.49999618530273,107.25000381469727,
2022-07-15,817.5999755859375,473.20001220703125,673.0000305175781,1098.4000244140625,176.6999969482422,302.0,231.39999389648438,163.89999389648438,195.89999389648438,359.20001220703125,153.5,1378.0,291.00000381469727,268.3999938964844,170.0,204.8000030517578,73.05000114440918,,19.059999465942383,52.31999969482422,,,302.00000762939453,101.00000381469727,
2022-07-18,831.2000122070312,488.0,686.5000152587891,1131.199951171875,187.39999389648438,305.3999938964844,227.8000030517578,163.89999389648438,204.0,371.0,156.5,1391.0,312.00000762939453,275.79998779296875,175.0,208.1999969482422,75.0,,18.700000762939453,55.279998779296875,,,310.0,106.00000381469727,
2022-07-19,807.2000122070312,482.0,693.0000305175781,1097.5999755859375,189.39999389648438,305.20001220703125,215.0,160.5,201.60000610351562,368.0,157.39999389648438,1349.4000396728516,322.5,279.79998779296875,173.1999969482422,207.0,75.89999771118164,,16.979999542236328,57.599998474121094,,,307.99999237060547,98.90000343322754,
2022-07-20,825.5999755859375,491.20001220703125,719.0000152587891,1124.800048828125,201.60000610351562,283.3999938964844,208.1999969482422,157.0,209.60000610351562,376.0,161.10000610351562,1391.0,345.49999237060547,281.0,179.79999542236328,207.60000610351562,77.55000114440918,,18.520000457763672,57.279998779296875,,,320.49999237060547,99.39999580383301,
2022-07-21,816.0,494.79998779296875,764.0000152587891,1112.800048828125,203.0,278.3999938964844,205.1999969482422,155.10000610351562,208.39999389648438,369.6000061035156,157.60000610351562,1424.7999801635742,337.99999237060547,279.20001220703125,177.80000686645508,207.39999389648438,76.05000114440918,,18.0,55.52000045776367,,,317.99999237060547,100.50000190734863,
2022-07-22,816.7999877929688,494.0,755.5000305175781,1120.800048828125,206.60000610351562,283.20001220703125,206.39999389648438,160.39999389648438,209.1999969482422,373.79998779296875,160.39999389648438,1423.5,352.00000762939453,292.79998779296875,180.0,206.1999969482422,79.64999771118164,,18.600000381469727,56.0,,,322.99999237060547,103.50000381469727,
2022-07-25,796.7999877929688,494.0,751.5000152587891,1104.0,202.60000610351562,266.3999938964844,193.39999389648438,150.10000610351562,209.8000030517578,362.0,155.60000610351562,1448.2000198364258,340.49999237060547,277.6000061035156,181.5999984741211,201.8000030517578,77.25,,17.600000381469727,55.20000076293945,,,320.0,99.0999984741211,
2022-07-26,835.2000122070312,502.79998779296875,759.0000152587891,1121.5999755859375,205.8000030517578,274.20001220703125,197.5,155.0,213.0,358.6000061035156,157.3000030517578,1401.4000396728516,341.50001525878906,282.20001220703125,196.20000839233398,205.1999969482422,79.94999885559082,,16.959999084472656,55.91999816894531,,,324.00001525878906,100.50000190734863,
2022-07-27,808.0,497.6000061035156,755.5000305175781,1090.4000244140625,199.0,263.0,193.60000610351562,150.1999969482422,209.0,358.79998779296875,154.60000610351562,1397.5,342.5,291.6000061035156,186.5999984741211,203.60000610351562,76.64999771118164,,15.819999694824219,49.84000015258789,,,317.99999237060547,98.19999694824219,
2022-07-28,793.2000122070312,490.0,755.0,1108.800048828125,202.0,260.20001220703125,191.89999389648438,151.5,207.8000030517578,361.6000061035156,160.0,1371.5,340.0,287.0,205.0,207.1999969482422,78.44999885559082,,15.779999732971191,48.47999954223633,,,320.0,101.00000381469727,
2022-07-29,744.7999877929688,467.6000061035156,723.4999847412109,1060.0,188.8000030517578,252.1999969482422,184.0,149.6999969482422,198.10000610351562,366.79998779296875,153.0,1311.7000198364258,320.49999237060547,264.0,217.00000762939453,201.39999389648438,72.14999771118164,,14.319999694824219,51.52000045776367,,,312.00000762939453,99.20000076293945,
2022-08-01,716.7999877929688,470.0,719.4999694824219,1075.199951171875,191.0,268.20001220703125,196.39999389648438,162.10000610351562,203.1999969482422,377.6000061035156,150.0,1327.2999801635742,313.99999618530273,279.6000061035156,217.00000762939453,203.1999969482422,69.14999771118164,,14.180000305175781,51.439998626708984,,,306.49999618530273,101.00000381469727,
2022-08-02,696.4000244140625,456.3999938964844,695.0,1030.4000244140625,178.5,266.20001220703125,184.89999389648438,156.8000030517578,194.39999389648438,365.6000061035156,143.0,1268.1500396728516,302.99999237060547,263.0,204.50000762939453,196.39999389648438,66.0,,13.0600004196167,46.880001068115234,,,291.00000381469727,92.20000267028809,
2022-08-03,722.7999877929688,466.3999938964844,711.9999694824219,1042.4000244140625,182.10000610351562,264.6000061035156,182.5,157.6999969482422,198.39999389648438,368.3999938964844,144.0,1307.7999801635742,305.0,279.3999938964844,215.0,199.10000610351562,67.94999885559082,,13.5,47.91999816894531,,,302.5,91.70000076293945,
2022-08-04,760.0,492.0,696.5000152587891,1086.4000244140625,193.0,268.6000061035156,179.89999389648438,161.0,209.0,375.3999938964844,150.89999389648438,1352.0,307.5,311.6000061035156,211.49999618530273,207.0,69.89999771118164,,14.739999771118164,51.040000915527344,,,309.50000762939453,98.69999885559082,
2022-08-05,743.2000122070312,490.79998779296875,689.4999694824219,1102.4000244140625,195.0,265.79998779296875,186.1999969482422,164.39999389648438,212.8000030517578,383.79998779296875,147.89999389648438,1509.2999801635742,325.99998474121094,300.79998779296875,217.5,210.0,71.25,,14.260000228881836,55.20000076293945,,,321.50001525878906,107.25000381469727,
2022-08-08,710.4000244140625,474.79998779296875,700.9999847412109,1082.4000244140625,192.8000030517578,264.0,181.60000610351562,157.5,210.1999969482422,374.3999938964844,146.39999389648438,1584.7000198364258,352.99999237060547,299.6000061035156,210.0,208.1999969482422,70.80000114440918,,14.260000228881836,51.439998626708984,,,308.99999618530273,111.75000190734863,
2022-08-09,716.7999877929688,457.20001220703125,694.0000152587891,1076.0,192.60000610351562,253.60000610351562,182.8000030517578,158.0,200.8000030517578,378.79998779296875,146.0,1586.0,375.99998474121094,287.3999938964844,196.00000381469727,206.1999969482422,70.35000228881836,,13.800000190734863,52.08000183105469,,,305.0,111.00000381469727,
2022-08-10,703.5999755859375,436.79998779296875,684.0000152587891,1040.800048828125,186.5,241.1999969482422,172.89999389648438,146.5,195.60000610351562,372.6000061035156,145.60000610351562,1508.0,352.00000762939453,278.0,193.4000015258789,201.8000030517578,66.0,,13.5,48.0,,,296.00000381469727,111.00000381469727,
2022-08-11,734.0,442.3999938964844,711.9999694824219,1094.4000244140625,193.8000030517578,248.60000610351562,181.6999969482422,157.89999389648438,201.39999389648438,381.79998779296875,150.3000030517578,1544.4000396728516,362.99999237060547,277.79998779296875,202.99999237060547,205.8000030517578,67.94999885559082,,13.5600004196167,48.08000183105469,,,310.49999237060547,112.5,
2022-08-12,743.2000122070312,445.20001220703125,713.4999847412109,1091.199951171875,198.5,252.8000030517578,189.8000030517578,164.60000610351562,204.60000610351562,382.3999938964844,151.89999389648438,1556.0999603271484,355.49999237060547,279.20001220703125,197.99999237060547,205.0,70.35000228881836,,13.5,47.439998626708984,,,319.50000762939453,108.75,
2022-08-15,734.0,444.3999938964844,708.0000305175781,1080.0,196.60000610351562,249.39999389648438,184.1999969482422,163.1999969482422,207.0,379.20001220703125,150.10000610351562,1488.5,342.99999237060547,271.3999938964844,203.99999618530273,205.39999389648438,70.05000114440918,,13.260000228881836,46.0,,,317.00000762939453,107.74999618530273,
2022-08-16,719.5999755859375,442.3999938964844,713.4999847412109,1072.800048828125,191.60000610351562,245.8000030517578,178.1999969482422,164.8000030517578,206.0,378.6000061035156,150.10000610351562,1521.0,352.99999237060547,271.3999938964844,197.99999237060547,209.0,66.89999771118164,,13.0600004196167,46.31999969482422,,,312.5,108.00000190734863,
2022-08-17,722.7999877929688,446.3999938964844,721.5000152587891,1062.4000244140625,190.3000030517578,244.8000030517578,179.5,163.6999969482422,210.0,381.0,150.10000610351562,1474.2000198364258,355.99998474121094,279.0,198.79999160766602,212.8000030517578,68.69999885559082,,12.859999656677246,47.68000030517578,,,317.99999237060547,105.50000190734863,
2022-08-18,706.0,435.20001220703125,710.0,1026.4000244140625,182.39999389648438,239.0,173.0,156.1999969482422,201.39999389648438,372.3999938964844,144.10000610351562,1437.7999801635742,342.5,278.79998779296875,191.20000839233398,216.8000030517578,66.30000114440918,,12.239999771118164,45.7599983215332,,,312.5,106.00000381469727,
2022-08-19,716.0,434.3999938964844,665.0,1021.5999755859375,180.6999969482422,241.0,171.89999389648438,155.39999389648438,206.39999389648438,370.3999938964844,142.39999389648438,1380.5999603271484,336.50001525878906,272.3999938964844,193.1999969482422,210.8000030517578,67.19999885559082,,12.479999542236328,46.15999984741211,,,313.99999618530273,105.50000190734863,
2022-08-22,708.0,437.6000061035156,678.0000305175781,1031.199951171875,178.8000030517578,237.60000610351562,169.60000610351562,148.89999389648438,205.1999969482422,382.20001220703125,141.6999969482422,1388.4000396728516,340.49999237060547,272.3999938964844,193.79999160766602,212.1999969482422,65.55000114440918,,11.5,45.599998474121094,,,305.0,101.49999618530273,
2022-08-23,707.2000122070312,442.79998779296875,680.9999847412109,1046.4000244140625,183.39999389648438,239.39999389648438,165.89999389648438,148.5,210.60000610351562,387.0,143.1999969482422,1344.2000198364258,335.0,272.3999938964844,202.00000762939453,215.60000610351562,64.80000114440918,,11.199999809265137,45.84000015258789,,,304.50000762939453,96.00000381469727,
2022-08-24,690.0,443.6000061035156,675.9999847412109,1039.199951171875,180.3000030517578,226.60000610351562,145.6999969482422,141.0,210.60000610351562,386.0,140.60000610351562,1335.0999603271484,328.49998474121094,267.20001220703125,202.5,213.60000610351562,58.67999839782715,,10.899999618530273,45.20000076293945,,,297.99999237060547,95.0,
2022-08-25,750.4000244140625,492.3999938964844,711.5000152587891,1134.4000244140625,198.8000030517578,232.1999969482422,151.8000030517578,151.0,223.0,385.20001220703125,153.0,1401.4000396728516,352.99999237060547,281.3999938964844,212.00000762939453,198.0,62.85000228881836,,10.920000076293945,46.400001525878906,,,312.5,98.69999885559082,
2022-08-26,766.4000244140625,496.79998779296875,711.9999694824219,1163.199951171875,201.39999389648438,236.8000030517578,147.6999969482422,153.10000610351562,223.60000610351562,401.3999938964844,155.1999969482422,1418.2999801635742,358.49998474121094,288.0,219.50000762939453,200.1999969482422,64.5,,11.079999923706055,53.52000045776367,,,315.0,101.00000381469727,
2022-08-29,761.2000122070312,490.0,699.4999694824219,1166.4000244140625,193.0,234.0,146.10000610351562,153.60000610351562,225.0,394.6000061035156,160.8000030517578,1388.4000396728516,360.99998474121094,284.6000061035156,220.0,199.6999969482422,66.30000114440918,,11.039999961853027,51.040000915527344,,,318.50000381469727,96.70000076293945,
2022-08-30,761.5999755859375,494.0,696.9999694824219,1170.4000244140625,188.5,231.0,144.5,155.39999389648438,213.0,401.0,158.89999389648438,1306.5,344.50000762939453,273.20001220703125,234.50000762939453,207.60000610351562,65.25,,10.819999694824219,51.599998474121094,,,300.0,95.10000228881836,
2022-08-31,754.4000244140625,493.6000061035156,709.0000152587891,1132.0,190.10000610351562,230.39999389648438,147.39999389648438,158.8000030517578,206.1999969482422,388.0,170.0,1340.2999801635742,354.50000762939453,275.79998779296875,235.0,207.39999389648438,65.55000114440918,,10.460000038146973,49.68000030517578,,,285.49999237060547,97.5,
2022-09-01,737.5999755859375,490.0,701.5000152587891,1128.0,194.0,222.1999969482422,140.89999389648438,150.39999389648438,198.0,387.79998779296875,158.39999389648438,1320.7999801635742,371.50001525878906,261.20001220703125,218.50000381469727,210.1999969482422,64.80000114440918,,10.039999961853027,48.400001525878906,,,285.49999237060547,98.10000419616699,
2022-09-02,725.2000122070312,488.0,703.4999847412109,1114.4000244140625,192.39999389648438,217.8000030517578,133.60000610351562,145.5,198.3000030517578,371.6000061035156,152.60000610351562,1316.9000396728516,368.49998474121094,253.60000610351562,220.0,209.0,64.94999885559082,,9.880000114440918,48.0,,,278.50000381469727,98.4000015258789,
2022-09-06,704.4000244140625,473.20001220703125,694.0000152587891,1100.0,184.0,210.39999389648438,129.6999969482422,139.5,200.60000610351562,386.0,145.6999969482422,1282.4500198364258,363.49998474121094,271.3999938964844,213.99999618530273,214.60000610351562,63.89999771118164,,9.739999771118164,45.84000015258789,,,272.99999237060547,96.49999618530273,
2022-09-07,699.2000122070312,467.6000061035156,683.4999847412109,1059.199951171875,176.3000030517578,209.8000030517578,125.0,137.39999389648438,198.0,381.3999938964844,141.1999969482422,1287.6500396728516,388.49998474121094,264.6000061035156,207.5,205.39999389648438,60.44999885559082,,9.800000190734863,43.91999816894531,,,263.99999618530273,95.10000228881836,
2022-09-08,697.5999755859375,470.3999938964844,660.5000305175781,1058.4000244140625,181.8000030517578,203.60000610351562,121.69999694824219,136.1999969482422,194.1999969482422,386.6000061035156,142.0,1266.2000198364258,359.00001525878906,266.6000061035156,200.49999237060547,206.39999389648438,61.05000114440918,,8.859999656677246,43.040000915527344,,,262.99999237060547,97.60000228881836,
2022-09-09,718.4000244140625,486.79998779296875,692.5,1099.199951171875,152.10000610351562,207.1999969482422,125.80000305175781,144.0,201.39999389648438,395.20001220703125,146.89999389648438,1348.0999603271484,364.00001525878906,269.3999938964844,210.49999237060547,212.39999389648438,59.639997482299805,,9.390000343322754,44.2400016784668,,,272.00000762939453,101.99999809265137,
2022-09-13,729.5999755859375,466.79998779296875,695.9999847412109,1088.800048828125,152.3000030517578,207.0,128.60000610351562,168.1999969482422,205.60000610351562,401.6000061035156,146.1999969482422,1309.0999603271484,417.5,279.0,210.0,215.1999969482422,61.05000114440918,,9.520000457763672,44.0,,,283.99999618530273,102.5,
2022-09-14,696.7999877929688,447.20001220703125,681.5000152587891,1027.199951171875,144.39999389648438,212.1999969482422,126.19999694824219,172.8000030517578,201.1999969482422,404.79998779296875,141.5,1249.9500198364258,400.0,270.0,208.50000381469727,216.39999389648438,58.97999954223633,,9.300000190734863,42.400001525878906,,,279.50000762939453,98.29999923706055,
2022-09-15,704.7999877929688,453.6000061035156,672.5,1020.0,145.10000610351562,207.39999389648438,124.5999984741211,169.8000030517578,205.60000610351562,417.0,139.5,1214.2000198364258,394.00001525878906,263.6000061035156,196.39999389648438,215.8000030517578,57.89999771118164,,9.119999885559082,43.91999816894531,,,282.5,97.20000267028809,
2022-09-16,694.4000244140625,446.0,660.9999847412109,980.0,138.6999969482422,198.1999969482422,119.0999984741211,166.0,203.8000030517578,392.79998779296875,139.0,1247.3499603271484,374.50000762939453,259.6000061035156,204.50000762939453,218.39999389648438,56.21999931335449,,9.100000381469727,42.560001373291016,,,283.50000381469727,93.50000381469727,
2022-09-19,669.5999755859375,434.79998779296875,637.0000076293945,968.7999877929688,131.0,188.1999969482422,114.0999984741211,155.39999389648438,196.60000610351562,386.79998779296875,140.0,1184.2999801635742,371.50001525878906,255.39999389648438,187.60000228881836,208.0,53.15999794006348,,8.600000381469727,40.720001220703125,,,280.0,91.49999618530273,
2022-09-20,689.5999755859375,450.0,661.5000152587891,996.0,133.60000610351562,199.1999969482422,124.19999694824219,162.5,207.0,393.0,142.0,1198.5999603271484,369.50000762939453,257.0,188.99999618530273,208.39999389648438,54.540000915527344,,8.779999732971191,41.119998931884766,,,286.49999618530273,85.0,
2022-09-21,664.4000244140625,436.79998779296875,637.5,968.0,129.0,195.0,121.9000015258789,158.0,206.0,389.79998779296875,145.1999969482422,1181.7000198364258,377.5,256.0,179.20000076293945,205.39999389648438,54.360002517700195,,8.5600004196167,39.84000015258789,,,282.5,81.00000381469727,
2022-09-22,646.7999877929688,424.3999938964844,624.0000152587891,948.0,130.0,187.1999969482422,107.80000305175781,146.10000610351562,196.6999969482422,386.3999938964844,144.3000030517578,1144.0,342.00000762939453,233.1999969482422,177.39999771118164,195.8000030517578,51.959999084472656,,8.289999961853027,38.400001525878906,,,267.00000762939453,75.0,
2022-09-23,627.2000122070312,410.0,612.5,931.2000122070312,126.0,190.39999389648438,103.0,140.5,206.8000030517578,376.3999938964844,143.8000030517578,1105.0,300.49999237060547,245.0,172.00000762939453,195.10000610351562,50.87999725341797,,7.989999771118164,36.79999923706055,,,259.50000762939453,69.00000095367432,
2022-09-26,629.5999755859375,420.0,615.9999847412109,937.5999755859375,128.0,198.39999389648438,112.0,139.8000030517578,217.8000030517578,367.0,136.3000030517578,1105.6500396728516,295.0,239.8000030517578,178.99999618530273,193.8000030517578,51.12000274658203,,7.730000019073486,35.720001220703125,,,268.99999618530273,68.09999942779541,
2022-09-27,623.2000122070312,426.0,617.0000076293945,948.0,129.10000610351562,207.0,112.0999984741211,141.0,224.8000030517578,374.0,136.8000030517578,1103.0499801635742,302.00000762939453,238.39999389648438,194.40000534057617,194.3000030517578,50.52000045776367,,7.800000190734863,36.279998779296875,,,291.49999618530273,71.50000095367432,
2022-09-28,597.5999755859375,402.0,600.4999923706055,913.5999755859375,121.80000305175781,190.6999969482422,101.19999694824219,130.60000610351562,214.0,368.6000061035156,125.0,1085.5,297.99999237060547,235.0,186.20000839233398,193.10000610351562,48.47999954223633,,7.809999942779541,35.08000183105469,,,277.00000762939453,67.60000228881836,
2022-09-29,614.7999877929688,404.0,587.9999923706055,923.2000122070312,122.4000015258789,188.89999389648438,95.80000305175781,130.89999389648438,212.39999389648438,378.3999938964844,135.60000610351562,1088.0999603271484,291.00000381469727,231.39999389648438,194.59999084472656,191.0,48.41999816894531,,7.809999942779541,35.439998626708984,,,272.99999237060547,69.00000095367432,
2022-09-30,623.5999755859375,397.20001220703125,592.5,912.7999877929688,119.5999984741211,181.1999969482422,92.0,121.4000015258789,210.8000030517578,375.6000061035156,135.39999389648438,1053.6500396728516,273.99999618530273,226.0,198.99999618530273,188.3000030517578,45.42000102996826,,7.599999904632568,39.400001525878906,,,273.50000381469727,66.10000133514404,
2022-10-03,621.2000122070312,386.79998779296875,588.4999847412109,915.2000122070312,120.4000015258789,180.5,91.80000305175781,124.0999984741211,217.0,377.0,131.8000030517578,1025.0499801635742,263.50000381469727,226.0,193.1999969482422,191.5,49.5,,7.599999904632568,41.68000030517578,,,267.99999237060547,67.89999961853027,
2022-10-05,673.5999755859375,426.0,636.5000152587891,984.7999877929688,130.0,191.3000030517578,90.80000305175781,134.0,230.39999389648438,394.79998779296875,138.39999389648438,1150.5,291.00000381469727,249.8000030517578,212.99999237060547,202.1999969482422,52.19999885559082,,7.610000133514404,46.400001525878906,,,295.49999237060547,71.50000095367432,
2022-10-06,665.2000122070312,413.6000061035156,633.4999847412109,976.7999877929688,129.6999969482422,189.1999969482422,86.0999984741211,125.0999984741211,240.8000030517578,395.0,137.0,1103.0499801635742,295.0,247.0,212.99999237060547,198.89999389648438,51.60000228881836,,7.699999809265137,47.20000076293945,,,291.49999618530273,69.89999771118164,
2022-10-07,650.7999877929688,398.79998779296875,617.9999923706055,956.0,125.80000305175781,161.3000030517578,80.9000015258789,112.0,229.60000610351562,386.20001220703125,131.10000610351562,1056.25,272.5,240.1999969482422,207.5,196.39999389648438,48.47999954223633,,7.699999809265137,45.599998474121094,,,282.00000762939453,68.09999942779541,
2022-10-10,629.5999755859375,384.0,599.5000076293945,928.7999877929688,114.9000015258789,155.60000610351562,75.4000015258789,109.0999984741211,213.8000030517578,377.20001220703125,122.5,1019.2000198364258,257.00000762939453,231.60000610351562,195.0,188.0,45.239999771118164,,7.199999809265137,43.36000061035156,,,260.0,65.50000190734863,
2022-10-11,608.0,364.79998779296875,579.5000076293945,875.2000122070312,104.19999694824219,152.0,74.0,103.5,202.0,371.0,115.30000305175781,1010.0999603271484,240.49999237060547,225.39999389648438,177.99999237060547,181.0,43.07999897003174,,7.110000133514404,42.79999923706055,,,244.50000762939453,65.70000171661377,
2022-10-12,594.7999877929688,370.6000061035156,572.0000076293945,856.0,101.4000015258789,162.39999389648438,77.0,103.0,190.8000030517578,347.0,109.80000305175781,998.4000396728516,227.00000762939453,219.1999969482422,183.79999160766602,178.60000610351562,41.339999198913574,,6.71999979019165,40.720001220703125,,,244.50000762939453,64.29999828338623,
2022-10-13,582.0,353.20001220703125,549.0000152587891,817.5999755859375,92.4000015258789,159.3000030517578,72.4000015258789,99.69999694824219,187.39999389648438,345.20001220703125,105.80000305175781,1142.7000198364258,223.99999618530273,220.60000610351562,177.39999771118164,177.10000610351562,40.859999656677246,,6.579999923706055,40.79999923706055,,,238.50000381469727,63.09999942779541,
2022-10-14,586.0,349.6000061035156,550.4999923706055,835.2000122070312,92.94999694824219,156.10000610351562,71.0999984741211,99.8499984741211,194.10000610351562,356.6000061035156,109.9000015258789,1232.4000396728516,227.5,229.0,183.1999969482422,181.39999389648438,41.939998626708984,,6.929999828338623,39.720001220703125,,,243.50000381469727,65.9000015258789,
2022-10-17,585.5999755859375,343.79998779296875,546.5000152587891,790.7999877929688,91.05000305175781,149.8000030517578,68.19999694824219,94.75,190.3000030517578,359.0,108.9000015258789,1268.7999801635742,227.5,234.60000610351562,181.20000839233398,177.1999969482422,40.80000114440918,,6.929999828338623,38.2400016784668,,,243.50000381469727,67.1999979019165,
2022-10-18,608.0,356.6000061035156,564.5000076293945,816.7999877929688,98.75,149.8000030517578,70.4000015258789,99.19999694824219,197.10000610351562,373.3999938964844,110.19999694824219,1383.2000198364258,238.99999618530273,229.39999389648438,187.39999771118164,186.60000610351562,42.359999656677246,,7.010000228881836,38.2400016784668,,,252.99999237060547,73.00000190734863,
2022-10-19,581.5999755859375,336.79998779296875,547.0000076293945,796.4000244140625,91.5999984741211,143.60000610351562,63.70000076293945,92.6500015258789,189.89999389648438,365.6000061035156,105.0999984741211,1323.4000396728516,230.49999237060547,228.0,187.99999237060547,180.10000610351562,42.060001373291016,,7.320000171661377,38.2400016784668,,,241.00000381469727,67.5,
2022-10-20,559.2000122070312,324.0,500.0,732.0,85.69999694824219,137.39999389648438,60.79999923706055,87.3499984741211,181.89999389648438,360.79998779296875,103.80000305175781,1244.75,202.5,211.8000030517578,179.59999084472656,175.0,38.52000045776367,,6.800000190734863,38.880001068115234,,,230.0,65.0,
2022-10-21,556.7999877929688,326.6000061035156,480.0,718.0,84.75,135.39999389648438,62.70000076293945,84.4000015258789,184.39999389648438,351.79998779296875,100.4000015258789,1283.0999603271484,216.00000381469727,218.8000030517578,184.20000076293945,171.5,37.38000011444092,,7.099999904632568,38.599998474121094,,,232.5,66.90000057220459,
2022-10-24,493.20001220703125,283.6000061035156,442.5,630.4000244140625,73.5999984741211,124.9000015258789,54.70000076293945,76.69999694824219,168.1999969482422,321.3999938964844,89.5,1199.25,190.0,199.0,157.7999973297119,154.39999389648438,32.939998626708984,,6.349999904632568,37.63999938964844,,,211.49999618530273,58.80000114440918,
2022-10-25,508.79998779296875,297.79998779296875,457.5,641.2000122070312,75.6500015258789,119.5999984741211,57.400001525878906,75.6500015258789,169.8000030517578,312.79998779296875,85.25,1233.7000198364258,182.00000762939453,202.8000030517578,158.59999656677246,140.6999969482422,34.560001373291016,,6.519999980926514,38.36000061035156,,,211.49999618530273,60.50000190734863,
2022-10-26,498.3999938964844,296.79998779296875,452.75001525878906,644.0,75.8499984741211,124.4000015258789,63.099998474121094,83.5999984741211,178.3000030517578,326.20001220703125,86.55000305175781,1298.0499801635742,185.20000457763672,207.8000030517578,172.00000762939453,140.5,35.160000801086426,,6.519999980926514,38.439998626708984,,,223.99999618530273,62.5,
2022-10-27,518.7999877929688,314.20001220703125,447.24998474121094,642.0,77.0,120.5,61.099998474121094,81.1500015258789,186.1999969482422,329.0,94.94999694824219,1289.5999603271484,195.0,221.60000610351562,206.49999618530273,145.8000030517578,35.160000801086426,,6.519999980926514,42.880001068115234,,,235.49999237060547,64.00000095367432,
2022-10-28,494.0,293.20001220703125,424.74998474121094,605.5999755859375,68.8499984741211,107.4000015258789,52.0,73.55000305175781,174.60000610351562,314.6000061035156,88.0,1236.9500198364258,171.5999984741211,197.39999389648438,194.59999084472656,134.5,32.52000045776367,,6.210000038146973,41.52000045776367,,,222.00000762939453,62.30000019073486,
2022-10-31,491.6000061035156,290.20001220703125,427.99999237060547,600.7999877929688,67.9000015258789,107.0999984741211,50.79999923706055,74.80000305175781,173.1999969482422,317.20001220703125,91.0,1287.0,180.79999923706055,209.1999969482422,192.19999313354492,131.89999389648438,30.959999084472656,,7.090000152587891,38.959999084472656,,,215.0,65.99999904632568,
2022-11-01,528.7999877929688,314.6000061035156,461.25,646.0,75.69999694824219,113.4000015258789,54.900001525878906,81.6500015258789,193.89999389648438,342.6000061035156,99.5999984741211,1384.5,190.0,209.0,202.00000762939453,141.8000030517578,33.060001373291016,,7.199999809265137,41.7599983215332,,,243.99999618530273,69.49999809265137,
2022-11-02,539.2000122070312,323.20001220703125,487.5,648.4000244140625,77.1500015258789,125.0999984741211,54.20000076293945,80.5999984741211,207.0,389.79998779296875,100.80000305175781,1383.2000198364258,210.0,232.0,208.50000381469727,147.5,33.30000114440918,,7.5,44.560001373291016,,,265.49999237060547,71.50000095367432,
2022-11-03,504.0,305.0,454.00001525878906,606.7999877929688,72.55000305175781,127.30000305175781,52.099998474121094,73.4000015258789,199.3000030517578,373.20001220703125,99.94999694824219,1440.4000396728516,211.49999618530273,231.8000030517578,203.99999618530273,138.8000030517578,31.19999885559082,,7.400000095367432,44.720001220703125,,,247.99999237060547,67.1999979019165,
2022-11-04,559.2000122070312,343.20001220703125,493.49998474121094,660.7999877929688,85.0,149.60000610351562,64.69999694824219,88.0999984741211,223.1999969482422,396.0,101.9000015258789,1472.9000396728516,233.99999618530273,248.39999389648438,226.49999618530273,146.0,35.09999942779541,,7.460000038146973,51.119998931884766,,,279.50000762939453,69.80000019073486,
2022-11-07,557.5999755859375,354.0,495.49999237060547,686.7999877929688,92.9000015258789,149.5,65.5999984741211,93.6500015258789,216.60000610351562,399.3999938964844,108.5,1482.0,252.00000762939453,249.8000030517578,231.00000381469727,153.0,33.540000915527344,,7.489999771118164,51.20000076293945,,,275.0,76.10000133514404,
2022-11-08,536.7999877929688,356.3999938964844,490.0,669.2000122070312,90.0999984741211,139.89999389648438,62.29999923706055,85.25,212.60000610351562,391.20001220703125,106.5,1489.7999801635742,246.49999618530273,241.1999969482422,235.0,150.8000030517578,33.0,,7.489999771118164,52.0,,,269.50000762939453,77.8000020980835,
2022-11-09,528.0,344.20001220703125,480.49999237060547,642.0,85.3499984741211,138.0,58.0,81.05000305175781,208.39999389648438,396.6000061035156,105.69999694824219,1456.0,229.50000762939453,235.8000030517578,220.0,149.60000610351562,31.19999885559082,,7.489999771118164,50.63999938964844,,,260.49999237060547,74.40000057220459,
2022-11-10,504.0,331.6000061035156,459.24999237060547,626.4000244140625,79.30000305175781,128.5,52.5,70.3499984741211,200.1999969482422,395.6000061035156,95.0,1436.5,227.5,223.39999389648438,206.00000381469727,147.1999969482422,27.989999771118164,,7.489999771118164,49.279998779296875,,,248.50000381469727,72.69999980926514,
2022-11-11,566.4000244140625,385.0,498.75,683.5999755859375,96.05000305175781,143.39999389648438,60.900001525878906,84.69999694824219,234.8000030517578,413.6000061035156,104.9000015258789,1550.9000396728516,243.99999618530273,231.39999389648438,221.49999618530273,159.10000610351562,30.780000686645508,,7.900000095367432,52.400001525878906,,,290.49999237060547,79.29999828338623,
2022-11-14,568.4000244140625,401.6000061035156,517.9999923706055,709.5999755859375,101.69999694824219,143.60000610351562,69.4000015258789,92.30000305175781,221.0,422.3999938964844,109.5,1628.9000396728516,302.5,235.39999389648438,196.00000381469727,170.39999389648438,31.260000228881836,,7.909999847412109,54.0,,,304.50000762939453,96.00000381469727,
2022-11-15,631.2000122070312,434.79998779296875,550.0,776.0,117.0999984741211,151.8000030517578,75.80000305175781,94.44999694824219,228.39999389648438,425.6000061035156,111.5999984741211,1661.4000396728516,297.99999237060547,247.8000030517578,211.49999618530273,177.39999389648438,33.78000068664551,,7.909999847412109,71.5199966430664,,,302.00000762939453,93.99999618530273,
2022-11-16,630.4000244140625,425.6000061035156,569.0000152587891,772.7999877929688,124.30000305175781,146.0,70.30000305175781,88.8499984741211,230.1999969482422,412.0,119.30000305175781,1652.2999801635742,293.99999618530273,246.60000610351562,210.49999237060547,174.39999389648438,34.6800012588501,,8.90999984741211,86.0,,,288.99999618530273,93.50000381469727,
2022-11-17,626.0,420.79998779296875,517.5,743.5999755859375,121.5999984741211,138.3000030517578,64.69999694824219,83.6500015258789,233.60000610351562,419.6000061035156,121.4000015258789,1628.9000396728516,280.49999237060547,228.60000610351562,208.99999618530273,171.89999389648438,32.69999885559082,,9.180000305175781,73.5999984741211,,,302.00000762939453,90.29999732971191,
2022-11-18,639.5999755859375,436.0,536.5000152587891,750.0,119.19999694824219,140.8000030517578,61.70000076293945,82.1500015258789,225.8000030517578,423.6000061035156,122.19999694824219,1569.0999603271484,271.00000381469727,225.60000610351562,212.99999237060547,172.0,34.859999656677246,,9.119999885559082,75.04000091552734,,,296.49999618530273,86.80000305175781,
2022-11-21,609.2000122070312,413.20001220703125,516.5000152587891,734.0,111.80000305175781,137.6999969482422,59.70000076293945,79.5999984741211,221.1999969482422,412.6000061035156,109.5999984741211,1571.7000198364258,263.50000381469727,218.39999389648438,221.49999618530273,165.3000030517578,32.339999198913574,,9.119999885559082,72.4000015258789,,,283.50000381469727,85.29999732971191,
2022-11-22,584.7999877929688,395.20001220703125,507.5,719.2000122070312,102.0,131.0,55.79999923706055,76.30000305175781,213.8000030517578,403.0,107.30000305175781,1454.7000198364258,256.49999618530273,215.1999969482422,208.99999618530273,169.10000610351562,31.680001258850098,,9.100000381469727,70.16000366210938,,,274.50000762939453,79.80000019073486,
2022-11-23,603.2000122070312,408.3999938964844,520.0,743.5999755859375,102.69999694824219,134.39999389648438,55.70000076293945,79.80000305175781,213.0,406.20001220703125,105.9000015258789,1392.2999801635742,257.5,221.0,205.0,175.39999389648438,31.859999656677246,,8.600000381469727,71.19999694824219,,,272.99999237060547,81.00000381469727,
2022-11-25,598.0,397.3999938964844,520.0,739.5999755859375,99.19999694824219,133.6999969482422,55.099998474121094,80.19999694824219,205.0,405.3999938964844,106.0,1371.5,244.50000762939453,223.60000610351562,200.0,177.5,31.5,,8.699999809265137,72.4000015258789,,,260.49999237060547,84.39999580383301,
2022-11-28,577.5999755859375,380.20001220703125,507.99999237060547,720.4000244140625,95.5999984741211,127.0,55.0,79.4000015258789,205.39999389648438,404.0,100.69999694824219,1391.0,243.99999618530273,208.60000610351562,195.0,179.0,30.839999198913574,,8.699999809265137,71.68000030517578,,,260.49999237060547,88.19999694824219,
2022-11-29,630.0,421.6000061035156,548.4999847412109,785.2000122070312,108.5999984741211,143.39999389648438,58.0,84.1500015258789,227.8000030517578,426.0,108.5,1462.5,259.50000762939453,222.8000030517578,207.5,191.6999969482422,33.060001373291016,,8.5,77.5199966430664,,103.5,297.00000762939453,98.10000419616699,
2022-11-30,639.2000122070312,437.6000061035156,546.5000152587891,812.7999877929688,126.80000305175781,156.10000610351562,67.30000305175781,87.0999984741211,235.60000610351562,431.3999938964844,125.0,1498.9000396728516,272.00000762939453,229.0,223.99999618530273,193.6999969482422,32.09999942779541,,8.489999771118164,86.19999694824219,,121.19999694824219,309.50000762939453,107.25000381469727,
2022-12-01,662.4000244140625,434.0,539.0000152587891,854.4000244140625,131.39999389648438,159.60000610351562,75.9000015258789,94.5999984741211,246.39999389648438,421.0,129.1999969482422,1492.4000396728516,287.99999237060547,231.60000610351562,215.0,195.89999389648438,33.060001373291016,,8.569999694824219,86.19999694824219,,117.69999694824219,305.0,106.00000381469727,
2022-12-02,678.4000244140625,434.3999938964844,537.0000076293945,848.7999877929688,133.5,162.1999969482422,78.0,93.6500015258789,248.60000610351562,431.0,116.5,1534.0,283.99999618530273,223.8000030517578,221.00000381469727,194.1999969482422,33.59999942779541,,8.569999694824219,82.4000015258789,,122.80000305175781,299.50000762939453,108.99999618530273,
2022-12-05,741.2000122070312,483.20001220703125,567.9999923706055,943.2000122070312,172.0,182.0,98.5999984741211,107.5999984741211,262.79998779296875,444.20001220703125,126.30000305175781,1615.9000396728516,298.99999618530273,245.0,236.49999618530273,203.0,39.0,,8.829999923706055,94.19999694824219,,137.0,329.50000762939453,114.25000190734863,
2022-12-06,718.7999877929688,471.6000061035156,537.5,924.0,160.0,178.60000610351562,93.0999984741211,103.5999984741211,261.3999938964844,439.20001220703125,131.1999969482422,1505.4000396728516,272.00000762939453,243.60000610351562,231.49999618530273,199.3000030517578,37.61999988555908,,10.140000343322754,86.0,,133.89999389648438,337.5,109.49999809265137,
2022-12-07,680.4000244140625,443.6000061035156,519.5000076293945,890.4000244140625,154.89999389648438,175.60000610351562,87.5999984741211,98.8499984741211,248.39999389648438,434.6000061035156,123.80000305175781,1411.7999801635742,255.0,228.8000030517578,222.5,197.39999389648438,35.160000801086426,,10.899999618530273,86.19999694824219,,132.8000030517578,325.49999237060547,103.00000190734863,
2022-12-08,715.2000122070312,468.0,560.9999847412109,932.7999877929688,189.0,186.1999969482422,90.4000015258789,102.30000305175781,261.6000061035156,449.20001220703125,129.8000030517578,1563.9000396728516,274.50000762939453,235.8000030517578,243.50000381469727,204.0,37.140000343322754,,11.539999961853027,87.5999984741211,,133.8000030517578,336.50001525878906,108.00000190734863,
2022-12-09,734.7999877929688,473.6000061035156,562.5,984.0,196.5,188.0,93.69999694824219,106.0,266.3999938964844,456.6000061035156,144.0,1614.5999603271484,300.49999237060547,255.1999969482422,255.0,205.8000030517578,41.69999885559082,,14.359999656677246,95.19999694824219,,135.0,349.50000762939453,111.49999618530273,
2022-12-12,706.7999877929688,460.0,550.0,915.2000122070312,196.0,165.39999389648438,83.30000305175781,99.05000305175781,259.3999938964844,439.6000061035156,135.5,1576.9000396728516,280.0,248.60000610351562,252.99999237060547,202.8000030517578,44.21999931335449,,14.319999694824219,92.4000015258789,,135.3000030517578,332.00000762939453,111.00000381469727,
2022-12-13,706.7999877929688,456.0,542.5,912.7999877929688,185.39999389648438,163.0,82.69999694824219,98.69999694824219,265.79998779296875,447.79998779296875,137.39999389648438,1618.5,280.0,248.39999389648438,247.00000762939453,204.0,39.660000801086426,,13.899999618530273,86.19999694824219,,133.8000030517578,344.50000762939453,113.75,
2022-12-14,716.0,456.0,555.0,945.5999755859375,188.8000030517578,163.8000030517578,81.5,96.0,259.20001220703125,438.79998779296875,140.0,1640.5999603271484,282.99999237060547,246.8000030517578,256.49999618530273,207.1999969482422,41.040000915527344,,14.100000381469727,86.0,,138.0,336.50001525878906,114.49999809265137,
2022-12-15,687.2000122070312,443.20001220703125,555.9999847412109,906.4000244140625,183.1999969482422,161.3000030517578,80.30000305175781,92.5,268.3999938964844,435.79998779296875,138.39999389648438,1627.5999603271484,267.5,234.8000030517578,249.50000762939453,206.8000030517578,40.560001373291016,,13.84000015258789,85.80000305175781,,133.60000610351562,331.50001525878906,110.50000190734863,
2022-12-16,691.5999755859375,450.0,550.9999847412109,900.0,178.6999969482422,164.0,81.5999984741211,94.44999694824219,279.0,436.0,133.0,1635.4000396728516,256.00000381469727,235.1999969482422,266.49999618530273,210.1999969482422,39.660000801086426,,12.600000381469727,81.19999694824219,,138.0,340.0,111.49999618530273,
2022-12-19,696.4000244140625,448.3999938964844,555.9999847412109,888.7999877929688,178.8000030517578,162.39999389648438,79.69999694824219,90.8499984741211,273.3999938964844,434.0,135.0,1545.7000198364258,242.00000762939453,244.1999969482422,285.0,210.0,38.40000057220459,,13.640000343322754,84.0,,137.0,329.00001525878906,107.74999618530273,
2022-12-20,672.4000244140625,440.79998779296875,538.4999847412109,852.0,166.89999389648438,155.6999969482422,74.19999694824219,86.3499984741211,264.79998779296875,427.6000061035156,131.5,1548.2999801635742,232.00000762939453,239.8000030517578,288.50000381469727,209.8000030517578,37.07999897003174,,12.5,80.4000015258789,,139.60000610351562,320.49999237060547,103.24999809265137,
2022-12-21,675.5999755859375,438.0,552.0000076293945,853.5999755859375,172.3000030517578,158.60000610351562,77.69999694824219,86.4000015258789,271.6000061035156,434.20001220703125,139.0,1643.2000198364258,233.99999618530273,250.8000030517578,300.0,209.39999389648438,38.57999897003174,,12.5,86.0,,142.0,329.00001525878906,111.25,
2022-12-22,703.2000122070312,465.20001220703125,577.9999923706055,900.7999877929688,188.8000030517578,167.0,86.4000015258789,90.25,278.3999938964844,449.0,144.60000610351562,1675.6999206542969,237.5,257.20001220703125,317.5,214.0,41.88000011444092,,13.359999656677246,90.0,157.0,154.39999389648438,342.5,118.99999618530273,
2022-12-23,692.0,455.6000061035156,566.5000152587891,896.0,186.1999969482422,159.10000610351562,83.5999984741211,88.4000015258789,277.20001220703125,447.79998779296875,144.39999389648438,1787.5,238.99999618530273,258.3999938964844,311.00000381469727,209.39999389648438,40.19999885559082,,13.899999618530273,89.4000015258789,156.0,156.0,340.49999237060547,119.25000190734863,
2022-12-28,701.5999755859375,460.79998779296875,572.9999923706055,905.5999755859375,191.39999389648438,148.5,75.5,78.8499984741211,285.0,447.0,151.0,1757.5999603271484,236.49999618530273,246.0,302.00000762939453,212.60000610351562,39.59999942779541,,13.539999961853027,92.0,156.6999969482422,159.6999969482422,344.00001525878906,121.00000381469727,
2022-12-29,684.4000244140625,436.0,556.5000152587891,880.0,182.0,149.0,75.0999984741211,78.1500015258789,267.6000061035156,438.3999938964844,141.89999389648438,1773.1999206542969,236.00000381469727,230.1999969482422,283.99999618530273,208.39999389648438,37.38000011444092,,13.0,86.4000015258789,154.5,152.8000030517578,337.00000762939453,119.25000190734863,
2022-12-30,690.0,440.3999938964844,572.5,893.5999755859375,186.8000030517578,153.60000610351562,76.69999694824219,78.5,273.6000061035156,439.0,147.0,1744.5999603271484,246.00000381469727,241.1999969482422,285.0,211.60000610351562,39.42000102996826,,12.579999923706055,83.5999984741211,156.5,157.39999389648438,336.50001525878906,120.0,
2023-01-03,709.2000122070312,449.6000061035156,592.9999923706055,918.4000244140625,198.0,169.6999969482422,82.69999694824219,80.19999694824219,271.79998779296875,433.6000061035156,152.0,1777.0999603271484,251.00000381469727,241.8000030517578,278.99999618530273,216.60000610351562,41.760000228881836,,14.0,84.5999984741211,159.0,162.5,341.50001525878906,124.49999809265137,
2023-01-04,771.2000122070312,482.0,628.4999847412109,993.5999755859375,216.1999969482422,168.5,82.5999984741211,77.55000305175781,294.3999938964844,449.79998779296875,161.0,1846.0,261.00000381469727,257.20001220703125,282.99999237060547,220.0,45.71999931335449,,15.479999542236328,84.5999984741211,169.1999969482422,175.89999389648438,351.50001525878906,138.24999809265137,
2023-01-05,796.7999877929688,494.79998779296875,634.0000152587891,1008.0,214.0,178.60000610351562,88.0,81.9000015258789,297.20001220703125,447.3999938964844,154.0,1879.8000793457031,272.5,269.79998779296875,277.5,220.60000610351562,49.37999725341797,,17.479999542236328,89.5999984741211,184.60000610351562,183.1999969482422,347.99999237060547,136.00000381469727,
2023-01-06,812.7999877929688,500.0,623.4999847412109,1018.4000244140625,220.0,166.89999389648438,82.0,78.5999984741211,291.0,437.20001220703125,154.10000610351562,1881.0999603271484,358.49998474121094,271.3999938964844,292.5,215.8000030517578,47.69999885559082,,17.68000030517578,89.5999984741211,178.89999389648438,176.60000610351562,341.50001525878906,131.99999809265137,
2023-01-09,883.2000122070312,500.0,639.5000076293945,1051.199951171875,224.0,165.89999389648438,77.9000015258789,81.05000305175781,304.20001220703125,454.0,156.89999389648438,2007.1999206542969,369.50000762939453,276.3999938964844,312.5,218.8000030517578,48.0,,17.600000381469727,98.0,186.1999969482422,185.1999969482422,349.50000762939453,141.49999618530273,
2023-01-10,876.0,500.0,635.4999923706055,1044.800048828125,214.39999389648438,177.10000610351562,81.30000305175781,86.05000305175781,293.6000061035156,465.3999938964844,157.0,1951.3000793457031,332.00000762939453,268.79998779296875,313.99999618530273,218.1999969482422,48.540000915527344,,19.020000457763672,100.80000305175781,191.10000610351562,184.0,353.49998474121094,139.75000381469727,
2023-01-11,903.2000122070312,493.20001220703125,630.0,1070.4000244140625,217.60000610351562,175.3000030517578,79.5999984741211,88.6500015258789,288.3999938964844,461.79998779296875,161.0,2009.8000793457031,322.99999237060547,278.79998779296875,318.50000381469727,220.60000610351562,48.78000068664551,,19.020000457763672,103.80000305175781,188.0,181.39999389648438,349.50000762939453,136.99999809265137,
2023-01-12,886.4000244140625,494.79998779296875,653.4999847412109,1060.800048828125,207.39999389648438,177.10000610351562,76.69999694824219,89.19999694824219,285.0,461.3999938964844,155.39999389648438,2018.9000396728516,322.00000762939453,282.0,312.00000762939453,219.0,52.260000228881836,,20.200000762939453,98.0,186.0,176.60000610351562,355.49999237060547,135.24999618530273,
2023-01-13,901.5999755859375,496.3999938964844,684.4999694824219,1071.199951171875,213.39999389648438,175.0,78.0,91.94999694824219,291.79998779296875,468.79998779296875,158.3000030517578,2126.800079345703,327.99999237060547,286.79998779296875,335.49999237060547,222.8000030517578,57.65999794006348,,19.8799991607666,96.5999984741211,187.0,174.1999969482422,372.00000762939453,143.24999809265137,
2023-01-17,916.0,479.20001220703125,668.0000305175781,1056.800048828125,212.0,173.1999969482422,75.0,88.19999694824219,292.20001220703125,459.0,157.10000610351562,2133.300079345703,350.49999237060547,279.0,340.99998474121094,222.0,59.040000915527344,,18.940000534057617,112.19999694824219,182.39999389648438,178.3000030517578,370.99998474121094,137.5,
2023-01-18,912.7999877929688,470.79998779296875,711.5000152587891,1028.800048828125,209.1999969482422,170.89999389648438,72.80000305175781,87.30000305175781,283.3999938964844,453.79998779296875,161.6999969482422,2137.199920654297,352.00000762939453,279.0,316.00000381469727,223.0,57.060001373291016,,17.5,109.80000305175781,183.5,176.0,359.00001525878906,137.5,
2023-01-19,897.5999755859375,463.6000061035156,690.0,1000.7999877929688,202.8000030517578,170.0,72.4000015258789,85.0999984741211,290.0,450.6000061035156,155.8000030517578,2124.199920654297,343.49998474121094,278.3999938964844,332.00000762939453,222.8000030517578,54.540000915527344,,17.299999237060547,110.19999694824219,176.39999389648438,172.3000030517578,359.50000762939453,136.49999618530273,
2023-01-20,930.4000244140625,477.6000061035156,705.0,1049.5999755859375,201.1999969482422,170.3000030517578,72.5999984741211,85.0,303.6000061035156,468.3999938964844,167.60000610351562,2161.9000396728516,360.49999237060547,289.0,374.00001525878906,225.1999969482422,57.0,,17.5,113.5999984741211,184.0,172.8000030517578,381.50001525878906,138.00000190734863,
2023-01-26,940.0,490.79998779296875,724.0000152587891,1076.0,217.1999969482422,191.0,80.19999694824219,96.0,310.6000061035156,484.79998779296875,174.10000610351562,2087.800079345703,355.0,288.6000061035156,357.99999237060547,229.60000610351562,61.19999885559082,,18.0,122.19999694824219,190.10000610351562,181.39999389648438,397.99999237060547,157.5,
2023-01-27,938.4000244140625,502.79998779296875,723.4999847412109,1095.199951171875,218.39999389648438,194.89999389648438,80.5999984741211,93.5,314.0,494.0,191.89999389648438,2064.4000396728516,354.00001525878906,295.20001220703125,347.99999237060547,232.1999969482422,63.30000114440918,,20.350000381469727,117.80000305175781,197.89999389648438,182.3000030517578,399.50000762939453,158.75,
2023-01-30,872.0,474.79998779296875,703.4999847412109,1088.800048828125,199.8000030517578,187.1999969482422,79.0,95.05000305175781,292.6000061035156,467.20001220703125,181.6999969482422,2033.1999206542969,337.00000762939453,274.20001220703125,330.0,221.0,58.5,,20.950000762939453,118.0,192.0,182.0,380.99998474121094,147.5,
2023-01-31,860.7999877929688,463.20001220703125,698.4999847412109,1059.199951171875,194.8000030517578,190.0,79.30000305175781,91.69999694824219,289.20001220703125,474.0,179.0,1992.9000396728516,322.99999237060547,268.0,330.49999237060547,220.8000030517578,56.52000045776367,,20.200000762939453,119.19999694824219,189.89999389648438,186.0,375.0,143.99999618530273,
2023-02-01,880.0,476.0,718.0000305175781,1154.4000244140625,203.60000610351562,207.8000030517578,87.5,97.5,292.79998779296875,485.6000061035156,181.8000030517578,2031.9000396728516,340.0,278.79998779296875,349.50000762939453,229.39999389648438,60.0,,21.299999237060547,121.19999694824219,195.60000610351562,190.1999969482422,382.5,151.99999809265137,
2023-02-02,872.0,472.79998779296875,712.5,1212.0,201.1999969482422,211.8000030517578,86.0,92.30000305175781,290.6000061035156,477.20001220703125,195.39999389648438,2012.4000396728516,332.5,280.3999938964844,351.50001525878906,228.8000030517578,63.0,,21.600000381469727,117.4000015258789,194.5,195.8000030517578,374.00001525878906,157.5,
2023-02-03,848.7999877929688,461.6000061035156,716.5000152587891,1158.4000244140625,197.1999969482422,203.39999389648438,84.0999984741211,91.0,282.79998779296875,461.20001220703125,194.8000030517578,2007.1999206542969,326.50001525878906,288.0,336.50001525878906,229.60000610351562,63.30000114440918,,21.75,127.0,188.10000610351562,187.0,373.49998474121094,155.0,
2023-02-06,825.5999755859375,445.20001220703125,695.5000305175781,1127.199951171875,186.60000610351562,196.8000030517578,80.5,86.0999984741211,280.3999938964844,454.79998779296875,185.89999389648438,1938.3000793457031,303.99999618530273,274.79998779296875,319.50000762939453,221.0,59.21999931335449,,21.75,120.19999694824219,177.8000030517578,177.8000030517578,365.0,146.00000381469727,
2023-02-07,838.4000244140625,445.20001220703125,705.0,1300.0,187.39999389648438,200.0,81.4000015258789,86.0999984741211,289.0,470.6000061035156,186.60000610351562,1965.5999603271484,312.99999237060547,280.3999938964844,317.99999237060547,220.60000610351562,58.02000045776367,,21.200000762939453,120.5999984741211,177.8000030517578,179.0,372.00000762939453,146.00000381469727,
2023-02-08,828.0,438.3999938964844,712.5,1259.199951171875,180.6999969482422,200.8000030517578,78.19999694824219,84.30000305175781,291.79998779296875,480.0,184.8000030517578,1994.1999206542969,313.99999618530273,281.3999938964844,319.50000762939453,221.60000610351562,58.439998626708984,,21.299999237060547,124.19999694824219,177.8000030517578,175.10000610351562,387.00000762939453,148.50000381469727,
2023-02-09,860.7999877929688,449.20001220703125,715.9999847412109,1212.800048828125,186.60000610351562,205.60000610351562,80.5999984741211,86.0999984741211,296.0,481.6000061035156,189.8000030517578,1982.5,310.49999237060547,286.3999938964844,329.00001525878906,223.8000030517578,59.21999931335449,,22.0,131.60000610351562,178.3000030517578,175.10000610351562,391.50001525878906,146.75000190734863,
2023-02-10,832.7999877929688,420.79998779296875,689.0000152587891,1123.199951171875,172.1999969482422,189.89999389648438,74.19999694824219,80.44999694824219,288.20001220703125,479.0,179.1999969482422,1914.9000396728516,300.49999237060547,281.20001220703125,322.00000762939453,219.0,54.84000205993652,,21.950000762939453,124.80000305175781,180.60000610351562,175.10000610351562,400.0,135.0,
2023-02-13,832.0,414.79998779296875,695.0,1144.800048828125,176.8000030517578,191.10000610351562,75.4000015258789,82.44999694824219,291.3999938964844,491.6000061035156,181.39999389648438,1942.1999206542969,305.49999237060547,281.79998779296875,306.00000381469727,220.1999969482422,55.80000114440918,,21.850000381469727,127.0,180.60000610351562,173.89999389648438,414.50000762939453,131.99999809265137,
2023-02-14,820.0,407.20001220703125,685.9999847412109,1149.5999755859375,174.3000030517578,195.0,73.69999694824219,79.3499984741211,291.6000061035156,475.0,181.60000610351562,1890.1999206542969,312.99999237060547,277.79998779296875,311.49999618530273,211.39999389648438,55.62000274658203,,21.850000381469727,131.1999969482422,180.60000610351562,171.5,412.00000762939453,130.74999809265137,
2023-02-15,807.2000122070312,404.0,675.5000305175781,1192.800048828125,171.89999389648438,195.3000030517578,71.5999984741211,77.9000015258789,291.3999938964844,466.6000061035156,179.8000030517578,1849.9000396728516,292.00000762939453,270.3999938964844,305.0,205.0,53.21999931335449,,21.200000762939453,128.8000030517578,177.6999969482422,167.6999969482422,397.99999237060547,132.5,
2023-02-16,816.7999877929688,425.20001220703125,690.9999847412109,1184.800048828125,182.1999969482422,197.8000030517578,74.5,81.75,298.0,472.20001220703125,177.89999389648438,1866.8000793457031,292.00000762939453,277.3999938964844,320.49999237060547,203.1999969482422,57.0,,20.899999618530273,130.8000030517578,177.6999969482422,174.1999969482422,409.00001525878906,129.49999809265137,
2023-02-17,795.5999755859375,421.20001220703125,680.5000305175781,1130.4000244140625,177.0,189.60000610351562,74.30000305175781,78.44999694824219,290.6000061035156,473.6000061035156,173.10000610351562,1851.1999206542969,295.49999237060547,277.6000061035156,318.50000381469727,198.60000610351562,52.80000114440918,,20.600000381469727,131.1999969482422,182.0,167.3000030517578,402.00000762939453,129.49999809265137,
2023-02-21,761.5999755859375,379.3999938964844,674.0000152587891,1104.800048828125,172.39999389648438,192.39999389648438,75.0999984741211,79.25,284.20001220703125,481.6000061035156,167.0,1825.1999206542969,305.0,267.79998779296875,322.5,190.89999389648438,51.60000228881836,,20.049999237060547,124.0,185.3000030517578,173.0,392.00000762939453,128.24999809265137,
2023-02-22,743.5999755859375,368.0,668.0000305175781,1124.0,171.39999389648438,186.8000030517578,72.4000015258789,77.9000015258789,282.6000061035156,474.3999938964844,163.60000610351562,1787.5,287.00000762939453,245.1999969482422,312.00000762939453,195.3000030517578,50.28000068664551,,19.899999618530273,121.4000015258789,185.1999969482422,161.5,387.00000762939453,126.00000381469727,
2023-02-23,761.2000122070312,374.6000061035156,695.5000305175781,1118.4000244140625,177.60000610351562,190.39999389648438,72.19999694824219,81.0,290.6000061035156,489.3999938964844,162.1999969482422,1781.0,291.00000381469727,254.8000030517578,336.50001525878906,193.0,51.47999954223633,,19.579999923706055,128.0,185.39999389648438,161.5,400.99998474121094,126.99999809265137,
2023-02-24,720.4000244140625,356.79998779296875,617.5,1051.199951171875,167.0,185.8000030517578,69.5,75.9000015258789,278.20001220703125,476.79998779296875,160.3000030517578,1755.0,282.00000762939453,245.0,327.00000762939453,191.89999389648438,49.739999771118164,,19.540000915527344,127.0,185.39999389648438,161.5,390.0,126.25,
2023-02-27,715.2000122070312,356.0,621.5000152587891,1072.0,162.39999389648438,189.6999969482422,69.69999694824219,74.75,275.79998779296875,461.3999938964844,161.8000030517578,1708.1999206542969,282.00000762939453,247.1999969482422,312.5,189.8000030517578,49.19999885559082,,19.540000915527344,128.0,183.1999969482422,164.5,380.49999237060547,126.25,
2023-02-28,692.0,347.3999938964844,605.4999923706055,1078.4000244140625,154.89999389648438,184.5,68.69999694824219,71.80000305175781,277.6000061035156,461.20001220703125,167.0,1735.5,281.00000381469727,241.1999969482422,298.99999618530273,188.0,49.439998626708984,,19.399999618530273,135.0,157.6999969482422,160.1999969482422,369.50000762939453,129.25000190734863,
2023-03-01,735.2000122070312,366.6000061035156,656.5000152587891,1160.0,166.0,200.39999389648438,75.30000305175781,79.69999694824219,291.79998779296875,478.79998779296875,171.10000610351562,1864.1999206542969,316.49999618530273,252.1999969482422,320.99998474121094,196.89999389648438,53.15999794006348,,19.299999237060547,146.39999389648438,164.8000030517578,171.5,392.5,136.49999618530273,
2023-03-02,700.7999877929688,358.20001220703125,655.0,1135.199951171875,153.10000610351562,195.5,71.5,69.19999694824219,296.79998779296875,468.0,151.0,1865.5,322.00000762939453,253.1999969482422,321.50001525878906,190.60000610351562,50.34000205993652,,17.18000030517578,142.60000610351562,165.60000610351562,179.5,392.00000762939453,139.75000381469727,
2023-03-03,704.0,369.3999938964844,678.0000305175781,1195.199951171875,168.89999389648438,197.6999969482422,73.69999694824219,70.0999984741211,296.3999938964844,483.79998779296875,153.60000610351562,1864.1999206542969,302.5,255.60000610351562,344.50000762939453,193.0,51.0,,12.800000190734863,146.8000030517578,167.6999969482422,175.1999969482422,401.50001525878906,135.50000190734863,
2023-03-06,698.0,374.6000061035156,676.9999694824219,1180.0,173.3000030517578,198.60000610351562,75.4000015258789,73.9000015258789,310.0,483.0,148.60000610351562,1877.1999206542969,324.50000762939453,258.3999938964844,343.49998474121094,196.1999969482422,50.760000228881836,,13.239999771118164,153.0,167.6999969482422,168.0,402.99999237060547,135.24999618530273,
2023-03-07,708.7999877929688,372.79998779296875,675.9999847412109,1153.5999755859375,163.89999389648438,191.89999389648438,72.0,72.4000015258789,314.3999938964844,481.3999938964844,142.3000030517578,1849.9000396728516,309.50000762939453,248.0,327.99999237060547,201.1999969482422,48.540000915527344,,13.260000228881836,147.60000610351562,167.6999969482422,161.8000030517578,404.00001525878906,132.5,
2023-03-08,686.0,356.6000061035156,648.4999847412109,1116.0,157.89999389648438,179.8000030517578,66.9000015258789,69.69999694824219,297.3999938964844,470.20001220703125,137.89999389648438,1791.4000396728516,296.00000381469727,239.0,293.50000381469727,197.8000030517578,47.640000343322754,,12.699999809265137,146.39999389648438,167.5,151.8000030517578,394.00001525878906,123.99999618530273,
2023-03-09,676.0,358.6000061035156,640.5000305175781,1100.800048828125,154.0,174.6999969482422,66.80000305175781,71.19999694824219,283.3999938964844,466.3999938964844,135.39999389648438,1751.0999603271484,286.49999618530273,236.0,308.50000381469727,197.8000030517578,45.839999198913574,,13.399999618530273,147.60000610351562,164.0,150.0,388.49998474121094,113.00000190734863,
2023-03-10,649.2000122070312,317.3999938964844,637.9999923706055,1036.0,147.3000030517578,167.5,64.80000305175781,68.25,280.0,452.20001220703125,128.8000030517578,1739.4000396728516,267.5,234.39999389648438,312.99999237060547,194.5,42.78000068664551,,13.100000381469727,148.0,146.0,139.89999389648438,374.00001525878906,114.25000190734863,
2023-03-13,666.0,318.0,658.4999847412109,1072.0,163.0,176.0,66.5,68.3499984741211,294.20001220703125,474.6000061035156,134.89999389648438,1755.0,255.49999237060547,235.0,330.99998474121094,205.39999389648438,43.260000228881836,,13.5600004196167,155.1999969482422,146.0,139.39999389648438,396.50001525878906,110.50000190734863,
2023-03-14,640.0,311.0,645.9999847412109,1032.0,161.0,168.3000030517578,61.900001525878906,65.6500015258789,293.3999938964844,459.0,128.5,1872.0,237.5,229.39999389648438,302.00000762939453,200.39999389648438,40.92000102996826,,13.800000190734863,145.1999969482422,145.8000030517578,129.89999389648438,379.00001525878906,111.75000190734863,
2023-03-15,656.4000244140625,318.3999938964844,670.0,1068.800048828125,168.8000030517578,172.89999389648438,62.0,66.55000305175781,296.6000061035156,476.6000061035156,128.6999969482422,1908.4000396728516,257.5,230.39999389648438,290.0,207.1999969482422,42.959999084472656,,13.899999618530273,153.39999389648438,145.8000030517578,134.39999389648438,387.00000762939453,116.75000190734863,
2023-03-16,644.0,310.0,658.4999847412109,1000.7999877929688,161.89999389648438,168.8000030517578,63.5,64.75,288.3999938964844,472.0,127.19999694824219,1786.1999206542969,252.00000762939453,229.39999389648438,290.49999237060547,204.39999389648438,43.02000045776367,,14.5,148.8000030517578,135.0,130.60000610351562,374.50000762939453,116.25,
2023-03-17,652.0,309.20001220703125,676.5000152587891,1137.5999755859375,179.6999969482422,177.8000030517578,66.9000015258789,67.3499984741211,299.20001220703125,493.6000061035156,135.5,1736.8000793457031,273.99999618530273,231.39999389648438,283.99999618530273,220.60000610351562,43.80000114440918,,15.039999961853027,148.39999389648438,134.89999389648438,131.89999389648438,387.99999237060547,113.99999618530273,
2023-03-20,633.5999755859375,300.79998779296875,663.4999847412109,1148.0,169.3000030517578,172.5,68.0,63.650001525878906,281.3999938964844,473.3999938964844,126.19999694824219,1706.9000396728516,257.00000762939453,228.60000610351562,267.00000762939453,221.0,43.38000011444092,,15.0,140.8000030517578,134.89999389648438,126.69999694824219,367.00000762939453,109.25000190734863,
2023-03-21,644.0,300.20001220703125,665.0,1184.800048828125,181.0,180.8000030517578,75.5,69.25,291.20001220703125,487.3999938964844,133.6999969482422,1783.5999603271484,252.99999237060547,238.39999389648438,278.99999618530273,221.0,43.19999885559082,,14.899999618530273,142.8000030517578,134.89999389648438,140.60000610351562,375.49999237060547,113.99999618530273,
2023-03-22,662.7999877929688,305.79998779296875,670.0,1174.4000244140625,183.8000030517578,184.0,78.0,73.0999984741211,300.0,485.0,134.5,1734.1999206542969,250.49999237060547,240.8000030517578,290.0,225.39999389648438,45.239999771118164,,14.739999771118164,140.0,138.0,141.60000610351562,384.50000762939453,115.50000190734863,
2023-03-23,689.5999755859375,317.6000061035156,696.5000152587891,1207.199951171875,190.8000030517578,188.1999969482422,80.30000305175781,74.5999984741211,299.79998779296875,500.0,145.1999969482422,1732.9000396728516,247.99999237060547,250.39999389648438,303.99999618530273,225.39999389648438,43.07999897003174,,15.0,141.60000610351562,138.0,142.39999389648438,392.00000762939453,115.50000190734863,
2023-03-24,682.4000244140625,317.6000061035156,705.0,1235.199951171875,190.39999389648438,185.3000030517578,78.0999984741211,73.0999984741211,294.0,498.20001220703125,148.5,1742.0,248.99999618530273,253.0,304.50000762939453,227.1999969482422,42.78000068664551,,15.600000381469727,136.0,138.0,140.5,386.50001525878906,110.50000190734863,
2023-03-27,682.0,306.3999938964844,686.9999694824219,1196.0,188.39999389648438,181.0,76.19999694824219,70.3499984741211,281.6000061035156,476.3999938964844,149.5,1726.4000396728516,247.5,234.60000610351562,288.99999618530273,220.39999389648438,39.660000801086426,,15.0,129.39999389648438,138.0,138.39999389648438,374.00001525878906,109.75000381469727,
2023-03-28,674.0,312.20001220703125,699.0000152587891,1217.5999755859375,190.6999969482422,187.3000030517578,79.69999694824219,71.0,282.3999938964844,486.6000061035156,150.0,1722.5,252.99999237060547,245.39999389648438,293.50000381469727,223.60000610351562,38.939998626708984,,15.0,134.0,146.5,143.3000030517578,377.99999237060547,105.24999618530273,
2023-03-29,756.4000244140625,318.20001220703125,695.0,1240.800048828125,192.3000030517578,195.89999389648438,82.5999984741211,72.30000305175781,281.79998779296875,494.0,155.6999969482422,1738.0999603271484,267.5,256.0,310.0,226.0,40.02000045776367,,15.0,131.39999389648438,147.0,146.10000610351562,377.99999237060547,105.74999809265137,
2023-03-30,775.2000122070312,326.3999938964844,679.4999694824219,1196.0,191.3000030517578,196.5,88.80000305175781,76.69999694824219,284.0,488.6000061035156,160.89999389648438,1721.1999206542969,270.49999237060547,255.39999389648438,308.99999618530273,226.60000610351562,41.760000228881836,,14.979999542236328,130.8000030517578,149.0,149.1999969482422,374.00001525878906,106.49999618530273,
2023-03-31,803.2000122070312,344.0,690.0,1189.5999755859375,189.60000610351562,196.0,87.5,79.55000305175781,293.79998779296875,493.6000061035156,173.0,1682.1999206542969,260.49999237060547,260.3999938964844,306.00000381469727,224.0,43.3199987411499,,14.579999923706055,143.39999389648438,149.0,150.0,381.50001525878906,103.24999809265137,
2023-04-03,788.4000244140625,339.3999938964844,693.4999847412109,1164.800048828125,181.10000610351562,194.89999389648438,88.69999694824219,81.25,294.6000061035156,496.20001220703125,156.1999969482422,1692.5999603271484,266.00000381469727,261.79998779296875,300.0,226.60000610351562,46.439998626708984,,14.579999923706055,140.8000030517578,149.0,152.3000030517578,389.50000762939453,100.74999809265137,
2023-04-04,765.2000122070312,328.0,704.4999694824219,1174.4000244140625,171.0,187.89999389648438,82.9000015258789,75.05000305175781,294.0,494.20001220703125,150.60000610351562,1696.5,266.00000381469727,259.79998779296875,312.5,226.0,41.52000045776367,,14.5600004196167,135.8000030517578,149.0,147.89999389648438,387.99999237060547,105.24999618530273,
2023-04-06,782.0,318.0,700.9999847412109,1143.199951171875,168.6999969482422,185.89999389648438,80.69999694824219,70.8499984741211,293.3999938964844,492.6000061035156,143.5,1747.1999206542969,258.99999618530273,248.60000610351562,295.49999237060547,224.39999389648438,40.260000228881836,,14.199999809265137,134.60000610351562,149.0,143.3000030517578,384.50000762939453,111.99999809265137,
2023-04-11,794.4000244140625,317.20001220703125,701.5000152587891,1081.5999755859375,170.0,191.6999969482422,82.5999984741211,71.55000305175781,297.20001220703125,499.79998779296875,141.10000610351562,1916.1999206542969,266.00000381469727,245.0,295.49999237060547,225.8000030517578,40.97999954223633,,14.100000381469727,134.8000030517578,149.0,145.39999389648438,395.0,118.00000190734863,
2023-04-12,768.4000244140625,306.0,700.5000305175781,1072.0,167.3000030517578,187.0,80.80000305175781,73.44999694824219,287.20001220703125,503.0,141.60000610351562,1996.8000793457031,286.00000381469727,238.1999969482422,287.00000762939453,224.60000610351562,40.140000343322754,,14.180000305175781,136.39999389648438,149.0,148.3000030517578,383.49998474121094,125.0,
2023-04-13,753.2000122070312,299.79998779296875,705.5000305175781,1072.800048828125,168.8000030517578,192.89999389648438,79.5999984741211,71.75,282.79998779296875,503.5,139.8000030517578,2083.9000396728516,291.49999618530273,234.1999969482422,287.99999237060547,226.8000030517578,40.140000343322754,,14.640000343322754,134.8000030517578,149.0,147.89999389648438,377.00000762939453,135.50000190734863,
2023-04-14,756.0,295.3999938964844,726.9999694824219,1040.0,167.60000610351562,192.39999389648438,78.19999694824219,71.8499984741211,281.6000061035156,502.5,140.6999969482422,2130.699920654297,315.0,236.1999969482422,289.50000762939453,225.8000030517578,39.060001373291016,69.5,14.319999694824219,134.0,149.0,147.89999389648438,374.50000762939453,143.24999809265137,
2023-04-17,763.2000122070312,298.79998779296875,734.4999694824219,1048.0,170.5,203.1999969482422,88.0,76.44999694824219,287.20001220703125,505.0,141.89999389648438,2093.0,312.00000762939453,249.1999969482422,304.50000762939453,228.8000030517578,39.0,76.0,14.319999694824219,133.60000610351562,149.0,151.89999389648438,383.49998474121094,134.75000381469727,
2023-04-18,758.4000244140625,297.0,730.9999847412109,1036.800048828125,170.1999969482422,200.8000030517578,87.30000305175781,76.05000305175781,288.3999938964844,492.0,139.39999389648438,2109.9000396728516,302.5,237.60000610351562,305.0,226.0,37.5,70.5,14.380000114440918,132.1999969482422,149.0,151.89999389648438,389.00001525878906,137.74999618530273,
2023-04-19,738.0,288.3999938964844,712.5,1011.2000122070312,164.3000030517578,192.5,82.0,71.8499984741211,294.0,498.20001220703125,135.89999389648438,2037.0999603271484,295.0,230.0,314.50000762939453,225.1999969482422,37.19999885559082,65.9000015258789,14.819999694824219,132.39999389648438,149.0,151.89999389648438,392.00000762939453,136.00000381469727,
2023-04-20,734.0,285.79998779296875,720.0,1009.5999755859375,163.10000610351562,184.3000030517578,74.80000305175781,67.55000305175781,291.6000061035156,498.79998779296875,133.8000030517578,2009.8000793457031,288.50000381469727,232.0,351.50001525878906,227.60000610351562,37.97999954223633,64.30000305175781,15.579999923706055,132.1999969482422,149.0,151.89999389648438,387.99999237060547,130.24999618530273,
2023-04-21,703.5999755859375,279.3999938964844,710.5000305175781,982.4000244140625,158.0,178.39999389648438,72.5,64.3499984741211,286.6000061035156,489.79998779296875,130.10000610351562,1989.0,276.49999618530273,225.0,359.00001525878906,224.1999969482422,36.30000114440918,58.79999923706055,15.579999923706055,129.1999969482422,149.0,148.39999389648438,373.49998474121094,130.50000190734863,
2023-04-24,695.2000122070312,276.79998779296875,719.0000152587891,975.2000122070312,160.10000610351562,180.60000610351562,73.69999694824219,65.94999694824219,284.3999938964844,487.6000061035156,130.8000030517578,2005.9000396728516,287.99999237060547,226.39999389648438,345.49999237060547,221.1999969482422,36.839999198913574,55.900001525878906,15.579999923706055,127.4000015258789,149.0,134.5,364.00001525878906,132.25000381469727,
2023-04-25,672.7999877929688,265.3999938964844,692.5,939.2000122070312,153.3000030517578,176.5,71.9000015258789,64.19999694824219,274.0,473.6000061035156,130.3000030517578,1959.0999603271484,277.5,224.0,340.99998474121094,221.39999389648438,34.260000228881836,55.900001525878906,15.579999923706055,126.4000015258789,149.0,131.10000610351562,347.5,124.75000381469727,
2023-04-26,666.4000244140625,272.20001220703125,679.4999694824219,940.0,159.10000610351562,178.8000030517578,73.0999984741211,63.79999923706055,278.79998779296875,477.79998779296875,132.8000030517578,1951.3000793457031,283.99999618530273,226.0,350.99998474121094,220.60000610351562,34.260000228881836,54.400001525878906,15.399999618530273,129.1999969482422,149.0,131.10000610351562,361.50001525878906,121.49999618530273,
2023-04-27,654.4000244140625,271.79998779296875,679.0000152587891,924.0,153.89999389648438,179.8000030517578,73.0999984741211,61.0,276.6000061035156,474.6000061035156,133.60000610351562,1956.5,277.99999237060547,226.0,357.99999237060547,217.0,34.260000228881836,56.0,15.279999732971191,130.39999389648438,149.0,128.8000030517578,367.5,120.50000190734863,
2023-04-28,656.4000244140625,271.79998779296875,693.0000305175781,925.5999755859375,157.1999969482422,182.89999389648438,75.19999694824219,62.099998474121094,274.79998779296875,477.6000061035156,143.5,1963.0,272.5,230.0,352.99999237060547,214.8000030517578,34.92000102996826,57.29999923706055,15.199999809265137,139.1999969482422,149.0,131.1999969482422,360.0,120.24999618530273,
2023-05-02,658.4000244140625,276.3999938964844,694.0000152587891,944.0,155.1999969482422,183.6999969482422,77.0999984741211,61.0,273.6000061035156,484.6000061035156,132.5,2025.4000396728516,267.5,224.1999969482422,345.49999237060547,218.0,35.52000045776367,54.900001525878906,15.199999809265137,137.60000610351562,149.0,133.10000610351562,362.99999237060547,118.00000190734863,
2023-05-03,642.7999877929688,268.6000061035156,694.0000152587891,914.4000244140625,150.60000610351562,179.1999969482422,76.5999984741211,59.0,268.6000061035156,504.0,128.0,2063.0999603271484,257.99999237060547,214.39999389648438,330.0,213.1999969482422,34.02000045776367,52.599998474121094,15.15999984741211,132.39999389648438,149.0,133.0,350.49999237060547,116.75000190734863,
2023-05-04,645.5999755859375,275.0,690.0,922.4000244140625,154.10000610351562,184.8000030517578,76.4000015258789,60.900001525878906,259.79998779296875,500.5,129.89999389648438,2074.800079345703,272.5,220.0,327.00000762939453,214.39999389648438,34.560001373291016,51.400001525878906,15.15999984741211,131.60000610351562,149.0,134.6999969482422,350.0,121.75000190734863,
2023-05-05,653.2000122070312,281.6000061035156,698.0000305175781,957.5999755859375,155.6999969482422,185.10000610351562,79.30000305175781,63.25,260.3999938964844,477.20001220703125,131.0,2009.8000793457031,282.5,236.8000030517578,324.00001525878906,214.0,35.88000011444092,52.099998474121094,14.920000076293945,132.8000030517578,149.0,137.89999389648438,352.99999237060547,125.74999809265137,
2023-05-08,655.5999755859375,279.0,704.4999694824219,968.0,156.3000030517578,193.39999389648438,82.80000305175781,64.5999984741211,261.0,491.0,130.0,1999.4000396728516,292.00000762939453,236.0,325.0,219.1999969482422,36.42000102996826,55.70000076293945,15.15999984741211,131.1999969482422,148.0,137.39999389648438,348.49998474121094,123.24999809265137,
2023-05-09,635.5999755859375,273.0,685.9999847412109,924.7999877929688,150.6999969482422,192.10000610351562,78.5999984741211,63.45000076293945,251.1999969482422,473.79998779296875,124.4000015258789,1929.1999206542969,275.0,223.1999969482422,324.50000762939453,217.0,34.5,54.099998474121094,15.15999984741211,124.19999694824219,148.0,138.39999389648438,330.0,115.0,
2023-05-10,641.5999755859375,271.20001220703125,692.5,916.0,147.3000030517578,198.0,78.5999984741211,63.5,254.1999969482422,477.79998779296875,125.0,1920.0999603271484,278.99999618530273,222.8000030517578,320.0,220.0,34.61999988555908,52.29999923706055,15.15999984741211,122.80000305175781,148.0,138.39999389648438,325.0,113.00000190734863,
2023-05-11,661.2000122070312,270.0,691.9999694824219,924.7999877929688,145.5,231.8000030517578,81.0,64.25,254.0,474.20001220703125,122.0,1911.0,288.50000381469727,217.0,308.50000381469727,225.1999969482422,33.540000915527344,51.400001525878906,15.15999984741211,129.60000610351562,148.0,136.0,325.99998474121094,111.75000190734863,
2023-05-12,677.2000122070312,289.6000061035156,678.4999847412109,952.7999877929688,145.39999389648438,228.1999969482422,78.69999694824219,65.0999984741211,257.3999938964844,478.6000061035156,128.1999969482422,1887.5999603271484,274.50000762939453,228.0,306.00000381469727,222.1999969482422,35.040000915527344,52.0,15.0,132.0,148.0,138.0,328.49998474121094,108.00000190734863,
2023-05-15,683.5999755859375,282.20001220703125,687.5,967.2000122070312,146.3000030517578,228.8000030517578,77.5999984741211,63.5,263.3999938964844,482.79998779296875,128.5,1879.8000793457031,259.50000762939453,240.60000610351562,302.99999237060547,227.39999389648438,35.21999931335449,51.29999923706055,15.0,132.8000030517578,144.0,138.60000610351562,331.50001525878906,109.49999809265137,
2023-05-16,686.0,293.6000061035156,697.5,994.4000244140625,149.10000610351562,236.0,75.69999694824219,63.900001525878906,264.0,481.0,132.0,1905.8000793457031,265.0,250.39999389648438,305.49999237060547,225.1999969482422,36.1800012588501,52.099998474121094,15.0,136.1999969482422,141.0,138.60000610351562,337.5,110.50000190734863,
2023-05-17,683.5999755859375,287.20001220703125,680.9999847412109,990.4000244140625,141.60000610351562,229.0,73.0,60.79999923706055,259.20001220703125,472.0,134.0,1820.0,252.5,250.39999389648438,300.0,219.0,34.92000102996826,52.099998474121094,15.0,135.1999969482422,139.8000030517578,138.60000610351562,325.49999237060547,104.49999809265137,
2023-05-18,702.0,288.0,696.9999694824219,1004.7999877929688,146.60000610351562,228.39999389648438,72.5,63.0,269.6000061035156,474.20001220703125,139.0,1800.5,258.99999618530273,248.60000610351562,302.5,234.8000030517578,35.8199987411499,56.0,15.0,137.0,139.8000030517578,138.60000610351562,332.00000762939453,103.50000381469727,
2023-05-19,659.5999755859375,274.3999938964844,691.9999694824219,960.0,141.0,228.39999389648438,71.0999984741211,61.79999923706055,258.79998779296875,474.79998779296875,133.8000030517578,1782.3000793457031,248.50000381469727,233.8000030517578,291.49999618530273,231.0,35.939998626708984,52.79999923706055,15.0,129.1999969482422,139.8000030517578,136.39999389648438,321.50001525878906,101.25,
2023-05-22,668.7999877929688,280.20001220703125,700.0,992.0,145.10000610351562,233.0,73.30000305175781,64.9000015258789,264.6000061035156,484.0,132.60000610351562,1847.3000793457031,254.50000762939453,239.60000610351562,305.0,228.60000610351562,34.739999771118164,51.70000076293945,15.0,129.0,139.8000030517578,128.0,332.5,103.00000190734863,
2023-05-23,664.0,276.79998779296875,675.0,976.7999877929688,144.3000030517578,226.1999969482422,72.30000305175781,67.6500015258789,261.6000061035156,473.3999938964844,129.0,1878.5,264.50000762939453,230.0,300.49999237060547,223.8000030517578,33.959999084472656,51.20000076293945,14.760000228881836,133.0,139.8000030517578,126.9000015258789,320.99998474121094,104.49999809265137,
2023-05-24,648.4000244140625,270.6000061035156,658.4999847412109,952.7999877929688,138.5,225.1999969482422,69.0999984741211,67.44999694824219,253.0,454.0,130.39999389648438,1868.0999603271484,263.50000381469727,226.8000030517578,296.00000381469727,220.8000030517578,33.1800012588501,48.70000076293945,14.760000228881836,127.19999694824219,139.8000030517578,117.9000015258789,310.0,103.00000190734863,
2023-05-25,629.2000122070312,260.20001220703125,652.5,932.0,133.6999969482422,222.60000610351562,62.70000076293945,61.150001525878906,244.0,442.0,129.3000030517578,1817.4000396728516,257.5,227.8000030517578,289.50000762939453,217.1999969482422,32.8199987411499,45.70000076293945,14.760000228881836,126.0,139.8000030517578,113.5999984741211,293.50000381469727,100.74999809265137,
2023-05-30,630.4000244140625,260.0,697.5,989.5999755859375,134.0,224.0,62.70000076293945,60.5,246.1999969482422,447.0,121.4000015258789,1836.9000396728516,247.5,235.60000610351562,302.00000762939453,213.1999969482422,31.5,43.599998474121094,14.579999923706055,119.5999984741211,139.8000030517578,104.5999984741211,300.0,99.49999809265137,
2023-05-31,623.2000122070312,251.8000030517578,663.0000305175781,955.2000122070312,127.5,226.1999969482422,62.099998474121094,58.79999923706055,251.1999969482422,436.6000061035156,113.0,1731.5999603271484,258.50000381469727,221.8000030517578,298.99999618530273,197.8000030517578,30.780000686645508,40.70000076293945,14.819999694824219,116.5999984741211,139.8000030517578,105.0,291.49999618530273,95.0,
2023-06-01,618.4000244140625,260.0,658.4999847412109,972.7999877929688,124.0999984741211,221.39999389648438,60.79999923706055,58.45000076293945,241.60000610351562,436.79998779296875,110.5999984741211,1731.5999603271484,257.99999237060547,223.8000030517578,304.50000762939453,198.39999389648438,30.59999942779541,42.20000076293945,14.779999732971191,120.4000015258789,139.8000030517578,105.4000015258789,287.99999237060547,95.20000457763672,
2023-06-02,660.0,277.0,681.9999694824219,1044.0,123.5,235.1999969482422,65.5999984741211,60.70000076293945,256.79998779296875,453.0,112.5,1764.0999603271484,275.49999237060547,230.0,334.50000762939453,205.0,32.09999942779541,45.29999923706055,14.760000228881836,129.39999389648438,139.8000030517578,115.5,303.99999618530273,98.80000114440918,
2023-06-05,662.0,276.79998779296875,674.4999694824219,1039.199951171875,120.30000305175781,233.39999389648438,66.5,59.20000076293945,268.20001220703125,458.0,115.19999694824219,1743.3000793457031,280.49999237060547,237.1999969482422,340.0,207.60000610351562,33.239999771118164,45.20000076293945,15.0,129.1999969482422,139.8000030517578,115.9000015258789,317.99999237060547,97.60000228881836,
2023-06-06,658.7999877929688,282.79998779296875,691.9999694824219,1038.4000244140625,119.5,241.1999969482422,67.69999694824219,60.150001525878906,270.0,452.0,111.5999984741211,1666.5999603271484,271.49999618530273,232.0,326.50001525878906,209.39999389648438,31.260000228881836,42.900001525878906,15.0,128.39999389648438,132.0,114.5999984741211,319.50000762939453,96.89999580383301,
2023-06-07,672.4000244140625,288.3999938964844,718.0000305175781,1059.199951171875,123.0999984741211,250.8000030517578,67.5,60.900001525878906,268.6000061035156,464.0,114.5999984741211,1753.6999206542969,227.00000762939453,236.39999389648438,331.50001525878906,212.0,31.80000114440918,46.79999923706055,15.0,136.8000030517578,130.0,121.9000015258789,327.99999237060547,96.99999809265137,
2023-06-08,666.7999877929688,289.3999938964844,719.0000152587891,1044.800048828125,124.19999694824219,248.0,65.5999984741211,60.5,282.3999938964844,468.6000061035156,113.30000305175781,1716.0,225.49999237060547,233.39999389648438,332.5,213.60000610351562,32.040000915527344,47.900001525878906,15.0,139.0,130.0,123.30000305175781,329.00001525878906,94.89999771118164,
2023-06-09,671.2000122070312,290.0,731.5000152587891,1061.5999755859375,129.89999389648438,250.1999969482422,69.0999984741211,60.29999923706055,284.79998779296875,471.20001220703125,116.5999984741211,1687.4000396728516,234.50000762939453,232.1999969482422,339.50000762939453,215.1999969482422,33.1800012588501,49.599998474121094,14.979999542236328,140.0,130.0,124.80000305175781,339.50000762939453,95.50000190734863,
2023-06-12,672.0,287.6000061035156,730.9999847412109,1053.5999755859375,128.8000030517578,246.1999969482422,76.80000305175781,63.150001525878906,292.20001220703125,468.79998779296875,114.4000015258789,1696.5,223.99999618530273,233.60000610351562,327.99999237060547,211.39999389648438,32.760000228881836,50.29999923706055,14.979999542236328,136.39999389648438,130.0,125.0999984741211,335.99998474121094,93.69999885559082,
2023-06-13,685.5999755859375,294.79998779296875,750.9999847412109,1104.800048828125,132.6999969482422,245.0,79.5999984741211,66.80000305175781,297.20001220703125,469.3999938964844,116.30000305175781,1665.3000793457031,218.99999618530273,233.1999969482422,321.50001525878906,213.60000610351562,34.859999656677246,52.0,14.960000038146973,138.39999389648438,130.0,124.19999694824219,343.49998474121094,94.39999580383301,
2023-06-14,681.2000122070312,295.0,761.9999694824219,1120.0,132.39999389648438,258.20001220703125,83.19999694824219,71.19999694824219,281.6000061035156,460.6000061035156,116.5,1662.7000198364258,212.5,226.0,313.50000381469727,212.1999969482422,34.439998626708984,53.0,14.960000038146973,138.39999389648438,124.9000015258789,124.5,347.5,95.50000190734863,
2023-06-15,712.0,310.3999938964844,773.4999847412109,1167.199951171875,142.8000030517578,269.0,86.5999984741211,71.6500015258789,281.79998779296875,469.0,123.5,1456.0,228.50000381469727,245.60000610351562,325.49999237060547,219.0,35.40000057220459,54.29999923706055,14.960000038146973,143.0,124.9000015258789,124.5,353.49998474121094,100.0,
2023-06-16,732.7999877929688,314.79998779296875,778.4999847412109,1160.800048828125,143.39999389648438,269.6000061035156,90.19999694824219,77.80000305175781,282.20001220703125,476.0,122.9000015258789,1544.4000396728516,231.00000381469727,244.0,336.50001525878906,215.60000610351562,36.78000068664551,54.0,15.220000267028809,139.8000030517578,126.0,136.60000610351562,345.49999237060547,105.50000190734863,
2023-06-20,706.7999877929688,299.3999938964844,763.4999847412109,1141.5999755859375,132.10000610351562,266.6000061035156,85.0999984741211,70.55000305175781,278.20001220703125,460.20001220703125,118.0999984741211,1524.9000396728516,220.0,233.60000610351562,322.00000762939453,209.1999969482422,33.540000915527344,47.29999923706055,14.760000228881836,133.1999969482422,126.0,126.69999694824219,332.00000762939453,98.69999885559082,
2023-06-21,677.5999755859375,285.20001220703125,742.5,1122.4000244140625,122.30000305175781,272.3999938964844,87.0,73.3499984741211,274.6000061035156,450.6000061035156,113.30000305175781,1465.0999603271484,210.0,224.39999389648438,302.99999237060547,202.1999969482422,32.939998626708984,45.29999923706055,14.760000228881836,126.0,121.5999984741211,121.0999984741211,315.0,92.79999732971191,
2023-06-23,672.4000244140625,280.20001220703125,735.5000305175781,1105.5999755859375,120.19999694824219,264.3999938964844,79.19999694824219,68.5,275.3999938964844,446.6000061035156,106.69999694824219,1417.0,199.59999084472656,224.60000610351562,292.5,198.60000610351562,31.140000343322754,45.79999923706055,14.760000228881836,122.0,114.0,122.9000015258789,307.5,88.4000015258789,
2023-06-26,666.0,272.20001220703125,728.0000305175781,1096.800048828125,118.0,264.3999938964844,80.5,67.75,267.79998779296875,445.79998779296875,105.0,1436.5,201.00000381469727,228.8000030517578,292.00000762939453,198.5,30.839999198913574,44.900001525878906,14.760000228881836,124.0,114.0,127.4000015258789,300.49999237060547,90.0,
2023-06-27,683.5999755859375,279.3999938964844,764.0000152587891,1112.0,122.0,268.6000061035156,80.5,68.25,271.20001220703125,451.20001220703125,106.19999694824219,1424.7999801635742,207.99999237060547,233.1999969482422,301.49999618530273,203.8000030517578,31.19999885559082,45.70000076293945,14.760000228881836,131.60000610351562,114.19999694824219,123.30000305175781,307.5,90.69999694824219,
2023-06-28,674.7999877929688,276.0,764.0000152587891,1124.0,122.0,276.0,89.5,73.1500015258789,274.3999938964844,451.3999938964844,106.19999694824219,1407.9000396728516,207.99999237060547,227.60000610351562,317.5,199.60000610351562,30.839999198913574,47.0,14.739999771118164,136.60000610351562,114.19999694824219,134.3000030517578,312.5,88.99999618530273,
2023-06-29,657.5999755859375,265.79998779296875,763.0000305175781,1076.800048828125,117.4000015258789,270.20001220703125,90.5999984741211,72.3499984741211,273.20001220703125,437.6000061035156,103.19999694824219,1409.2000198364258,209.50000762939453,224.8000030517578,306.00000381469727,195.6999969482422,30.0,49.400001525878906,14.739999771118164,130.1999969482422,114.19999694824219,132.5,304.50000762939453,89.39999580383301,
2023-06-30,649.5999755859375,264.79998779296875,763.0000305175781,1062.4000244140625,116.69999694824219,271.0,100.0,75.8499984741211,272.6000061035156,441.6000061035156,102.5999984741211,1396.2000198364258,210.0,228.1999969482422,307.5,196.5,31.260000228881836,46.70000076293945,14.739999771118164,132.1999969482422,114.19999694824219,133.5,302.5,92.20000267028809,331.2000045776367
2023-07-03,668.4000244140625,276.6000061035156,775.0,1111.199951171875,122.9000015258789,294.0,116.5,82.0,280.0,453.0,105.4000015258789,1406.5999603271484,226.49999618530273,232.60000610351562,316.49999618530273,200.60000610351562,32.160000801086426,47.20000076293945,14.739999771118164,137.0,114.19999694824219,140.0,315.0,93.19999694824219,325.9199981689453
2023-07-05,661.2000122070312,277.3999938964844,775.5000305175781,1114.4000244140625,120.69999694824219,285.0,110.19999694824219,78.69999694824219,275.3999938964844,448.0,105.0,1506.7000198364258,236.49999618530273,225.1999969482422,315.49999237060547,194.39999389648438,31.5,49.0,14.739999771118164,134.8000030517578,114.19999694824219,140.0,312.5,96.5999984741211,316.7999954223633
2023-07-06,652.0,271.0,761.9999694824219,1101.5999755859375,116.5,279.20001220703125,115.19999694824219,78.19999694824219,269.79998779296875,436.0,101.0,1491.0999603271484,231.00000381469727,220.0,310.49999237060547,192.60000610351562,30.239999771118164,48.79999923706055,14.739999771118164,132.39999389648438,114.19999694824219,136.60000610351562,303.50000381469727,96.49999618530273,311.04000091552734
2023-07-07,674.4000244140625,269.3999938964844,738.0000305175781,1099.199951171875,115.19999694824219,274.3999938964844,109.19999694824219,75.0,262.3999938964844,430.79998779296875,101.30000305175781,1504.0999603271484,227.99999237060547,222.39999389648438,307.99999237060547,194.1999969482422,30.540000915527344,45.79999923706055,14.579999923706055,130.1999969482422,114.19999694824219,134.60000610351562,298.99999618530273,94.30000305175781,300.4800109863281
2023-07-10,696.0,274.0,752.5,1101.5999755859375,114.5,274.79998779296875,106.80000305175781,76.69999694824219,267.6000061035156,435.3999938964844,103.69999694824219,1487.2000198364258,222.99999237060547,224.8000030517578,329.00001525878906,193.8000030517578,30.780000686645508,45.099998474121094,14.579999923706055,133.39999389648438,114.19999694824219,141.6999969482422,306.49999618530273,94.49999809265137,296.1600036621094
2023-07-11,710.0,279.0,765.5000305175781,1113.5999755859375,116.69999694824219,286.79998779296875,116.30000305175781,85.75,277.6000061035156,447.6000061035156,107.30000305175781,1505.4000396728516,223.99999618530273,232.0,347.99999237060547,197.5,32.28000068664551,46.0,14.579999923706055,138.8000030517578,113.80000305175781,143.5,321.50001525878906,99.30000305175781,297.59999084472656
2023-07-12,718.7999877929688,283.20001220703125,785.5000305175781,1136.0,123.69999694824219,291.3999938964844,119.19999694824219,84.94999694824219,285.0,452.0,106.0,1483.2999801635742,221.49999618530273,238.1999969482422,360.49999237060547,205.39999389648438,33.0,49.900001525878906,14.220000267028809,139.1999969482422,113.80000305175781,146.0,329.50000762939453,97.29999542236328,296.1600036621094
2023-07-13,742.0,301.3999938964844,818.0000305175781,1186.4000244140625,133.0,291.20001220703125,116.69999694824219,85.44999694824219,294.20001220703125,466.0,112.5999984741211,1534.0,227.00000762939453,243.8000030517578,364.00001525878906,210.0,34.97999954223633,51.20000076293945,13.899999618530273,143.0,116.0999984741211,150.0,334.50000762939453,103.99999618530273,299.5199890136719
2023-07-14,743.5999755859375,301.0,834.4999694824219,1183.199951171875,133.5,288.0,113.0,82.44999694824219,291.79998779296875,469.6000061035156,112.4000015258789,1527.5,222.00000762939453,245.8000030517578,360.49999237060547,212.39999389648438,34.02000045776367,51.400001525878906,13.899999618530273,150.39999389648438,116.4000015258789,162.0,337.99999237060547,103.75,298.5599899291992
2023-07-18,717.5999755859375,287.0,825.5000305175781,1155.199951171875,126.9000015258789,295.0,114.0999984741211,82.55000305175781,288.79998779296875,468.6000061035156,108.0,1527.5,230.0,231.39999389648438,354.50000762939453,209.1999969482422,33.359999656677246,51.0,13.899999618530273,144.39999389648438,116.4000015258789,152.0,335.0,101.75000190734863,295.67999267578125
2023-07-19,722.7999877929688,285.6000061035156,815.5000305175781,1136.800048828125,124.19999694824219,291.6000061035156,114.4000015258789,82.1500015258789,286.0,458.79998779296875,106.0,1524.9000396728516,230.49999237060547,229.8000030517578,350.0,209.39999389648438,32.8199987411499,50.099998474121094,12.0,143.0,116.4000015258789,144.5,330.49999237060547,100.50000190734863,297.12000274658203
2023-07-20,716.0,285.79998779296875,801.9999694824219,1124.800048828125,122.0999984741211,288.6000061035156,115.0999984741211,81.94999694824219,288.20001220703125,455.3999938964844,108.0,1515.7999801635742,226.00000381469727,224.8000030517578,356.50001525878906,203.1999969482422,32.459999084472656,51.099998474121094,11.859999656677246,141.1999969482422,116.4000015258789,144.10000610351562,319.50000762939453,98.19999694824219,295.67999267578125
2023-07-21,730.4000244140625,290.3999938964844,800.9999847412109,1124.800048828125,122.4000015258789,289.6000061035156,116.69999694824219,81.55000305175781,289.3999938964844,461.3999938964844,107.30000305175781,1537.9000396728516,233.50000381469727,231.8000030517578,374.00001525878906,203.0,31.859999656677246,50.20000076293945,11.859999656677246,145.0,116.4000015258789,144.3000030517578,323.49998474121094,101.00000381469727,295.67999267578125
2023-07-24,716.4000244140625,282.79998779296875,790.0,1082.4000244140625,121.5,284.6000061035156,115.30000305175781,83.25,283.3999938964844,452.6000061035156,104.0,1548.2999801635742,238.50000381469727,223.39999389648438,382.00000762939453,200.60000610351562,31.07999897003174,44.70000076293945,11.979999542236328,144.8000030517578,116.4000015258789,142.39999389648438,320.0,103.50000381469727,261.59999084472656
2023-07-25,761.2000122070312,304.6000061035156,825.0,1174.4000244140625,136.5,299.6000061035156,130.0,91.80000305175781,296.6000061035156,463.6000061035156,113.5999984741211,1550.9000396728516,243.99999618530273,235.60000610351562,395.0,207.39999389648438,33.839999198913574,50.79999923706055,11.979999542236328,161.60000610351562,116.4000015258789,153.3000030517578,342.00000762939453,108.99999618530273,294.7199935913086
2023-07-26,750.7999877929688,299.0,836.9999694824219,1152.800048828125,133.0,297.79998779296875,121.0,92.44999694824219,296.0,463.20001220703125,112.30000305175781,1557.4000396728516,240.0,239.39999389648438,397.99999237060547,208.0,33.30000114440918,51.20000076293945,11.979999542236328,164.1999969482422,116.4000015258789,150.0,336.50001525878906,113.00000190734863,300.4800109863281
2023-07-27,763.5999755859375,302.6000061035156,852.5,1165.5999755859375,132.10000610351562,305.79998779296875,162.0,104.80000305175781,301.20001220703125,472.79998779296875,113.4000015258789,1610.7000198364258,245.49999237060547,238.0,411.50001525878906,213.39999389648438,35.640000343322754,54.400001525878906,11.979999542236328,164.39999389648438,116.4000015258789,157.5,350.0,113.75,309.59999084472656
2023-07-28,767.2000122070312,306.79998779296875,842.5,1189.5999755859375,137.5,321.79998779296875,170.1999969482422,109.4000015258789,307.6000061035156,470.0,116.30000305175781,1700.4000396728516,246.00000381469727,243.39999389648438,440.0,211.39999389648438,37.140000343322754,54.0,11.979999542236328,163.0,116.4000015258789,156.0,356.50001525878906,116.99999809265137,309.59999084472656
2023-07-31,780.0,319.6000061035156,847.5,1223.199951171875,143.0,331.79998779296875,173.5,116.19999694824219,311.3999938964844,477.0,118.5999984741211,1690.0,246.49999618530273,254.0,458.49998474121094,214.60000610351562,39.11999988555908,56.599998474121094,11.699999809265137,162.1999969482422,117.5,153.1999969482422,369.50000762939453,115.0,304.7999954223633
2023-08-01,782.7999877929688,316.3999938964844,858.0000305175781,1217.5999755859375,144.60000610351562,339.79998779296875,165.39999389648438,117.0999984741211,318.0,475.3999938964844,121.0,1665.3000793457031,235.0,246.39999389648438,439.50000762939453,210.1999969482422,38.69999885559082,54.099998474121094,11.699999809265137,162.39999389648438,117.5,152.10000610351562,365.99998474121094,118.75,297.59999084472656
2023-08-02,761.2000122070312,305.3999938964844,841.5000152587891,1172.0,134.5,336.6000061035156,141.1999969482422,107.5,310.20001220703125,444.0,115.19999694824219,1593.7999801635742,222.00000762939453,241.8000030517578,430.0,205.60000610351562,36.0,52.599998474121094,12.34000015258789,161.1999969482422,120.0,142.89999389648438,350.99998474121094,113.99999618530273,269.75999450683594
2023-08-03,745.2000122070312,300.6000061035156,843.4999847412109,1158.4000244140625,135.1999969482422,349.79998779296875,146.8000030517578,115.80000305175781,305.3999938964844,441.0,113.4000015258789,1540.5,215.49999237060547,238.0,432.99999237060547,206.60000610351562,36.30000114440918,52.70000076293945,12.180000305175781,159.8000030517578,120.0,142.0,353.49998474121094,119.75000381469727,293.75999450683594
2023-08-04,761.2000122070312,310.0,864.4999694824219,1176.0,144.10000610351562,359.0,149.89999389648438,122.5999984741211,314.3999938964844,443.6000061035156,116.19999694824219,1635.4000396728516,217.00000762939453,238.60000610351562,444.00001525878906,209.39999389648438,37.02000045776367,52.900001525878906,12.100000381469727,164.39999389648438,120.0,143.1999969482422,359.50000762939453,122.5,281.75999450683594
2023-08-07,764.7999877929688,310.3999938964844,859.4999694824219,1172.0,142.1999969482422,368.6000061035156,149.3000030517578,119.30000305175781,315.0,443.0,114.0,1514.5,211.00000381469727,240.0,447.99999237060547,207.8000030517578,36.78000068664551,53.0,12.079999923706055,166.0,120.0,136.6999969482422,360.0,108.00000190734863,302.87999725341797
2023-08-08,744.4000244140625,296.79998779296875,840.9999847412109,1126.4000244140625,135.60000610351562,355.0,143.39999389648438,113.19999694824219,314.79998779296875,440.20001220703125,107.4000015258789,1496.2999801635742,204.50000762939453,238.0,426.50001525878906,205.60000610351562,35.52000045776367,49.79999923706055,11.920000076293945,159.0,120.0,136.6999969482422,355.99998474121094,111.25,305.2800064086914
2023-08-09,752.7999877929688,298.20001220703125,843.4999847412109,1128.0,136.89999389648438,335.3999938964844,138.1999969482422,110.30000305175781,317.79998779296875,446.3999938964844,109.69999694824219,1539.2000198364258,197.00000762939453,234.39999389648438,427.00000762939453,207.60000610351562,35.40000057220459,49.79999923706055,11.899999618530273,162.1999969482422,120.0,137.0,367.00000762939453,113.50000381469727,304.32000732421875
2023-08-10,754.4000244140625,298.20001220703125,851.5000152587891,1124.800048828125,135.60000610351562,343.6000061035156,135.8000030517578,106.19999694824219,326.3999938964844,444.20001220703125,110.19999694824219,1561.2999801635742,203.99999618530273,240.39999389648438,426.50001525878906,206.39999389648438,34.97999954223633,50.0,11.880000114440918,163.1999969482422,120.0,140.10000610351562,370.99998474121094,114.75000381469727,298.5599899291992
2023-08-11,762.4000244140625,292.20001220703125,818.0000305175781,1102.4000244140625,131.0,330.79998779296875,132.1999969482422,103.19999694824219,320.0,436.3999938964844,108.4000015258789,1540.5,203.99999618530273,230.60000610351562,415.99998474121094,201.39999389648438,33.78000068664551,48.79999923706055,11.880000114440918,156.0,120.0,140.10000610351562,352.99999237060547,109.25000190734863,309.12000274658203
2023-08-14,742.4000244140625,288.3999938964844,810.9999847412109,1076.800048828125,130.39999389648438,321.79998779296875,128.1999969482422,99.9000015258789,314.79998779296875,430.3999938964844,107.5999984741211,1583.4000396728516,202.00000762939453,228.60000610351562,415.0,198.60000610351562,32.69999885559082,47.0,11.880000114440918,152.60000610351562,120.0,131.3000030517578,347.5,111.25,317.75999450683594
2023-08-15,729.5999755859375,284.3999938964844,811.5000152587891,1074.4000244140625,127.0999984741211,317.79998779296875,129.6999969482422,97.3499984741211,314.0,428.79998779296875,106.4000015258789,1622.4000396728516,200.0,230.8000030517578,415.49999237060547,199.5,32.459999084472656,45.099998474121094,11.800000190734863,158.0,120.0,127.9000015258789,354.00001525878906,112.5,305.75999450683594
2023-08-16,714.0,281.20001220703125,811.9999694824219,1044.800048828125,123.19999694824219,316.6000061035156,125.0999984741211,92.0,314.6000061035156,423.0,105.9000015258789,1567.7999801635742,195.0,232.0,397.99999237060547,198.5,32.040000915527344,43.5,11.800000190734863,162.0,120.0,125.9000015258789,358.49998474121094,110.24999618530273,309.59999084472656
2023-08-17,720.7999877929688,277.20001220703125,809.4999694824219,1036.800048828125,124.0,328.0,130.60000610351562,93.0,311.20001220703125,428.79998779296875,106.0,1511.9000396728516,192.00000762939453,238.1999969482422,415.99998474121094,198.89999389648438,32.40000057220459,42.599998474121094,11.800000190734863,160.39999389648438,120.0,125.30000305175781,357.00000762939453,110.50000190734863,313.9199981689453
2023-08-18,696.0,262.3999938964844,782.5,1008.7999877929688,116.9000015258789,310.79998779296875,122.0,87.8499984741211,299.6000061035156,416.6000061035156,101.69999694824219,1491.0999603271484,181.5999984741211,233.1999969482422,404.00001525878906,193.60000610351562,30.30000114440918,41.900001525878906,10.979999542236328,157.0,120.0,126.5999984741211,342.00000762939453,106.75000190734863,390.24000549316406
2023-08-21,685.5999755859375,258.0,778.4999847412109,975.2000122070312,113.4000015258789,303.0,124.0,84.9000015258789,294.20001220703125,407.0,97.80000305175781,1504.0999603271484,188.4000015258789,236.60000610351562,401.50001525878906,179.60000610351562,29.310001373291016,41.5,11.15999984741211,156.8000030517578,120.0,126.5999984741211,337.5,106.00000381469727,402.7200164794922
2023-08-22,698.7999877929688,262.6000061035156,795.9999847412109,984.0,118.9000015258789,312.3999938964844,130.1999969482422,86.94999694824219,298.79998779296875,415.3999938964844,102.0,1518.4000396728516,193.1999969482422,232.8000030517578,422.00000762939453,184.3000030517578,29.640000343322754,43.20000076293945,11.100000381469727,168.1999969482422,120.0,127.80000305175781,337.99999237060547,107.74999618530273,363.3600082397461
2023-08-23,698.4000244140625,262.0,794.0000152587891,1027.199951171875,116.69999694824219,304.0,124.9000015258789,85.5999984741211,304.0,411.79998779296875,104.19999694824219,1532.7000198364258,189.59999084472656,237.60000610351562,417.00000762939453,185.60000610351562,29.040000915527344,40.20000076293945,11.399999618530273,178.60000610351562,120.0,125.5999984741211,342.99999237060547,106.75000190734863,354.7199935913086
2023-08-24,716.4000244140625,266.3999938964844,823.0000305175781,1075.199951171875,120.30000305175781,312.0,131.0,87.0999984741211,317.79998779296875,421.3999938964844,106.5999984741211,1601.5999603271484,196.00000381469727,236.39999389648438,439.00001525878906,192.10000610351562,30.359999656677246,40.0,13.819999694824219,188.8000030517578,120.0,125.5999984741211,360.49999237060547,113.99999618530273,336.0
2023-08-25,700.0,260.0,767.5,1055.199951171875,115.9000015258789,304.6000061035156,130.1999969482422,83.5,311.6000061035156,419.20001220703125,106.5,1548.2999801635742,188.99999618530273,229.60000610351562,432.5,190.0,28.82999897003174,37.959999084472656,12.899999618530273,179.8000030517578,120.0,125.4000015258789,325.49999237060547,113.00000190734863,326.40000915527344
2023-08-28,711.2000122070312,262.20001220703125,790.0,1061.5999755859375,114.5,310.0,144.39999389648438,86.5,308.79998779296875,418.79998779296875,98.80000305175781,1592.5,192.80000686645508,228.60000610351562,430.0,192.0,28.5,38.7599983215332,12.899999618530273,185.0,116.30000305175781,127.80000305175781,317.5,116.00000381469727,347.04000091552734
2023-08-29,727.2000122070312,267.6000061035156,818.0000305175781,1084.800048828125,119.9000015258789,323.0,148.60000610351562,88.55000305175781,310.3999938964844,422.0,107.80000305175781,1682.1999206542969,184.40000534057617,237.1999969482422,426.50001525878906,191.8000030517578,31.5,39.439998626708984,12.960000038146973,184.60000610351562,116.30000305175781,129.6999969482422,322.99999237060547,123.99999618530273,355.2000045776367
2023-08-30,722.7999877929688,263.6000061035156,813.0000305175781,1092.0,120.80000305175781,322.20001220703125,146.10000610351562,82.0,306.79998779296875,415.3999938964844,102.4000015258789,1701.6999206542969,194.20000076293945,229.0,426.50001525878906,184.5,30.30000114440918,40.0,12.960000038146973,199.60000610351562,114.69999694824219,131.1999969482422,316.49999618530273,121.00000381469727,339.3600082397461
2023-08-31,721.5999755859375,257.6000061035156,819.0000152587891,1115.199951171875,117.30000305175781,323.20001220703125,147.10000610351562,83.75,309.3999938964844,418.0,101.80000305175781,1653.5999603271484,209.50000762939453,224.60000610351562,423.49998474121094,190.5,30.239999771118164,38.599998474121094,12.960000038146973,204.60000610351562,114.69999694824219,133.39999389648438,317.00000762939453,120.50000190734863,345.12000274658203
2023-09-05,738.7999877929688,264.3999938964844,804.0000152587891,1136.0,119.0,316.0,147.6999969482422,85.4000015258789,304.0,420.79998779296875,104.30000305175781,1628.9000396728516,229.50000762939453,225.1999969482422,453.49998474121094,194.39999389648438,30.959999084472656,40.099998474121094,14.15999984741211,223.8000030517578,115.0,139.3000030517578,319.50000762939453,118.24999809265137,374.87999725341797
2023-09-06,738.0,265.20001220703125,788.0000305175781,1117.5999755859375,119.4000015258789,311.0,146.60000610351562,84.1500015258789,302.20001220703125,418.79998779296875,102.69999694824219,1601.5999603271484,222.00000762939453,230.39999389648438,442.5,197.8000030517578,30.780000686645508,40.099998474121094,14.100000381469727,211.60000610351562,115.0,136.0,316.49999618530273,116.25,394.0800018310547
2023-09-07,726.4000244140625,257.0,778.0000305175781,1096.0,116.5,309.20001220703125,146.1999969482422,81.94999694824219,290.79998779296875,406.79998779296875,102.0999984741211,1569.0999603271484,214.50000762939453,228.0,431.50001525878906,192.3000030517578,30.59999942779541,39.720001220703125,14.079999923706055,214.8000030517578,115.0,136.89999389648438,305.0,113.75,394.0800018310547
2023-09-11,704.4000244140625,251.1999969482422,800.5000305175781,1096.0,111.5,309.6000061035156,143.5,80.8499984741211,288.20001220703125,408.79998779296875,99.0999984741211,1636.7000198364258,215.0,235.60000610351562,441.50001525878906,190.1999969482422,28.589999198913574,38.2400016784668,14.039999961853027,215.0,115.0,126.5999984741211,308.50000381469727,120.24999618530273,434.88002014160156
2023-09-12,690.4000244140625,249.39999389648438,797.5,1091.199951171875,110.0,314.0,145.60000610351562,81.1500015258789,284.0,409.3999938964844,97.9000015258789,1657.5,205.0,228.1999969482422,454.50000762939453,185.8000030517578,26.760000228881836,39.31999969482422,14.020000457763672,221.60000610351562,115.0,122.69999694824219,303.99999618530273,118.99999618530273,426.24000549316406
2023-09-13,684.4000244140625,247.39999389648438,791.9999694824219,1080.800048828125,108.69999694824219,313.6000061035156,142.0,80.44999694824219,285.6000061035156,414.20001220703125,95.25,1613.2999801635742,206.00000381469727,228.1999969482422,455.49999237060547,186.10000610351562,25.80000114440918,38.0,14.0,219.60000610351562,115.0,122.5999984741211,311.49999618530273,116.75000190734863,427.67999267578125
2023-09-14,687.2000122070312,248.0,793.4999847412109,1080.0,108.80000305175781,318.0,142.5,79.69999694824219,281.3999938964844,434.0,94.75,1582.0999603271484,201.49999618530273,226.1999969482422,462.00000762939453,191.8000030517578,25.589999198913574,37.959999084472656,13.579999923706055,227.8000030517578,115.0,123.80000305175781,313.99999618530273,116.99999809265137,372.95999908447266
2023-09-15,690.0,249.1999969482422,805.0,1073.5999755859375,109.30000305175781,321.3999938964844,145.60000610351562,84.0,284.3999938964844,452.0,94.80000305175781,1606.7999801635742,203.50000381469727,231.39999389648438,461.50001525878906,203.39999389648438,26.729999542236328,38.0,13.5,233.8000030517578,115.0,128.89999389648438,324.00001525878906,117.74999618530273,348.95999908447266
2023-09-18,673.5999755859375,242.0,791.5000152587891,1057.5999755859375,106.0999984741211,309.0,144.0,82.05000305175781,282.6000061035156,452.0,92.5,1623.7000198364258,207.5,228.39999389648438,450.0,196.10000610351562,25.94999885559082,36.63999938964844,13.100000381469727,219.39999389648438,115.0,127.69999694824219,316.49999618530273,127.5,364.32000732421875
2023-09-19,678.4000244140625,239.1999969482422,800.5000305175781,1047.199951171875,106.9000015258789,300.6000061035156,144.3000030517578,78.4000015258789,283.20001220703125,453.3999938964844,93.05000305175781,1651.0,201.00000381469727,231.8000030517578,445.99998474121094,193.6999969482422,25.979999542236328,35.20000076293945,12.720000267028809,209.0,115.0,120.5999984741211,320.0,128.50000381469727,397.4399871826172
2023-09-20,676.0,236.0,775.0,1027.199951171875,105.30000305175781,304.20001220703125,136.1999969482422,69.0999984741211,279.6000061035156,445.79998779296875,92.6500015258789,1573.0,197.39999771118164,228.0,439.00001525878906,191.6999969482422,25.469999313354492,34.439998626708984,12.0,201.1999969482422,115.0,121.5999984741211,311.00000381469727,124.25000190734863,362.40000915527344
2023-09-21,661.2000122070312,233.39999389648438,761.9999694824219,1008.7999877929688,102.4000015258789,301.3999938964844,126.80000305175781,69.80000305175781,280.3999938964844,439.79998779296875,92.0,1458.5999603271484,192.39999771118164,225.60000610351562,432.5,191.10000610351562,24.479999542236328,34.47999954223633,11.979999542236328,196.8000030517578,115.0,114.4000015258789,307.00000762939453,121.99999809265137,365.75999450683594
2023-09-22,687.2000122070312,240.60000610351562,809.4999694824219,1036.800048828125,107.30000305175781,313.6000061035156,133.8000030517578,68.44999694824219,287.3999938964844,445.6000061035156,95.6500015258789,1492.4000396728516,195.40000915527344,238.39999389648438,440.0,192.89999389648438,25.260000228881836,34.84000015258789,11.920000076293945,207.0,116.0,122.5,314.50000762939453,125.24999618530273,369.12000274658203
2023-09-25,674.7999877929688,230.8000030517578,790.0,1019.2000122070312,104.0999984741211,289.3999938964844,131.39999389648438,65.30000305175781,275.20001220703125,443.79998779296875,94.5,1509.2999801635742,192.80000686645508,232.60000610351562,420.99998474121094,187.0,24.59999942779541,35.400001525878906,11.880000114440918,199.8000030517578,116.0,119.5999984741211,302.5,128.75,379.2000045776367
2023-09-26,671.5999755859375,224.60000610351562,784.0000152587891,1028.0,103.4000015258789,275.79998779296875,127.19999694824219,63.70000076293945,275.79998779296875,437.20001220703125,94.5999984741211,1470.2999801635742,187.80000686645508,230.8000030517578,427.5,187.8000030517578,24.32999897003174,35.400001525878906,11.84000015258789,205.8000030517578,116.0,119.5999984741211,300.0,127.25000381469727,368.1600036621094
2023-09-27,676.0,226.8000030517578,775.9999847412109,1032.800048828125,105.30000305175781,275.79998779296875,127.80000305175781,65.55000305175781,277.6000061035156,442.0,94.4000015258789,1504.0999603271484,197.60000228881836,236.60000610351562,458.49998474121094,189.0,23.700000286102295,34.63999938964844,11.779999732971191,206.60000610351562,116.0,120.19999694824219,300.49999237060547,133.99999618530273,369.59999084472656
2023-09-28,664.0,222.1999969482422,755.9999847412109,1030.4000244140625,103.4000015258789,267.0,129.10000610351562,65.44999694824219,272.20001220703125,433.6000061035156,94.75,1459.9000396728516,191.5999984741211,230.60000610351562,460.99998474121094,188.1999969482422,23.280000686645508,34.63999938964844,11.779999732971191,198.1999969482422,116.0,117.30000305175781,292.99999237060547,134.25000190734863,376.32000732421875
2023-09-29,684.7999877929688,230.1999969482422,797.5,1067.199951171875,108.30000305175781,276.6000061035156,139.89999389648438,71.44999694824219,279.20001220703125,441.79998779296875,100.19999694824219,1398.7999801635742,189.40000534057617,236.60000610351562,477.00000762939453,190.5,23.489999771118164,34.439998626708984,11.779999732971191,208.1999969482422,116.0,117.5,308.50000381469727,133.24999809265137,384.0
2023-10-03,664.7999877929688,222.8000030517578,769.0000152587891,1035.199951171875,104.5,268.20001220703125,139.0,67.44999694824219,269.20001220703125,430.6000061035156,96.19999694824219,1370.2000198364258,181.5999984741211,230.0,455.99998474121094,185.8000030517578,22.71000051498413,34.2400016784668,11.65999984741211,199.1999969482422,116.0,118.30000305175781,301.00000381469727,131.25,354.7199935913086
2023-10-04,654.0,220.60000610351562,763.4999847412109,992.7999877929688,103.69999694824219,266.6000061035156,133.60000610351562,66.30000305175781,259.0,422.0,93.25,1328.5999603271484,178.1999969482422,226.39999389648438,454.00001525878906,184.5,22.320000171661377,34.0,11.4399995803833,197.1999969482422,116.0,118.0,294.50000762939453,128.50000381469727,355.2000045776367
2023-10-05,650.7999877929688,223.0,770.9999847412109,1000.0,102.5,270.79998779296875,140.0,68.1500015258789,257.6000061035156,417.79998779296875,94.1500015258789,1322.0999603271484,178.99999618530273,227.0,460.0,185.0,22.28999948501587,34.79999923706055,11.300000190734863,192.8000030517578,116.0,117.0999984741211,290.0,128.24999809265137,346.0800018310547
2023-10-06,663.2000122070312,226.39999389648438,784.4999694824219,1022.4000244140625,105.0,270.20001220703125,139.39999389648438,67.6500015258789,260.6000061035156,417.3999938964844,92.6500015258789,1358.5,183.60000610351562,230.1999969482422,469.50000762939453,189.5,23.130000114440918,34.79999923706055,11.300000190734863,191.60000610351562,116.0,120.5999984741211,296.00000381469727,128.50000381469727,350.40000915527344
2023-10-09,656.7999877929688,227.60000610351562,800.9999847412109,1032.0,104.69999694824219,267.79998779296875,135.10000610351562,66.80000305175781,259.79998779296875,422.3999938964844,96.5,1374.0999603271484,188.4000015258789,226.0,469.50000762939453,192.0,23.760000228881836,35.08000183105469,11.300000190734863,196.39999389648438,116.0,119.19999694824219,287.5,132.25000381469727,357.59999084472656
2023-10-10,667.2000122070312,230.8000030517578,826.9999694824219,1038.4000244140625,106.19999694824219,265.6000061035156,128.89999389648438,65.25,261.79998779296875,423.3999938964844,99.69999694824219,1359.7999801635742,185.59999465942383,231.8000030517578,487.5,191.6999969482422,23.669999599456787,35.08000183105469,11.300000190734863,208.60000610351562,115.9000015258789,124.0,281.49999618530273,127.25000381469727,345.12000274658203
2023-10-11,676.7999877929688,234.1999969482422,830.0,1042.4000244140625,111.80000305175781,274.79998779296875,132.39999389648438,68.9000015258789,265.79998779296875,430.20001220703125,102.5,1435.2000198364258,197.00000762939453,233.0,492.5,192.1999969482422,24.59999942779541,35.91999816894531,11.5,206.0,115.9000015258789,121.5,291.00000381469727,133.00000190734863,315.8399963378906
2023-10-12,686.7999877929688,235.39999389648438,855.0,1052.0,115.30000305175781,277.79998779296875,134.1999969482422,69.6500015258789,271.79998779296875,435.0,103.4000015258789,1472.9000396728516,200.0,235.0,512.0000076293945,191.6999969482422,24.44999885559082,35.959999084472656,11.239999771118164,203.39999389648438,115.9000015258789,131.60000610351562,291.49999618530273,141.25,319.2000045776367
2023-10-13,660.7999877929688,208.39999389648438,818.4999847412109,996.7999877929688,108.0,269.20001220703125,129.39999389648438,65.94999694824219,261.79998779296875,422.0,99.4000015258789,1397.5,191.39999389648438,227.60000610351562,490.49999237060547,186.6999969482422,23.609999656677246,35.20000076293945,11.239999771118164,198.8000030517578,115.9000015258789,131.0,280.0,143.00000190734863,306.24000549316406
2023-10-16,650.4000244140625,207.39999389648438,814.0000152587891,971.2000122070312,104.5999984741211,259.3999938964844,123.19999694824219,65.3499984741211,255.60000610351562,415.3999938964844,94.19999694824219,1372.7999801635742,195.79999923706055,223.0,482.99999237060547,186.3000030517578,23.429999828338623,35.08000183105469,11.239999771118164,199.39999389648438,115.9000015258789,130.89999389648438,271.00000381469727,144.75000381469727,299.04000091552734
2023-10-17,656.0,212.0,817.5,955.2000122070312,105.5999984741211,259.6000061035156,119.19999694824219,66.1500015258789,258.79998779296875,411.20001220703125,95.5,1358.5,197.19999313354492,224.0,487.5,185.8000030517578,23.609999656677246,34.79999923706055,11.84000015258789,203.60000610351562,115.9000015258789,123.9000015258789,274.50000762939453,145.0,294.24000549316406
2023-10-18,651.5999755859375,205.60000610351562,815.9999847412109,909.5999755859375,104.69999694824219,261.3999938964844,117.5999984741211,66.94999694824219,258.20001220703125,409.79998779296875,94.19999694824219,1316.9000396728516,191.39999389648438,220.0,485.49999237060547,185.8000030517578,23.09999942779541,34.119998931884766,11.859999656677246,200.39999389648438,115.9000015258789,121.30000305175781,267.5,135.74999809265137,280.7999954223633
2023-10-19,633.2000122070312,194.39999389648438,799.0000152587891,861.5999755859375,99.0,250.8000030517578,107.0999984741211,61.599998474121094,253.8000030517578,409.20001220703125,92.6500015258789,1287.6500396728516,190.40000915527344,216.0,481.50001525878906,184.0,21.59999942779541,33.400001525878906,11.859999656677246,200.60000610351562,115.9000015258789,121.0999984741211,263.50000381469727,133.99999618530273,270.7199935913086
2023-10-20,628.0,193.3000030517578,791.5000152587891,834.4000244140625,98.0999984741211,250.60000610351562,107.30000305175781,59.29999923706055,252.60000610351562,404.3999938964844,90.25,1230.4500198364258,184.59999084472656,210.8000030517578,468.49998474121094,181.8000030517578,21.270000457763672,32.84000015258789,11.859999656677246,196.8000030517578,115.9000015258789,110.4000015258789,262.99999237060547,135.24999618530273,266.40000915527344
2023-10-24,617.5999755859375,187.8000030517578,784.0000152587891,830.4000244140625,98.4000015258789,254.39999389648438,110.30000305175781,58.54999923706055,258.6000061035156,403.79998779296875,88.8499984741211,1309.0999603271484,188.4000015258789,209.60000610351562,475.0,181.5,20.90999937057495,31.15999984741211,11.819999694824219,203.39999389648438,115.9000015258789,111.5,277.5,137.5,259.67999267578125
2023-10-25,634.4000244140625,193.3000030517578,810.0,847.2000122070312,103.4000015258789,267.6000061035156,115.69999694824219,61.45000076293945,266.0,414.20001220703125,92.5,1328.5999603271484,196.39999389648438,211.39999389648438,480.0,183.39999389648438,21.239999771118164,31.440000534057617,11.260000228881836,214.60000610351562,115.9000015258789,116.0999984741211,286.00000381469727,138.50000381469727,252.0
2023-10-26,638.0,196.1999969482422,818.0000305175781,845.5999755859375,102.0999984741211,268.3999938964844,113.5999984741211,59.650001525878906,269.3999938964844,412.3999938964844,93.25,1293.5,184.20000076293945,214.8000030517578,510.0,185.39999389648438,21.84000062942505,31.440000534057617,12.119999885559082,204.1999969482422,115.9000015258789,114.5999984741211,285.0,136.49999618530273,239.75999450683594
2023-10-27,659.2000122070312,202.8000030517578,846.5000152587891,856.0,106.5999984741211,278.6000061035156,119.30000305175781,61.099998474121094,277.20001220703125,415.3999938964844,94.69999694824219,1366.2999801635742,191.20000839233398,209.60000610351562,523.4999847412109,184.8000030517578,22.679999828338623,31.600000381469727,12.119999885559082,209.39999389648438,115.9000015258789,116.0,297.99999237060547,147.25000381469727,254.87999725341797
2023-10-30,654.7999877929688,202.60000610351562,850.0,856.7999877929688,108.0999984741211,276.79998779296875,118.69999694824219,59.900001525878906,279.6000061035156,416.3999938964844,96.55000305175781,1475.5,196.5999984741211,213.39999389648438,515.4999923706055,185.1999969482422,23.19000005722046,31.8799991607666,12.119999885559082,209.1999969482422,115.9000015258789,118.69999694824219,299.50000762939453,162.25000381469727,263.5199890136719
2023-10-31,640.4000244140625,199.60000610351562,841.5000152587891,821.5999755859375,105.9000015258789,267.3999938964844,115.5999984741211,57.900001525878906,268.79998779296875,409.3999938964844,91.75,1472.9000396728516,198.4000015258789,204.1999969482422,512.0000076293945,183.10000610351562,22.950000286102295,31.84000015258789,12.119999885559082,205.1999969482422,115.9000015258789,114.30000305175781,292.5,156.99999809265137,268.32000732421875
2023-11-01,636.7999877929688,197.5,838.0000305175781,812.7999877929688,102.30000305175781,266.20001220703125,115.0,56.79999923706055,262.20001220703125,356.20001220703125,92.25,1456.0,193.99999618530273,208.1999969482422,510.0,182.8000030517578,22.65000057220459,31.600000381469727,11.380000114440918,199.60000610351562,115.9000015258789,115.80000305175781,287.5,156.75000190734863,272.6399917602539
2023-11-02,644.0,198.8000030517578,845.9999847412109,824.7999877929688,105.4000015258789,273.6000061035156,123.69999694824219,58.099998474121094,260.6000061035156,350.0,91.80000305175781,1427.4000396728516,198.60000610351562,206.8000030517578,520.4999923706055,184.10000610351562,22.380000114440918,31.399999618530273,12.460000038146973,200.8000030517578,115.9000015258789,113.5999984741211,280.0,156.00000381469727,260.6399917602539
2023-11-03,662.7999877929688,206.1999969482422,865.5000305175781,842.4000244140625,113.30000305175781,279.79998779296875,129.3000030517578,61.400001525878906,260.20001220703125,368.6000061035156,93.55000305175781,1465.0999603271484,203.99999618530273,213.8000030517578,526.5000152587891,188.5,23.84999942779541,32.400001525878906,12.920000076293945,203.0,115.9000015258789,113.5999984741211,281.00000381469727,158.24999809265137,275.04000091552734
2023-11-06,678.7999877929688,214.0,878.0000305175781,865.5999755859375,119.0,311.3999938964844,139.39999389648438,65.80000305175781,268.79998779296875,362.0,97.1500015258789,1605.5,222.5,209.1999969482422,528.4999847412109,192.0,24.869999885559082,35.79999923706055,12.920000076293945,213.0,115.9000015258789,124.4000015258789,291.49999618530273,160.0,275.04000091552734
2023-11-07,665.2000122070312,209.1999969482422,870.0,851.2000122070312,116.0,311.79998779296875,138.10000610351562,62.5,265.3999938964844,350.20001220703125,95.80000305175781,1540.5,220.0,211.0,517.0000076293945,189.89999389648438,23.880000114440918,35.720001220703125,12.9399995803833,208.39999389648438,115.9000015258789,124.0,276.00000381469727,158.24999809265137,266.40000915527344
2023-11-08,660.0,207.39999389648438,869.0000152587891,843.2000122070312,113.5999984741211,298.6000061035156,127.9000015258789,61.0,261.79998779296875,351.3999938964844,93.19999694824219,1560.0,229.50000762939453,204.0,527.0000076293945,186.8000030517578,23.40000057220459,34.20000076293945,12.9399995803833,212.39999389648438,115.9000015258789,121.19999694824219,275.49999237060547,155.0,250.0800018310547
2023-11-09,657.2000122070312,204.1999969482422,884.0000152587891,837.5999755859375,114.80000305175781,309.79998779296875,129.60000610351562,61.650001525878906,262.3999938964844,344.0,93.8499984741211,1523.5999603271484,233.50000381469727,208.1999969482422,539.0000152587891,186.6999969482422,23.19000005722046,34.20000076293945,12.9399995803833,210.39999389648438,115.9000015258789,120.0,273.50000381469727,147.25000381469727,235.67999267578125
2023-11-10,636.7999877929688,198.0,875.9999847412109,810.4000244140625,109.30000305175781,289.79998779296875,121.30000305175781,58.349998474121094,260.6000061035156,339.20001220703125,87.80000305175781,1521.0,217.99999237060547,204.60000610351562,525.0,184.0,21.869999885559082,33.79999923706055,12.859999656677246,197.8000030517578,115.9000015258789,120.0,265.0,147.5,246.7199935913086
2023-11-13,645.2000122070312,201.60000610351562,895.0,836.7999877929688,112.69999694824219,297.6000061035156,121.9000015258789,57.849998474121094,269.20001220703125,352.20001220703125,90.05000305175781,1554.7999801635742,215.49999237060547,211.1999969482422,537.9999923706055,187.89999389648438,22.200000286102295,33.0,13.199999809265137,198.8000030517578,115.9000015258789,120.0,273.50000381469727,146.99999809265137,234.24000549316406
2023-11-14,633.5999755859375,199.10000610351562,874.0000152587891,830.4000244140625,111.19999694824219,302.3999938964844,126.0,56.54999923706055,272.0,343.0,88.5,1540.5,213.50000381469727,209.0,535.9999847412109,185.3000030517578,22.200000286102295,32.0,13.199999809265137,199.0,115.9000015258789,120.0,271.49999618530273,148.75,239.51998901367188
2023-11-15,665.5999755859375,211.8000030517578,900.0,867.2000122070312,115.9000015258789,318.0,135.60000610351562,60.0,278.20001220703125,352.6000061035156,90.5,1592.5,226.00000381469727,213.39999389648438,535.4999923706055,190.89999389648438,24.180001258850098,28.760000228881836,13.279999732971191,207.60000610351562,116.0,122.0,280.0,147.74999618530273,252.0
2023-11-16,650.7999877929688,216.0,878.4999847412109,870.4000244140625,114.9000015258789,304.6000061035156,130.3000030517578,59.95000076293945,273.3999938964844,350.20001220703125,92.44999694824219,1501.5,213.50000381469727,208.39999389648438,532.9999923706055,187.0,24.15000057220459,31.079999923706055,13.279999732971191,211.1999969482422,116.0999984741211,120.0,280.0,141.49999618530273,254.40000915527344
2023-11-17,586.0,210.8000030517578,896.9999694824219,828.0,107.0999984741211,314.20001220703125,130.3000030517578,58.099998474121094,274.0,356.20001220703125,90.4000015258789,1495.0,215.49999237060547,209.1999969482422,535.4999923706055,179.0,24.089999198913574,29.079999923706055,13.279999732971191,206.0,116.0999984741211,112.0999984741211,278.50000381469727,145.74999809265137,255.3600082397461
2023-11-20,595.5999755859375,217.1999969482422,915.9999847412109,836.0,110.0,321.79998779296875,136.89999389648438,59.599998474121094,280.3999938964844,362.3999938964844,92.5999984741211,1479.4000396728516,220.49999237060547,204.1999969482422,552.5,172.89999389648438,23.760000228881836,29.920000076293945,13.300000190734863,209.39999389648438,116.0999984741211,128.60000610351562,284.50000762939453,145.50000190734863,246.7199935913086
2023-11-21,608.0,221.60000610351562,898.0000305175781,859.2000122070312,112.69999694824219,319.0,139.89999389648438,59.650001525878906,275.6000061035156,356.20001220703125,93.8499984741211,1453.4000396728516,217.5,207.8000030517578,550.0,170.5,24.479999542236328,29.0,13.460000038146973,216.0,116.0999984741211,130.0,292.5,144.25000190734863,250.55998992919922
2023-11-22,614.7999877929688,220.39999389648438,906.9999694824219,897.5999755859375,110.0999984741211,317.20001220703125,136.60000610351562,59.0,264.3999938964844,357.6000061035156,93.3499984741211,1449.5,213.99999618530273,209.8000030517578,567.0000076293945,171.10000610351562,23.84999942779541,29.079999923706055,13.399999618530273,190.8000030517578,116.0999984741211,128.60000610351562,286.00000381469727,143.75,241.44001007080078
2023-11-24,609.5999755859375,221.0,875.9999847412109,945.5999755859375,108.30000305175781,322.20001220703125,144.5,58.20000076293945,276.0,346.79998779296875,93.9000015258789,1427.4000396728516,218.50000381469727,209.8000030517578,567.9999923706055,174.0,23.09999942779541,28.84000015258789,13.800000190734863,193.39999389648438,116.0999984741211,127.80000305175781,285.49999237060547,151.99999809265137,244.79999542236328
2023-11-27,608.7999877929688,221.39999389648438,883.0000305175781,958.4000244140625,108.4000015258789,316.6000061035156,141.5,57.599998474121094,279.6000061035156,345.79998779296875,95.30000305175781,1443.0,221.00000381469727,210.0,587.0000076293945,170.89999389648438,22.979999542236328,28.8799991607666,14.0,199.8000030517578,116.0999984741211,127.5,287.99999237060547,151.75000190734863,257.2800064086914
2023-11-28,594.7999877929688,216.60000610351562,886.9999694824219,960.0,104.30000305175781,315.79998779296875,139.3000030517578,56.900001525878906,275.0,345.0,93.5,1430.0,219.50000762939453,204.60000610351562,587.5,173.8000030517578,21.84000062942505,28.68000030517578,14.0,193.39999389648438,116.0999984741211,123.0999984741211,284.50000762939453,153.50000381469727,250.55998992919922
2023-11-29,581.5999755859375,213.1999969482422,884.0000152587891,920.7999877929688,101.0,305.0,135.3000030517578,55.95000076293945,272.79998779296875,337.79998779296875,89.5999984741211,1426.0999603271484,207.99999237060547,200.8000030517578,617.0000076293945,172.39999389648438,20.640000343322754,28.360000610351562,14.15999984741211,199.0,116.0999984741211,121.0999984741211,280.0,149.49999809265137,241.9199981689453
2023-11-30,582.0,213.39999389648438,881.5000152587891,928.7999877929688,89.9000015258789,291.6000061035156,134.39999389648438,57.04999923706055,274.6000061035156,330.20001220703125,87.0,1454.7000198364258,212.5,201.0,630.4999923706055,174.8000030517578,21.21000051498413,27.600000381469727,15.420000076293945,209.8000030517578,116.0999984741211,122.30000305175781,271.49999618530273,151.00000381469727,241.9199981689453
2023-12-01,574.7999877929688,211.60000610351562,879.0000152587891,919.2000122070312,87.30000305175781,293.20001220703125,127.5,56.45000076293945,269.20001220703125,333.20001220703125,77.5,1469.0,214.50000762939453,207.8000030517578,646.5000152587891,171.0,20.700000286102295,27.0,15.979999542236328,193.0,116.19999694824219,121.0,280.0,146.75000190734863,242.40000915527344
2023-12-04,566.4000244140625,207.60000610351562,833.0000305175781,892.7999877929688,88.0,283.3999938964844,124.4000015258789,55.349998474121094,264.0,335.6000061035156,76.80000305175781,1424.7999801635742,203.99999618530273,204.8000030517578,640.0,171.39999389648438,21.030000686645508,27.760000228881836,16.0,185.1999969482422,116.0999984741211,117.69999694824219,276.49999618530273,143.00000190734863,244.79999542236328
2023-12-05,564.0,204.1999969482422,790.0,871.2000122070312,88.19999694824219,279.79998779296875,126.5,56.45000076293945,258.0,320.0,74.0,1413.0999603271484,205.49999237060547,200.60000610351562,611.5000152587891,169.1999969482422,20.609999656677246,28.600000381469727,16.479999542236328,159.1999969482422,114.9000015258789,113.4000015258789,273.99999618530273,142.25000381469727,237.3600082397461
2023-12-06,561.2000122070312,206.8000030517578,825.9999847412109,899.2000122070312,91.8499984741211,283.20001220703125,128.6999969482422,59.20000076293945,257.6000061035156,319.6000061035156,73.5999984741211,1440.4000396728516,210.0,203.8000030517578,622.5,168.60000610351562,21.15000057220459,27.0,16.81999969482422,162.39999389648438,114.9000015258789,115.0,272.00000762939453,141.00000381469727,243.83999633789062
2023-12-07,557.5999755859375,208.0,822.5,891.2000122070312,92.55000305175781,279.20001220703125,128.1999969482422,60.45000076293945,256.20001220703125,317.0,73.9000015258789,1415.7000198364258,212.5,199.60000610351562,615.9999847412109,168.0,20.90999937057495,26.399999618530273,16.940000534057617,163.1999969482422,114.9000015258789,115.0,270.0,146.49999618530273,251.51998901367188
2023-12-08,564.0,209.60000610351562,825.0,894.4000244140625,93.44999694824219,271.3999938964844,120.80000305175781,57.79999923706055,260.79998779296875,312.79998779296875,74.05000305175781,1387.0999603271484,209.50000762939453,202.0,628.4999847412109,164.10000610351562,21.0,27.0,16.559999465942383,159.39999389648438,116.19999694824219,113.80000305175781,270.0,149.75000381469727,282.7199935913086
2023-12-11,550.4000244140625,196.5,821.5000152587891,865.5999755859375,93.0999984741211,274.79998779296875,120.80000305175781,58.599998474121094,257.6000061035156,310.3999938964844,74.5999984741211,1379.2999801635742,203.50000381469727,200.8000030517578,611.5000152587891,164.39999389648438,21.510000228881836,27.0,16.559999465942383,150.8000030517578,115.5999984741211,113.0999984741211,266.00000381469727,146.49999618530273,300.4800109863281
2023-12-12,560.7999877929688,200.60000610351562,827.5,884.0,95.9000015258789,277.3999938964844,125.9000015258789,59.70000076293945,265.0,310.3999938964844,76.3499984741211,1380.5999603271484,205.0,207.8000030517578,625.0,164.10000610351562,21.510000228881836,28.200000762939453,16.399999618530273,152.60000610351562,115.5999984741211,110.0,268.50000381469727,150.74999809265137,297.12000274658203
2023-12-13,555.2000122070312,195.8000030517578,841.5000152587891,875.2000122070312,95.55000305175781,271.20001220703125,118.0,56.5,264.79998779296875,309.6000061035156,74.19999694824219,1422.2000198364258,218.50000381469727,201.39999389648438,641.5000152587891,161.6999969482422,21.390000343322754,28.0,16.399999618530273,151.39999389648438,115.69999694824219,110.4000015258789,272.00000762939453,151.75000190734863,287.5199890136719
2023-12-14,552.7999877929688,197.60000610351562,815.0,857.5999755859375,91.3499984741211,274.3999938964844,117.69999694824219,57.900001525878906,261.20001220703125,310.6000061035156,75.5999984741211,1430.0,230.0,212.1999969482422,627.5,158.60000610351562,21.929999828338623,28.799999237060547,16.399999618530273,145.8000030517578,115.69999694824219,113.69999694824219,271.49999618530273,153.99999618530273,289.4400100708008
2023-12-15,573.2000122070312,211.39999389648438,816.9999694824219,892.7999877929688,95.44999694824219,279.20001220703125,118.5999984741211,61.95000076293945,266.6000061035156,312.6000061035156,76.0,1432.5999603271484,231.00000381469727,212.8000030517578,616.5000152587891,158.8000030517578,22.469999313354492,30.959999084472656,16.399999618530273,146.60000610351562,115.69999694824219,107.4000015258789,266.00000381469727,154.75000381469727,311.5199890136719
2023-12-18,576.7999877929688,211.0,801.5000152587891,877.5999755859375,92.30000305175781,271.0,110.69999694824219,61.45000076293945,262.79998779296875,309.0,76.5,1401.4000396728516,232.99999237060547,215.60000610351562,620.4999923706055,153.5,23.520000457763672,30.959999084472656,16.399999618530273,150.60000610351562,115.69999694824219,111.4000015258789,263.50000381469727,143.24999809265137,326.40000915527344
2023-12-19,573.2000122070312,205.39999389648438,807.5,874.4000244140625,88.9000015258789,270.79998779296875,113.80000305175781,64.94999694824219,264.6000061035156,313.20001220703125,76.5999984741211,1411.7999801635742,234.50000762939453,209.1999969482422,595.9999847412109,156.0,22.830000400543213,27.31999969482422,16.399999618530273,151.39999389648438,115.69999694824219,110.5,268.50000381469727,137.25000381469727,324.0
2023-12-20,580.4000244140625,212.1999969482422,810.5000305175781,884.7999877929688,89.75,270.79998779296875,113.4000015258789,68.4000015258789,265.6000061035156,319.0,77.75,1430.0,232.99999237060547,209.0,585.4999923706055,152.8000030517578,21.630000114440918,24.68000030517578,16.399999618530273,151.8000030517578,115.69999694824219,110.4000015258789,265.0,135.74999809265137,328.32000732421875
2023-12-21,586.7999877929688,210.60000610351562,809.0000152587891,897.5999755859375,88.9000015258789,257.6000061035156,109.4000015258789,62.5,267.0,320.79998779296875,79.0,1344.2000198364258,207.5,214.8000030517578,574.5000076293945,157.3000030517578,21.390000343322754,22.799999237060547,16.360000610351562,150.60000610351562,115.69999694824219,111.30000305175781,267.99999237060547,131.99999809265137,304.7999954223633
2023-12-22,574.7999877929688,211.60000610351562,610.0,887.2000122070312,80.30000305175781,256.3999938964844,106.9000015258789,63.150001525878906,263.6000061035156,319.3999938964844,76.80000305175781,1341.5999603271484,197.99999237060547,212.0,540.9999847412109,153.0,21.479999542236328,23.040000915527344,16.360000610351562,149.60000610351562,115.69999694824219,114.5,266.00000381469727,131.75000190734863,308.1600036621094
2023-12-27,590.4000244140625,214.39999389648438,682.5,892.0,85.69999694824219,273.79998779296875,107.5,70.8499984741211,265.79998779296875,324.20001220703125,81.0,1413.0999603271484,201.49999618530273,212.8000030517578,562.5,155.60000610351562,21.630000114440918,22.920000076293945,16.360000610351562,154.1999969482422,115.69999694824219,115.5999984741211,258.99999618530273,136.25,299.04000091552734
2023-12-28,606.7999877929688,225.1999969482422,705.5000305175781,919.2000122070312,90.0999984741211,289.0,108.5999984741211,71.25,276.6000061035156,334.0,84.19999694824219,1433.9000396728516,207.99999237060547,210.1999969482422,567.9999923706055,159.89999389648438,21.570000171661377,23.200000762939453,16.600000381469727,161.39999389648438,115.69999694824219,120.5,262.99999237060547,140.50000190734863,305.75999450683594
2023-12-29,604.7999877929688,225.0,703.0000305175781,928.7999877929688,93.5999984741211,294.20001220703125,113.4000015258789,73.5999984741211,277.6000061035156,332.20001220703125,85.5999984741211,1431.2999801635742,215.0,215.60000610351562,552.5,162.0,21.05999994277954,24.399999618530273,16.799999237060547,160.60000610351562,115.69999694824219,128.89999389648438,262.5,143.50000381469727,312.95999908447266
2024-01-02,597.5999755859375,219.60000610351562,730.5000305175781,922.4000244140625,93.94999694824219,278.79998779296875,112.80000305175781,69.0,280.20001220703125,328.6000061035156,83.9000015258789,1375.4000396728516,207.00000762939453,214.60000610351562,582.9999923706055,162.8000030517578,21.0,24.0,17.100000381469727,157.8000030517578,111.80000305175781,121.0,256.00000381469727,140.24999618530273,297.59999084472656
2024-01-03,586.4000244140625,212.60000610351562,737.5,900.0,92.3499984741211,274.0,109.9000015258789,65.80000305175781,281.6000061035156,332.0,82.69999694824219,1370.2000198364258,200.49999237060547,215.39999389648438,554.0000152587891,161.89999389648438,20.520000457763672,23.799999237060547,17.100000381469727,156.60000610351562,115.0,118.4000015258789,255.0,136.99999809265137,300.95999908447266
2024-01-04,592.4000244140625,214.0,743.4999847412109,917.5999755859375,94.19999694824219,280.20001220703125,109.9000015258789,65.30000305175781,287.0,336.6000061035156,81.30000305175781,1404.0,208.50000381469727,210.1999969482422,586.5000152587891,163.1999969482422,19.5,23.0,17.100000381469727,165.0,118.0,119.69999694824219,259.50000762939453,137.25000381469727,297.59999084472656
2024-01-05,573.2000122070312,210.60000610351562,730.5000305175781,922.4000244140625,90.25,269.79998779296875,105.4000015258789,63.900001525878906,295.20001220703125,322.0,80.0999984741211,1274.0,208.50000381469727,210.1999969482422,599.0000152587891,160.0,19.320000171661377,22.84000015258789,17.079999923706055,169.8000030517578,116.4000015258789,118.69999694824219,257.99999237060547,132.74999618530273,284.1600036621094
2024-01-08,562.7999877929688,202.39999389648438,704.0000152587891,904.0,85.55000305175781,263.20001220703125,97.19999694824219,61.25,289.79998779296875,311.3999938964844,76.5,1287.6500396728516,206.49999618530273,206.8000030517578,595.9999847412109,152.5,18.510000228881836,22.799999237060547,17.059999465942383,166.8000030517578,116.19999694824219,125.80000305175781,256.00000381469727,125.0,264.95999908447266
2024-01-09,558.0,196.0,700.9999847412109,908.7999877929688,85.0999984741211,262.0,97.9000015258789,61.349998474121094,296.3999938964844,308.6000061035156,76.69999694824219,1339.0,208.99999618530273,207.1999969482422,584.0000152587891,151.1999969482422,18.299999713897705,21.600000381469727,17.059999465942383,163.0,116.19999694824219,116.4000015258789,245.0,126.75000190734863,268.32000732421875
2024-01-10,554.4000244140625,196.39999389648438,700.5000305175781,910.4000244140625,85.05000305175781,250.39999389648438,96.9000015258789,58.5,296.79998779296875,304.6000061035156,75.0999984741211,1435.2000198364258,210.0,206.60000610351562,586.5000152587891,150.60000610351562,17.580000400543213,21.200000762939453,17.059999465942383,171.60000610351562,116.0999984741211,116.0,243.99999618530273,126.25,259.2000045776367
2024-01-11,566.7999877929688,199.8000030517578,706.5000152587891,916.0,86.94999694824219,261.3999938964844,99.9000015258789,59.099998474121094,293.6000061035156,303.20001220703125,75.6500015258789,1372.7999801635742,203.50000381469727,204.39999389648438,590.0,150.39999389648438,17.669999599456787,20.68000030517578,17.100000381469727,175.39999389648438,116.0999984741211,115.80000305175781,257.99999237060547,132.25000381469727,271.2000045776367
2024-01-12,564.4000244140625,196.60000610351562,703.0000305175781,908.7999877929688,84.9000015258789,252.1999969482422,94.69999694824219,57.150001525878906,295.6000061035156,296.79998779296875,71.0,1340.2999801635742,195.20000457763672,203.60000610351562,608.4999847412109,148.1999969482422,17.19000005722046,20.399999618530273,17.100000381469727,171.0,116.0999984741211,118.69999694824219,256.00000381469727,128.24999809265137,279.8399963378906
2024-01-16,547.2000122070312,186.8000030517578,700.0,805.5999755859375,80.9000015258789,235.1999969482422,86.0999984741211,54.25,290.0,284.3999938964844,69.05000305175781,1335.0999603271484,187.80000686645508,197.1999969482422,609.5000076293945,145.3000030517578,17.40000057220459,20.760000228881836,17.100000381469727,177.1999969482422,116.0999984741211,116.80000305175781,250.0,128.00000190734863,289.9199981689453
2024-01-17,525.2000122070312,175.5,674.4999694824219,774.4000244140625,75.1500015258789,228.0,77.80000305175781,48.95000076293945,278.6000061035156,271.6000061035156,65.19999694824219,1290.25,183.79999160766602,185.39999389648438,575.4999923706055,136.89999389648438,15.570000171661377,19.0,16.0,169.8000030517578,112.0,109.5999984741211,245.0,119.75000381469727,281.75999450683594
2024-01-18,533.2000122070312,172.60000610351562,685.5000305175781,798.0,77.25,226.39999389648438,77.5,49.849998474121094,283.20001220703125,272.20001220703125,64.44999694824219,1303.9000396728516,180.40000915527344,192.39999389648438,585.0,140.3000030517578,15.330000400543213,19.200000762939453,16.0,169.60000610351562,110.0,113.0999984741211,244.50000762939453,119.25000190734863,280.7999954223633
2024-01-19,524.4000244140625,168.3000030517578,694.4999694824219,793.5999755859375,74.30000305175781,220.39999389648438,74.4000015258789,48.45000076293945,278.79998779296875,274.20001220703125,63.29999923706055,1240.2000198364258,176.20000839233398,191.60000610351562,570.0,136.8000030517578,15.179999828338623,18.020000457763672,15.979999542236328,169.60000610351562,108.0,113.0999984741211,243.50000381469727,112.74999618530273,281.2800064086914
2024-01-22,523.5999755859375,165.0,689.4999694824219,764.7999877929688,69.4000015258789,209.39999389648438,69.5,45.20000076293945,269.0,264.0,61.150001525878906,1195.3499603271484,169.59999084472656,192.1999969482422,542.5,131.3000030517578,14.909999370574951,17.0,15.600000381469727,160.39999389648438,104.0,107.30000305175781,234.50000762939453,103.99999618530273,282.7199935913086
2024-01-23,541.2000122070312,172.6999969482422,730.9999847412109,788.0,74.55000305175781,223.0,74.69999694824219,47.900001525878906,275.3999938964844,272.0,65.9000015258789,1233.0499801635742,174.79999542236328,191.39999389648438,544.5000076293945,132.8000030517578,15.630000114440918,17.600000381469727,15.600000381469727,165.39999389648438,102.0,106.80000305175781,247.00000762939453,106.25,275.5199890136719
2024-01-24,580.7999877929688,180.8000030517578,779.0000152587891,840.7999877929688,80.0999984741211,223.8000030517578,74.4000015258789,49.25,285.3999938964844,283.79998779296875,68.3499984741211,1263.5999603271484,179.20000076293945,196.60000610351562,585.0,137.0,17.25,18.31999969482422,15.5600004196167,163.8000030517578,103.69999694824219,116.80000305175781,260.49999237060547,106.99999809265137,276.0
2024-01-25,586.7999877929688,187.0,807.5,854.4000244140625,77.80000305175781,222.60000610351562,71.9000015258789,46.95000076293945,290.20001220703125,289.3999938964844,68.19999694824219,1256.4500198364258,178.1999969482422,191.8000030517578,625.0,136.60000610351562,19.799999713897705,19.399999618530273,15.539999961853027,158.1999969482422,102.0,118.4000015258789,262.5,107.5,266.87999725341797
2024-01-26,567.2000122070312,182.6999969482422,786.9999694824219,824.7999877929688,73.3499984741211,213.8000030517578,68.80000305175781,45.75,290.20001220703125,272.6000061035156,64.8499984741211,1227.2000198364258,175.79999923706055,191.60000610351562,620.4999923706055,133.0,18.390000343322754,19.440000534057617,15.5,151.1999969482422,101.30000305175781,115.69999694824219,262.5,103.00000190734863,242.87999725341797
2024-01-29,580.7999877929688,186.6999969482422,797.5,840.7999877929688,74.30000305175781,218.60000610351562,68.30000305175781,47.29999923706055,298.6000061035156,276.0,64.8499984741211,1254.5,173.1999969482422,195.0,622.0000076293945,133.39999389648438,18.21000051498413,19.459999084472656,15.460000038146973,148.8000030517578,107.30000305175781,115.30000305175781,264.50000762939453,101.00000381469727,239.51998901367188
2024-01-30,569.2000122070312,179.10000610351562,762.5,827.2000122070312,71.0999984741211,215.1999969482422,68.80000305175781,46.900001525878906,282.0,276.0,63.400001525878906,1220.7000198364258,172.80000686645508,188.1999969482422,590.0,129.39999389648438,17.549999713897705,19.200000762939453,15.359999656677246,131.8000030517578,106.0,110.0,257.00000762939453,100.24999618530273,225.59999084472656
2024-01-31,556.4000244140625,173.60000610351562,757.5,811.2000122070312,68.44999694824219,212.0,64.69999694824219,44.099998474121094,280.3999938964844,268.20001220703125,61.650001525878906,1177.1500396728516,168.4000015258789,186.60000610351562,594.5000076293945,126.80000305175781,17.25,17.0,15.359999656677246,130.39999389648438,101.4000015258789,109.80000305175781,242.00000762939453,98.69999885559082,222.48001098632812
2024-02-01,568.4000244140625,175.0,779.0000152587891,822.4000244140625,72.0999984741211,218.39999389648438,65.5999984741211,44.25,289.20001220703125,272.79998779296875,63.79999923706055,1180.4000396728516,173.99999618530273,196.8000030517578,610.9999847412109,128.0,18.0,18.059999465942383,14.699999809265137,135.1999969482422,109.4000015258789,112.5999984741211,248.50000381469727,100.0,227.75999450683594
2024-02-02,565.5999755859375,172.0,779.0000152587891,816.0,71.9000015258789,223.60000610351562,64.4000015258789,43.79999923706055,291.3999938964844,275.0,65.3499984741211,1096.5499801635742,175.59999465942383,183.1999969482422,607.0000076293945,126.69999694824219,16.71000051498413,18.299999237060547,14.0,129.60000610351562,103.0999984741211,112.30000305175781,248.50000381469727,98.10000419616699,225.3600082397461
2024-02-05,565.2000122070312,172.10000610351562,787.5,807.2000122070312,71.05000305175781,222.0,62.79999923706055,43.599998474121094,290.6000061035156,278.20001220703125,66.55000305175781,1127.75,172.99999237060547,188.8000030517578,648.4999847412109,126.0999984741211,17.070000171661377,19.15999984741211,14.0,131.8000030517578,108.4000015258789,111.80000305175781,247.5,95.79999923706055,218.6399917602539
2024-02-06,608.0,185.5,827.5,846.4000244140625,76.1500015258789,238.0,66.9000015258789,44.650001525878906,306.3999938964844,290.0,69.05000305175781,1155.0499801635742,176.8000030517578,192.0,655.9999847412109,134.39999389648438,17.489999771118164,18.700000762939453,14.0,133.1999969482422,113.9000015258789,113.9000015258789,258.50000381469727,106.25,221.75999450683594
2024-02-07,599.2000122070312,180.6999969482422,816.9999694824219,824.7999877929688,75.69999694824219,234.1999969482422,66.19999694824219,45.45000076293945,301.0,332.79998779296875,69.0,1166.75,155.79999923706055,208.0,612.0000076293945,138.0,17.700000286102295,19.600000381469727,14.020000457763672,127.4000015258789,113.9000015258789,116.5999984741211,252.5,109.25000190734863,225.3600082397461
2024-02-08,562.4000244140625,176.0,823.4999847412109,823.2000122070312,76.1500015258789,238.1999969482422,66.4000015258789,46.0,304.20001220703125,316.0,69.0,1126.4500198364258,154.399995803833,203.0,640.9999847412109,138.5,18.0,19.579999923706055,13.800000190734863,127.4000015258789,113.9000015258789,113.69999694824219,251.00000381469727,108.99999618530273,240.0
2024-02-09,554.4000244140625,172.60000610351562,820.5000305175781,808.7999877929688,76.1500015258789,233.60000610351562,64.5999984741211,45.04999923706055,304.6000061035156,308.0,69.1500015258789,1118.6500396728516,151.00000381469727,198.60000610351562,678.4999847412109,133.1999969482422,17.669999599456787,18.559999465942383,13.800000190734863,128.60000610351562,112.69999694824219,110.69999694824219,250.0,110.0,268.7999954223633
2024-02-14,566.4000244140625,178.1999969482422,835.5000305175781,820.7999877929688,76.9000015258789,239.1999969482422,69.5999984741211,45.900001525878906,317.20001220703125,315.6000061035156,69.8499984741211,1126.4500198364258,148.1999969482422,196.8000030517578,698.4999847412109,137.0,18.96000051498413,19.0,13.800000190734863,131.39999389648438,112.69999694824219,118.5,257.5,103.50000381469727,276.0
2024-02-15,570.4000244140625,182.5,843.0000305175781,829.5999755859375,78.1500015258789,239.60000610351562,70.80000305175781,47.70000076293945,318.20001220703125,317.3999938964844,73.0,1157.6500396728516,157.2000026702881,207.0,722.5,140.1999969482422,19.380000114440918,19.219999313354492,13.800000190734863,130.0,112.69999694824219,118.5,262.00000762939453,106.00000381469727,278.40000915527344
2024-02-16,584.0,191.5,857.5,855.2000122070312,81.8499984741211,253.39999389648438,75.0,48.75,325.0,324.3999938964844,75.19999694824219,1176.5,161.5999984741211,214.0,714.0000152587891,144.10000610351562,19.799999713897705,19.219999313354492,13.640000343322754,138.60000610351562,112.69999694824219,117.9000015258789,289.50000762939453,113.24999809265137,275.5199890136719
2024-02-20,577.2000122070312,183.39999389648438,853.0000305175781,832.0,79.19999694824219,251.1999969482422,71.0999984741211,47.45000076293945,327.20001220703125,324.0,71.44999694824219,1174.5499801635742,157.2000026702881,209.8000030517578,722.5,144.3000030517578,19.049999713897705,19.600000381469727,13.479999542236328,146.1999969482422,112.69999694824219,117.9000015258789,286.49999618530273,115.24999618530273,298.5599899291992
2024-02-21,583.2000122070312,188.39999389648438,856.9999694824219,847.2000122070312,81.80000305175781,261.3999938964844,72.5,48.099998474121094,331.3999938964844,329.0,74.80000305175781,1189.5,156.19999885559082,212.60000610351562,714.4999694824219,153.10000610351562,19.049999713897705,20.559999465942383,13.479999542236328,147.1999969482422,112.69999694824219,118.0999984741211,292.00000762939453,115.50000190734863,299.04000091552734
2024-02-22,598.7999877929688,190.6999969482422,849.0000152587891,856.0,82.44999694824219,274.20001220703125,72.9000015258789,47.54999923706055,355.6000061035156,328.3999938964844,74.3499984741211,1202.5,156.99999809265137,208.0,715.5000305175781,150.39999389648438,18.929999828338623,21.440000534057617,13.399999618530273,152.60000610351562,112.69999694824219,120.69999694824219,288.50000381469727,120.0,301.9199981689453
2024-02-23,596.4000244140625,187.5,847.5,879.2000122070312,80.6500015258789,278.20001220703125,70.5999984741211,45.849998474121094,366.3999938964844,329.79998779296875,73.05000305175781,1223.9500198364258,155.0,207.60000610351562,719.4999694824219,148.89999389648438,18.630000114440918,21.440000534057617,13.4399995803833,153.1999969482422,112.69999694824219,119.9000015258789,297.00000762939453,123.75,302.40000915527344
2024-02-26,593.2000122070312,186.10000610351562,838.0000305175781,860.0,78.8499984741211,279.79998779296875,69.69999694824219,43.75,371.0,329.6000061035156,71.30000305175781,1215.5,156.8000030517578,209.60000610351562,723.4999847412109,150.10000610351562,18.390000343322754,21.559999465942383,13.460000038146973,144.8000030517578,112.69999694824219,120.30000305175781,303.99999618530273,120.50000190734863,304.7999954223633
2024-02-27,604.0,187.5,845.0,868.0,80.1500015258789,351.0,73.5999984741211,45.599998474121094,362.0,333.79998779296875,72.80000305175781,1288.2999801635742,177.60000228881836,207.0,729.0000152587891,150.8000030517578,18.390000343322754,22.799999237060547,13.479999542236328,148.0,112.69999694824219,120.30000305175781,299.50000762939453,123.75,309.59999084472656
2024-02-28,594.0,182.39999389648438,883.4999847412109,852.7999877929688,77.75,353.79998779296875,69.80000305175781,43.75,349.3999938964844,335.79998779296875,72.80000305175781,1355.9000396728516,173.60000610351562,203.60000610351562,714.0000152587891,148.89999389648438,18.21000051498413,24.040000915527344,14.100000381469727,143.1999969482422,112.69999694824219,118.0999984741211,293.50000381469727,118.50000381469727,310.5599899291992
2024-02-29,583.2000122070312,178.10000610351562,880.9999847412109,796.4000244140625,76.6500015258789,354.6000061035156,71.80000305175781,43.79999923706055,356.79998779296875,342.0,70.30000305175781,1378.0,170.40000915527344,204.60000610351562,742.5,150.6999969482422,18.0,23.15999984741211,14.899999618530273,145.8000030517578,112.69999694824219,126.0,295.49999237060547,121.00000381469727,300.0
2024-03-01,584.4000244140625,181.10000610351562,864.0000152587891,809.5999755859375,78.4000015258789,358.3999938964844,77.69999694824219,46.5,355.20001220703125,343.0,70.0,1261.6500396728516,161.39999389648438,202.1999969482422,750.5000305175781,155.0,18.570000171661377,24.0,14.899999618530273,147.8000030517578,112.69999694824219,124.0,291.49999618530273,120.50000190734863,292.32000732421875
2024-03-04,576.7999877929688,179.0,878.0000305175781,808.7999877929688,80.4000015258789,320.0,74.0999984741211,44.5,348.20001220703125,333.0,70.44999694824219,1292.2000198364258,162.80000686645508,201.8000030517578,768.0000305175781,165.39999389648438,18.270000457763672,25.200000762939453,14.640000343322754,148.0,115.0,125.19999694824219,275.49999237060547,121.75000190734863,302.87999725341797
2024-03-05,557.5999755859375,165.5,838.0000305175781,762.4000244140625,80.30000305175781,304.0,71.9000015258789,42.5,332.6000061035156,321.79998779296875,63.95000076293945,1271.4000396728516,151.40000343322754,201.1999969482422,753.4999847412109,158.89999389648438,18.15000057220459,23.68000030517578,14.800000190734863,139.60000610351562,115.0,123.19999694824219,263.50000381469727,111.75000190734863,307.67999267578125
2024-03-06,574.7999877929688,178.39999389648438,846.9999694824219,776.7999877929688,82.69999694824219,306.0,75.4000015258789,43.79999923706055,338.20001220703125,330.0,65.75,1261.6500396728516,154.20000076293945,202.1999969482422,756.5000152587891,160.0,18.21000051498413,21.0,14.819999694824219,140.0,115.0,122.80000305175781,276.49999618530273,118.00000190734863,301.9199981689453
2024-03-07,565.5999755859375,189.10000610351562,813.0000305175781,764.4000244140625,85.6500015258789,288.3999938964844,71.5,43.849998474121094,337.79998779296875,322.79998779296875,66.69999694824219,1244.0999603271484,149.79999542236328,200.0,733.4999847412109,160.0,18.419999599456787,21.0,14.819999694824219,133.1999969482422,116.30000305175781,122.80000305175781,269.50000762939453,116.00000381469727,295.67999267578125
2024-03-08,570.0,185.1999969482422,833.4999847412109,769.5999755859375,83.4000015258789,289.3999938964844,73.4000015258789,44.650001525878906,342.20001220703125,324.0,70.25,1262.2999801635742,150.39999961853027,199.8000030517578,708.0000305175781,159.60000610351562,18.510000228881836,21.0,14.5,134.0,119.0,121.5,272.00000762939453,118.24999809265137,283.2000045776367
2024-03-11,582.4000244140625,197.10000610351562,845.0,780.4000244140625,93.0999984741211,288.3999938964844,77.69999694824219,46.54999923706055,346.79998779296875,326.3999938964844,72.75,1272.7000198364258,153.00000190734863,204.8000030517578,705.0,158.60000610351562,19.260000228881836,21.360000610351562,14.5,138.60000610351562,119.0,121.5,279.50000762939453,118.50000381469727,262.5599899291992
2024-03-12,598.7999877929688,212.60000610351562,854.0000152587891,816.0,103.5999984741211,294.0,82.5,49.0,347.0,340.0,75.9000015258789,1323.4000396728516,160.20000457763672,209.8000030517578,683.4999847412109,167.39999389648438,20.84999942779541,22.84000015258789,14.5,160.1999969482422,130.0,122.0,292.99999237060547,126.99999809265137,276.0
2024-03-13,592.0,212.60000610351562,859.4999694824219,833.5999755859375,101.9000015258789,303.3999938964844,81.0,48.20000076293945,348.0,340.79998779296875,76.75,1348.0999603271484,159.20000076293945,212.39999389648438,710.0,172.5,21.479999542236328,24.200000762939453,14.619999885559082,150.8000030517578,157.0,128.0,296.49999618530273,141.75000190734863,278.40000915527344
2024-03-14,587.5999755859375,212.8000030517578,853.4999847412109,829.5999755859375,98.0,298.3999938964844,76.4000015258789,45.849998474121094,348.0,335.79998779296875,77.0999984741211,1384.5,157.7999973297119,211.8000030517578,723.0000305175781,173.89999389648438,21.84000062942505,24.0,14.100000381469727,153.8000030517578,155.60000610351562,141.60000610351562,304.50000762939453,136.75000190734863,294.7199935913086
2024-03-15,575.2000122070312,209.0,850.5000305175781,810.4000244140625,92.9000015258789,294.6000061035156,75.5999984741211,44.150001525878906,344.20001220703125,336.79998779296875,76.0,1352.0,147.2000026702881,208.0,738.4999847412109,169.8000030517578,21.780000686645508,24.040000915527344,13.199999809265137,151.1999969482422,146.10000610351562,146.0,301.49999618530273,140.50000190734863,291.8399963378906
2024-03-18,576.0,214.60000610351562,830.9999847412109,817.5999755859375,94.5,278.0,81.0,46.25,344.20001220703125,332.3999938964844,77.0,1339.0,145.79999923706055,207.8000030517578,717.5,173.39999389648438,20.84999942779541,22.920000076293945,14.420000076293945,158.8000030517578,144.0,143.5,311.00000381469727,139.75000381469727,273.12000274658203
2024-03-19,568.7999877929688,213.1999969482422,814.0000152587891,812.7999877929688,92.0,255.8000030517578,79.5999984741211,43.349998474121094,341.79998779296875,321.0,73.6500015258789,1323.4000396728516,142.60000228881836,203.8000030517578,708.0000305175781,168.6999969482422,20.78999948501587,24.040000915527344,14.399999618530273,159.8000030517578,142.39999389648438,142.10000610351562,307.99999237060547,137.25000381469727,279.8399963378906
2024-03-20,570.0,213.8000030517578,824.4999694824219,815.2000122070312,94.44999694824219,267.3999938964844,81.0999984741211,41.0,345.6000061035156,301.20001220703125,72.5999984741211,1333.7999801635742,138.4000015258789,203.39999389648438,721.5000152587891,180.1999969482422,21.450000286102295,29.799999237060547,13.479999542236328,165.8000030517578,143.10000610351562,155.3000030517578,312.5,137.74999618530273,275.5199890136719
2024-03-21,580.4000244140625,218.8000030517578,845.0,808.0,95.69999694824219,270.20001220703125,75.80000305175781,40.25,354.0,315.20001220703125,74.30000305175781,1316.9000396728516,134.20000076293945,201.39999389648438,749.4999694824219,176.1999969482422,21.59999942779541,31.0,13.520000457763672,173.0,147.6999969482422,161.89999389648438,306.00000381469727,136.99999809265137,279.3600082397461
2024-03-22,568.0,207.1999969482422,834.0000152587891,785.5999755859375,86.75,240.8000030517578,69.0999984741211,39.0,354.79998779296875,301.0,70.1500015258789,1201.8499603271484,127.20000267028809,203.39999389648438,751.5000152587891,164.39999389648438,18.359999656677246,37.20000076293945,13.520000457763672,165.8000030517578,140.0,154.0,291.49999618530273,130.74999809265137,276.95999908447266
2024-03-25,562.4000244140625,206.60000610351562,817.5,805.5999755859375,85.3499984741211,238.0,67.5999984741211,38.349998474121094,354.0,298.3999938964844,67.80000305175781,1190.1500396728516,125.79999923706055,202.39999389648438,732.5,166.89999389648438,17.78999948501587,36.0,14.600000381469727,162.8000030517578,142.10000610351562,146.60000610351562,296.00000381469727,133.99999618530273,270.24000549316406
2024-03-26,562.4000244140625,209.39999389648438,811.9999694824219,835.2000122070312,84.80000305175781,243.60000610351562,68.5,38.95000076293945,354.0,304.20001220703125,69.5999984741211,1217.4500198364258,125.39999961853027,205.1999969482422,706.5000152587891,166.0,17.700000286102295,34.36000061035156,14.600000381469727,158.60000610351562,139.3000030517578,143.8000030517578,293.50000381469727,132.74999618530273,266.87999725341797
2024-03-27,550.4000244140625,204.39999389648438,807.5,795.5999755859375,81.75,235.0,64.19999694824219,36.70000076293945,347.3999938964844,304.0,70.69999694824219,1204.4500198364258,125.0,200.39999389648438,687.5,165.0,17.09999942779541,33.959999084472656,14.579999923706055,156.39999389648438,138.0,142.89999389648438,297.5,133.50000381469727,280.7999954223633
2024-03-28,562.0,215.8000030517578,814.0000152587891,821.5999755859375,88.30000305175781,242.60000610351562,64.19999694824219,37.45000076293945,345.20001220703125,308.20001220703125,73.94999694824219,1236.2999801635742,128.99999618530273,207.1999969482422,681.5000152587891,169.8000030517578,17.94000005722046,34.7599983215332,14.15999984741211,161.0,142.3000030517578,143.3000030517578,302.99999237060547,133.75,288.0
2024-04-02,568.0,217.39999389648438,758.0000305175781,839.2000122070312,90.6500015258789,247.39999389648438,60.599998474121094,36.400001525878906,377.0,316.20001220703125,73.5,1220.0499801635742,130.20000457763672,207.1999969482422,685.5000305175781,171.89999389648438,17.640000343322754,35.36000061035156,14.100000381469727,169.8000030517578,142.1999969482422,147.89999389648438,313.99999618530273,133.99999618530273,281.75999450683594
2024-04-03,562.7999877929688,208.8000030517578,748.0000305175781,832.0,88.30000305175781,235.0,57.5,34.70000076293945,378.3999938964844,307.79998779296875,73.19999694824219,1203.7999801635742,124.60000038146973,207.39999389648438,675.9999847412109,170.1999969482422,17.40000057220459,35.79999923706055,14.020000457763672,165.1999969482422,142.1999969482422,148.1999969482422,313.99999618530273,136.49999618530273,285.59999084472656
2024-04-05,560.4000244140625,205.8000030517578,749.0000152587891,840.7999877929688,86.19999694824219,232.1999969482422,57.900001525878906,35.0,374.6000061035156,306.3999938964844,72.0,1179.0999603271484,121.19999885559082,205.39999389648438,666.9999694824219,165.5,17.369999885559082,35.36000061035156,13.880000114440918,164.1999969482422,142.0,148.1999969482422,317.00000762939453,130.74999809265137,275.04000091552734
2024-04-08,563.2000122070312,204.60000610351562,756.5000152587891,828.0,86.4000015258789,241.60000610351562,56.29999923706055,34.849998474121094,375.6000061035156,298.6000061035156,70.1500015258789,1170.6500396728516,121.99999809265137,205.60000610351562,680.5000305175781,165.5,17.30999994277954,35.040000915527344,13.859999656677246,168.39999389648438,143.8000030517578,148.3000030517578,317.5,134.25000190734863,277.9199981689453
2024-04-09,564.0,203.1999969482422,787.5,800.7999877929688,89.3499984741211,243.8000030517578,59.70000076293945,35.099998474121094,381.79998779296875,301.3999938964844,70.69999694824219,1188.2000198364258,125.20000457763672,207.39999389648438,662.5,160.10000610351562,17.30999994277954,35.36000061035156,13.859999656677246,169.1999969482422,150.1999969482422,152.1999969482422,320.49999237060547,144.75000381469727,284.6399917602539
2024-04-10,591.5999755859375,212.8000030517578,794.0000152587891,816.0,95.0999984741211,252.0,64.30000305175781,37.20000076293945,384.3999938964844,309.3999938964844,73.0,1211.5999603271484,128.59999656677246,213.0,675.9999847412109,163.10000610351562,19.5,36.560001373291016,13.859999656677246,171.0,153.5,152.1999969482422,320.0,142.5,283.2000045776367
2024-04-11,593.5999755859375,211.60000610351562,770.0,806.4000244140625,94.75,246.60000610351562,64.5999984741211,36.45000076293945,385.3999938964844,304.79998779296875,65.80000305175781,1151.1500396728516,119.39999580383301,215.39999389648438,689.4999694824219,162.10000610351562,18.719999313354492,34.84000015258789,13.859999656677246,169.1999969482422,153.5,155.8000030517578,315.0,143.99999618530273,285.12000274658203
2024-04-12,573.2000122070312,204.8000030517578,755.5000305175781,780.4000244140625,94.5999984741211,236.0,61.5,34.25,389.6000061035156,299.79998779296875,64.0,1114.0999603271484,115.39999961853027,212.1999969482422,705.9999847412109,157.0,19.200000286102295,34.599998474121094,13.859999656677246,173.8000030517578,150.0,151.25599670410156,302.99999237060547,144.75000381469727,283.2000045776367
2024-04-15,563.2000122070312,202.39999389648438,728.0000305175781,774.0,91.9000015258789,232.39999389648438,58.599998474121094,33.25,392.20001220703125,295.0,61.79999923706055,1092.0,110.60000419616699,199.8000030517578,670.0,154.3000030517578,18.390000343322754,33.36000061035156,13.859999656677246,168.39999389648438,148.0,147.0,301.49999618530273,141.00000381469727,283.2000045776367
2024-04-16,547.5999755859375,197.6999969482422,711.5000152587891,753.2000122070312,86.8499984741211,221.0,55.29999923706055,29.850000381469727,381.3999938964844,287.3999938964844,60.599998474121094,1067.2999801635742,111.40000343322754,192.1999969482422,664.0000152587891,152.3000030517578,17.580000400543213,32.68000030517578,13.399999618530273,158.0,147.0,141.39999389648438,295.49999237060547,133.24999809265137,294.7199935913086
2024-04-17,544.0,197.5,705.5000305175781,744.7999877929688,87.80000305175781,229.8000030517578,56.5,30.100000381469727,383.0,287.79998779296875,60.900001525878906,1053.6500396728516,111.99999809265137,190.0,673.0000305175781,153.3000030517578,17.94000005722046,33.119998931884766,13.399999618530273,155.39999389648438,146.60000610351562,139.3000030517578,298.50000381469727,132.74999618530273,278.40000915527344
2024-04-18,543.2000122070312,196.10000610351562,714.4999694824219,748.4000244140625,86.6500015258789,229.60000610351562,58.29999923706055,30.700000762939453,384.79998779296875,289.20001220703125,61.5,1029.5999603271484,106.19999885559082,193.39999389648438,676.9999694824219,154.8000030517578,17.880000114440918,34.0,13.399999618530273,162.8000030517578,144.5,140.1999969482422,298.99999618530273,130.50000190734863,288.0
2024-04-19,533.5999755859375,194.60000610351562,714.0000152587891,740.0,85.25,212.60000610351562,54.0,30.149999618530273,379.3999938964844,289.20001220703125,61.45000076293945,1001.0,107.79999732971191,191.0,666.9999694824219,155.3000030517578,17.760000228881836,33.400001525878906,13.399999618530273,161.39999389648438,138.0,139.0,290.0,130.0,277.9199981689453
2024-04-22,547.5999755859375,201.0,731.9999694824219,751.5999755859375,87.69999694824219,194.89999389648438,53.0,29.649999618530273,380.20001220703125,293.0,62.849998474121094,1035.4500198364258,114.39999580383301,190.60000610351562,683.0000305175781,159.8000030517578,17.760000228881836,34.959999084472656,13.399999618530273,163.0,135.5,140.0,293.99999618530273,134.49999809265137,280.7999954223633
2024-04-23,558.4000244140625,213.1999969482422,729.0000152587891,770.7999877929688,90.3499984741211,196.6999969482422,54.900001525878906,31.350000381469727,391.6000061035156,294.0,64.94999694824219,1066.0,120.79999923706055,190.0,700.0,160.0,18.270000457763672,34.0,13.399999618530273,171.60000610351562,141.0,143.0,303.99999618530273,141.75000190734863,269.75999450683594
2024-04-24,580.0,222.39999389648438,740.5000305175781,783.2000122070312,98.30000305175781,193.10000610351562,57.0,32.54999923706055,400.0,304.79998779296875,66.30000305175781,1131.0,123.80000114440918,196.60000610351562,709.0000152587891,164.10000610351562,19.799999713897705,34.560001373291016,13.399999618530273,180.1999969482422,145.8000030517578,147.60000610351562,312.00000762939453,146.49999618530273,256.32000732421875
2024-04-25,584.0,222.60000610351562,733.0000305175781,783.2000122070312,100.0999984741211,187.0,55.70000076293945,32.45000076293945,394.6000061035156,303.6000061035156,67.6500015258789,1170.0,126.40000343322754,196.8000030517578,622.0000076293945,166.6999969482422,19.950000286102295,34.79999923706055,13.399999618530273,175.1999969482422,142.3000030517578,146.0,310.0,151.75000190734863,266.87999725341797
2024-04-26,602.4000244140625,235.39999389648438,745.9999847412109,807.2000122070312,104.30000305175781,197.8000030517578,60.599998474121094,34.79999923706055,406.6000061035156,312.20001220703125,69.0999984741211,1195.3499603271484,126.19999885559082,197.1999969482422,686.5000152587891,171.0,20.729999542236328,36.599998474121094,13.399999618530273,188.39999389648438,147.0,148.60000610351562,320.0,151.75000190734863,264.95999908447266
2024-04-29,594.7999877929688,236.0,755.0,826.4000244140625,104.19999694824219,202.60000610351562,61.5,35.70000076293945,386.3999938964844,314.0,70.75,1226.5499801635742,125.60000419616699,204.1999969482422,639.5000076293945,168.5,21.15000057220459,37.68000030517578,13.380000114440918,184.1999969482422,153.3000030517578,147.10000610351562,318.99999618530273,155.0,265.9199981689453
2024-04-30,594.7999877929688,229.60000610351562,751.5000152587891,837.5999755859375,102.80000305175781,208.0,63.099998474121094,35.75,385.3999938964844,294.3999938964844,69.19999694824219,1229.7999801635742,130.0,199.8000030517578,625.4999923706055,166.8000030517578,20.25,36.63999938964844,13.399999618530273,180.60000610351562,153.3000030517578,142.39999389648438,302.99999237060547,151.25,280.32000732421875
2024-05-02,608.7999877929688,240.8000030517578,750.5000305175781,844.0,107.0999984741211,215.1999969482422,68.30000305175781,43.150001525878906,389.0,285.79998779296875,70.0999984741211,1266.2000198364258,136.5999984741211,201.39999389648438,605.0,168.5,21.239999771118164,36.47999954223633,13.399999618530273,182.0,152.8000030517578,145.60000610351562,301.00000381469727,154.25000190734863,274.5599899291992
2024-05-03,633.5999755859375,254.0,785.5000305175781,880.0,114.5,222.0,71.5999984741211,42.900001525878906,402.3999938964844,299.0,74.05000305175781,1270.75,128.00000190734863,203.0,639.0000152587891,170.0,21.450000286102295,37.52000045776367,13.399999618530273,188.39999389648438,153.5,151.89999389648438,317.99999237060547,153.50000381469727,240.0
2024-05-06,636.0,255.0,803.4999847412109,885.5999755859375,116.0999984741211,235.60000610351562,69.30000305175781,44.0,419.20001220703125,295.0,78.1500015258789,1286.3499603271484,132.39999771118164,207.8000030517578,655.5000305175781,169.0,20.880000114440918,38.08000183105469,13.399999618530273,187.0,154.10000610351562,152.5,327.99999237060547,159.49999809265137,221.04000091552734
2024-05-07,624.4000244140625,249.60000610351562,763.4999847412109,866.4000244140625,109.0999984741211,230.0,68.69999694824219,43.25,415.79998779296875,292.6000061035156,77.0,1267.5,129.79999542236328,208.1999969482422,637.9999923706055,164.10000610351562,21.0,37.7599983215332,13.399999618530273,192.0,154.60000610351562,151.3000030517578,320.0,154.75000381469727,220.0800018310547
2024-05-08,609.2000122070312,248.8000030517578,755.0,855.2000122070312,108.4000015258789,218.8000030517578,64.5,42.20000076293945,412.20001220703125,286.3999938964844,75.3499984741211,1232.4000396728516,131.5999984741211,211.60000610351562,627.0000076293945,160.3000030517578,20.94000005722046,38.52000045776367,13.399999618530273,185.8000030517578,154.0,155.0,308.50000381469727,154.75000381469727,215.75999450683594
2024-05-09,614.4000244140625,251.39999389648438,770.0,859.2000122070312,110.5999984741211,214.39999389648438,64.0,41.900001525878906,410.0,293.20001220703125,75.5,1299.3499603271484,158.99999618530273,222.60000610351562,648.4999847412109,164.89999389648438,20.700000286102295,37.36000061035156,13.380000114440918,196.8000030517578,157.0,155.0,313.50000381469727,166.00000381469727,215.04000091552734
2024-05-10,623.5999755859375,253.1999969482422,766.5000152587891,857.5999755859375,108.30000305175781,211.0,63.900001525878906,41.04999923706055,420.79998779296875,299.0,77.6500015258789,1298.7000198364258,162.00000762939453,224.1999969482422,669.4999694824219,165.0,20.640000343322754,37.560001373291016,13.380000114440918,195.0,156.0,161.60000610351562,313.99999618530273,173.25000762939453,211.67999267578125
2024-05-13,649.2000122070312,258.6000061035156,773.0000305175781,859.2000122070312,114.9000015258789,210.0,61.5,40.349998474121094,421.20001220703125,299.3999938964844,77.0,1260.3499603271484,167.99999237060547,226.39999389648438,671.9999694824219,166.3000030517578,21.59999942779541,37.119998931884766,13.199999809265137,198.1999969482422,159.8000030517578,161.60000610351562,314.50000762939453,173.50000381469727,207.83999633789062
2024-05-14,661.2000122070312,258.20001220703125,785.0,873.5999755859375,120.19999694824219,205.0,61.70000076293945,42.20000076293945,422.20001220703125,300.20001220703125,78.5,1285.0499801635742,167.19999313354492,231.8000030517578,698.0000305175781,173.60000610351562,23.46000051498413,37.68000030517578,13.220000267028809,197.39999389648438,161.10000610351562,163.8000030517578,313.50000381469727,172.25000381469727,205.9199981689453
2024-05-16,637.5999755859375,264.79998779296875,791.9999694824219,867.2000122070312,122.5999984741211,199.39999389648438,62.900001525878906,42.099998474121094,430.79998779296875,305.20001220703125,76.5,1324.7000198364258,161.20000839233398,226.0,651.9999694824219,188.6999969482422,24.209999084472656,36.63999938964844,14.4399995803833,192.1999969482422,167.3000030517578,164.39999389648438,318.99999618530273,167.00000762939453,212.40000915527344
2024-05-17,685.5999755859375,268.20001220703125,814.0000152587891,887.2000122070312,129.0,191.8000030517578,63.70000076293945,42.150001525878906,438.3999938964844,304.79998779296875,78.69999694824219,1346.7999801635742,155.0,229.0,640.0,186.89999389648438,23.969999313354492,37.040000915527344,14.979999542236328,189.39999389648438,169.0,166.39999389648438,332.99999237060547,158.50000381469727,215.04000091552734
2024-05-20,682.7999877929688,273.6000061035156,824.4999694824219,859.2000122070312,128.0,199.8000030517578,68.5,42.20000076293945,436.3999938964844,307.6000061035156,74.5999984741211,1370.2000198364258,157.60000228881836,224.0,629.5000076293945,190.6999969482422,23.729999542236328,38.20000076293945,15.800000190734863,186.1999969482422,168.39999389648438,166.0,317.99999237060547,160.24999618530273,226.32000732421875
2024-05-21,675.2000122070312,264.0,792.5,822.4000244140625,120.0,161.3000030517578,61.29999923706055,39.650001525878906,440.0,295.0,71.75,1309.0999603271484,158.59999656677246,223.1999969482422,617.9999923706055,193.10000610351562,23.070000171661377,36.599998474121094,15.819999694824219,178.1999969482422,176.6999969482422,165.8000030517578,306.49999618530273,156.99999809265137,208.79999542236328
2024-05-22,664.0,258.0,768.0000305175781,806.4000244140625,122.4000015258789,164.39999389648438,69.30000305175781,41.75,430.79998779296875,296.20001220703125,70.5,1335.0999603271484,156.8000030517578,222.39999389648438,615.9999847412109,195.6999969482422,23.700000286102295,36.36000061035156,16.459999084472656,177.8000030517578,165.0,160.89999389648438,290.49999237060547,156.75000190734863,203.04000091552734
2024-05-23,629.2000122070312,247.39999389648438,707.5,792.4000244140625,119.80000305175781,157.8000030517578,65.5999984741211,39.95000076293945,418.3999938964844,283.79998779296875,71.75,1271.4000396728516,151.99999809265137,214.39999389648438,615.0,192.60000610351562,22.619999885559082,34.720001220703125,16.399999618530273,173.8000030517578,170.6999969482422,160.8000030517578,281.49999618530273,151.75000190734863,201.12000274658203
2024-05-24,625.2000122070312,239.1999969482422,710.5000305175781,783.2000122070312,106.30000305175781,156.5,63.599998474121094,37.349998474121094,406.0,274.6000061035156,68.5,1192.0999603271484,141.5999984741211,207.8000030517578,605.9999847412109,190.89999389648438,21.84000062942505,34.47999954223633,16.360000610351562,173.0,160.10000610351562,160.60000610351562,277.5,148.50000381469727,196.79999542236328
2024-05-28,636.4000244140625,236.60000610351562,700.0,782.7999877929688,111.0,161.0,64.69999694824219,39.04999923706055,412.6000061035156,277.79998779296875,69.0,1196.0,143.4000015258789,213.0,612.9999923706055,190.1999969482422,21.75,34.599998474121094,16.3799991607666,181.60000610351562,177.0,159.5,285.0,152.5,198.7199935913086
2024-05-29,614.4000244140625,229.0,694.4999694824219,766.7999877929688,108.30000305175781,159.8000030517578,64.80000305175781,38.20000076293945,398.3999938964844,274.79998779296875,68.0999984741211,1171.9500198364258,141.40000343322754,211.8000030517578,627.0000076293945,188.1999969482422,21.450000286102295,34.119998931884766,16.3799991607666,180.39999389648438,162.0,155.5,292.5,148.75,200.16000366210938
2024-05-30,610.4000244140625,226.8000030517578,698.4999847412109,758.4000244140625,107.5,155.6999969482422,63.599998474121094,38.20000076293945,398.6000061035156,269.20001220703125,67.19999694824219,1175.2000198364258,138.00000190734863,212.8000030517578,651.9999694824219,184.89999389648438,21.030000686645508,36.0,16.940000534057617,186.0,156.6999969482422,155.3000030517578,288.50000381469727,148.50000381469727,195.3600082397461
2024-05-31,599.2000122070312,227.8000030517578,688.0000305175781,748.0,111.19999694824219,156.3000030517578,64.69999694824219,40.95000076293945,391.6000061035156,270.79998779296875,68.0,1151.1500396728516,146.40000343322754,208.8000030517578,633.4999847412109,179.8000030517578,21.09000062942505,36.08000183105469,16.899999618530273,179.1999969482422,160.8000030517578,153.5,283.99999618530273,147.25000381469727,196.32000732421875
2024-06-03,613.2000122070312,233.60000610351562,703.4999847412109,760.0,117.69999694824219,164.60000610351562,65.30000305175781,42.599998474121094,406.0,280.0,69.8499984741211,1131.0,142.2000026702881,222.8000030517578,630.4999923706055,182.3000030517578,20.820000171661377,17.68000030517578,16.860000610351562,180.39999389648438,164.0,153.5,295.0,142.74999618530273,184.31999588012695
2024-06-04,611.2000122070312,234.39999389648438,700.5000305175781,754.4000244140625,116.80000305175781,159.10000610351562,64.5999984741211,41.54999923706055,408.20001220703125,280.79998779296875,68.6500015258789,1165.4500198364258,153.4000015258789,221.8000030517578,610.9999847412109,184.3000030517578,20.84999942779541,16.8799991607666,16.760000228881836,180.8000030517578,164.6999969482422,152.89999389648438,288.99999618530273,148.24999809265137,198.24000549316406
2024-06-05,615.5999755859375,238.8000030517578,713.4999847412109,751.5999755859375,119.5999984741211,158.1999969482422,65.4000015258789,41.599998474121094,400.3999938964844,279.20001220703125,67.30000305175781,1237.5999603271484,147.7999973297119,218.0,595.9999847412109,183.89999389648438,19.919999599456787,16.079999923706055,16.760000228881836,174.1999969482422,160.0,152.6999969482422,281.00000381469727,146.99999809265137,204.24000549316406
2024-06-06,616.7999877929688,234.8000030517578,737.5,757.2000122070312,118.4000015258789,157.89999389648438,65.5,41.20000076293945,407.3999938964844,274.79998779296875,65.94999694824219,1233.7000198364258,148.00000190734863,218.0,590.0,183.6999969482422,19.34999942779541,17.399999618530273,16.700000762939453,168.0,166.0,151.0,276.00000381469727,146.75000190734863,196.79999542236328
2024-06-07,616.7999877929688,231.39999389648438,734.4999694824219,756.7999877929688,113.5999984741211,156.1999969482422,64.80000305175781,38.25,399.0,275.6000061035156,64.05000305175781,1239.5499801635742,150.600004196167,220.8000030517578,600.9999847412109,187.89999389648438,19.34999942779541,19.8799991607666,15.399999618530273,171.0,168.8000030517578,147.0,277.5,143.99999618530273,202.79999542236328
2024-06-11,611.5999755859375,231.39999389648438,733.0000305175781,742.0,111.30000305175781,151.6999969482422,62.29999923706055,37.54999923706055,403.20001220703125,270.20001220703125,65.94999694824219,1216.1500396728516,158.99999618530273,210.1999969482422,610.0,182.3000030517578,18.96000051498413,18.0,15.300000190734863,167.0,165.10000610351562,154.6999969482422,269.50000762939453,142.5,201.83999633789062
2024-06-12,593.2000122070312,227.60000610351562,730.0,730.7999877929688,110.5999984741211,145.89999389648438,59.0,34.349998474121094,392.3999938964844,266.0,65.5,1206.4000396728516,154.79999542236328,211.60000610351562,579.5000076293945,176.89999389648438,18.929999828338623,17.0,15.300000190734863,162.8000030517578,157.8000030517578,152.1999969482422,266.49999618530273,141.99999809265137,197.04000091552734
2024-06-13,596.0,232.0,724.4999694824219,739.5999755859375,116.80000305175781,148.8000030517578,58.099998474121094,34.79999923706055,393.3999938964844,267.0,65.4000015258789,1292.2000198364258,158.59999656677246,214.0,597.5,175.6999969482422,19.049999713897705,16.700000762939453,14.979999542236328,167.8000030517578,153.6999969482422,150.8000030517578,270.0,148.24999809265137,196.79999542236328
2024-06-14,582.4000244140625,227.8000030517578,720.5000305175781,732.7999877929688,117.0999984741211,147.5,57.400001525878906,34.400001525878906,396.0,269.3999938964844,65.3499984741211,1288.2999801635742,148.4000015258789,218.0,597.0000076293945,176.60000610351562,18.59999942779541,16.760000228881836,14.119999885559082,161.0,153.6999969482422,157.3000030517578,267.00000762939453,143.75,199.67999267578125
2024-06-17,580.0,226.1999969482422,725.9999847412109,725.2000122070312,117.5999984741211,146.8000030517578,56.70000076293945,34.04999923706055,391.6000061035156,264.6000061035156,64.0,1259.0499801635742,147.2000026702881,211.39999389648438,589.0000152587891,175.1999969482422,19.080000400543213,17.15999984741211,14.119999885559082,163.39999389648438,152.39999389648438,155.3000030517578,266.00000381469727,142.5,206.16000366210938
2024-06-18,576.7999877929688,225.8000030517578,703.4999847412109,707.2000122070312,121.30000305175781,142.3000030517578,56.70000076293945,34.099998474121094,385.79998779296875,258.0,63.79999923706055,1231.0999603271484,145.79999923706055,206.39999389648438,569.0000152587891,173.60000610351562,18.450000286102295,18.18000030517578,14.100000381469727,161.0,156.0,148.0,270.0,140.24999618530273,205.67999267578125
2024-06-20,587.2000122070312,224.8000030517578,720.0,710.7999877929688,137.8000030517578,142.39999389648438,58.79999923706055,34.25,392.79998779296875,253.1999969482422,64.44999694824219,1209.6500396728516,139.399995803833,207.60000610351562,563.4999847412109,169.0,17.40000057220459,18.200000762939453,14.100000381469727,160.0,155.5,150.0,271.49999618530273,138.00000190734863,222.95999908447266
2024-06-21,576.0,219.0,700.9999847412109,698.7999877929688,136.8000030517578,138.3000030517578,58.900001525878906,33.650001525878906,385.20001220703125,249.8000030517578,64.5,1189.5,137.39999771118164,194.60000610351562,550.9999847412109,165.6999969482422,17.640000343322754,17.8799991607666,13.699999809265137,159.0,158.8000030517578,150.0,266.49999618530273,141.00000381469727,229.67999267578125
2024-06-24,576.4000244140625,220.1999969482422,702.5,690.7999877929688,138.6999969482422,140.5,60.79999923706055,33.5,377.6000061035156,248.8000030517578,64.0,1227.2000198364258,141.19999885559082,203.39999389648438,563.4999847412109,165.60000610351562,17.640000343322754,17.3799991607666,13.699999809265137,159.0,151.39999389648438,150.10000610351562,261.49999618530273,142.74999618530273,228.48001098632812
2024-06-25,581.2000122070312,218.8000030517578,709.0000152587891,695.2000122070312,133.0,140.89999389648438,61.0,34.45000076293945,382.20001220703125,250.1999969482422,63.5,1223.9500198364258,143.4000015258789,211.1999969482422,592.0000076293945,170.5,18.719999313354492,17.639999389648438,13.699999809265137,153.60000610351562,152.1999969482422,156.6999969482422,267.5,141.00000381469727,234.95999908447266
2024-06-26,582.7999877929688,215.8000030517578,753.0000305175781,698.4000244140625,133.10000610351562,146.60000610351562,62.0,34.599998474121094,381.0,246.0,63.849998474121094,1174.5499801635742,143.1999969482422,208.0,611.5000152587891,169.5,18.179999828338623,18.100000381469727,13.34000015258789,153.1999969482422,148.60000610351562,155.6999969482422,265.0,141.99999809265137,241.44001007080078
2024-06-27,572.4000244140625,211.0,751.5000152587891,688.7999877929688,126.69999694824219,144.39999389648438,61.29999923706055,35.45000076293945,373.3999938964844,241.8000030517578,62.099998474121094,1107.5999603271484,134.20000076293945,217.39999389648438,595.4999923706055,165.1999969482422,18.359999656677246,19.360000610351562,13.34000015258789,149.39999389648438,146.1999969482422,155.6999969482422,262.00000762939453,138.50000381469727,239.2800064086914
2024-06-28,564.0,206.60000610351562,745.5000305175781,682.0,126.9000015258789,140.60000610351562,59.099998474121094,34.04999923706055,374.6000061035156,241.39999389648438,60.900001525878906,1120.5999603271484,133.99999618530273,212.8000030517578,597.0000076293945,164.1999969482422,18.05999994277954,18.459999084472656,13.34000015258789,149.8000030517578,146.0,155.6999969482422,260.0,137.5,244.79999542236328
2024-07-02,563.5999755859375,202.39999389648438,744.0000152587891,671.2000122070312,120.9000015258789,147.60000610351562,59.70000076293945,34.29999923706055,371.3999938964844,237.60000610351562,61.04999923706055,1114.0999603271484,134.79999542236328,208.60000610351562,616.5000152587891,161.10000610351562,19.979999542236328,19.479999542236328,13.079999923706055,147.39999389648438,145.5,155.6999969482422,257.5,135.74999809265137,209.51998901367188
2024-07-03,577.5999755859375,206.60000610351562,744.4999694824219,689.5999755859375,122.5,155.5,60.20000076293945,35.79999923706055,379.0,240.60000610351562,62.95000076293945,1149.2000198364258,134.79999542236328,208.60000610351562,630.4999923706055,161.89999389648438,18.90000057220459,24.600000381469727,13.039999961853027,144.0,144.0,155.6999969482422,262.00000762939453,137.74999618530273,190.31999588012695
2024-07-05,583.2000122070312,205.39999389648438,728.0000305175781,691.2000122070312,125.80000305175781,158.5,60.79999923706055,37.29999923706055,385.20001220703125,242.39999389648438,63.650001525878906,1151.7999801635742,134.79999542236328,216.39999389648438,645.0,157.5,19.109999656677246,22.760000228881836,13.5,143.39999389648438,145.89999389648438,156.60000610351562,256.00000381469727,144.25000190734863,190.31999588012695
2024-07-08,574.4000244140625,206.0,717.5,691.2000122070312,125.30000305175781,156.5,59.29999923706055,35.849998474121094,387.20001220703125,240.1999969482422,63.95000076293945,1115.4000396728516,131.8000030517578,209.60000610351562,622.0000076293945,154.8000030517578,20.489999771118164,22.440000534057617,13.180000305175781,139.60000610351562,143.0,156.60000610351562,246.49999618530273,133.99999618530273,182.39999771118164
2024-07-09,580.0,204.39999389648438,722.5,690.4000244140625,129.6999969482422,157.3000030517578,58.0,35.45000076293945,389.0,237.39999389648438,62.79999923706055,1140.75,128.59999656677246,208.60000610351562,622.0000076293945,158.5,19.950000286102295,19.739999771118164,12.880000114440918,141.8000030517578,138.89999389648438,156.39999389648438,244.50000762939453,134.75000381469727,184.56000137329102
2024-07-10,584.7999877929688,207.8000030517578,708.4999847412109,760.4000244140625,130.5,154.1999969482422,59.20000076293945,35.25,391.6000061035156,240.39999389648438,63.900001525878906,1116.0499801635742,129.60000038146973,211.0,635.0,156.39999389648438,20.30999994277954,22.200000762939453,12.800000190734863,148.1999969482422,138.89999389648438,156.39999389648438,239.50000762939453,135.0,185.75999450683594
2024-07-11,603.5999755859375,213.60000610351562,713.0000305175781,777.5999755859375,134.3000030517578,165.10000610351562,66.0999984741211,37.150001525878906,392.6000061035156,243.1999969482422,64.69999694824219,1159.5999603271484,133.99999618530273,211.39999389648438,619.5000076293945,157.89999389648438,20.84999942779541,21.31999969482422,12.800000190734863,153.1999969482422,145.39999389648438,156.39999389648438,242.00000762939453,138.75,194.40000915527344
2024-07-12,627.2000122070312,224.0,720.0,796.0,136.5,166.89999389648438,68.9000015258789,36.95000076293945,395.6000061035156,253.39999389648438,67.19999694824219,1211.5999603271484,140.0,212.0,604.5000076293945,160.0,21.989999771118164,22.200000762939453,12.600000381469727,152.0,147.3000030517578,157.60000610351562,252.00000762939453,148.75,195.3600082397461
2024-07-15,613.2000122070312,213.39999389648438,724.4999694824219,751.5999755859375,125.5,159.8000030517578,65.80000305175781,37.099998474121094,388.3999938964844,247.8000030517578,65.0999984741211,1167.4000396728516,137.39999771118164,217.8000030517578,592.5,158.89999389648438,21.90000057220459,22.84000015258789,12.600000381469727,145.8000030517578,147.3000030517578,158.0,249.50000762939453,149.75000381469727,191.75999450683594
2024-07-16,604.0,209.0,720.0,729.2000122070312,127.0,157.0,67.0999984741211,36.5,373.79998779296875,245.39999389648438,62.95000076293945,1173.25,141.40000343322754,215.0,577.0000076293945,154.1999969482422,21.299999713897705,21.84000015258789,12.600000381469727,141.60000610351562,147.0,155.6999969482422,248.99999618530273,146.49999618530273,197.51998901367188
2024-07-17,610.4000244140625,213.39999389648438,730.0,733.2000122070312,125.30000305175781,160.6999969482422,69.19999694824219,37.849998474121094,370.79998779296875,243.39999389648438,63.20000076293945,1208.3499603271484,142.7999973297119,219.1999969482422,577.5,157.0,21.330000400543213,21.079999923706055,12.600000381469727,138.8000030517578,135.1999969482422,155.10000610351562,251.49999618530273,150.50000190734863,204.0
2024-07-18,606.4000244140625,212.39999389648438,728.0000305175781,715.5999755859375,124.19999694824219,158.1999969482422,65.5999984741211,36.5,359.20001220703125,244.0,62.650001525878906,1222.0,151.00000381469727,216.60000610351562,560.4999923706055,157.1999969482422,21.09000062942505,21.040000915527344,12.600000381469727,139.0,135.0,153.10000610351562,244.50000762939453,152.74999618530273,216.7199935913086
2024-07-19,590.4000244140625,205.39999389648438,709.0000152587891,705.2000122070312,121.19999694824219,154.5,64.80000305175781,35.400001525878906,344.20001220703125,236.8000030517578,61.650001525878906,1199.25,145.79999923706055,208.0,554.5000076293945,153.0,20.19000005722046,20.079999923706055,12.600000381469727,134.60000610351562,122.5999984741211,148.89999389648438,237.99999237060547,148.00000190734863,224.16000366210938
2024-07-22,598.0,208.1999969482422,723.4999847412109,715.5999755859375,119.5999984741211,156.89999389648438,67.30000305175781,35.54999923706055,361.79998779296875,238.39999389648438,61.29999923706055,1228.5,148.4000015258789,196.0,602.5,157.6999969482422,19.200000286102295,22.200000762939453,11.800000190734863,140.1999969482422,121.5999984741211,152.39999389648438,237.00000762939453,156.25,220.55998992919922
2024-07-23,592.7999877929688,205.1999969482422,711.5000152587891,706.0,117.30000305175781,155.3000030517578,67.9000015258789,36.099998474121094,361.0,236.8000030517578,61.0,1205.75,149.60000038146973,193.1999969482422,586.5000152587891,157.39999389648438,18.96000051498413,22.079999923706055,12.0,139.8000030517578,121.5999984741211,152.39999389648438,238.50000381469727,148.50000381469727,215.51998901367188
2024-07-24,593.5999755859375,201.1999969482422,744.0000152587891,702.0,114.69999694824219,149.0,64.5,34.5,358.6000061035156,231.0,60.04999923706055,1210.9500198364258,147.7999973297119,190.60000610351562,576.5000152587891,151.0,18.96000051498413,21.920000076293945,12.0,136.8000030517578,121.5999984741211,148.0,237.5,146.99999809265137,219.3600082397461
2024-07-25,586.4000244140625,198.60000610351562,738.4999847412109,686.4000244140625,113.4000015258789,146.3000030517578,63.29999923706055,33.599998474121094,347.79998779296875,228.39999389648438,60.099998474121094,1245.4000396728516,144.79999542236328,190.60000610351562,575.0,151.0,18.59999942779541,21.399999618530273,12.0,133.0,110.30000305175781,146.6999969482422,236.00000381469727,142.5,218.40000915527344
2024-07-26,584.7999877929688,204.60000610351562,720.5000305175781,684.7999877929688,114.9000015258789,149.10000610351562,64.4000015258789,33.650001525878906,340.0,229.1999969482422,60.650001525878906,1264.9000396728516,146.5999984741211,194.39999389648438,549.5000076293945,148.5,18.59999942779541,21.84000015258789,12.0,130.1999969482422,107.5999984741211,148.1999969482422,243.99999618530273,145.24999618530273,222.48001098632812
2024-07-29,612.4000244140625,207.39999389648438,704.0000152587891,694.4000244140625,116.69999694824219,147.5,65.0,34.70000076293945,336.79998779296875,231.0,60.849998474121094,1242.7999801635742,148.1999969482422,192.1999969482422,560.4999923706055,149.10000610351562,18.780000686645508,23.200000762939453,12.0,129.8000030517578,107.5999984741211,153.10000610351562,240.49999237060547,144.49999809265137,231.3600082397461
2024-07-30,609.5999755859375,204.39999389648438,713.0000305175781,697.2000122070312,117.0999984741211,147.1999969482422,62.5,33.650001525878906,331.3999938964844,231.39999389648438,60.0,1238.9000396728516,144.20000076293945,192.1999969482422,535.4999923706055,146.0,18.419999599456787,22.360000610351562,12.0,126.80000305175781,109.0,150.0,231.49999618530273,143.00000190734863,238.79999542236328
2024-07-31,618.4000244140625,208.0,730.9999847412109,701.5999755859375,122.0999984741211,153.39999389648438,64.69999694824219,35.45000076293945,337.79998779296875,236.8000030517578,61.25,1276.5999603271484,148.99999618530273,192.1999969482422,547.5,149.1999969482422,18.90000057220459,22.399999618530273,12.0,132.1999969482422,106.5,156.1999969482422,235.49999237060547,151.25,226.55998992919922
2024-08-01,620.0,199.89999389648438,716.9999694824219,686.7999877929688,121.69999694824219,151.6999969482422,62.0,34.349998474121094,328.0,235.0,60.95000076293945,1293.5,148.99999618530273,193.39999389648438,504.50000762939453,150.60000610351562,18.450000286102295,22.280000686645508,12.0,129.1999969482422,106.0,157.39999389648438,230.49999237060547,147.25000381469727,229.9199981689453
2024-08-02,602.7999877929688,196.8000030517578,701.5000152587891,668.0,119.4000015258789,148.8000030517578,58.900001525878906,31.799999237060547,315.20001220703125,232.8000030517578,59.29999923706055,1261.0,144.79999542236328,178.60000610351562,470.49999237060547,144.1999969482422,17.84999942779541,21.239999771118164,12.0,122.19999694824219,103.19999694824219,154.10000610351562,218.50000381469727,143.99999618530273,237.59999084472656
2024-08-05,593.5999755859375,193.89999389648438,687.5,648.4000244140625,123.19999694824219,144.60000610351562,57.29999923706055,30.850000381469727,310.20001220703125,228.60000610351562,56.900001525878906,1290.25,137.7999973297119,180.0,474.00001525878906,146.6999969482422,16.200000286102295,20.200000762939453,12.0,116.4000015258789,95.0,140.60000610351562,217.00000762939453,145.50000190734863,234.0
2024-08-06,602.0,195.39999389648438,670.5000305175781,640.0,123.80000305175781,146.10000610351562,57.29999923706055,30.399999618530273,316.0,252.8000030517578,57.79999923706055,1323.4000396728516,146.99999809265137,180.0,525.0,153.3000030517578,17.760000228881836,20.959999084472656,12.0,116.4000015258789,97.5999984741211,147.89999389648438,222.99999237060547,156.00000381469727,238.32000732421875
2024-08-07,612.0,199.5,675.9999847412109,650.0,123.0999984741211,149.10000610351562,55.29999923706055,30.049999237060547,331.3999938964844,264.20001220703125,62.0,1344.2000198364258,156.00000381469727,180.0,557.9999923706055,155.10000610351562,17.820000171661377,21.440000534057617,12.0,120.19999694824219,104.0,151.39999389648438,223.99999618530273,156.49999618530273,238.32000732421875
2024-08-08,612.4000244140625,197.6999969482422,679.4999694824219,647.2000122070312,116.0999984741211,148.6999969482422,53.400001525878906,29.049999237060547,319.79998779296875,265.20001220703125,59.20000076293945,1419.5999603271484,131.5999984741211,178.39999389648438,521.5000152587891,154.6999969482422,16.830000400543213,21.600000381469727,12.0,120.80000305175781,103.0,151.39999389648438,210.0,155.50000190734863,230.16000366210938
2024-08-09,622.7999877929688,200.39999389648438,700.5000305175781,665.5999755859375,113.4000015258789,156.8000030517578,55.400001525878906,29.950000762939453,329.0,263.20001220703125,60.900001525878906,1428.7000198364258,129.20000076293945,178.0,525.0,156.0,16.229999542236328,21.15999984741211,12.0,122.0,103.0,151.39999389648438,222.5,155.74999809265137,228.95999908447266
2024-08-12,627.5999755859375,200.1999969482422,704.0000152587891,661.2000122070312,105.5999984741211,154.0,53.099998474121094,29.5,330.79998779296875,261.20001220703125,60.20000076293945,1459.9000396728516,124.20000076293945,178.0,533.4999847412109,155.39999389648438,16.950000286102295,21.0,12.0,123.5999984741211,105.5999984741211,156.89999389648438,220.0,158.75,228.0
2024-08-13,629.2000122070312,201.60000610351562,695.5000305175781,660.7999877929688,107.69999694824219,150.89999389648438,52.099998474121094,29.700000762939453,331.79998779296875,255.1999969482422,62.79999923706055,1479.4000396728516,125.0,173.8000030517578,546.5000152587891,155.6999969482422,17.30999994277954,21.600000381469727,12.0,123.0,107.5,158.0,225.0,158.50000381469727,226.79999542236328
2024-08-14,626.4000244140625,201.60000610351562,668.4999847412109,659.2000122070312,107.0999984741211,148.89999389648438,53.0,30.049999237060547,325.6000061035156,257.20001220703125,61.75,1448.2000198364258,125.79999923706055,173.8000030517578,530.4999923706055,152.89999389648438,17.640000343322754,22.239999771118164,12.0,119.0,108.5999984741211,168.89999389648438,220.0,151.49999618530273,203.51998901367188
2024-08-15,611.2000122070312,198.6999969482422,694.4999694824219,651.5999755859375,104.30000305175781,148.0,52.70000076293945,29.75,322.6000061035156,259.3999938964844,61.400001525878906,1495.0,127.20000267028809,174.8000030517578,536.5000152587891,152.60000610351562,16.34999942779541,22.719999313354492,11.899999618530273,114.80000305175781,106.0,184.3000030517578,220.49999237060547,154.49999809265137,223.67999267578125
2024-08-16,640.7999877929688,216.39999389648438,690.0,670.4000244140625,105.9000015258789,153.1999969482422,53.20000076293945,30.450000762939453,334.20001220703125,268.6000061035156,62.349998474121094,1534.0,128.1999969482422,178.1999969482422,542.5,153.89999389648438,17.609999656677246,22.399999618530273,13.0,117.4000015258789,106.0,184.1999969482422,224.50000762939453,146.00000381469727,216.95999908447266
2024-08-19,651.5999755859375,224.8000030517578,703.4999847412109,686.4000244140625,108.19999694824219,161.3000030517578,55.20000076293945,31.299999237060547,332.0,260.0,63.5,1522.2999801635742,131.00000381469727,180.0,548.4999847412109,155.1999969482422,17.34000062942505,22.760000228881836,12.5,119.5999984741211,113.4000015258789,189.6999969482422,223.50000381469727,145.74999809265137,210.24000549316406
2024-08-20,643.2000122070312,224.39999389648438,709.4999694824219,693.2000122070312,109.0,162.89999389648438,55.099998474121094,31.700000762939453,330.3999938964844,261.79998779296875,63.79999923706055,1523.5999603271484,129.60000038146973,180.8000030517578,538.4999847412109,158.6999969482422,17.40000057220459,21.520000457763672,12.479999542236328,119.0,113.0,189.89999389648438,225.49999237060547,141.99999809265137,206.40000915527344
2024-08-21,639.5999755859375,204.8000030517578,700.0,680.0,107.69999694824219,161.89999389648438,53.900001525878906,31.100000381469727,330.79998779296875,262.6000061035156,60.70000076293945,1544.4000396728516,131.00000381469727,180.8000030517578,526.5000152587891,161.1999969482422,17.30999994277954,21.760000228881836,12.5600004196167,118.80000305175781,112.80000305175781,193.0,221.00000381469727,140.74999809265137,215.2800064086914
2024-08-22,653.2000122070312,212.0,715.0,691.5999755859375,106.30000305175781,165.39999389648438,55.20000076293945,31.649999618530273,339.6000061035156,268.79998779296875,61.599998474121094,1570.4000396728516,137.7999973297119,185.39999389648438,533.4999847412109,165.5,17.880000114440918,19.079999923706055,12.579999923706055,127.0,112.80000305175781,191.5,226.49999618530273,141.75000190734863,216.95999908447266
2024-08-23,661.2000122070312,211.8000030517578,641.5000152587891,657.5999755859375,107.0999984741211,165.8000030517578,54.29999923706055,31.350000381469727,331.20001220703125,267.3999938964844,60.599998474121094,1514.5,138.59999656677246,190.8000030517578,529.0000152587891,161.5,17.669999599456787,18.100000381469727,12.65999984741211,124.5999984741211,112.80000305175781,196.3000030517578,226.49999618530273,134.75000381469727,223.44001007080078
2024-08-26,666.4000244140625,211.1999969482422,640.0,668.4000244140625,114.5999984741211,164.3000030517578,58.099998474121094,32.04999923706055,336.0,263.79998779296875,60.900001525878906,1571.7000198364258,142.2000026702881,190.39999389648438,522.5,159.3000030517578,17.280000686645508,18.040000915527344,12.520000457763672,128.1999969482422,110.9000015258789,193.39999389648438,227.5,136.49999618530273,224.6399917602539
2024-08-27,639.5999755859375,203.39999389648438,658.0000305175781,676.7999877929688,113.5999984741211,167.89999389648438,60.599998474121094,32.29999923706055,366.3999938964844,267.79998779296875,60.900001525878906,1583.4000396728516,147.7999973297119,190.8000030517578,505.99998474121094,161.1999969482422,17.90999937057495,18.200000762939453,13.359999656677246,125.5999984741211,110.9000015258789,199.6999969482422,230.0,136.99999809265137,225.59999084472656
2024-08-28,632.7999877929688,207.0,641.5000152587891,655.2000122070312,110.5999984741211,162.10000610351562,61.900001525878906,31.600000381469727,364.3999938964844,262.3999938964844,58.599998474121094,1562.5999603271484,146.5999984741211,190.8000030517578,507.00000762939453,161.1999969482422,17.90999937057495,18.260000228881836,12.899999618530273,121.80000305175781,110.9000015258789,199.6999969482422,227.5,137.25000381469727,226.55998992919922
2024-08-29,632.4000244140625,207.0,634.5000076293945,651.5999755859375,111.80000305175781,146.3000030517578,58.79999923706055,30.350000381469727,367.0,263.0,58.150001525878906,1548.2999801635742,146.40000343322754,190.8000030517578,477.99999237060547,164.39999389648438,17.09999942779541,17.940000534057617,12.899999618530273,125.5999984741211,100.0,199.6999969482422,227.5,139.49999809265137,223.67999267578125
2024-08-30,651.5999755859375,214.39999389648438,638.4999847412109,663.5999755859375,114.5999984741211,157.6999969482422,63.70000076293945,33.599998474121094,370.20001220703125,268.20001220703125,59.5,1519.7000198364258,152.39999771118164,196.0,470.0,171.1999969482422,18.75,18.040000915527344,12.699999809265137,131.60000610351562,96.80000305175781,209.8000030517578,246.00000381469727,138.75,216.0
2024-09-03,640.7999877929688,209.8000030517578,616.5000152587891,650.0,113.4000015258789,148.89999389648438,64.4000015258789,31.850000381469727,369.0,268.79998779296875,57.75,1492.4000396728516,151.99999809265137,193.60000610351562,486.50001525878906,175.10000610351562,18.09000062942505,17.81999969482422,12.880000114440918,132.8000030517578,93.19999694824219,206.1999969482422,234.50000762939453,138.50000381469727,219.12000274658203
2024-09-04,640.7999877929688,211.60000610351562,615.0,645.2000122070312,117.19999694824219,148.10000610351562,65.4000015258789,33.70000076293945,373.6000061035156,265.20001220703125,57.70000076293945,1458.5999603271484,150.0,193.60000610351562,464.50000762939453,174.10000610351562,17.78999948501587,17.81999969482422,12.800000190734863,136.0,93.19999694824219,199.6999969482422,228.99999618530273,138.00000190734863,216.48001098632812
2024-09-05,638.4000244140625,208.60000610351562,615.4999923706055,638.0,121.30000305175781,146.1999969482422,66.4000015258789,34.099998474121094,373.6000061035156,266.3999938964844,57.5,1496.2999801635742,156.8000030517578,204.8000030517578,477.00000762939453,169.0,16.619999885559082,17.81999969482422,12.84000015258789,130.1999969482422,92.0999984741211,199.5,230.0,139.49999809265137,222.95999908447266
2024-09-09,626.4000244140625,202.39999389648438,605.9999847412109,632.4000244140625,117.9000015258789,143.8000030517578,64.80000305175781,38.54999923706055,368.6000061035156,271.6000061035156,55.75,1502.7999801635742,153.4000015258789,213.0,465.0,167.60000610351562,17.40000057220459,17.5,12.720000267028809,129.1999969482422,95.30000305175781,198.5,233.99999618530273,134.49999809265137,213.59999084472656
2024-09-10,652.7999877929688,204.8000030517578,599.0000152587891,640.7999877929688,116.5999984741211,152.89999389648438,66.0999984741211,42.349998474121094,370.3999938964844,265.79998779296875,56.5,1510.5999603271484,156.99999809265137,213.60000610351562,484.50000762939453,169.5,17.760000228881836,17.579999923706055,12.399999618530273,131.1999969482422,95.30000305175781,198.5,231.49999618530273,126.25,193.67999267578125
2024-09-11,651.5999755859375,203.8000030517578,597.9999923706055,643.5999755859375,119.0,150.89999389648438,68.30000305175781,43.20000076293945,370.3999938964844,267.20001220703125,56.0,1626.2999801635742,157.60000228881836,202.60000610351562,480.0,170.6999969482422,17.40000057220459,17.280000686645508,12.100000381469727,129.8000030517578,94.0,197.89999389648438,229.50000762939453,130.0,186.0
2024-09-12,665.5999755859375,208.8000030517578,605.4999923706055,652.7999877929688,121.69999694824219,148.89999389648438,69.19999694824219,42.75,368.20001220703125,265.3999938964844,57.20000076293945,1537.9000396728516,164.40000534057617,208.8000030517578,468.49998474121094,168.60000610351562,18.65999937057495,17.219999313354492,11.65999984741211,125.19999694824219,92.5999984741211,197.39999389648438,228.99999618530273,130.74999809265137,184.79999542236328
2024-09-13,662.0,208.60000610351562,608.4999847412109,656.4000244140625,120.69999694824219,148.1999969482422,68.30000305175781,41.45000076293945,369.6000061035156,266.6000061035156,57.45000076293945,1565.2000198364258,160.20000457763672,210.39999389648438,459.00001525878906,172.0,18.479999542236328,17.100000381469727,11.699999809265137,122.5999984741211,93.30000305175781,197.39999389648438,224.50000762939453,135.0,186.47999954223633
2024-09-16,656.0,206.8000030517578,600.9999847412109,660.7999877929688,114.9000015258789,148.5,70.19999694824219,43.0,371.79998779296875,272.3999938964844,57.45000076293945,1560.0,162.39999771118164,211.8000030517578,470.99998474121094,173.0,18.479999542236328,17.399999618530273,11.699999809265137,120.80000305175781,93.30000305175781,197.39999389648438,226.49999618530273,131.00000381469727,209.75999450683594
2024-09-17,662.7999877929688,208.60000610351562,600.9999847412109,664.4000244140625,116.19999694824219,157.8000030517578,71.0,42.5,368.0,272.3999938964844,57.20000076293945,1554.7999801635742,163.1999969482422,212.60000610351562,464.00001525878906,173.0,18.90000057220459,17.3799991607666,11.699999809265137,116.4000015258789,93.30000305175781,197.39999389648438,222.99999237060547,129.25000190734863,191.2799949645996
2024-09-19,685.5999755859375,223.60000610351562,612.5,682.4000244140625,122.19999694824219,166.3000030517578,71.19999694824219,41.04999923706055,374.0,280.79998779296875,59.20000076293945,1549.5999603271484,163.4000015258789,215.60000610351562,487.99999237060547,174.89999389648438,20.549999713897705,17.579999923706055,11.600000381469727,126.5999984741211,97.9000015258789,199.1999969482422,228.99999618530273,131.99999809265137,194.87999725341797
2024-09-20,697.5999755859375,225.1999969482422,620.4999923706055,683.5999755859375,125.4000015258789,170.89999389648438,76.0999984741211,42.04999923706055,381.6000061035156,277.6000061035156,60.75,1601.5999603271484,164.59999084472656,218.8000030517578,497.5,173.1999969482422,20.489999771118164,17.8799991607666,11.399999618530273,133.8000030517578,100.30000305175781,200.8000030517578,233.99999618530273,136.00000381469727,189.60000228881836
2024-09-23,694.0,226.1999969482422,619.0000152587891,677.2000122070312,122.9000015258789,169.1999969482422,74.4000015258789,39.95000076293945,384.3999938964844,278.3999938964844,59.70000076293945,1587.2999801635742,166.5999984741211,218.39999389648438,488.49998474121094,168.60000610351562,20.669999599456787,17.559999465942383,11.600000381469727,131.60000610351562,98.0999984741211,200.0,228.50000381469727,129.49999809265137,192.0
2024-09-24,736.0,249.1999969482422,655.9999847412109,711.2000122070312,131.6999969482422,186.3000030517578,79.19999694824219,44.400001525878906,400.20001220703125,299.6000061035156,63.75,1619.7999801635742,159.79999542236328,231.8000030517578,462.99999237060547,176.0,20.700000286102295,18.3799991607666,11.65999984741211,100.19999694824219,101.80000305175781,205.8000030517578,243.99999618530273,133.24999809265137,204.0
2024-09-25,730.4000244140625,251.60000610351562,665.5000305175781,709.5999755859375,136.5,182.89999389648438,78.0,43.54999923706055,399.0,295.79998779296875,65.4000015258789,1619.7999801635742,156.8000030517578,227.1999969482422,490.99998474121094,168.6999969482422,19.44000005722046,18.739999771118164,11.680000305175781,108.19999694824219,112.19999694824219,211.39999389648438,247.99999237060547,138.50000381469727,203.51998901367188
2024-09-26,782.0,277.0,703.0000305175781,766.0,152.1999969482422,197.8000030517578,86.5999984741211,46.20000076293945,421.0,328.3999938964844,69.69999694824219,1669.1999206542969,162.39999771118164,239.39999389648438,527.5,182.39999389648438,20.820000171661377,19.739999771118164,13.100000381469727,119.4000015258789,119.4000015258789,214.60000610351562,262.5,141.00000381469727,202.79999542236328
2024-09-27,820.0,304.0,729.0000152587891,804.7999877929688,168.5,199.5,94.5,48.25,474.0,361.0,72.6500015258789,1740.6999206542969,180.20000457763672,244.1999969482422,579.0000152587891,188.6999969482422,22.619999885559082,22.200000762939453,13.380000114440918,132.1999969482422,125.80000305175781,218.1999969482422,302.99999237060547,151.00000381469727,209.75999450683594
2024-09-30,880.0,334.20001220703125,752.5,844.7999877929688,193.8000030517578,216.1999969482422,105.9000015258789,56.349998474121094,491.0,368.20001220703125,81.5,1881.0999603271484,190.20000457763672,257.3999938964844,620.0,195.89999389648438,27.719999313354492,28.0,14.0,148.60000610351562,141.1999969482422,242.0,304.50000762939453,161.00000381469727,220.79999542236328
2024-10-02,920.7999877929688,370.20001220703125,801.9999694824219,921.5999755859375,236.1999969482422,243.0,110.0,59.150001525878906,514.5,393.20001220703125,87.80000305175781,1866.8000793457031,199.59999084472656,258.3999938964844,639.0000152587891,211.39999389648438,30.479999542236328,29.559999465942383,14.5,154.8000030517578,150.0,248.39999389648438,320.49999237060547,165.49999237060547,220.79999542236328
2024-10-03,880.0,340.79998779296875,803.0000305175781,870.4000244140625,219.60000610351562,229.0,100.80000305175781,54.75,507.5,388.6000061035156,82.55000305175781,1829.0999603271484,193.99999618530273,263.0,599.5000076293945,210.0,29.130000114440918,30.68000030517578,14.5,143.39999389648438,140.8000030517578,252.0,315.0,156.25,197.75999450683594
2024-10-04,911.2000122070312,365.6000061035156,805.5000305175781,884.0,220.39999389648438,237.60000610351562,100.5,54.54999923706055,543.0,393.20001220703125,84.9000015258789,1940.9000396728516,201.49999618530273,263.79998779296875,656.5000152587891,215.39999389648438,30.119999885559082,32.79999923706055,14.5,157.0,146.6999969482422,257.6000061035156,332.5,167.74999618530273,196.79999542236328
2024-10-07,916.7999877929688,370.20001220703125,790.9999847412109,888.0,216.8000030517578,240.60000610351562,103.80000305175781,54.45000076293945,540.0,400.0,93.0999984741211,1953.9000396728516,207.00000762939453,264.6000061035156,643.0000305175781,211.1999969482422,33.78000068664551,32.47999954223633,15.199999809265137,166.0,143.8000030517578,259.79998779296875,330.99998474121094,167.00000762939453,206.87999725341797
2024-10-08,836.0,326.0,705.0,800.7999877929688,174.0,209.60000610351562,90.0999984741211,46.54999923706055,483.0,346.79998779296875,78.19999694824219,1812.1999206542969,186.00000381469727,240.0,565.4999923706055,195.39999389648438,27.630000114440918,26.959999084472656,15.199999809265137,137.39999389648438,131.3000030517578,226.8000030517578,297.5,156.75000190734863,199.44001007080078
2024-10-09,823.2000122070312,323.20001220703125,691.9999694824219,793.2000122070312,172.60000610351562,208.0,93.69999694824219,46.54999923706055,466.0,356.79998779296875,75.3499984741211,1881.0999603271484,188.99999618530273,240.8000030517578,579.5000076293945,198.1999969482422,26.69999885559082,25.68000030517578,15.199999809265137,139.0,132.3000030517578,232.39999389648438,306.00000381469727,153.24999809265137,192.7199935913086
2024-10-10,846.4000244140625,334.20001220703125,685.5000305175781,808.0,175.60000610351562,214.0,101.19999694824219,48.70000076293945,505.5,368.79998779296875,77.9000015258789,1894.0999603271484,190.59999465942383,252.0,590.4999923706055,204.60000610351562,27.930001258850098,26.0,15.100000381469727,138.8000030517578,128.1999969482422,253.39999389648438,317.99999237060547,156.75000190734863,190.31999588012695
2024-10-14,841.5999755859375,337.3999938964844,663.0000305175781,786.7999877929688,171.60000610351562,211.8000030517578,95.5,47.0,500.5,368.79998779296875,76.69999694824219,1797.9000396728516,190.40000915527344,249.8000030517578,576.5000152587891,202.60000610351562,27.44999885559082,25.15999984741211,13.800000190734863,141.0,129.1999969482422,256.0,313.50000381469727,153.24999809265137,174.95999908447266
2024-10-15,798.7999877929688,320.79998779296875,636.5000152587891,740.7999877929688,158.1999969482422,197.10000610351562,89.0,43.099998474121094,466.3999938964844,355.79998779296875,73.19999694824219,1732.9000396728516,188.60000610351562,243.60000610351562,554.0000152587891,195.1999969482422,24.959999084472656,25.040000915527344,13.800000190734863,136.0,123.69999694824219,240.1999969482422,292.00000762939453,150.0,178.0800018310547
2024-10-16,791.5999755859375,310.79998779296875,637.9999923706055,733.5999755859375,160.0,195.89999389648438,86.0999984741211,43.79999923706055,457.6000061035156,344.79998779296875,73.80000305175781,1742.0,194.59999084472656,243.60000610351562,540.4999923706055,196.1999969482422,24.90000057220459,24.559999465942383,13.800000190734863,129.0,121.9000015258789,243.60000610351562,292.5,151.99999809265137,175.9199981689453
2024-10-17,788.0,309.3999938964844,622.0000076293945,726.4000244140625,154.0,188.3000030517578,83.69999694824219,41.95000076293945,453.3999938964844,337.0,70.5999984741211,1706.9000396728516,200.49999237060547,239.8000030517578,543.4999847412109,192.6999969482422,24.030000686645508,23.959999084472656,13.800000190734863,121.80000305175781,120.80000305175781,250.0,292.00000762939453,153.99999618530273,172.56000137329102
2024-10-18,804.0,317.6000061035156,653.0000305175781,746.4000244140625,163.6999969482422,197.1999969482422,84.9000015258789,42.54999923706055,485.20001220703125,351.0,73.5999984741211,1713.4000396728516,217.99999237060547,238.8000030517578,557.0000076293945,198.89999389648438,26.130000114440918,24.639999389648438,13.800000190734863,125.4000015258789,119.9000015258789,256.3999938964844,300.49999237060547,165.24999618530273,175.43999862670898
2024-10-21,782.4000244140625,309.79998779296875,627.5,728.0,156.0,192.39999389648438,82.4000015258789,39.95000076293945,467.6000061035156,339.0,70.69999694824219,1713.4000396728516,215.0,232.1999969482422,531.5000152587891,194.6999969482422,24.959999084472656,24.1200008392334,12.0,131.0,117.80000305175781,254.8000030517578,292.5,164.50000762939453,172.0800018310547
2024-10-22,778.0,308.79998779296875,625.4999923706055,706.7999877929688,159.39999389648438,202.0,84.69999694824219,40.599998474121094,469.3999938964844,342.3999938964844,71.9000015258789,1700.4000396728516,215.49999237060547,232.8000030517578,515.0,194.0,26.40000057220459,23.1200008392334,12.0,134.39999389648438,116.4000015258789,262.0,288.99999618530273,166.25,169.20000457763672
2024-10-23,778.4000244140625,318.0,629.0000152587891,709.5999755859375,165.3000030517578,214.8000030517578,88.30000305175781,41.20000076293945,479.6000061035156,340.79998779296875,74.0,1739.4000396728516,228.50000381469727,234.60000610351562,500.49999237060547,195.5,27.660000801086426,23.639999389648438,12.119999885559082,143.1999969482422,116.0,269.20001220703125,292.99999237060547,168.75,167.2799949645996
2024-10-24,753.2000122070312,308.3999938964844,614.5000076293945,694.0,157.10000610351562,211.60000610351562,85.19999694824219,39.650001525878906,481.0,338.0,71.94999694824219,1678.3000793457031,222.99999237060547,225.8000030517578,467.99999237060547,192.8000030517578,27.660000801086426,22.8799991607666,12.119999885559082,140.60000610351562,114.5999984741211,262.6000061035156,300.0,162.5,160.79999542236328
2024-10-25,762.7999877929688,312.3999938964844,619.5000076293945,696.4000244140625,159.0,222.39999389648438,83.5999984741211,39.349998474121094,483.3999938964844,342.6000061035156,72.94999694824219,1667.9000396728516,256.49999618530273,221.8000030517578,475.0,184.1999969482422,26.069998741149902,22.440000534057617,12.399999618530273,136.1999969482422,112.69999694824219,263.79998779296875,295.49999237060547,164.75000381469727,161.52000045776367
2024-10-28,773.2000122070312,316.3999938964844,620.0,708.0,167.1999969482422,224.39999389648438,89.5999984741211,41.54999923706055,488.20001220703125,349.79998779296875,72.69999694824219,1679.5999603271484,253.50000381469727,220.39999389648438,485.99998474121094,188.1999969482422,24.780000686645508,21.959999084472656,12.399999618530273,146.60000610351562,114.0,266.79998779296875,302.00000762939453,162.74999618530273,161.52000045776367
2024-10-29,780.4000244140625,325.0,634.0000152587891,726.7999877929688,172.0,222.8000030517578,91.9000015258789,45.599998474121094,503.0,347.79998779296875,73.5999984741211,1706.9000396728516,252.00000762939453,227.39999389648438,498.49998474121094,185.39999389648438,24.15000057220459,21.31999969482422,12.680000305175781,151.8000030517578,120.5999984741211,268.0,301.00000381469727,155.0,162.24000549316406
2024-10-30,766.7999877929688,311.79998779296875,627.9999923706055,713.5999755859375,168.8000030517578,217.1999969482422,88.30000305175781,42.599998474121094,495.20001220703125,347.0,71.55000305175781,1658.7999801635742,242.99999237060547,227.1999969482422,480.99998474121094,180.60000610351562,24.15000057220459,20.8799991607666,12.699999809265137,155.39999389648438,116.0,262.20001220703125,292.5,149.49999809265137,158.87999725341797
2024-10-31,756.4000244140625,311.0,619.0000152587891,713.5999755859375,170.60000610351562,214.8000030517578,90.30000305175781,41.650001525878906,501.0,349.79998779296875,71.3499984741211,1583.4000396728516,238.99999618530273,224.39999389648438,483.49998474121094,179.6999969482422,23.219999313354492,20.639999389648438,12.699999809265137,158.0,114.80000305175781,254.0,287.99999237060547,141.99999809265137,154.31999588012695
2024-11-01,760.0,316.20001220703125,617.9999923706055,706.7999877929688,171.10000610351562,194.1999969482422,88.5999984741211,40.25,497.20001220703125,343.79998779296875,70.80000305175781,1606.7999801635742,235.0,217.1999969482422,485.0,181.6999969482422,24.0,20.84000015258789,12.800000190734863,154.8000030517578,112.0,262.3999938964844,282.99999237060547,146.25,160.31999588012695
2024-11-04,768.4000244140625,312.20001220703125,622.0000076293945,706.0,172.39999389648438,198.3000030517578,95.4000015258789,40.599998474121094,521.0,360.6000061035156,71.9000015258789,1610.7000198364258,240.0,217.1999969482422,492.99999237060547,174.60000610351562,23.280000686645508,20.639999389648438,12.800000190734863,154.1999969482422,110.0999984741211,254.0,291.00000381469727,145.74999809265137,161.04000091552734
2024-11-05,787.2000122070312,317.20001220703125,622.5,722.4000244140625,180.3000030517578,196.6999969482422,99.4000015258789,41.900001525878906,536.5,385.79998779296875,71.80000305175781,1652.2999801635742,245.49999237060547,223.0,487.5,179.3000030517578,23.489999771118164,20.799999237060547,12.800000190734863,152.8000030517578,116.0999984741211,254.1999969482422,290.0,146.25,165.60000228881836
2024-11-06,755.2000122070312,304.0,620.4999923706055,707.2000122070312,175.5,191.39999389648438,98.80000305175781,40.25,525.5,378.0,71.3499984741211,1617.2000198364258,237.00000762939453,216.0,454.00001525878906,175.3000030517578,22.859999656677246,20.559999465942383,12.800000190734863,144.1999969482422,116.0,263.6000061035156,282.00000762939453,145.50000190734863,165.60000228881836
2024-11-07,765.2000122070312,307.20001220703125,632.5,718.4000244140625,178.60000610351562,195.60000610351562,100.0,40.099998474121094,525.0,399.79998779296875,73.30000305175781,1583.4000396728516,239.50000762939453,219.1999969482422,480.0,176.8000030517578,22.979999542236328,22.200000762939453,12.800000190734863,149.0,115.5999984741211,256.20001220703125,295.0,143.50000381469727,163.68000411987305
2024-11-08,752.0,310.6000061035156,597.0000076293945,711.5999755859375,183.3000030517578,192.10000610351562,114.69999694824219,41.599998474121094,527.0,398.6000061035156,70.69999694824219,1601.5999603271484,245.49999237060547,219.60000610351562,464.50000762939453,174.10000610351562,22.55999994277954,21.600000381469727,12.819999694824219,154.0,116.19999694824219,238.0,296.00000381469727,141.75000190734863,165.60000228881836
2024-11-11,752.7999877929688,303.3999938964844,602.0000076293945,697.5999755859375,177.89999389648438,191.1999969482422,119.0999984741211,40.75,518.0,390.20001220703125,69.4000015258789,1627.5999603271484,247.5,215.8000030517578,459.50000762939453,171.1999969482422,21.59999942779541,20.920000076293945,13.0,151.8000030517578,116.0,246.0,286.49999618530273,137.5,164.6400032043457
2024-11-12,724.4000244140625,288.20001220703125,604.5000076293945,669.5999755859375,169.89999389648438,180.5,113.69999694824219,38.0,504.0,378.0,67.30000305175781,1583.4000396728516,244.50000762939453,210.1999969482422,450.49999237060547,168.1999969482422,20.40000057220459,19.579999923706055,13.220000267028809,141.8000030517578,112.0,252.0,277.00000762939453,138.50000381469727,162.24000549316406
2024-11-13,724.4000244140625,283.6000061035156,602.9999923706055,666.0,168.8000030517578,177.0,108.5999984741211,36.400001525878906,489.79998779296875,370.79998779296875,66.5,1547.0,233.99999618530273,208.60000610351562,455.49999237060547,167.0,20.46000051498413,19.8799991607666,13.220000267028809,137.8000030517578,108.0,248.0,277.00000762939453,135.0,159.12000274658203
2024-11-14,703.5999755859375,270.20001220703125,597.5,648.0,162.39999389648438,171.60000610351562,101.0999984741211,35.099998474121094,476.79998779296875,365.0,63.849998474121094,1497.5999603271484,222.00000762939453,203.60000610351562,420.49999237060547,162.6999969482422,18.90000057220459,19.219999313354492,13.220000267028809,135.1999969482422,107.9000015258789,231.60000610351562,275.0,133.00000190734863,164.6400032043457
2024-11-15,697.5999755859375,265.20001220703125,670.0,658.0,146.10000610351562,175.10000610351562,99.19999694824219,34.95000076293945,468.0,370.6000061035156,64.55000305175781,1480.7000198364258,215.0,207.39999389648438,424.50000762939453,163.8000030517578,18.90000057220459,18.639999389648438,13.220000267028809,133.0,107.80000305175781,229.8000030517578,277.00000762939453,132.74999618530273,164.87999725341797
2024-11-18,690.4000244140625,274.79998779296875,679.4999694824219,654.4000244140625,145.0,176.39999389648438,100.4000015258789,35.95000076293945,478.20001220703125,369.3999938964844,64.69999694824219,1457.2999801635742,212.00000762939453,211.1999969482422,437.5,163.6999969482422,19.34999942779541,18.600000381469727,13.9399995803833,137.0,107.80000305175781,240.60000610351562,279.50000762939453,131.75000190734863,157.20000457763672
2024-11-19,682.0,274.3999938964844,675.5000305175781,666.7999877929688,146.8000030517578,181.6999969482422,103.9000015258789,37.79999923706055,506.0,370.20001220703125,66.1500015258789,1470.2999801635742,202.5,215.1999969482422,427.99999237060547,165.6999969482422,19.34999942779541,18.200000762939453,14.899999618530273,138.8000030517578,107.80000305175781,247.39999389648438,285.0,131.49999618530273,158.39999771118164
2024-11-20,678.0,275.0,674.4999694824219,672.0,149.5,180.3000030517578,100.69999694824219,36.400001525878906,497.3999938964844,370.79998779296875,71.3499984741211,1531.4000396728516,207.5,212.39999389648438,430.0,161.60000610351562,19.979999542236328,19.200000762939453,14.880000114440918,137.60000610351562,107.80000305175781,260.0,280.0,139.49999809265137,156.7200050354004
2024-11-21,675.2000122070312,275.79998779296875,684.0000152587891,670.7999877929688,147.60000610351562,177.5,94.69999694824219,36.20000076293945,501.5,371.0,71.6500015258789,1519.7000198364258,205.0,220.1999969482422,444.50000762939453,156.8000030517578,21.780000686645508,19.059999465942383,14.880000114440918,135.0,107.80000305175781,267.79998779296875,277.99999237060547,139.49999809265137,153.83999633789062
2024-11-22,645.5999755859375,275.0,681.9999694824219,613.2000122070312,142.5,171.10000610351562,90.4000015258789,35.95000076293945,500.0,353.79998779296875,69.6500015258789,1479.4000396728516,197.60000228881836,217.39999389648438,441.50001525878906,151.89999389648438,18.719999313354492,18.219999313354492,14.880000114440918,128.39999389648438,104.0,273.20001220703125,273.50000381469727,136.49999618530273,149.75999450683594
2024-11-25,655.5999755859375,266.6000061035156,668.0000305175781,622.7999877929688,142.60000610351562,174.10000610351562,90.30000305175781,37.54999923706055,501.5,360.79998779296875,70.80000305175781,1502.7999801635742,212.99999237060547,211.0,458.49998474121094,150.10000610351562,18.65999937057495,18.600000381469727,14.699999809265137,130.1999969482422,96.0,269.0,273.50000381469727,135.50000190734863,153.60000228881836
2024-11-26,666.7999877929688,271.6000061035156,661.5000152587891,648.7999877929688,142.0,172.60000610351562,88.80000305175781,35.45000076293945,500.5,366.3999938964844,71.0,1478.0999603271484,219.50000762939453,210.60000610351562,462.00000762939453,148.8000030517578,19.34999942779541,18.559999465942383,14.579999923706055,136.39999389648438,95.9000015258789,256.3999938964844,268.99999618530273,137.25000381469727,192.0
2024-11-27,680.0,285.20001220703125,681.9999694824219,658.7999877929688,147.89999389648438,177.0,92.4000015258789,34.849998474121094,503.0,363.0,73.0,1584.7000198364258,219.50000762939453,213.39999389648438,465.0,150.5,20.19000005722046,18.700000762939453,13.979999542236328,147.1999969482422,94.9000015258789,279.79998779296875,261.00000381469727,143.99999618530273,174.24000549316406
2024-11-29,669.2000122070312,287.6000061035156,671.9999694824219,650.4000244140625,149.0,182.1999969482422,92.9000015258789,34.20000076293945,508.5,355.0,73.6500015258789,1674.4000396728516,224.50000762939453,208.1999969482422,464.00001525878906,147.5,20.640000343322754,19.260000228881836,13.979999542236328,154.8000030517578,98.0,300.0,245.49999237060547,132.5,159.83999633789062
2024-12-02,672.0,294.6000061035156,690.5000305175781,663.2000122070312,154.60000610351562,177.5,97.5999984741211,35.20000076293945,510.5,360.3999938964844,75.25,1649.7000198364258,225.0,215.1999969482422,461.50001525878906,148.8000030517578,20.25,19.31999969482422,13.779999732971191,183.0,103.5,296.0,248.99999618530273,136.25,163.68000411987305
2024-12-03,675.5999755859375,290.6000061035156,695.5000305175781,673.2000122070312,157.0,176.10000610351562,97.5,35.5,516.5,367.3999938964844,77.19999694824219,1602.9000396728516,232.5,222.1999969482422,475.0,149.8000030517578,21.09000062942505,19.100000381469727,14.0,179.8000030517578,107.80000305175781,283.6000061035156,257.5,136.00000381469727,162.95999908447266
2024-12-04,672.0,284.79998779296875,708.4999847412109,669.2000122070312,150.0,175.6999969482422,100.0,37.099998474121094,529.5,367.3999938964844,76.4000015258789,1600.2999801635742,231.00000381469727,222.0,499.00001525878906,148.39999389648438,20.700000286102295,19.440000534057617,14.199999809265137,188.8000030517578,107.0,279.3999938964844,257.5,134.25000190734863,161.75999450683594
2024-12-05,655.5999755859375,284.3999938964844,710.5000305175781,670.7999877929688,149.8000030517578,172.5,99.9000015258789,36.650001525878906,512.0,364.79998779296875,74.25,1578.2000198364258,218.99999618530273,216.8000030517578,484.00001525878906,145.60000610351562,19.229999542236328,19.479999542236328,14.300000190734863,188.1999969482422,107.0,281.20001220703125,257.00000762939453,132.5,162.24000549316406
2024-12-06,671.5999755859375,293.20001220703125,711.5000152587891,679.5999755859375,150.6999969482422,176.5,100.0999984741211,36.20000076293945,542.0,381.3999938964844,75.94999694824219,1612.0,217.99999237060547,221.39999389648438,496.50001525878906,146.89999389648438,18.479999542236328,19.959999084472656,14.5,189.60000610351562,108.0,281.0,259.50000762939453,133.24999809265137,166.0800018310547
2024-12-09,695.2000122070312,304.3999938964844,754.4999694824219,696.7999877929688,158.5,183.8000030517578,104.9000015258789,38.150001525878906,577.5,390.3999938964844,79.0999984741211,1601.5999603271484,225.0,224.1999969482422,507.5,149.89999389648438,19.28999948501587,20.399999618530273,15.199999809265137,188.1999969482422,109.4000015258789,300.0,266.49999618530273,134.49999809265137,165.60000228881836
2024-12-10,692.7999877929688,306.6000061035156,755.9999847412109,684.4000244140625,163.89999389648438,180.10000610351562,103.0,37.95000076293945,564.5,384.0,77.55000305175781,1510.5999603271484,218.50000381469727,219.0,492.5,146.10000610351562,20.429999828338623,21.079999923706055,15.34000015258789,182.60000610351562,113.69999694824219,297.6000061035156,271.00000381469727,133.00000190734863,161.04000091552734
2024-12-11,689.5999755859375,298.0,749.0000152587891,684.0,155.39999389648438,177.1999969482422,101.4000015258789,37.29999923706055,561.5,381.3999938964844,79.5,1443.0,216.49999618530273,219.0,488.49998474121094,146.8000030517578,21.0,21.200000762939453,15.399999618530273,182.8000030517578,113.5999984741211,296.79998779296875,263.50000381469727,128.00000190734863,159.3599967956543
2024-12-12,704.0,295.6000061035156,757.5,700.7999877929688,161.6999969482422,180.8000030517578,101.5999984741211,36.400001525878906,586.0,393.0,80.55000305175781,1413.0999603271484,209.50000762939453,218.39999389648438,497.99999237060547,148.0,21.330000400543213,21.200000762939453,15.399999618530273,191.0,113.19999694824219,300.3999938964844,268.50000381469727,126.49999618530273,156.0
2024-12-13,686.0,288.79998779296875,735.5000305175781,694.7999877929688,154.1999969482422,171.89999389648438,95.5999984741211,34.95000076293945,569.0,388.6000061035156,78.80000305175781,1409.2000198364258,205.49999237060547,218.0,473.49998474121094,152.0,21.179999828338623,20.959999084472656,15.399999618530273,187.1999969482422,110.0999984741211,300.3999938964844,257.99999237060547,122.74999618530273,155.2799949645996
2024-12-16,674.7999877929688,288.0,728.4999847412109,697.5999755859375,151.89999389648438,170.89999389648438,96.0,35.29999923706055,562.0,380.0,79.4000015258789,1370.2000198364258,206.00000381469727,218.60000610351562,460.49999237060547,151.39999389648438,21.65999937057495,21.1200008392334,15.0,190.60000610351562,111.19999694824219,299.79998779296875,252.00000762939453,117.25000381469727,150.0
2024-12-17,667.2000122070312,284.3999938964844,723.0000305175781,690.0,152.60000610351562,170.5,96.30000305175781,34.650001525878906,561.0,380.3999938964844,78.3499984741211,1381.9000396728516,203.99999618530273,206.0,455.0,153.39999389648438,27.660000801086426,20.440000534057617,15.0,185.0,111.0,299.79998779296875,255.0,116.25,161.2799949645996
2024-12-18,672.4000244140625,288.0,728.0000305175781,702.0,154.39999389648438,179.8000030517578,100.19999694824219,35.849998474121094,571.5,382.79998779296875,80.9000015258789,1396.2000198364258,212.99999237060547,208.0,460.99998474121094,155.60000610351562,25.34999942779541,20.360000610351562,15.0,185.1999969482422,107.0999984741211,307.6000061035156,260.49999237060547,115.24999618530273,153.60000228881836
2024-12-19,663.5999755859375,283.3999938964844,719.0000152587891,672.7999877929688,150.39999389648438,182.10000610351562,97.0,34.650001525878906,555.5,378.0,79.0,1375.4000396728516,202.99999237060547,203.0,465.99998474121094,154.3000030517578,24.510000228881836,19.360000610351562,15.0,182.39999389648438,105.9000015258789,296.0,256.00000381469727,114.75000381469727,153.83999633789062
2024-12-20,640.7999877929688,274.79998779296875,714.4999694824219,655.5999755859375,150.0,186.5,97.19999694824219,35.29999923706055,555.0,377.6000061035156,76.94999694824219,1361.0999603271484,206.00000381469727,196.39999389648438,467.5,153.1999969482422,23.15999937057495,19.68000030517578,15.0,180.39999389648438,108.80000305175781,296.0,257.00000762939453,110.74999809265137,151.9199981689453
2024-12-23,648.0,279.20001220703125,720.9999847412109,676.4000244140625,148.1999969482422,187.60000610351562,98.0,34.95000076293945,560.5,373.0,75.4000015258789,1379.2999801635742,208.99999618530273,204.60000610351562,479.50000762939453,155.1999969482422,24.390000343322754,19.65999984741211,15.0,185.60000610351562,108.5999984741211,297.20001220703125,257.00000762939453,111.25,156.7200050354004
2024-12-24,667.5999755859375,282.79998779296875,711.5000152587891,684.0,149.3000030517578,189.39999389648438,100.0999984741211,35.150001525878906,561.0,380.0,76.1500015258789,1394.9000396728516,210.0,206.0,491.50001525878906,157.1999969482422,24.180001258850098,19.65999984741211,15.0,195.60000610351562,107.4000015258789,297.20001220703125,261.49999618530273,111.99999809265137,153.83999633789062
2024-12-27,658.7999877929688,271.79998779296875,709.4999694824219,680.0,147.60000610351562,200.8000030517578,98.69999694824219,36.400001525878906,559.0,377.79998779296875,74.94999694824219,1385.7999801635742,205.0,201.0679931640625,482.99999237060547,153.5,23.03999948501587,19.5,15.0,187.60000610351562,106.4000015258789,296.0,257.99999237060547,111.49999618530273,152.39999771118164
2024-12-30,656.0,269.3999938964844,700.9999847412109,670.4000244140625,145.0,196.1999969482422,93.0,35.04999923706055,535.5,374.3999938964844,76.25,1419.5999603271484,207.99999237060547,192.1999969482422,486.50001525878906,152.39999389648438,22.260000228881836,19.68000030517578,15.0,190.0,106.0,296.0,252.00000762939453,113.75,164.16000366210938
2024-12-31,662.7999877929688,271.79998779296875,695.9999847412109,661.5999755859375,143.0,188.8000030517578,93.69999694824219,34.95000076293945,540.0,374.6000061035156,74.9000015258789,1426.0999603271484,210.0,196.0,489.50000762939453,151.6999969482422,21.65999937057495,19.68000030517578,15.0,188.8000030517578,105.9000015258789,295.79998779296875,259.50000762939453,111.99999809265137,218.6399917602539
2025-01-02,650.4000244140625,265.0,686.9999694824219,646.4000244140625,137.5,187.8000030517578,90.0,34.29999923706055,520.0,367.20001220703125,73.30000305175781,1401.4000396728516,195.40000915527344,198.1999969482422,489.00001525878906,150.10000610351562,20.90999937057495,19.280000686645508,15.0,191.60000610351562,105.9000015258789,294.6000061035156,252.00000762939453,116.99999809265137,188.87999725341797
2025-01-03,660.7999877929688,268.3999938964844,682.5,648.4000244140625,134.39999389648438,192.10000610351562,89.4000015258789,35.150001525878906,516.5,354.0,72.19999694824219,1418.2999801635742,192.00000762939453,203.8000030517578,482.00000762939453,151.3000030517578,21.030000686645508,19.299999237060547,15.0,208.1999969482422,105.9000015258789,301.79998779296875,254.50000762939453,116.25,169.43999862670898
2025-01-06,657.2000122070312,271.3999938964844,686.5000152587891,646.0,132.89999389648438,188.6999969482422,92.4000015258789,36.54999923706055,520.5,343.0,72.0,1393.5999603271484,193.79999160766602,203.8000030517578,485.99998474121094,149.6999969482422,21.390000343322754,19.440000534057617,15.0,204.1999969482422,105.19999694824219,298.3999938964844,246.49999618530273,122.74999618530273,177.12000274658203
2025-01-07,651.2000122070312,270.0,687.5,643.5999755859375,133.5,185.6999969482422,94.9000015258789,36.400001525878906,507.5,348.0,72.5999984741211,1372.7999801635742,210.0,202.39999389648438,487.00000762939453,148.0,23.010000228881836,18.860000610351562,15.0,193.60000610351562,105.0,283.79998779296875,244.50000762939453,120.50000190734863,168.7200050354004
2025-01-08,647.2000122070312,270.6000061035156,708.0000305175781,638.7999877929688,133.3000030517578,183.10000610351562,97.0999984741211,33.79999923706055,510.5,343.6000061035156,71.0,1359.7999801635742,194.20000076293945,203.1999969482422,487.99999237060547,146.6999969482422,23.19000005722046,19.3799991607666,15.0,193.39999389648438,104.4000015258789,284.0,237.99999237060547,120.74999809265137,162.47999954223633
2025-01-10,636.7999877929688,261.79998779296875,733.4999847412109,621.5999755859375,127.80000305175781,175.89999389648438,93.19999694824219,33.04999923706055,498.0,334.79998779296875,69.5999984741211,1407.9000396728516,189.20000076293945,192.39999389648438,487.99999237060547,142.0,23.25,18.84000015258789,15.0,190.0,96.0999984741211,286.6000061035156,243.99999618530273,118.75,156.0
2025-01-13,624.7999877929688,258.0,743.0000305175781,607.2000122070312,125.30000305175781,170.60000610351562,93.30000305175781,32.849998474121094,496.3999938964844,329.3999938964844,68.5999984741211,1385.7999801635742,193.60000610351562,197.1999969482422,480.0,140.39999389648438,21.119999885559082,18.65999984741211,14.779999732971191,181.1999969482422,97.80000305175781,280.0,237.99999237060547,114.75000381469727,156.95999908447266
2025-01-14,639.5999755859375,271.79998779296875,744.0000152587891,620.4000244140625,130.6999969482422,176.3000030517578,101.19999694824219,32.400001525878906,504.5,342.79998779296875,71.25,1492.4000396728516,193.99999618530273,198.0,462.5,145.6999969482422,21.75,18.760000228881836,14.779999732971191,182.60000610351562,103.80000305175781,287.20001220703125,242.00000762939453,117.74999618530273,159.83999633789062
2025-01-15,639.5999755859375,274.20001220703125,774.0000152587891,628.0,129.10000610351562,170.8000030517578,100.19999694824219,31.649999618530273,506.0,339.6000061035156,71.4000015258789,1536.5999603271484,186.8000030517578,200.60000610351562,462.00000762939453,144.0,21.119999885559082,18.65999984741211,14.600000381469727,174.60000610351562,108.80000305175781,287.6000061035156,242.00000762939453,106.25,160.79999542236328
2025-01-16,643.5999755859375,280.20001220703125,785.0,632.7999877929688,135.5,170.8000030517578,107.19999694824219,32.20000076293945,511.5,340.79998779296875,72.4000015258789,1578.2000198364258,193.79999160766602,206.8000030517578,461.50001525878906,146.0,21.59999942779541,19.799999237060547,14.5,182.0,108.69999694824219,285.3999938964844,245.0,103.75,164.39999771118164
2025-01-17,646.0,293.3999938964844,769.0000152587891,629.2000122070312,134.60000610351562,173.5,108.4000015258789,32.650001525878906,513.0,339.6000061035156,72.19999694824219,1610.7000198364258,203.99999618530273,206.8000030517578,460.0,150.39999389648438,21.96000051498413,19.600000381469727,14.5,180.0,107.5,291.0,242.5,110.0,163.20000457763672
2025-01-21,678.4000244140625,316.79998779296875,786.9999694824219,654.0,138.0,188.1999969482422,119.4000015258789,34.95000076293945,539.0,353.20001220703125,76.0,1686.0999603271484,211.00000381469727,215.8000030517578,467.00000762939453,152.39999389648438,22.109999656677246,19.920000076293945,14.640000343322754,191.39999389648438,113.30000305175781,297.0,250.49999237060547,108.24999809265137,160.0800018310547
2025-01-22,657.5999755859375,303.20001220703125,774.0000152587891,641.2000122070312,129.1999969482422,181.39999389648438,115.69999694824219,32.900001525878906,523.0,345.79998779296875,74.0999984741211,1686.0999603271484,205.0,209.60000610351562,354.00001525878906,150.6999969482422,21.390000343322754,20.399999618530273,16.459999084472656,182.1999969482422,113.19999694824219,301.0,243.99999618530273,108.99999618530273,157.43999862670898
2025-01-23,663.2000122070312,302.3999938964844,783.0000305175781,638.4000244140625,127.30000305175781,174.60000610351562,111.5,33.0,514.0,344.20001220703125,74.0999984741211,1695.1999206542969,200.0,205.1999969482422,362.00000762939453,144.60000610351562,21.96000051498413,21.1200008392334,16.459999084472656,176.0,113.19999694824219,306.79998779296875,245.49999237060547,104.75000381469727,155.2799949645996
2025-01-24,678.0,311.3999938964844,791.9999694824219,652.4000244140625,131.39999389648438,179.39999389648438,114.4000015258789,32.95000076293945,541.0,347.3999938964844,73.94999694824219,1704.3000793457031,205.49999237060547,211.8000030517578,360.49999237060547,145.6999969482422,22.049999713897705,22.040000915527344,16.459999084472656,179.0,109.9000015258789,300.0,252.00000762939453,104.75000381469727,160.79999542236328
2025-01-27,698.0,314.6000061035156,791.5000152587891,678.0,132.3000030517578,184.0,116.30000305175781,34.04999923706055,550.5,357.3999938964844,74.55000305175781,1740.6999206542969,205.0,212.0,365.0,146.5,22.979999542236328,21.799999237060547,16.940000534057617,181.0,109.9000015258789,312.79998779296875,251.00000381469727,106.00000381469727,162.95999908447266
2025-01-28,706.7999877929688,314.0,805.0,701.5999755859375,133.6999969482422,185.0,117.9000015258789,33.95000076293945,549.0,353.0,75.5999984741211,1791.4000396728516,208.99999618530273,216.1999969482422,377.5,151.0,23.30999994277954,21.799999237060547,17.440000534057617,179.0,113.5999984741211,318.20001220703125,252.99999237060547,104.49999809265137,167.04000091552734
2025-02-03,752.0,303.79998779296875,802.5,675.5999755859375,126.5,173.3000030517578,116.9000015258789,33.25,552.5,353.3999938964844,74.5,1755.0,208.50000381469727,214.0,374.00001525878906,142.39999389648438,24.0,21.799999237060547,18.5,177.60000610351562,110.80000305175781,299.0,247.99999237060547,102.5,167.04000091552734
2025-02-04,781.2000122070312,324.20001220703125,794.0000152587891,698.7999877929688,138.1999969482422,188.39999389648438,131.39999389648438,34.75,570.5,354.6000061035156,78.5999984741211,1799.1999206542969,220.49999237060547,219.1999969482422,380.99998474121094,146.89999389648438,24.42000102996826,21.799999237060547,20.5,186.60000610351562,116.0,301.0,252.00000762939453,104.75000381469727,171.12000274658203
2025-02-05,780.4000244140625,313.0,793.0000305175781,702.4000244140625,139.89999389648438,180.8000030517578,129.6999969482422,33.150001525878906,534.0,349.79998779296875,77.0999984741211,1782.3000793457031,203.99999618530273,218.1999969482422,372.99999237060547,149.0,24.42000102996826,21.799999237060547,22.200000762939453,179.60000610351562,116.0,309.6000061035156,238.99999618530273,107.25000381469727,164.87999725341797
2025-02-06,788.4000244140625,315.3999938964844,805.0,693.2000122070312,142.0,191.8000030517578,134.60000610351562,33.849998474121094,542.5,364.20001220703125,79.0999984741211,1831.6999206542969,217.99999237060547,208.1999969482422,372.99999237060547,150.39999389648438,24.270000457763672,21.799999237060547,21.100000381469727,179.8000030517578,118.0,308.20001220703125,238.99999618530273,110.74999809265137,167.52000045776367
2025-02-07,800.0,314.20001220703125,814.4999694824219,690.0,145.8000030517578,206.39999389648438,136.89999389648438,33.95000076293945,532.5,382.79998779296875,84.1500015258789,1794.0,216.49999618530273,208.1999969482422,382.99999237060547,150.5,24.869999885559082,21.799999237060547,30.200000762939453,180.0,118.0,330.0,256.00000381469727,104.75000381469727,174.24000549316406
2025-02-10,844.0,323.0,830.0,715.5999755859375,146.6999969482422,211.1999969482422,135.5,34.04999923706055,545.0,372.3999938964844,84.19999694824219,1768.0,215.49999237060547,210.0,387.5,152.60000610351562,26.310001373291016,21.799999237060547,32.04999923706055,180.60000610351562,122.5,337.0,257.99999237060547,105.0,174.24000549316406
2025-02-11,839.2000122070312,317.0,810.0,710.0,137.6999969482422,199.39999389648438,123.30000305175781,33.29999923706055,518.5,370.0,81.5,1736.8000793457031,211.49999618530273,212.0,395.99998474121094,148.89999389648438,24.510000228881836,21.799999237060547,25.649999618530273,174.39999389648438,122.5,334.0,255.49999237060547,103.50000381469727,167.75999450683594
2025-02-12,910.4000244140625,312.20001220703125,831.5000152587891,711.2000122070312,141.6999969482422,201.8000030517578,124.69999694824219,32.5,524.0,376.20001220703125,81.44999694824219,1753.6999206542969,211.00000381469727,218.0,413.49998474121094,151.6999969482422,26.939998626708984,21.799999237060547,25.649999618530273,171.8000030517578,112.69999694824219,317.3999938964844,257.5,101.25,172.56000137329102
2025-02-13,933.5999755859375,303.0,818.0000305175781,752.0,149.6999969482422,195.8000030517578,121.19999694824219,32.70000076293945,531.0,367.20001220703125,81.19999694824219,1708.1999206542969,223.50000381469727,221.60000610351562,400.0,154.60000610351562,27.810001373291016,21.799999237060547,24.0,172.1999969482422,122.0,331.6000061035156,263.99999618530273,101.75000190734863,171.83999633789062
2025-02-14,992.7999877929688,326.0,826.5000152587891,772.4000244140625,172.10000610351562,203.1999969482422,128.39999389648438,34.54999923706055,556.0,372.6000061035156,87.80000305175781,1852.5,232.99999237060547,229.39999389648438,424.00001525878906,157.3000030517578,29.55000114440918,21.799999237060547,24.799999237060547,179.1999969482422,127.69999694824219,353.20001220703125,271.00000381469727,106.49999618530273,192.48001098632812
2025-02-18,1010.4000244140625,313.20001220703125,827.5,721.5999755859375,167.3000030517578,205.60000610351562,136.6999969482422,35.5,530.5,383.6000061035156,87.19999694824219,1894.0999603271484,248.99999618530273,237.1999969482422,432.5,158.39999389648438,29.010000228881836,21.799999237060547,24.149999618530273,176.60000610351562,128.6999969482422,348.0,280.0,107.5,184.31999588012695
2025-02-19,992.7999877929688,308.3999938964844,812.5,706.7999877929688,163.5,209.0,142.1999969482422,34.900001525878906,528.5,380.79998779296875,85.5999984741211,1865.5,250.0,239.8000030517578,422.00000762939453,157.0,27.32999897003174,21.799999237060547,25.299999237060547,172.0,128.60000610351562,350.3999938964844,292.00000762939453,114.75000381469727,195.83999633789062
2025-02-20,967.2000122070312,307.3999938964844,790.5000305175781,684.0,154.8000030517578,203.8000030517578,136.3000030517578,33.75,512.0,363.79998779296875,81.30000305175781,1856.4000396728516,242.99999237060547,240.0,409.00001525878906,155.39999389648438,25.80000114440918,21.799999237060547,25.049999237060547,172.60000610351562,119.69999694824219,341.6000061035156,290.0,118.99999618530273,196.32000732421875
2025-02-21,1108.0,323.20001220703125,800.0,716.0,180.3000030517578,218.8000030517578,143.8000030517578,35.29999923706055,512.5,363.6000061035156,88.5,2064.4000396728516,267.00000762939453,232.0,413.49998474121094,162.0,27.660000801086426,21.799999237060547,32.900001525878906,168.0,121.69999694824219,327.6000061035156,290.49999237060547,127.25000381469727,192.0
2025-02-24,1085.5999755859375,322.20001220703125,786.9999694824219,716.0,177.6999969482422,212.39999389648438,144.5,35.04999923706055,524.5,359.79998779296875,89.5999984741211,2025.4000396728516,267.5,233.60000610351562,394.00001525878906,157.5,27.780000686645508,21.799999237060547,32.0,160.8000030517578,121.69999694824219,323.6000061035156,280.49999237060547,123.99999618530273,186.95999908447266
2025-02-25,1044.800048828125,310.0,772.5,688.0,164.1999969482422,239.0,150.89999389648438,35.20000076293945,462.0,364.79998779296875,85.94999694824219,2051.4000396728516,271.49999618530273,225.1999969482422,374.00001525878906,152.89999389648438,24.90000057220459,21.799999237060547,29.25,159.39999389648438,122.9000015258789,308.6000061035156,277.99999237060547,123.99999618530273,178.31999588012695
2025-02-26,1095.199951171875,336.20001220703125,798.4999847412109,710.7999877929688,173.1999969482422,257.3999938964844,163.39999389648438,34.75,476.20001220703125,377.6000061035156,86.0999984741211,2100.800079345703,274.50000762939453,220.8000030517578,374.00001525878906,154.89999389648438,26.189998626708984,21.799999237060547,30.0,162.60000610351562,125.9000015258789,317.0,290.0,130.50000190734863,181.20000457763672
2025-02-27,1085.5999755859375,334.3999938964844,782.5,702.0,164.8000030517578,255.60000610351562,173.5,37.0,454.0,383.79998779296875,84.1500015258789,2100.800079345703,287.99999237060547,223.1999969482422,376.50001525878906,154.1999969482422,26.25,21.799999237060547,27.049999237060547,162.39999389648438,122.69999694824219,322.79998779296875,287.99999237060547,133.50000381469727,184.0800018310547
2025-02-28,1020.0,321.20001220703125,774.0000152587891,668.0,156.3000030517578,235.0,159.60000610351562,35.25,436.6000061035156,384.3999938964844,79.3499984741211,2167.0999603271484,266.00000381469727,220.39999389648438,364.50000762939453,149.6999969482422,24.44999885559082,21.799999237060547,26.299999237060547,158.39999389648438,120.0,314.3999938964844,274.50000762939453,128.75,187.43999862670898
2025-03-03,1043.199951171875,318.0,765.0,666.4000244140625,158.10000610351562,223.60000610351562,162.6999969482422,35.150001525878906,450.6000061035156,377.6000061035156,78.6500015258789,2074.800079345703,268.99999618530273,220.60000610351562,360.99998474121094,152.1999969482422,23.700000286102295,21.799999237060547,26.299999237060547,159.1999969482422,122.0,310.20001220703125,280.49999237060547,126.00000381469727,179.04000091552734
2025-03-04,1022.4000244140625,320.3999938964844,781.9999694824219,678.0,160.60000610351562,216.39999389648438,157.8000030517578,33.54999923706055,458.0,382.0,79.5,1977.3000793457031,254.50000762939453,216.39999389648438,355.99998474121094,158.89999389648438,24.180001258850098,21.799999237060547,25.049999237060547,159.0,121.9000015258789,305.6000061035156,282.99999237060547,125.50000190734863,175.9199981689453
2025-03-05,1039.199951171875,330.20001220703125,790.0,700.0,167.5,219.60000610351562,164.10000610351562,33.099998474121094,474.6000061035156,384.3999938964844,80.5,2031.9000396728516,273.99999618530273,228.0,366.50001525878906,161.0,24.569998741149902,21.799999237060547,26.700000762939453,156.0,125.9000015258789,308.20001220703125,290.0,128.99999618530273,176.39999771118164
2025-03-06,1126.4000244140625,358.0,821.5000152587891,729.2000122070312,178.0,220.60000610351562,172.10000610351562,34.099998474121094,498.6000061035156,390.0,85.9000015258789,2024.0999603271484,282.5,236.8000030517578,381.50001525878906,162.10000610351562,25.5,21.799999237060547,30.600000381469727,156.0,132.89999389648438,334.3999938964844,292.00000762939453,126.99999809265137,179.04000091552734
2025-03-07,1120.0,340.20001220703125,808.0000305175781,726.4000244140625,181.5,221.8000030517578,180.0,33.650001525878906,511.5,381.3999938964844,85.5,1978.5999603271484,279.50000762939453,234.0,382.00000762939453,158.5,25.290000915527344,21.799999237060547,30.0,154.0,133.10000610351562,324.79998779296875,292.99999237060547,128.99999618530273,177.60000228881836
2025-03-10,1076.0,324.6000061035156,809.0000152587891,736.0,180.89999389648438,221.0,178.5,34.650001525878906,493.20001220703125,385.0,86.94999694824219,1862.9000396728516,278.99999618530273,235.39999389648438,384.00001525878906,158.5,24.989999771118164,21.799999237060547,30.700000762939453,153.8000030517578,133.10000610351562,316.0,288.50000381469727,123.75,180.47999954223633
2025-03-11,1068.800048828125,320.20001220703125,819.0000152587891,738.0,180.5,226.0,194.89999389648438,38.04999923706055,491.3999938964844,385.3999938964844,88.19999694824219,1922.6999206542969,275.49999237060547,235.39999389648438,380.49999237060547,159.10000610351562,24.75,21.799999237060547,30.200000762939453,156.0,135.10000610351562,300.0,289.50000762939453,124.49999809265137,172.31999588012695
2025-03-12,1078.4000244140625,313.3999938964844,815.0,720.4000244140625,168.1999969482422,224.60000610351562,190.5,40.150001525878906,474.0,380.20001220703125,85.0,1904.5,273.50000381469727,229.60000610351562,371.50001525878906,151.6999969482422,24.90000057220459,21.799999237060547,30.649999618530273,165.0,141.10000610351562,312.3999938964844,287.5,121.25,168.95999908447266
2025-03-13,1052.0,314.3999938964844,805.0,715.5999755859375,163.1999969482422,221.1999969482422,191.0,39.150001525878906,467.0,383.79998779296875,84.0999984741211,1942.1999206542969,278.50000381469727,231.60000610351562,365.49999237060547,150.1999969482422,25.229999542236328,21.799999237060547,29.149999618530273,154.8000030517578,144.10000610351562,316.20001220703125,278.50000381469727,120.0,164.6400032043457
2025-03-14,1086.4000244140625,331.20001220703125,806.9999694824219,733.2000122070312,166.3000030517578,226.39999389648438,184.1999969482422,36.75,481.0,393.6000061035156,83.55000305175781,1960.4000396728516,292.00000762939453,230.0,395.0,154.60000610351562,25.140000343322754,21.799999237060547,29.5,161.39999389648438,145.89999389648438,321.20001220703125,288.99999618530273,121.75000190734863,168.95999908447266
2025-03-17,1084.0,338.0,785.0,736.4000244140625,163.89999389648438,210.1999969482422,187.5,38.0,492.0,404.79998779296875,82.6500015258789,1998.0999603271484,295.49999237060547,230.8000030517578,390.0,159.5,24.930001258850098,21.799999237060547,28.850000381469727,165.8000030517578,153.1999969482422,344.20001220703125,287.5,116.00000381469727,169.68000411987305
2025-03-18,1147.199951171875,355.79998779296875,797.5,826.4000244140625,172.0,224.39999389648438,190.1999969482422,41.400001525878906,518.0,419.20001220703125,86.55000305175781,2056.5999603271484,298.99999618530273,237.60000610351562,413.49998474121094,165.0,25.5,21.799999237060547,29.5,168.0,156.1999969482422,367.3999938964844,296.00000381469727,116.49999618530273,172.56000137329102
2025-03-19,1128.800048828125,352.3999938964844,800.9999847412109,793.5999755859375,168.3000030517578,217.39999389648438,179.10000610351562,40.95000076293945,520.0,418.0,85.44999694824219,2018.9000396728516,298.50000381469727,230.39999389648438,409.00001525878906,172.1999969482422,26.520000457763672,21.799999237060547,28.600000381469727,167.1999969482422,158.1999969482422,369.79998779296875,301.00000381469727,119.49999809265137,174.95999908447266
2025-03-20,1084.0,335.0,783.4999847412109,750.4000244140625,161.1999969482422,212.60000610351562,177.8000030517578,39.349998474121094,506.5,406.6000061035156,80.8499984741211,2048.800079345703,296.49999618530273,232.60000610351562,405.99998474121094,162.6999969482422,26.010000228881836,21.799999237060547,28.950000762939453,163.39999389648438,158.1999969482422,370.20001220703125,285.0,128.99999618530273,169.9199981689453
2025-03-21,1045.5999755859375,325.79998779296875,759.4999694824219,731.5999755859375,156.10000610351562,202.60000610351562,167.0,35.900001525878906,498.0,398.3999938964844,78.5999984741211,2021.5,277.5,227.39999389648438,400.99998474121094,156.39999389648438,24.239999771118164,21.799999237060547,26.649999618530273,158.0,157.0,351.3999938964844,297.00000762939453,121.75000190734863,170.87999725341797
2025-03-24,1062.4000244140625,333.20001220703125,783.0000305175781,748.4000244140625,157.10000610351562,210.39999389648438,172.5,34.70000076293945,510.5,404.3999938964844,80.55000305175781,1983.8000793457031,270.49999237060547,219.1999969482422,372.00000762939453,157.3000030517578,25.17000102996826,21.799999237060547,26.399999618530273,142.60000610351562,156.0,353.3999938964844,296.00000381469727,119.75000381469727,166.56000137329102
2025-03-25,1021.5999755859375,322.3999938964844,770.0,736.7999877929688,149.89999389648438,200.0,159.60000610351562,33.79999923706055,492.3999938964844,392.0,78.75,1983.8000793457031,275.49999237060547,219.1999969482422,364.00001525878906,155.5,23.219999313354492,21.799999237060547,25.5,144.8000030517578,155.89999389648438,351.6000061035156,289.50000762939453,115.0,170.87999725341797
2025-03-26,1036.0,328.20001220703125,782.5,746.7999877929688,151.39999389648438,205.39999389648438,162.6999969482422,34.29999923706055,493.6000061035156,405.0,78.5999984741211,1972.0999603271484,271.49999618530273,218.39999389648438,365.0,156.89999389648438,22.5,21.799999237060547,26.0,147.0,154.8000030517578,351.6000061035156,297.99999237060547,112.74999618530273,176.39999771118164
2025-03-27,1040.800048828125,329.20001220703125,785.0,760.7999877929688,154.6999969482422,206.39999389648438,158.1999969482422,32.54999923706055,500.5,412.6000061035156,77.6500015258789,2074.800079345703,277.5,215.1999969482422,365.99998474121094,156.10000610351562,22.530000686645508,21.799999237060547,25.600000381469727,150.8000030517578,154.6999969482422,367.79998779296875,301.49999618530273,120.50000190734863,179.75999450683594
2025-03-28,1048.0,328.79998779296875,788.0000305175781,746.7999877929688,153.60000610351562,199.1999969482422,154.5,30.25,507.0,411.79998779296875,77.80000305175781,2100.800079345703,308.50000381469727,215.1999969482422,369.00001525878906,156.89999389648438,22.5,21.799999237060547,26.100000381469727,147.60000610351562,154.6999969482422,375.6000061035156,293.99999618530273,121.99999809265137,178.56000137329102
2025-03-31,1024.0,321.6000061035156,790.0,719.5999755859375,148.6999969482422,198.10000610351562,157.60000610351562,28.950000762939453,494.20001220703125,405.0,74.6500015258789,2160.5999603271484,285.0,213.8000030517578,365.49999237060547,153.5,21.90000057220459,21.799999237060547,23.950000762939453,143.8000030517578,148.0,348.3999938964844,285.49999237060547,119.25000190734863,176.16000366210938
2025-04-01,1038.4000244140625,322.3999938964844,822.5,712.0,150.10000610351562,198.0,166.39999389648438,29.299999237060547,494.79998779296875,405.3999938964844,75.55000305175781,2226.9000396728516,296.49999618530273,214.0,370.0,155.89999389648438,21.0,21.799999237060547,23.25,147.39999389648438,137.39999389648438,351.20001220703125,295.0,130.50000190734863,166.0800018310547
2025-04-02,1040.0,323.79998779296875,825.9999847412109,720.0,149.8000030517578,200.39999389648438,165.8000030517578,29.649999618530273,495.20001220703125,410.79998779296875,75.44999694824219,2143.699920654297,285.0,216.8000030517578,376.50001525878906,154.3000030517578,21.0,21.799999237060547,23.149999618530273,150.60000610351562,144.89999389648438,346.3999938964844,291.00000381469727,125.74999809265137,167.04000091552734
2025-04-03,988.0,307.0,823.4999847412109,702.4000244140625,148.1999969482422,195.0,163.10000610351562,28.75,488.0,416.0,73.80000305175781,2117.699920654297,287.99999237060547,216.60000610351562,365.99998474121094,151.39999389648438,21.299999713897705,21.799999237060547,22.649999618530273,141.8000030517578,144.0,342.20001220703125,287.5,122.5,169.43999862670898
2025-04-07,810.4000244140625,252.8000030517578,675.9999847412109,604.0,118.5999984741211,160.1999969482422,130.0,24.5,410.0,357.79998779296875,64.5,1634.0999603271484,216.00000381469727,197.8000030517578,328.49998474121094,136.60000610351562,16.799999713897705,21.799999237060547,17.559999465942383,116.19999694824219,135.0,265.79998779296875,244.50000762939453,95.39999961853027,146.16000366210938
2025-04-08,820.0,275.20001220703125,726.5000152587891,628.7999877929688,123.9000015258789,162.39999389648438,134.6999969482422,25.850000381469727,433.3999938964844,361.20001220703125,61.5,1723.8000793457031,230.49999237060547,193.8000030517578,335.99998474121094,138.1999969482422,19.200000286102295,21.799999237060547,18.639999389648438,119.5999984741211,129.89999389648438,290.0,250.49999237060547,100.0,149.2799949645996
2025-04-09,828.7999877929688,273.3999938964844,734.4999694824219,621.5999755859375,126.9000015258789,162.89999389648438,136.39999389648438,25.5,433.20001220703125,367.6000061035156,59.5,1686.0999603271484,226.00000381469727,187.39999389648438,339.00001525878906,137.60000610351562,18.80999994277954,21.799999237060547,18.059999465942383,117.19999694824219,123.80000305175781,293.3999938964844,255.49999237060547,102.5,146.16000366210938
2025-04-10,838.4000244140625,283.3999938964844,743.0000305175781,636.4000244140625,127.80000305175781,170.8000030517578,142.39999389648438,26.5,448.20001220703125,367.79998779296875,60.70000076293945,1703.0,217.99999237060547,188.39999389648438,335.99998474121094,141.0,18.21000051498413,21.799999237060547,17.020000457763672,123.80000305175781,116.30000305175781,295.79998779296875,256.00000381469727,104.75000381469727,146.6400032043457
2025-04-11,824.0,286.20001220703125,750.9999847412109,632.7999877929688,130.3000030517578,180.3000030517578,151.89999389648438,26.049999237060547,427.6000061035156,353.6000061035156,60.75,1777.0999603271484,222.00000762939453,195.0,340.0,139.39999389648438,18.05999994277954,21.799999237060547,16.979999542236328,121.4000015258789,116.30000305175781,294.0,260.49999237060547,107.5,146.87999725341797
2025-04-14,865.5999755859375,293.20001220703125,772.5,658.0,133.10000610351562,185.60000610351562,162.1999969482422,27.850000381469727,441.3999938964844,356.79998779296875,60.20000076293945,1925.3000793457031,243.50000381469727,202.1999969482422,341.50001525878906,144.1999969482422,18.179999828338623,21.799999237060547,16.5,125.4000015258789,112.19999694824219,302.6000061035156,257.99999237060547,115.0,148.31999588012695
2025-04-15,879.2000122070312,293.0,761.5000152587891,658.4000244140625,131.10000610351562,180.6999969482422,157.60000610351562,27.950000762939453,444.79998779296875,349.6000061035156,60.29999923706055,1885.0,242.00000762939453,202.0,354.00001525878906,147.1999969482422,18.15000057220459,21.799999237060547,16.059999465942383,130.39999389648438,112.0,306.79998779296875,267.99999237060547,112.74999618530273,146.6400032043457
2025-04-16,843.2000122070312,276.79998779296875,756.9999694824219,644.0,127.19999694824219,173.60000610351562,146.6999969482422,26.549999237060547,436.3999938964844,347.0,59.849998474121094,1822.5999603271484,231.00000381469727,201.8000030517578,340.0,145.8000030517578,18.21000051498413,21.799999237060547,16.15999984741211,121.19999694824219,111.0999984741211,303.6000061035156,277.99999237060547,108.99999618530273,140.39999771118164
2025-04-17,869.5999755859375,278.3999938964844,791.5000152587891,660.4000244140625,129.8000030517578,179.3000030517578,147.10000610351562,27.350000381469727,449.79998779296875,342.20001220703125,60.650001525878906,1816.0999603271484,227.99999237060547,199.60000610351562,353.49998474121094,148.0,18.15000057220459,21.799999237060547,15.920000076293945,122.19999694824219,108.5999984741211,289.20001220703125,280.0,110.50000190734863,141.60000228881836
2025-04-22,880.0,260.79998779296875,789.4999694824219,654.0,129.5,184.60000610351562,146.60000610351562,28.149999618530273,442.3999938964844,332.3999938964844,60.79999923706055,1943.5,243.99999618530273,213.8000030517578,344.00001525878906,148.89999389648438,18.15000057220459,21.799999237060547,15.279999732971191,125.4000015258789,108.80000305175781,280.0,270.0,123.50000381469727,154.56000137329102
2025-04-23,928.0,264.79998779296875,803.4999847412109,673.5999755859375,133.6999969482422,185.6999969482422,159.39999389648438,29.399999618530273,455.3999938964844,366.79998779296875,61.900001525878906,1969.5,260.0,210.0,354.50000762939453,147.1999969482422,18.330000400543213,21.799999237060547,16.479999542236328,130.60000610351562,110.69999694824219,286.6000061035156,276.49999618530273,121.25,158.16000366210938
2025-04-24,910.4000244140625,248.39999389648438,806.9999694824219,674.7999877929688,132.8000030517578,181.39999389648438,158.39999389648438,30.5,446.6000061035156,363.0,63.04999923706055,1978.5999603271484,259.50000762939453,214.60000610351562,360.49999237060547,149.10000610351562,18.330000400543213,21.799999237060547,17.5,130.39999389648438,110.80000305175781,305.6000061035156,271.49999618530273,124.25000190734863,166.79999542236328
2025-04-25,924.7999877929688,247.60000610351562,824.0000152587891,700.7999877929688,133.8000030517578,181.89999389648438,155.5,31.700000762939453,450.3999938964844,355.0,63.0,1942.1999206542969,256.49999618530273,216.0,362.00000762939453,149.10000610351562,18.450000286102295,21.799999237060547,17.280000686645508,130.8000030517578,113.80000305175781,319.0,265.0,116.99999809265137,166.56000137329102
2025-04-28,921.5999755859375,253.0,816.9999694824219,695.2000122070312,133.10000610351562,184.89999389648438,154.10000610351562,31.600000381469727,450.3999938964844,353.79998779296875,62.75,1907.0999603271484,247.00000762939453,215.8000030517578,364.00001525878906,148.5,18.450000286102295,21.799999237060547,17.139999389648438,134.39999389648438,111.19999694824219,315.0,261.49999618530273,116.75000190734863,163.9199981689453
2025-04-29,920.0,257.79998779296875,819.0000152587891,693.2000122070312,135.3000030517578,188.5,147.1999969482422,33.150001525878906,463.6000061035156,361.0,63.400001525878906,1937.0,246.00000381469727,215.1999969482422,375.49999237060547,149.5,18.869999885559082,21.799999237060547,17.979999542236328,135.39999389648438,113.19999694824219,319.0,267.5,117.5,167.52000045776367
2025-04-30,940.0,255.8000030517578,835.0,691.5999755859375,136.6999969482422,190.5,145.6999969482422,31.450000762939453,468.0,362.6000061035156,64.55000305175781,2054.0,245.0,214.60000610351562,382.99999237060547,146.3000030517578,19.469999313354492,21.799999237060547,18.360000610351562,139.60000610351562,115.5999984741211,312.6000061035156,273.99999618530273,116.00000381469727,171.3599967956543
2025-05-02,976.0,264.20001220703125,844.0000152587891,699.5999755859375,140.1999969482422,197.3000030517578,155.39999389648438,31.799999237060547,471.0,334.79998779296875,64.9000015258789,1987.6999206542969,252.00000762939453,211.60000610351562,390.0,147.10000610351562,21.0,21.799999237060547,18.920000076293945,139.60000610351562,119.5999984741211,319.0,275.49999237060547,120.0,176.6400032043457
2025-05-06,990.4000244140625,263.0,842.5,702.4000244140625,141.10000610351562,197.1999969482422,150.1999969482422,29.75,471.6000061035156,338.79998779296875,66.3499984741211,1991.5999603271484,236.49999618530273,213.39999389648438,374.50000762939453,150.60000610351562,21.929999828338623,21.799999237060547,18.780000686645508,140.8000030517578,125.30000305175781,335.79998779296875,281.00000381469727,116.99999809265137,179.75999450683594
2025-05-07,970.4000244140625,261.79998779296875,830.5000305175781,699.2000122070312,139.0,201.8000030517578,149.60000610351562,29.850000381469727,482.3999938964844,339.6000061035156,67.1500015258789,1833.0,226.49999618530273,211.39999389648438,375.49999237060547,148.8000030517578,23.25,21.799999237060547,18.3799991607666,138.0,125.30000305175781,336.0,279.50000762939453,113.50000381469727,167.2799949645996
2025-05-08,972.0,263.20001220703125,829.4999694824219,680.0,138.39999389648438,211.8000030517578,152.1999969482422,30.100000381469727,485.79998779296875,339.6000061035156,66.94999694824219,1829.0999603271484,223.50000381469727,195.39999389648438,369.50000762939453,148.10000610351562,25.19999885559082,21.799999237060547,18.739999771118164,139.60000610351562,124.30000305175781,334.0,277.99999237060547,113.24999809265137,162.7200050354004
2025-05-09,988.7999877929688,263.0,818.4999847412109,676.4000244140625,137.1999969482422,207.60000610351562,150.39999389648438,30.549999237060547,478.6000061035156,347.20001220703125,66.5999984741211,1825.1999206542969,236.00000381469727,199.60000610351562,366.50001525878906,147.60000610351562,27.0,21.799999237060547,18.299999237060547,149.39999389648438,124.19999694824219,334.0,283.50000381469727,112.5,163.43999862670898
2025-05-12,1049.5999755859375,279.79998779296875,844.4999694824219,710.4000244140625,146.3000030517578,222.60000610351562,166.39999389648438,32.900001525878906,507.0,351.0,69.1500015258789,1661.4000396728516,222.99999237060547,198.0,377.00000762939453,150.39999389648438,26.640000343322754,21.799999237060547,19.899999618530273,156.39999389648438,127.9000015258789,349.3999938964844,297.99999237060547,108.50000381469727,164.87999725341797
2025-05-13,1008.7999877929688,274.0,819.4999694824219,698.4000244140625,141.6999969482422,215.8000030517578,157.5,31.200000762939453,506.5,354.79998779296875,67.19999694824219,1735.5,226.00000381469727,199.39999389648438,381.50001525878906,144.89999389648438,29.40000057220459,21.799999237060547,20.75,153.1999969482422,134.6999969482422,355.0,287.99999237060547,106.00000381469727,170.16000366210938
2025-05-14,1043.199951171875,283.20001220703125,830.5000305175781,726.4000244140625,142.8000030517578,225.60000610351562,163.60000610351562,32.29999923706055,514.5,363.79998779296875,69.30000305175781,1742.0,226.49999618530273,201.60000610351562,385.49999237060547,147.5,27.59999942779541,21.799999237060547,22.200000762939453,156.39999389648438,135.0,358.3999938964844,295.0,106.00000381469727,165.3599967956543
2025-05-15,1031.199951171875,270.79998779296875,840.5000305175781,716.0,139.5,222.60000610351562,161.8000030517578,31.5,515.5,360.20001220703125,68.0999984741211,1735.5,222.00000762939453,201.8000030517578,384.50000762939453,143.3000030517578,26.520000457763672,21.799999237060547,22.049999237060547,158.0,140.1999969482422,353.20001220703125,291.00000381469727,103.99999618530273,165.60000228881836
2025-05-16,987.2000122070312,263.6000061035156,950.0,708.0,144.8000030517578,226.39999389648438,159.39999389648438,32.25,506.0,348.0,66.44999694824219,1782.3000793457031,229.50000762939453,201.39999389648438,382.5,143.6999969482422,26.40000057220459,21.799999237060547,21.5,159.0,140.60000610351562,349.6000061035156,290.49999237060547,106.00000381469727,164.6400032043457
2025-05-19,953.5999755859375,260.79998779296875,930.9999847412109,691.5999755859375,143.0,219.1999969482422,155.1999969482422,30.950000762939453,517.0,343.79998779296875,67.30000305175781,1800.5,250.49999237060547,200.39999389648438,379.50000762939453,149.5,25.140000343322754,21.799999237060547,21.899999618530273,160.8000030517578,142.10000610351562,356.0,290.0,106.75000190734863,159.12000274658203
2025-05-20,973.5999755859375,267.0,945.0,702.4000244140625,140.1999969482422,222.0,155.10000610351562,30.549999237060547,505.5,345.0,67.0999984741211,1839.5,253.50000381469727,199.39999389648438,377.5,144.39999389648438,26.09999942779541,21.799999237060547,22.399999618530273,164.0,144.10000610351562,356.20001220703125,287.00000762939453,106.00000381469727,161.52000045776367
2025-05-21,984.7999877929688,269.0,952.5,688.7999877929688,146.0,231.0,155.10000610351562,30.75,500.0,340.0,68.1500015258789,1891.5,252.99999237060547,194.60000610351562,375.99998474121094,136.1999969482422,25.80000114440918,21.799999237060547,22.25,159.1999969482422,141.89999389648438,346.0,273.50000381469727,106.49999618530273,161.75999450683594
2025-05-22,952.7999877929688,265.0,933.0000305175781,661.2000122070312,140.3000030517578,224.60000610351562,164.10000610351562,30.600000381469727,485.20001220703125,331.6000061035156,71.25,1872.0,251.49999618530273,194.60000610351562,367.5,133.8000030517578,24.719999313354492,21.799999237060547,20.299999237060547,171.8000030517578,140.39999389648438,338.3999938964844,274.50000762939453,105.24999618530273,159.83999633789062
2025-05-23,950.4000244140625,263.79998779296875,943.0000305175781,664.7999877929688,146.39999389648438,227.0,157.6999969482422,30.049999237060547,487.6000061035156,332.6000061035156,73.19999694824219,1894.0999603271484,251.00000381469727,195.8000030517578,365.0,134.10000610351562,23.640000343322754,21.799999237060547,20.350000381469727,169.0,132.1999969482422,340.79998779296875,278.99999618530273,106.49999618530273,161.75999450683594
2025-05-27,944.0,256.6000061035156,960.9999847412109,654.7999877929688,148.3000030517578,223.39999389648438,151.10000610351562,28.549999237060547,486.0,335.20001220703125,73.6500015258789,1898.0,240.0,195.1999969482422,373.49998474121094,134.3000030517578,23.669999599456787,21.799999237060547,19.479999542236328,139.1999969482422,133.8000030517578,335.3999938964844,280.49999237060547,106.75000190734863,162.0
2025-05-28,925.5999755859375,253.0,988.0000305175781,660.7999877929688,151.6999969482422,217.8000030517578,152.89999389648438,28.350000381469727,493.20001220703125,341.79998779296875,73.5999984741211,1882.4000396728516,242.99999237060547,195.1999969482422,370.0,134.5,23.669999599456787,21.799999237060547,20.200000762939453,136.8000030517578,137.5,333.79998779296875,283.99999618530273,105.24999618530273,159.12000274658203
2025-05-29,944.7999877929688,263.6000061035156,1000.9999847412109,678.4000244140625,153.10000610351562,216.39999389648438,160.8000030517578,29.399999618530273,510.5,348.0,74.19999694824219,1935.6999206542969,249.50000762939453,195.1999969482422,385.99998474121094,140.39999389648438,23.40000057220459,21.799999237060547,20.200000762939453,140.1999969482422,135.10000610351562,343.6000061035156,282.00000762939453,109.75000381469727,159.83999633789062
2025-05-30,911.2000122070312,257.79998779296875,953.4999847412109,653.2000122070312,147.10000610351562,224.60000610351562,152.6999969482422,28.100000381469727,494.0,346.6000061035156,71.8499984741211,1956.5,240.49999237060547,194.8000030517578,372.00000762939453,138.3000030517578,22.619999885559082,21.799999237060547,19.579999923706055,135.60000610351562,140.8000030517578,335.3999938964844,278.50000381469727,112.25000381469727,159.60000228881836
2025-06-02,905.5999755859375,257.20001220703125,963.4999847412109,651.2000122070312,143.39999389648438,220.0,150.1999969482422,27.5,496.3999938964844,342.3999938964844,72.3499984741211,1912.3000793457031,236.49999618530273,194.8000030517578,360.49999237060547,135.6999969482422,22.28999948501587,21.799999237060547,18.860000610351562,134.1999969482422,130.0,323.0,272.00000762939453,108.00000190734863,147.60000228881836
2025-06-03,911.2000122070312,257.20001220703125,986.5000152587891,656.7999877929688,143.0,232.8000030517578,153.8000030517578,27.5,505.5,343.20001220703125,73.5,1966.9000396728516,241.49999618530273,192.39999389648438,359.00001525878906,135.8000030517578,23.700000286102295,21.799999237060547,19.100000381469727,134.60000610351562,134.0,325.20001220703125,277.5,116.00000381469727,165.12000274658203
2025-06-04,916.7999877929688,257.3999938964844,996.5000152587891,664.4000244140625,142.1999969482422,232.8000030517578,157.0,27.950000762939453,485.6000061035156,338.3999938964844,73.1500015258789,2026.6999206542969,271.00000381469727,188.8000030517578,358.49998474121094,133.39999389648438,22.830000400543213,21.799999237060547,19.440000534057617,140.8000030517578,138.1999969482422,331.3999938964844,275.49999237060547,118.50000381469727,162.95999908447266
2025-06-05,946.4000244140625,261.20001220703125,1005.9999847412109,671.5999755859375,145.6999969482422,233.60000610351562,158.60000610351562,28.5,482.79998779296875,337.6000061035156,75.05000305175781,2013.6999206542969,285.49999237060547,192.0,367.5,133.39999389648438,22.380000114440918,21.799999237060547,20.799999237060547,142.39999389648438,139.0,330.3999938964844,277.5,119.75000381469727,163.43999862670898
2025-06-06,932.7999877929688,257.3999938964844,995.0,668.7999877929688,146.60000610351562,233.60000610351562,155.8000030517578,27.549999237060547,466.79998779296875,339.3999938964844,75.5,2029.3000793457031,296.49999618530273,196.0,365.99998474121094,134.1999969482422,22.200000286102295,21.799999237060547,20.450000762939453,138.60000610351562,140.6999969482422,334.0,277.5,120.50000190734863,162.95999908447266
2025-06-09,954.4000244140625,268.0,1025.0,688.4000244140625,150.0,240.0,157.10000610351562,27.899999618530273,489.6000061035156,349.20001220703125,77.19999694824219,2111.199920654297,297.00000762939453,200.60000610351562,374.00001525878906,139.8000030517578,22.080000400543213,21.799999237060547,21.649999618530273,142.1999969482422,142.60000610351562,332.0,271.49999618530273,127.5,162.95999908447266
2025-06-10,950.4000244140625,263.79998779296875,1023.0000305175781,685.2000122070312,152.1999969482422,233.39999389648438,158.8000030517578,28.450000762939453,488.0,352.79998779296875,76.9000015258789,2080.0,308.50000381469727,204.0,377.00000762939453,139.6999969482422,22.380000114440918,21.799999237060547,21.399999618530273,145.1999969482422,143.0,329.6000061035156,272.00000762939453,130.74999809265137,165.12000274658203
2025-06-11,947.2000122070312,267.79998779296875,1044.000015258789,694.0,167.3000030517578,231.39999389648438,163.60000610351562,29.600000381469727,487.20001220703125,353.3999938964844,77.3499984741211,2065.699920654297,317.99999237060547,205.8000030517578,382.5,139.39999389648438,22.229999542236328,21.799999237060547,22.100000381469727,145.8000030517578,144.3000030517578,324.6000061035156,276.49999618530273,136.00000381469727,165.3599967956543
2025-06-12,916.7999877929688,262.79998779296875,1041.9999694824219,686.4000244140625,163.6999969482422,225.60000610351562,152.6999969482422,28.350000381469727,482.0,351.20001220703125,77.0,2190.5,345.49999237060547,204.0,372.99999237060547,138.89999389648438,22.770000457763672,21.799999237060547,21.549999237060547,142.39999389648438,144.0,315.20001220703125,272.5,140.74999809265137,166.0800018310547
2025-06-13,896.0,259.6000061035156,1035.0,682.0,159.8000030517578,219.60000610351562,144.8000030517578,26.950000762939453,468.79998779296875,348.79998779296875,75.6500015258789,2148.9000396728516,331.50001525878906,202.0,365.99998474121094,138.60000610351562,22.260000228881836,21.799999237060547,20.450000762939453,139.1999969482422,142.5,316.0,263.50000381469727,136.00000381469727,158.39999771118164
2025-06-16,903.2000122070312,261.79998779296875,1029.000015258789,683.2000122070312,164.5,222.39999389648438,147.60000610351562,27.450000762939453,473.79998779296875,345.6000061035156,75.94999694824219,2089.0999603271484,322.99999237060547,201.0,367.99999237060547,139.5,23.130000114440918,21.799999237060547,20.0,140.1999969482422,140.5,328.79998779296875,263.50000381469727,131.99999809265137,160.31999588012695
2025-06-17,918.4000244140625,263.0,1023.0000305175781,682.0,164.8000030517578,217.1999969482422,146.39999389648438,27.350000381469727,480.0,344.3999938964844,76.9000015258789,2025.4000396728516,300.0,204.1999969482422,375.99998474121094,138.0,23.30999994277954,21.799999237060547,20.649999618530273,140.8000030517578,142.10000610351562,332.20001220703125,263.50000381469727,124.75000381469727,160.31999588012695
2025-06-18,897.5999755859375,258.79998779296875,1020.0,666.7999877929688,160.1999969482422,208.1999969482422,147.6999969482422,26.799999237060547,463.20001220703125,340.79998779296875,75.55000305175781,2009.8000793457031,294.50000762939453,204.39999389648438,368.49998474121094,135.0,22.59000062942505,21.799999237060547,20.399999618530273,141.39999389648438,138.0,333.20001220703125,265.0,122.74999618530273,157.20000457763672
2025-06-20,893.5999755859375,251.1999969482422,1020.0,663.2000122070312,156.5,204.0,144.89999389648438,26.75,446.3999938964844,338.0,74.44999694824219,1934.4000396728516,277.00000762939453,203.60000610351562,367.5,135.0,21.450000286102295,21.799999237060547,19.700000762939453,135.8000030517578,136.6999969482422,335.6000061035156,261.00000381469727,118.24999809265137,154.0800018310547
2025-06-23,886.4000244140625,249.60000610351562,1020.9999847412109,665.5999755859375,156.6999969482422,215.1999969482422,148.6999969482422,26.850000381469727,445.6000061035156,344.20001220703125,75.30000305175781,2054.0,283.50000381469727,203.60000610351562,374.50000762939453,135.0,20.90999937057495,21.799999237060547,19.280000686645508,134.1999969482422,138.0,335.6000061035156,262.5,120.74999809265137,155.52000045776367
2025-06-24,901.5999755859375,253.1999969482422,1045.999984741211,672.7999877929688,160.5,223.39999389648438,153.39999389648438,27.049999237060547,454.0,352.6000061035156,75.0999984741211,2091.699920654297,295.49999237060547,202.0,407.00000762939453,137.5,21.030000686645508,21.799999237060547,18.940000534057617,137.8000030517578,136.8000030517578,334.79998779296875,272.00000762939453,125.50000190734863,157.68000411987305
2025-06-25,924.0,259.6000061035156,1053.0000305175781,683.2000122070312,162.0,223.39999389648438,152.89999389648438,27.549999237060547,459.0,354.20001220703125,77.5999984741211,2119.0,295.0,203.8000030517578,442.99999237060547,141.39999389648438,21.59999942779541,21.799999237060547,19.280000686645508,140.39999389648438,143.10000610351562,358.0,270.0,123.50000381469727,158.39999771118164
2025-06-26,897.5999755859375,260.20001220703125,1050.999984741211,686.0,165.3000030517578,225.1999969482422,148.3000030517578,27.149999618530273,464.0,351.0,77.3499984741211,2109.9000396728516,287.00000762939453,201.60000610351562,428.49998474121094,139.60000610351562,21.299999713897705,21.799999237060547,19.0,139.1999969482422,138.6999969482422,354.20001220703125,272.00000762939453,121.00000381469727,156.95999908447266
2025-06-27,896.7999877929688,260.6000061035156,1039.000015258789,670.7999877929688,166.60000610351562,221.1999969482422,143.60000610351562,26.649999618530273,459.20001220703125,345.6000061035156,76.0999984741211,1916.1999206542969,276.00000381469727,201.60000610351562,419.50000762939453,139.8000030517578,20.84999942779541,21.799999237060547,18.65999984741211,139.60000610351562,139.6999969482422,347.6000061035156,265.49999237060547,118.75,160.79999542236328
2025-06-30,878.4000244140625,255.8000030517578,1055.0,667.5999755859375,167.6999969482422,214.0,141.1999969482422,27.399999618530273,456.0,351.3999938964844,76.25,1921.4000396728516,274.50000762939453,197.8000030517578,421.50001525878906,138.5,20.880000114440918,21.799999237060547,18.799999237060547,142.39999389648438,140.5,348.0,265.49999237060547,117.74999618530273,159.83999633789062
2025-07-02,875.2000122070312,256.0,1040.999984741211,672.0,164.0,207.1999969482422,144.3000030517578,26.799999237060547,462.0,363.3999938964844,75.3499984741211,1885.0,278.50000381469727,204.60000610351562,418.49998474121094,140.89999389648438,21.0,21.799999237060547,18.6200008392334,141.8000030517578,133.6999969482422,335.79998779296875,260.49999237060547,124.49999809265137,162.95999908447266
2025-07-03,849.5999755859375,250.60000610351562,1044.000015258789,677.2000122070312,163.8000030517578,206.1999969482422,147.89999389648438,27.149999618530273,458.3999938964844,359.79998779296875,74.69999694824219,1940.9000396728516,287.99999237060547,204.60000610351562,405.99998474121094,143.10000610351562,21.030000686645508,21.799999237060547,19.1200008392334,140.8000030517578,135.39999389648438,338.0,262.00000762939453,126.00000381469727,161.52000045776367
2025-07-07,843.2000122070312,249.60000610351562,1044.000015258789,687.2000122070312,173.89999389648438,213.1999969482422,141.89999389648438,26.75,475.20001220703125,370.6000061035156,74.9000015258789,1900.5999603271484,285.0,208.0,400.49999237060547,139.1999969482422,22.469999313354492,21.799999237060547,19.059999465942383,142.0,136.0,335.79998779296875,262.00000762939453,122.5,160.31999588012695
2025-07-08,856.0,255.39999389648438,1060.0,711.5999755859375,177.6999969482422,213.0,142.0,26.75,478.0,376.6000061035156,77.0,1913.5999603271484,273.99999618530273,208.0,412.5,140.0,21.239999771118164,21.799999237060547,19.799999237060547,143.1999969482422,140.8000030517578,339.0,265.49999237060547,126.00000381469727,163.9199981689453
2025-07-09,823.2000122070312,250.60000610351562,1029.000015258789,703.5999755859375,173.8000030517578,211.0,139.0,27.399999618530273,478.6000061035156,370.6000061035156,76.8499984741211,1955.1999206542969,272.00000762939453,210.0,418.49998474121094,138.60000610351562,21.09000062942505,21.799999237060547,19.520000457763672,141.8000030517578,149.1999969482422,334.3999938964844,266.00000381469727,128.24999809265137,161.52000045776367
2025-07-10,825.5999755859375,247.1999969482422,1014.0000152587891,695.2000122070312,171.1999969482422,214.1999969482422,135.39999389648438,27.600000381469727,484.79998779296875,376.20001220703125,78.0,1986.4000396728516,272.00000762939453,210.1999969482422,415.99998474121094,148.8000030517578,21.59999942779541,21.799999237060547,19.639999389648438,141.0,146.0,340.20001220703125,261.49999618530273,127.25000381469727,168.47999954223633
2025-07-11,840.7999877929688,246.60000610351562,1009.0000152587891,692.0,171.89999389648438,217.39999389648438,136.60000610351562,29.25,488.20001220703125,379.0,77.5,2003.3000793457031,262.00000762939453,210.60000610351562,412.99999237060547,147.60000610351562,21.450000286102295,21.799999237060547,19.479999542236328,139.1999969482422,147.10000610351562,334.0,267.00000762939453,127.74999618530273,170.39999771118164
2025-07-14,848.7999877929688,244.8000030517578,1010.9999847412109,673.2000122070312,171.3000030517578,223.0,137.6999969482422,32.349998474121094,489.0,376.79998779296875,77.55000305175781,1982.5,267.00000762939453,206.1999969482422,410.0,144.6999969482422,22.020000457763672,21.799999237060547,19.299999237060547,141.60000610351562,144.5,334.0,257.99999237060547,128.24999809265137,171.60000228881836
2025-07-15,908.0,250.0,1045.0,701.5999755859375,184.89999389648438,226.0,141.60000610351562,33.599998474121094,490.3999938964844,375.0,78.69999694824219,2137.199920654297,273.99999618530273,207.39999389648438,407.00000762939453,145.10000610351562,22.200000286102295,21.799999237060547,19.719999313354492,142.39999389648438,146.60000610351562,330.20001220703125,256.00000381469727,130.24999618530273,178.79999542236328
2025-07-16,910.4000244140625,249.39999389648438,1034.000015258789,708.4000244140625,188.10000610351562,226.1999969482422,140.60000610351562,32.95000076293945,498.20001220703125,365.0,80.6500015258789,2154.0999603271484,277.5,215.60000610351562,405.0,142.5,22.739999771118164,21.799999237060547,20.450000762939453,139.60000610351562,146.0,330.0,251.49999618530273,134.49999809265137,174.95999908447266
2025-07-17,900.0,249.0,1040.0,684.7999877929688,191.89999389648438,248.1999969482422,142.1999969482422,32.5,493.79998779296875,368.20001220703125,79.80000305175781,2382.9000396728516,288.50000381469727,216.0,395.0,142.8000030517578,22.830000400543213,21.799999237060547,20.399999618530273,139.1999969482422,146.0,328.20001220703125,260.0,137.5,175.20000457763672
2025-07-18,926.4000244140625,256.3999938964844,1065.999984741211,688.0,199.6999969482422,249.0,143.89999389648438,34.0,498.0,379.20001220703125,80.5,2375.0999603271484,272.00000762939453,214.1999969482422,399.00001525878906,152.10000610351562,23.760000228881836,21.799999237060547,20.299999237060547,140.60000610351562,147.1999969482422,327.6000061035156,261.00000381469727,139.49999809265137,172.31999588012695
2025-07-21,943.2000122070312,261.79998779296875,1078.0000305175781,694.0,196.39999389648438,245.8000030517578,144.3000030517578,34.70000076293945,497.79998779296875,372.20001220703125,80.75,2282.800079345703,273.50000381469727,216.8000030517578,386.50001525878906,148.60000610351562,23.760000228881836,21.799999237060547,20.149999618530273,138.60000610351562,149.10000610351562,334.3999938964844,257.99999237060547,141.00000381469727,168.95999908447266
2025-07-22,944.0,261.0,1080.999984741211,703.5999755859375,193.0,241.39999389648438,144.3000030517578,36.25,497.79998779296875,375.3999938964844,80.44999694824219,2290.5999603271484,295.0,210.0,367.5,152.1999969482422,24.59999942779541,21.799999237060547,19.8799991607666,136.1999969482422,146.10000610351562,326.6000061035156,258.99999618530273,138.99999618530273,167.75999450683594
2025-07-23,967.2000122070312,268.20001220703125,1109.000015258789,746.4000244140625,197.5,242.8000030517578,148.10000610351562,39.5,504.0,383.20001220703125,81.5,2351.699920654297,294.50000762939453,214.8000030517578,377.99999237060547,152.0,23.549999713897705,21.799999237060547,20.549999237060547,137.1999969482422,152.8000030517578,314.6000061035156,266.49999618530273,138.00000190734863,172.0800018310547
2025-07-24,962.4000244140625,266.6000061035156,1073.0000305175781,721.2000122070312,193.0,237.60000610351562,151.8000030517578,38.04999923706055,506.5,385.20001220703125,83.75,2327.0,298.99999618530273,221.0,371.50001525878906,158.1999969482422,24.0,21.799999237060547,21.200000762939453,146.8000030517578,154.39999389648438,314.6000061035156,265.0,140.24999618530273,176.16000366210938
2025-07-25,944.0,261.0,1065.0,708.7999877929688,184.8000030517578,233.8000030517578,150.60000610351562,38.150001525878906,503.5,375.79998779296875,80.9000015258789,2290.5999603271484,292.00000762939453,220.8000030517578,359.00001525878906,160.60000610351562,23.40000057220459,21.799999237060547,20.75,151.0,156.10000610351562,290.3999938964844,263.99999618530273,140.0,176.87999725341797
2025-07-28,964.7999877929688,262.3999938964844,1050.0,711.5999755859375,182.5,231.8000030517578,150.3000030517578,38.650001525878906,500.0,372.6000061035156,80.19999694824219,2358.199920654297,304.50000762939453,220.8000030517578,370.49999237060547,158.1999969482422,23.369999885559082,21.799999237060547,20.100000381469727,150.0,157.3000030517578,283.0,258.50000381469727,142.25000381469727,180.47999954223633
2025-07-29,965.5999755859375,260.79998779296875,1030.999984741211,698.0,179.10000610351562,239.8000030517578,149.6999969482422,38.099998474121094,497.6000061035156,368.3999938964844,80.1500015258789,2416.699920654297,321.50001525878906,212.0,371.50001525878906,156.0,23.369999885559082,21.799999237060547,19.979999542236328,153.0,154.0,276.6000061035156,257.00000762939453,152.74999618530273,176.39999771118164
2025-07-30,936.7999877929688,253.8000030517578,1025.999984741211,684.0,179.0,209.0,141.1999969482422,35.95000076293945,493.79998779296875,367.3999938964844,79.75,2371.199920654297,302.99999237060547,212.8000030517578,365.0,159.60000610351562,24.59999942779541,21.799999237060547,19.600000381469727,157.0,150.10000610351562,277.20001220703125,253.50000381469727,146.75000190734863,179.52000045776367
2025-07-31,925.5999755859375,245.8000030517578,1021.9999694824219,676.7999877929688,179.5,207.60000610351562,143.1999969482422,34.79999923706055,492.0,365.3999938964844,77.0999984741211,2358.199920654297,293.50000381469727,204.1999969482422,350.0,151.89999389648438,23.78999948501587,21.799999237060547,20.100000381469727,149.39999389648438,147.10000610351562,272.3999938964844,245.0,141.00000381469727,179.52000045776367
2025-08-01,935.2000122070312,245.39999389648438,1006.9999694824219,684.0,174.1999969482422,201.0,142.60000610351562,37.79999923706055,484.79998779296875,367.79998779296875,75.69999694824219,2301.0,288.99999618530273,204.1999969482422,343.49998474121094,163.1999969482422,23.09999942779541,21.799999237060547,19.360000610351562,148.1999969482422,146.0,271.79998779296875,242.00000762939453,136.49999618530273,177.3599967956543
2025-08-04,929.5999755859375,246.0,1029.000015258789,688.7999877929688,176.6999969482422,202.39999389648438,146.60000610351562,38.20000076293945,484.6000061035156,371.0,76.5999984741211,2373.800079345703,296.200008392334,214.1999969482422,365.8000183105469,161.3000030517578,22.200000286102295,21.799999237060547,18.950000762939453,150.39999389648438,149.1999969482422,265.0,246.5999984741211,136.40000343322754,177.83999633789062
2025-08-05,928.0,246.0,1045.0,688.0,181.89999389648438,205.60000610351562,150.10000610351562,35.70000076293945,489.0,370.79998779296875,76.94999694824219,2421.9000396728516,309.7999954223633,217.60000610351562,361.19998931884766,158.60000610351562,23.09999942779541,21.799999237060547,18.959999084472656,153.1199951171875,154.1999969482422,261.20001220703125,245.20000457763672,142.29999542236328,183.12000274658203
2025-08-06,933.5999755859375,245.1999969482422,1039.000015258789,682.4000244140625,184.39999389648438,194.60000610351562,154.60000610351562,36.41999816894531,483.3999938964844,348.6000061035156,76.69999694824219,2375.0999603271484,310.0,215.60000610351562,360.8000183105469,156.60000610351562,22.320000171661377,21.799999237060547,19.190000534057617,153.1999969482422,156.5,261.6000061035156,241.5999984741211,143.00000190734863,182.6400032043457
2025-08-07,953.5999755859375,249.39999389648438,1034.000015258789,693.5999755859375,183.5,192.89999389648438,153.89999389648438,36.29999923706055,493.20001220703125,360.20001220703125,77.9000015258789,2372.5,303.799991607666,216.8000030517578,360.2000045776367,163.10000610351562,22.530000686645508,21.799999237060547,18.950000762939453,160.8000030517578,156.89999389648438,261.0,250.0,140.10000228881836,177.60000228881836
2025-08-08,930.4000244140625,245.8000030517578,1023.0000305175781,685.2000122070312,178.5,193.0,158.6999969482422,37.380001068115234,482.0,360.0,77.05000305175781,2226.9000396728516,272.00000762939453,219.1999969482422,356.8000030517578,163.8000030517578,22.469999313354492,21.799999237060547,20.5,158.47999572753906,159.1999969482422,260.0,252.60000228881836,117.70000457763672,180.47999954223633
2025-08-11,948.0,244.60000610351562,1010.9999847412109,686.4000244140625,182.8000030517578,190.10000610351562,167.1999969482422,38.36000061035156,471.0,350.0,77.5,2271.0999603271484,271.3999938964844,225.39999389648438,359.7999954223633,159.89999389648438,21.96000051498413,21.799999237060547,20.600000381469727,158.8800048828125,165.39999389648438,262.0,254.20000076293945,120.79999923706055,179.04000091552734
2025-08-12,932.7999877929688,245.39999389648438,1021.9999694824219,677.2000122070312,176.0,188.10000610351562,164.0,37.380001068115234,472.3999938964844,349.20001220703125,77.3499984741211,2233.4000396728516,267.99999237060547,223.60000610351562,358.6000061035156,156.8000030517578,21.69000005722046,21.799999237060547,19.959999084472656,154.72000122070312,166.8000030517578,261.3999938964844,254.59999084472656,120.29999732971191,178.56000137329102
2025-08-13,989.5999755859375,254.8000030517578,1076.9999694824219,705.2000122070312,189.0,194.3000030517578,159.60000610351562,36.29999923706055,484.6000061035156,352.0,81.5,2337.4000396728516,275.79999923706055,228.0,364.00001525878906,159.60000610351562,22.020000457763672,21.799999237060547,19.959999084472656,158.0800018310547,174.3000030517578,276.20001220703125,253.79999160766602,124.89999771118164,184.0800018310547
2025-08-14,974.4000244140625,250.1999969482422,1039.000015258789,703.5999755859375,188.0,191.1999969482422,155.3000030517578,35.65999984741211,487.20001220703125,353.6000061035156,82.25,2405.0,276.00000381469727,232.0,365.0,156.6999969482422,22.049999713897705,21.799999237060547,19.90999984741211,154.8000030517578,175.0,277.20001220703125,256.3999938964844,126.00000381469727,182.16000366210938
2025-08-15,944.7999877929688,241.60000610351562,1000.9999847412109,696.4000244140625,191.8000030517578,189.39999389648438,154.8000030517578,35.81999969482422,489.0,349.0,90.4000015258789,2489.5,277.39999771118164,226.8000030517578,376.8000030517578,156.1999969482422,22.200000286102295,21.799999237060547,19.75,154.39999389648438,166.5,267.6000061035156,258.99999618530273,128.50000381469727,184.56000137329102
2025-08-18,948.7999877929688,248.0,1020.9999847412109,703.2000122070312,195.89999389648438,191.60000610351562,157.0,38.31999969482422,497.79998779296875,347.3999938964844,92.69999694824219,2518.0999603271484,285.40000915527344,229.60000610351562,378.4000015258789,161.10000610351562,22.55999994277954,21.799999237060547,19.139999389648438,158.47999572753906,167.39999389648438,260.0,258.6000061035156,129.60000038146973,189.12000274658203
2025-08-19,946.4000244140625,246.60000610351562,1008.0000305175781,703.2000122070312,195.6999969482422,187.0,154.10000610351562,38.63999938964844,505.0,350.20001220703125,92.69999694824219,2471.300079345703,280.5999946594238,222.39999389648438,370.0,155.8000030517578,21.989999771118164,21.799999237060547,19.209999084472656,157.9199981689453,164.6999969482422,241.0,260.79999923706055,129.49999809265137,188.39999771118164
2025-08-20,940.0,245.0,1010.9999847412109,698.0,199.10000610351562,184.3000030517578,160.89999389648438,39.119998931884766,500.5,351.79998779296875,89.0,2395.9000396728516,270.40000915527344,220.8000030517578,366.19998931884766,154.6999969482422,22.049999713897705,21.799999237060547,19.0,163.52000427246094,163.0,225.0,262.99999237060547,126.19999885559082,190.79999542236328
2025-08-21,925.5999755859375,242.1999969482422,1021.9999694824219,680.0,196.8000030517578,182.0,161.8000030517578,41.18000030517578,495.79998779296875,350.3999938964844,88.9000015258789,2437.5,265.5999946594238,221.39999389648438,366.5999984741211,149.8000030517578,21.65999937057495,21.799999237060547,18.700000762939453,156.24000549316406,173.5,237.8000030517578,282.1999931335449,127.79999732971191,188.16000366210938
2025-08-22,944.0,242.8000030517578,1025.999984741211,685.2000122070312,184.6999969482422,184.5,183.8000030517578,45.7599983215332,505.0,357.0,89.9000015258789,2436.199920654297,267.99999237060547,222.0,369.7999954223633,147.8000030517578,22.71000051498413,21.799999237060547,19.190000534057617,188.39999389648438,184.89999389648438,241.39999389648438,285.2000045776367,126.99999809265137,187.20000457763672
2025-08-25,996.0,253.1999969482422,1088.0000305175781,728.0,186.6999969482422,188.89999389648438,183.0,52.70000076293945,516.0,365.20001220703125,91.5999984741211,2442.699920654297,271.00000381469727,226.1999969482422,376.8000030517578,149.89999389648438,24.0,21.799999237060547,20.219999313354492,196.16000366210938,180.3000030517578,249.8000030517578,286.3999938964844,126.19999885559082,180.47999954223633
2025-08-26,970.4000244140625,248.8000030517578,1078.0000305175781,714.7999877929688,180.10000610351562,185.1999969482422,188.3000030517578,49.540000915527344,512.5,368.6000061035156,90.0,2388.0999603271484,264.4000053405762,227.8000030517578,365.99998474121094,148.8000030517578,25.34999942779541,21.799999237060547,20.5,199.1199951171875,178.39999389648438,244.1999969482422,281.5999984741211,124.39999580383301,180.95999908447266
2025-08-27,972.0,242.60000610351562,1055.0,701.5999755859375,175.89999389648438,182.8000030517578,185.0,51.650001525878906,512.5,352.79998779296875,87.55000305175781,2323.0999603271484,258.99999618530273,227.8000030517578,358.1999969482422,147.89999389648438,23.09999942779541,21.799999237060547,22.18000030517578,195.27999877929688,174.5,239.0,280.2000045776367,119.20000076293945,174.24000549316406
2025-08-28,926.4000244140625,230.39999389648438,1061.9999694824219,692.7999877929688,172.60000610351562,176.3000030517578,169.8000030517578,50.5,552.0,349.20001220703125,87.5,2303.5999603271484,251.20000839233398,224.0,361.5999984741211,143.5,23.520000457763672,21.799999237060547,23.5,190.16000366210938,177.1999969482422,238.39999389648438,281.3999938964844,116.89999580383301,169.68000411987305
2025-08-29,925.5999755859375,235.60000610351562,1061.9999694824219,715.2000122070312,180.89999389648438,183.39999389648438,167.8000030517578,50.599998474121094,578.0,349.3999938964844,88.25,2394.5999603271484,256.200008392334,222.0,365.60001373291016,140.60000610351562,25.05000114440918,21.799999237060547,22.200000762939453,192.47999572753906,181.10000610351562,246.0,296.3999938964844,118.50000381469727,172.31999588012695
2025-09-02,1077.5999755859375,239.1999969482422,1069.000015258789,731.5999755859375,178.3000030517578,183.39999389648438,161.5,51.04999923706055,569.5,350.79998779296875,89.05000305175781,2636.4000396728516,260.2000045776367,225.1999969482422,379.59999084472656,139.10000610351562,25.19999885559082,21.799999237060547,20.899999618530273,191.52000427246094,181.5,236.8000030517578,290.79999923706055,121.5999984741211,172.79999542236328
2025-09-03,1072.800048828125,241.39999389648438,1049.000015258789,752.0,175.3000030517578,185.1999969482422,157.89999389648438,51.54999923706055,558.0,341.0,88.05000305175781,2636.4000396728516,261.8000030517578,211.1999969482422,384.00001525878906,140.89999389648438,28.82999897003174,21.799999237060547,21.0,194.0800018310547,181.89999389648438,233.1999969482422,278.99999618530273,121.70000076293945,175.20000457763672
2025-09-04,1038.4000244140625,239.60000610351562,1039.000015258789,768.0,175.39999389648438,185.5,154.10000610351562,48.2400016784668,562.0,347.3999938964844,90.4000015258789,2555.800079345703,230.40000915527344,222.39999389648438,382.40001678466797,142.3000030517578,31.560001373291016,21.799999237060547,19.799999237060547,185.0399932861328,183.5,229.8000030517578,280.5999946594238,116.99999809265137,172.0800018310547
2025-09-05,1054.4000244140625,244.1999969482422,1050.0,776.0,176.6999969482422,186.3000030517578,155.8000030517578,47.84000015258789,572.0,348.0,90.75,2626.0,241.8000030517578,218.0,376.5999984741211,143.5,29.520000457763672,21.799999237060547,20.0,190.72000122070312,186.0,224.0,283.4000015258789,125.10000228881836,173.52000045776367
2025-09-08,1098.4000244140625,246.8000030517578,1095.999984741211,849.5999755859375,175.1999969482422,184.39999389648438,158.60000610351562,47.18000030517578,572.0,353.3999938964844,93.0999984741211,2675.4000396728516,253.1999969482422,216.8000030517578,383.1999969482422,147.10000610351562,29.25,21.799999237060547,19.940000534057617,196.72000122070312,184.1999969482422,219.60000610351562,291.5999984741211,126.80000305175781,173.52000045776367
2025-09-09,1135.199951171875,255.0,1115.999984741211,848.7999877929688,184.89999389648438,190.1999969482422,161.6999969482422,47.79999923706055,560.5,345.6000061035156,91.30000305175781,2730.0,246.8000030517578,221.39999389648438,404.00001525878906,148.1999969482422,30.630000114440918,21.799999237060547,20.0,201.60000610351562,184.60000610351562,221.8000030517578,292.99999237060547,126.00000381469727,171.60000228881836
2025-09-10,1142.4000244140625,264.20001220703125,1145.0,872.7999877929688,198.89999389648438,190.1999969482422,160.6999969482422,46.720001220703125,570.0,348.3999938964844,96.80000305175781,2706.5999603271484,246.00000381469727,226.0,412.99999237060547,151.3000030517578,30.479999542236328,21.799999237060547,19.799999237060547,198.0800018310547,187.1999969482422,226.0,290.5999946594238,125.39999961853027,172.31999588012695
2025-09-11,1146.4000244140625,259.6000061035156,1150.0,852.0,194.0,184.5,157.6999969482422,45.900001525878906,574.0,354.6000061035156,95.80000305175781,2519.4000396728516,242.39999771118164,218.1999969482422,425.60001373291016,148.60000610351562,29.939998626708984,21.799999237060547,19.899999618530273,193.83999633789062,187.8000030517578,221.0,291.5999984741211,125.9000015258789,170.16000366210938
2025-09-12,1208.800048828125,263.3999938964844,1181.9999694824219,920.7999877929688,198.8000030517578,186.60000610351562,162.8000030517578,48.119998931884766,577.5,351.6000061035156,95.44999694824219,2585.699920654297,260.40000915527344,229.1999969482422,415.8000183105469,149.10000610351562,37.3199987411499,21.799999237060547,20.540000915527344,191.60000610351562,189.3000030517578,226.0,289.59999084472656,140.0,171.3599967956543
2025-09-15,1236.800048828125,263.3999938964844,1203.0000305175781,898.4000244140625,208.60000610351562,195.10000610351562,165.39999389648438,49.81999969482422,574.0,342.20001220703125,96.94999694824219,2600.0,250.20000457763672,229.1999969482422,418.4000015258789,148.5,36.11999988555908,21.799999237060547,20.1200008392334,190.63999938964844,188.0,222.1999969482422,292.39999771118164,138.4000015258789,171.60000228881836
2025-09-16,1228.0,260.0,1218.0000305175781,905.5999755859375,212.0,200.1999969482422,166.60000610351562,51.04999923706055,597.5,349.6000061035156,99.0,2555.800079345703,251.39999389648438,229.60000610351562,411.8000030517578,149.1999969482422,34.739999771118164,21.799999237060547,20.100000381469727,191.44000244140625,190.6999969482422,229.39999389648438,290.5999946594238,134.60000038146973,176.87999725341797
2025-09-17,1292.800048828125,273.3999938964844,1231.9999694824219,1048.0,217.8000030517578,209.0,169.8000030517578,56.900001525878906,607.0,352.6000061035156,100.9000015258789,2581.800079345703,252.99999237060547,230.8000030517578,422.99999237060547,149.60000610351562,36.0,21.799999237060547,20.979999542236328,192.47999572753906,195.60000610351562,230.0,295.79999923706055,138.00000190734863,175.20000457763672
2025-09-18,1267.199951171875,268.6000061035156,1201.9999694824219,1062.4000244140625,211.1999969482422,203.60000610351562,162.6999969482422,56.150001525878906,598.5,346.3999938964844,99.55000305175781,2626.0,257.99999237060547,231.60000610351562,412.99999237060547,145.89999389648438,34.859999656677246,21.799999237060547,20.540000915527344,191.1199951171875,192.5,246.60000610351562,293.799991607666,136.899995803833,176.87999725341797
2025-09-19,1272.800048828125,277.6000061035156,1184.000015258789,1052.0,212.0,201.39999389648438,168.3000030517578,58.650001525878906,606.5,341.3999938964844,97.5999984741211,2610.4000396728516,253.60000610351562,228.39999389648438,410.2000045776367,147.5,33.839999198913574,21.799999237060547,20.6200008392334,193.9199981689453,189.3000030517578,235.0,297.60000228881836,133.80000114440918,173.2799949645996
2025-09-22,1273.5999755859375,268.3999938964844,1170.0,1085.5999755859375,209.1999969482422,199.10000610351562,166.5,57.150001525878906,598.0,338.3999938964844,97.5,2626.0,253.4000015258789,224.1999969482422,399.00001525878906,146.60000610351562,32.0699987411499,21.799999237060547,20.579999923706055,192.8800048828125,185.1999969482422,237.39999389648438,298.99999618530273,132.2000026702881,167.75999450683594
2025-09-23,1275.199951171875,256.6000061035156,1185.999984741211,1027.199951171875,203.39999389648438,194.39999389648438,167.8000030517578,53.75,596.0,334.20001220703125,96.0,2551.9000396728516,252.80000686645508,226.8000030517578,406.3999938964844,144.39999389648438,34.19999885559082,21.799999237060547,19.700000762939453,185.52000427246094,181.89999389648438,236.39999389648438,301.8000030517578,126.19999885559082,163.9199981689453
2025-09-24,1392.0,266.0,1185.999984741211,1028.800048828125,206.39999389648438,197.5,166.60000610351562,55.45000076293945,605.0,335.20001220703125,96.3499984741211,2557.0999603271484,252.60000228881836,220.0,399.39998626708984,145.39999389648438,32.55000114440918,21.799999237060547,19.420000076293945,182.24000549316406,181.89999389648438,247.0,304.20000076293945,125.39999961853027,163.9199981689453
2025-09-25,1376.0,275.20001220703125,1171.9999694824219,1052.800048828125,211.1999969482422,204.0,172.89999389648438,56.70000076293945,598.5,337.79998779296875,99.0,2598.699920654297,252.00000762939453,227.39999389648438,395.2000045776367,146.10000610351562,32.0699987411499,21.799999237060547,20.81999969482422,177.75999450683594,181.6999969482422,242.60000610351562,306.8000030517578,124.70000267028809,164.16000366210938
2025-09-26,1332.0,265.0,1151.9999694824219,1032.800048828125,204.8000030517578,200.1999969482422,181.60000610351562,56.599998474121094,582.5,335.3999938964844,96.44999694824219,2550.5999603271484,243.1999969482422,226.0,394.59999084472656,148.39999389648438,32.69999885559082,21.799999237060547,19.3799991607666,173.1199951171875,180.0,239.0,301.200008392334,122.70000457763672,162.24000549316406
2025-09-29,1387.199951171875,273.20001220703125,1160.0,1052.0,210.60000610351562,197.10000610351562,179.8000030517578,55.70000076293945,598.0,339.79998779296875,98.8499984741211,2548.0,248.99999618530273,226.0,425.60001373291016,150.3000030517578,31.34999942779541,21.799999237060547,19.510000228881836,175.27999877929688,180.3000030517578,237.0,311.00000381469727,123.00000190734863,163.9199981689453
2025-09-30,1416.0,277.0,1184.000015258789,1065.5999755859375,224.60000610351562,202.8000030517578,186.3000030517578,57.400001525878906,596.0,341.0,100.5,2667.5999603271484,266.8000030517578,224.1999969482422,422.59998321533203,147.5,32.09999942779541,21.799999237060547,19.68000030517578,178.16000366210938,181.6999969482422,233.60000610351562,309.7999954223633,125.60000419616699,164.39999771118164
2025-10-02,1464.800048828125,285.6000061035156,1201.9999694824219,1113.5999755859375,229.0,204.0,190.10000610351562,61.20000076293945,585.5,335.3999938964844,101.5,2735.199920654297,270.5999946594238,227.1999969482422,425.40000915527344,148.60000610351562,32.609999656677246,21.799999237060547,20.3799991607666,173.9199981689453,179.3000030517578,235.1999969482422,304.20000076293945,128.99999618530273,159.83999633789062
2025-10-03,1480.800048828125,280.3999938964844,1183.0000305175781,1105.5999755859375,226.1999969482422,199.1999969482422,184.6999969482422,59.900001525878906,574.5,331.79998779296875,100.69999694824219,2670.199920654297,267.60000228881836,223.39999389648438,415.8000183105469,146.60000610351562,31.140000343322754,21.799999237060547,19.90999984741211,172.39999389648438,180.89999389648438,240.0,302.00000762939453,128.1999969482422,164.6400032043457
2025-10-06,1444.0,274.3999938964844,1164.000015258789,1113.5999755859375,220.60000610351562,192.60000610351562,181.3000030517578,59.79999923706055,562.0,329.6000061035156,99.6500015258789,2667.5999603271484,262.99999237060547,221.0,407.99999237060547,148.0,30.660000801086426,21.799999237060547,19.889999389648438,170.63999938964844,180.0,233.0,295.40000915527344,128.80000114440918,161.52000045776367
2025-10-08,1420.800048828125,271.20001220703125,1198.0000305175781,1080.0,221.1999969482422,191.0,184.3000030517578,60.099998474121094,551.0,327.3999938964844,99.55000305175781,2724.800079345703,261.00000381469727,223.39999389648438,409.1999816894531,145.39999389648438,29.819998741149902,21.799999237060547,20.399999618530273,169.1999969482422,188.1999969482422,223.0,299.20000076293945,128.69999885559082,161.75999450683594
2025-10-09,1386.4000244140625,271.3999938964844,1201.9999694824219,1068.0,236.0,189.1999969482422,181.6999969482422,60.900001525878906,561.0,330.20001220703125,99.69999694824219,2613.0,261.8000030517578,220.0,417.40001678466797,151.5,29.69999885559082,21.799999237060547,20.239999771118164,174.24000549316406,190.1999969482422,228.39999389648438,297.99999237060547,126.99999809265137,160.31999588012695
2025-10-10,1323.199951171875,263.6000061035156,1186.9999694824219,1007.2000122070312,228.0,184.3000030517578,174.10000610351562,57.79999923706055,569.0,342.20001220703125,94.55000305175781,2557.0999603271484,253.79999160766602,215.0,418.4000015258789,149.39999389648438,29.09999942779541,21.799999237060547,19.920000076293945,175.9199981689453,180.0,218.39999389648438,298.1999969482422,123.69999885559082,157.68000411987305
2025-10-13,1300.800048828125,254.0,1175.0,985.5999755859375,215.8000030517578,177.89999389648438,168.3000030517578,55.45000076293945,557.5,339.3999938964844,92.0999984741211,2507.699920654297,244.79999542236328,214.60000610351562,403.1999969482422,145.0,28.290000915527344,21.799999237060547,19.200000762939453,175.67999267578125,174.6999969482422,220.0,292.99999237060547,121.40000343322754,154.31999588012695
2025-10-14,1244.800048828125,252.8000030517578,1140.999984741211,932.7999877929688,200.60000610351562,173.39999389648438,165.0,53.5,542.0,331.79998779296875,88.5,2415.4000396728516,232.00000762939453,208.0,402.59998321533203,142.39999389648438,27.510000228881836,21.799999237060547,18.729999542236328,172.39999389648438,169.8000030517578,207.60000610351562,283.99999618530273,118.29999923706055,150.7200050354004
2025-10-15,1292.800048828125,258.0,1159.000015258789,958.4000244140625,209.60000610351562,179.3000030517578,171.60000610351562,54.150001525878906,546.5,336.0,90.55000305175781,2438.800079345703,232.80000686645508,214.60000610351562,419.7999954223633,145.5,27.30000114440918,21.799999237060547,18.950000762939453,178.9600067138672,167.0,210.39999389648438,292.00000762939453,121.00000381469727,149.75999450683594
2025-10-16,1289.5999755859375,256.20001220703125,1160.0,942.4000244140625,212.0,176.60000610351562,165.60000610351562,49.279998779296875,546.0,339.0,89.30000305175781,2470.0,233.1999969482422,211.60000610351562,457.00000762939453,146.8000030517578,27.0,21.799999237060547,18.469999313354492,177.27999877929688,169.60000610351562,204.60000610351562,289.59999084472656,122.29999542236328,151.9199981689453
2025-10-17,1235.199951171875,248.1999969482422,1119.000015258789,903.2000122070312,204.60000610351562,169.89999389648438,158.39999389648438,50.349998474121094,532.0,334.79998779296875,85.9000015258789,2379.0,220.20000457763672,209.1999969482422,432.40001678466797,142.60000610351562,25.229999542236328,21.799999237060547,17.239999771118164,168.0,161.60000610351562,195.1999969482422,285.2000045776367,118.80000114440918,148.56000137329102
2025-10-20,1295.199951171875,255.60000610351562,1176.9999694824219,936.7999877929688,209.39999389648438,172.8000030517578,162.6999969482422,52.20000076293945,549.5,341.3999938964844,87.55000305175781,2446.5999603271484,221.8000030517578,214.8000030517578,442.79998779296875,148.1999969482422,26.09999942779541,21.799999237060547,17.559999465942383,171.52000427246094,167.0,196.89999389648438,298.4000015258789,118.99999618530273,151.43999862670898
2025-10-21,1320.800048828125,257.20001220703125,1200.999984741211,940.0,228.0,173.3000030517578,168.8000030517578,53.650001525878906,555.0,347.79998779296875,89.5,2470.0,228.1999969482422,215.0,457.40001678466797,149.89999389648438,27.540000915527344,21.799999237060547,18.170000076293945,171.67999267578125,170.3000030517578,198.0,300.79999923706055,120.0,148.79999542236328
2025-10-22,1295.199951171875,253.60000610351562,1148.0000305175781,920.7999877929688,223.39999389648438,171.6999969482422,165.6999969482422,54.54999923706055,547.5,349.20001220703125,86.05000305175781,2411.5,228.4000015258789,209.8000030517578,464.39998626708984,147.1999969482422,27.270000457763672,21.799999237060547,17.770000457763672,172.0,168.39999389648438,198.3000030517578,300.79999923706055,119.0999984741211,149.2799949645996
2025-10-23,1316.800048828125,257.3999938964844,1140.999984741211,932.0,220.60000610351562,173.8000030517578,164.3000030517578,54.400001525878906,547.0,353.0,87.25,2405.0,217.99999237060547,207.39999389648438,468.1999969482422,148.60000610351562,26.969999313354492,21.799999237060547,17.799999237060547,169.67999267578125,169.1999969482422,205.8000030517578,304.7999954223633,117.10000038146973,148.31999588012695
2025-10-24,1346.4000244140625,257.6000061035156,1153.0000305175781,942.4000244140625,227.60000610351562,170.1999969482422,166.3000030517578,52.650001525878906,564.0,352.6000061035156,89.44999694824219,2403.699920654297,215.59999465942383,204.60000610351562,467.79998779296875,148.89999389648438,27.180001258850098,21.799999237060547,17.979999542236328,175.0399932861328,171.6999969482422,207.60000610351562,301.5999984741211,116.09999656677246,148.79999542236328
2025-10-27,1388.800048828125,263.6000061035156,1150.0,1000.7999877929688,229.8000030517578,167.1999969482422,169.39999389648438,55.0,567.5,348.79998779296875,88.8499984741211,2446.5999603271484,207.39999771118164,204.0,472.40001678466797,149.60000610351562,28.020000457763672,21.799999237060547,18.399999618530273,172.72000122070312,171.39999389648438,212.8000030517578,299.7999954223633,117.10000038146973,147.3599967956543
2025-10-28,1368.0,261.6000061035156,1123.0000305175781,991.2000122070312,242.0,163.1999969482422,173.89999389648438,54.5,568.0,346.3999938964844,88.6500015258789,2441.4000396728516,203.60000610351562,204.0,467.79998779296875,148.89999389648438,27.630000114440918,21.799999237060547,17.850000381469727,170.39999389648438,171.60000610351562,195.5,301.5999984741211,115.29999732971191,145.20000457763672
2025-10-30,1376.800048828125,261.79998779296875,1100.0,964.7999877929688,236.0,161.10000610351562,176.8000030517578,55.150001525878906,550.0,340.79998779296875,86.75,2405.0,203.79999160766602,200.0,457.20001220703125,142.8000030517578,26.880000114440918,21.799999237060547,17.75,168.39999389648438,171.0,170.39999389648438,293.99999618530273,114.39999580383301,144.95999908447266
2025-10-31,1320.800048828125,255.1999969482422,1085.0,940.7999877929688,232.39999389648438,159.5,174.39999389648438,54.599998474121094,543.5,334.6000061035156,84.75,2415.4000396728516,201.00000381469727,196.24000549316406,467.00000762939453,142.60000610351562,26.640000343322754,21.799999237060547,17.559999465942383,164.8000030517578,171.3000030517578,168.1999969482422,302.60000228881836,116.30000114440918,144.95999908447266
2025-11-03,1305.5999755859375,254.39999389648438,1100.999984741211,948.0,236.0,161.8000030517578,182.39999389648438,56.900001525878906,553.0,339.0,85.5,2438.800079345703,210.20000457763672,196.24000549316406,459.39998626708984,146.10000610351562,25.19999885559082,21.799999237060547,17.959999084472656,165.0399932861328,170.8000030517578,184.60000610351562,302.99999237060547,118.80000114440918,158.39999771118164
2025-11-04,1272.0,246.8000030517578,1084.000015258789,975.2000122070312,229.60000610351562,155.5,177.8000030517578,56.349998474121094,548.5,352.0,84.30000305175781,2389.4000396728516,206.20000839233398,194.8000030517578,458.80001068115234,145.0,24.930001258850098,21.799999237060547,17.479999542236328,165.36000061035156,170.8000030517578,182.10000610351562,314.59999084472656,121.49999618530273,152.16000366210938
2025-11-05,1268.0,245.60000610351562,1086.9999694824219,972.7999877929688,220.1999969482422,154.6999969482422,175.39999389648438,57.20000076293945,541.0,342.79998779296875,83.9000015258789,2412.800079345703,199.40000534057617,192.55999755859375,444.1999816894531,145.10000610351562,25.19999885559082,21.799999237060547,16.700000762939453,165.0399932861328,166.10000610351562,171.8000030517578,317.1999931335449,120.29999732971191,152.87999725341797
2025-11-06,1320.0,253.8000030517578,1100.999984741211,991.2000122070312,224.60000610351562,157.8000030517578,178.8000030517578,58.400001525878906,555.5,340.79998779296875,84.8499984741211,2451.800079345703,195.0,194.39999389648438,440.40000915527344,147.39999389648438,24.59999942779541,21.799999237060547,17.25,163.1999969482422,163.1999969482422,175.60000610351562,317.99999237060547,121.09999656677246,153.83999633789062
2025-11-07,1280.800048828125,248.0,1095.0,995.2000122070312,216.8000030517578,155.0,181.8000030517578,55.400001525878906,546.5,337.79998779296875,82.30000305175781,2475.199920654297,172.70000457763672,196.63999938964844,418.6000061035156,143.10000610351562,24.59999942779541,21.799999237060547,16.8799991607666,161.9199981689453,164.10000610351562,174.5,312.99999237060547,118.10000419616699,148.0800018310547
2025-11-10,1307.199951171875,249.0,1098.0000305175781,1006.4000244140625,216.1999969482422,158.6999969482422,184.0,54.29999923706055,561.5,349.0,83.30000305175781,2540.199920654297,172.90000915527344,195.9199981689453,433.80001068115234,148.6999969482422,25.020000457763672,21.799999237060547,17.0,168.55999755859375,165.39999389648438,175.60000610351562,330.40000915527344,118.90000343322754,158.6400032043457
2025-11-11,1283.199951171875,246.1999969482422,1100.0,1029.5999755859375,213.1999969482422,159.3000030517578,217.0,54.900001525878906,567.5,357.20001220703125,84.5,2566.199920654297,170.79999923706055,191.1999969482422,435.40000915527344,148.6999969482422,24.209999084472656,21.799999237060547,16.90999984741211,169.9199981689453,161.10000610351562,178.10000610351562,341.8000030517578,118.59999656677246,161.75999450683594
2025-11-12,1254.4000244140625,249.39999389648438,1108.0000305175781,1010.4000244140625,213.39999389648438,159.6999969482422,210.39999389648438,51.25,573.0,361.20001220703125,83.94999694824219,2763.800079345703,172.5,193.75999450683594,434.39998626708984,150.60000610351562,24.359999656677246,21.799999237060547,16.920000076293945,174.47999572753906,162.60000610351562,184.89999389648438,353.80001068115234,118.80000114440918,161.2799949645996
2025-11-13,1296.0,248.8000030517578,1118.0000305175781,1009.5999755859375,212.8000030517578,158.3000030517578,211.8000030517578,51.0,579.5,359.20001220703125,83.05000305175781,2977.0,172.60000228881836,192.39999389648438,426.19998931884766,150.3000030517578,24.15000057220459,21.799999237060547,16.719999313354492,171.60000610351562,165.10000610351562,181.8000030517578,353.80001068115234,121.00000381469727,167.52000045776367
2025-11-14,1239.199951171875,233.8000030517578,1096.9999694824219,936.7999877929688,209.0,154.6999969482422,197.39999389648438,49.36000061035156,576.0,360.79998779296875,81.1500015258789,2839.199920654297,171.10000610351562,193.83999633789062,417.99999237060547,145.60000610351562,24.32999897003174,21.799999237060547,15.899999618530273,167.60000610351562,158.60000610351562,181.8000030517578,349.59999084472656,118.90000343322754,153.3599967956543
2025-11-17,1239.199951171875,230.8000030517578,1091.9999694824219,908.7999877929688,205.0,150.8000030517578,192.0,49.31999969482422,555.5,361.0,80.19999694824219,2802.800079345703,166.29999160766602,188.32000732421875,414.7999954223633,145.8000030517578,23.46000051498413,21.799999237060547,16.420000076293945,166.8800048828125,158.0,174.39999389648438,343.4000015258789,116.49999618530273,144.47999954223633
2025-11-18,1236.800048828125,228.60000610351562,1075.0,891.2000122070312,201.8000030517578,146.39999389648438,171.89999389648438,47.619998931884766,564.5,366.3999938964844,80.0999984741211,2831.4000396728516,158.69999885559082,188.0,405.8000183105469,146.10000610351562,22.530000686645508,21.799999237060547,15.680000305175781,164.0,156.89999389648438,174.3000030517578,340.99998474121094,115.0,144.95999908447266
2025-11-19,1251.199951171875,227.0,1078.0000305175781,889.5999755859375,202.0,142.60000610351562,171.39999389648438,46.63999938964844,574.5,372.3999938964844,78.05000305175781,2802.800079345703,159.0999984741211,188.0,410.99998474121094,147.5,22.799999713897705,21.799999237060547,15.859999656677246,164.55999755859375,160.8000030517578,154.3000030517578,346.3999938964844,114.70000267028809,144.47999954223633
2025-11-20,1238.4000244140625,227.0,1063.0000305175781,911.2000122070312,196.60000610351562,140.10000610351562,163.6999969482422,45.13999938964844,554.0,377.3999938964844,77.55000305175781,2808.0,160.79999923706055,188.55999755859375,410.0,149.3000030517578,22.859999656677246,21.799999237060547,15.84000015258789,161.0399932861328,161.39999389648438,154.0,345.2000045776367,114.0999984741211,144.0
2025-11-21,1180.800048828125,220.60000610351562,1023.0000305175781,858.4000244140625,192.10000610351562,137.3000030517578,157.0,42.959999084472656,537.5,370.0,75.3499984741211,2678.0,153.50000381469727,168.9600067138672,392.00000762939453,148.8000030517578,22.34999942779541,21.799999237060547,15.5600004196167,156.8800048828125,156.3000030517578,142.60000610351562,340.2000045776367,109.60000038146973,134.6400032043457
2025-11-24,1236.0,224.8000030517578,1083.0000305175781,894.4000244140625,203.0,142.6999969482422,162.6999969482422,45.439998626708984,542.0,376.20001220703125,75.69999694824219,2732.5999603271484,155.9000015258789,181.67999267578125,395.8000183105469,149.39999389648438,22.109999656677246,21.799999237060547,16.100000381469727,149.27999877929688,160.0,143.39999389648438,347.79998779296875,111.49999618530273,136.79999542236328
2025-11-25,1262.4000244140625,224.8000030517578,1088.0000305175781,935.2000122070312,213.60000610351562,144.0,163.1999969482422,46.81999969482422,546.5,372.3999938964844,78.80000305175781,2662.4000396728516,153.1999969482422,184.0,390.99998474121094,155.5,23.25,21.799999237060547,16.270000457763672,148.63999938964844,163.0,144.0,353.1999969482422,111.40000343322754,136.79999542236328
2025-11-26,1238.4000244140625,229.60000610351562,1075.999984741211,916.0,207.1999969482422,143.39999389648438,164.1999969482422,43.900001525878906,538.0,376.0,78.6500015258789,2667.5999603271484,153.29999923706055,184.0,394.1999816894531,162.10000610351562,22.109999656677246,21.799999237060547,17.540000915527344,152.55999755859375,168.1999969482422,153.1999969482422,360.0,111.89999580383301,132.95999908447266
2025-11-28,1212.0,233.0,1070.0,910.4000244140625,206.39999389648438,143.89999389648438,167.8000030517578,43.52000045776367,535.0,375.3999938964844,77.4000015258789,2662.4000396728516,158.1999969482422,183.44000244140625,402.99999237060547,159.5,21.90000057220459,21.799999237060547,17.09000015258789,155.44000244140625,169.6999969482422,155.60000610351562,364.1999816894531,112.39999771118164,131.04000091552734
2025-12-01,1239.199951171875,234.1999969482422,1111.9999694824219,924.7999877929688,207.39999389648438,140.60000610351562,166.6999969482422,43.31999969482422,544.0,376.3999938964844,79.6500015258789,2646.800079345703,157.2000026702881,180.32000732421875,417.00000762939453,161.1999969482422,21.80999994277954,21.799999237060547,17.34000015258789,154.16000366210938,171.1999969482422,151.60000610351562,363.4000015258789,113.4000015258789,131.04000091552734
2025-12-02,1256.0,232.0,1121.9999694824219,925.5999755859375,203.60000610351562,139.5,157.5,40.400001525878906,543.0,378.20001220703125,80.69999694824219,2602.5999603271484,152.89999961853027,180.39999389648438,415.0,160.8000030517578,21.869999885559082,21.799999237060547,18.0,155.1999969482422,174.3000030517578,154.0,367.40001678466797,112.39999771118164,128.87999725341797
2025-12-03,1228.800048828125,231.0,1089.000015258789,916.7999877929688,197.5,139.5,150.8000030517578,39.060001373291016,535.0,375.79998779296875,80.55000305175781,2557.0999603271484,151.8000030517578,180.0800018310547,405.2000045776367,161.5,22.080000400543213,21.799999237060547,17.719999313354492,151.0399932861328,169.39999389648438,150.3000030517578,370.0,110.50000190734863,126.0
2025-12-04,1235.199951171875,232.1999969482422,1085.999984741211,926.4000244140625,202.60000610351562,138.8000030517578,152.39999389648438,39.380001068115234,556.0,366.20001220703125,80.9000015258789,2605.199920654297,156.8000030517578,180.9600067138672,402.79998779296875,164.5,22.380000114440918,21.799999237060547,18.31999969482422,149.27999877929688,167.8000030517578,149.0,372.59998321533203,111.19999885559082,126.72000503540039
2025-12-05,1240.0,234.0,1090.0,972.7999877929688,203.8000030517578,139.8000030517578,155.89999389648438,40.220001220703125,554.5,360.20001220703125,81.25,2574.0,156.09999656677246,181.52000427246094,414.00001525878906,168.8000030517578,22.44000005722046,21.799999237060547,18.260000228881836,148.47999572753906,166.89999389648438,152.0,369.7999954223633,110.0,127.91999816894531
2025-12-08,1227.199951171875,232.39999389648438,1084.000015258789,1006.4000244140625,203.60000610351562,139.3000030517578,156.0,39.939998626708984,544.5,361.79998779296875,81.69999694824219,2518.0999603271484,150.0,180.0,416.8000030517578,165.1999969482422,23.30999994277954,21.799999237060547,17.8799991607666,152.39999389648438,168.5,151.6999969482422,369.1999816894531,109.79999542236328,123.60000228881836
2025-12-09,1207.199951171875,229.8000030517578,1063.0000305175781,971.2000122070312,196.3000030517578,135.39999389648438,154.8000030517578,39.81999969482422,539.5,357.0,79.44999694824219,2496.0,149.20000076293945,183.27999877929688,417.79998779296875,163.5,22.859999656677246,21.799999237060547,17.420000076293945,150.55999755859375,162.60000610351562,150.6999969482422,365.2000045776367,108.29999923706055,120.0
2025-12-10,1225.5999755859375,229.60000610351562,1054.000015258789,988.7999877929688,194.10000610351562,133.5,152.39999389648438,38.959999084472656,547.5,364.20001220703125,78.30000305175781,2467.4000396728516,142.60000228881836,183.27999877929688,417.79998779296875,161.3000030517578,22.40999937057495,21.799999237060547,17.399999618530273,151.67999267578125,168.8000030517578,149.8000030517578,370.2000045776367,107.10000038146973,119.04000091552734
2025-12-11,1204.800048828125,228.60000610351562,1048.0000305175781,990.4000244140625,193.89999389648438,131.3000030517578,149.3000030517578,39.220001220703125,541.5,365.0,78.9000015258789,2466.0999603271484,139.20000076293945,185.75999450683594,418.6000061035156,162.8000030517578,22.34999942779541,21.799999237060547,17.110000610351562,149.1999969482422,163.8000030517578,152.89999389648438,373.6000061035156,105.29999732971191,117.60000228881836
2025-12-12,1232.800048828125,231.1999969482422,1091.9999694824219,1008.0,195.6999969482422,135.10000610351562,150.89999389648438,40.2400016784668,550.0,374.20001220703125,79.80000305175781,2528.5,143.00000190734863,186.0,420.2000045776367,169.89999389648438,22.5,21.799999237060547,17.329999923706055,153.27999877929688,155.10000610351562,153.0,377.00000762939453,107.39999771118164,118.08000183105469
2025-12-15,1188.800048828125,227.0,1083.0000305175781,949.5999755859375,193.6999969482422,131.1999969482422,147.5,39.2400016784668,554.0,378.0,79.3499984741211,2324.4000396728516,137.7999973297119,188.32000732421875,432.00000762939453,163.39999389648438,21.90000057220459,21.799999237060547,17.139999389648438,154.32000732421875,154.10000610351562,155.1999969482422,371.5999984741211,104.0999984741211,119.27999496459961
2025-12-16,1153.5999755859375,221.8000030517578,1055.0,932.7999877929688,189.1999969482422,128.39999389648438,144.8000030517578,38.84000015258789,551.5,369.20001220703125,77.80000305175781,2356.9000396728516,135.20000457763672,182.24000549316406,424.59999084472656,162.1999969482422,21.270000457763672,21.799999237060547,16.549999237060547,154.72000122070312,154.10000610351562,150.6999969482422,367.40001678466797,101.49999618530273,115.20000457763672
2025-12-17,1168.0,224.60000610351562,1050.999984741211,948.7999877929688,191.3000030517578,128.1999969482422,144.60000610351562,39.0,563.0,370.20001220703125,78.80000305175781,2369.9000396728516,134.7000026702881,182.24000549316406,427.40001678466797,162.1999969482422,21.05999994277954,21.799999237060547,16.8700008392334,157.75999450683594,157.60000610351562,149.89999389648438,374.39998626708984,102.70000457763672,112.08000183105469
2025-12-18,1152.800048828125,224.39999389648438,1058.0000305175781,940.7999877929688,191.8000030517578,126.0999984741211,142.39999389648438,38.41999816894531,558.5,373.0,78.3499984741211,2395.9000396728516,138.00000190734863,180.9600067138672,433.6000061035156,165.1999969482422,21.53999948501587,21.799999237060547,16.850000381469727,152.0,158.39999389648438,148.89999389648438,374.7999954223633,103.59999656677246,110.16000366210938
2025-12-19,1162.4000244140625,222.60000610351562,1071.9999694824219,950.4000244140625,192.8000030517578,130.89999389648438,153.3000030517578,39.29999923706055,560.0,375.20001220703125,79.5,2406.300079345703,138.50000381469727,188.24000549316406,432.20001220703125,166.6999969482422,21.53999948501587,21.799999237060547,17.610000610351562,154.39999389648438,174.0,150.1999969482422,380.0,103.99999618530273,112.31999588012695
2025-12-22,1171.199951171875,224.60000610351562,1070.999984741211,962.4000244140625,194.0,132.10000610351562,154.3000030517578,39.0,575.0,375.79998779296875,79.5999984741211,2425.800079345703,139.20000076293945,180.63999938964844,432.79998779296875,165.10000610351562,21.05999994277954,21.799999237060547,17.18000030517578,154.39999389648438,163.0,150.8000030517578,386.3999938964844,103.29999923706055,111.60000228881836
2025-12-23,1177.5999755859375,225.60000610351562,1064.000015258789,958.4000244140625,193.89999389648438,130.3000030517578,152.89999389648438,38.619998931884766,568.0,376.20001220703125,79.0999984741211,2392.0,136.30000114440918,183.1199951171875,435.2000045776367,165.8000030517578,20.78999948501587,21.799999237060547,17.809999465942383,151.0399932861328,161.1999969482422,152.1999969482422,377.20001220703125,103.4000015258789,108.95999908447266
2025-12-24,1168.800048828125,225.39999389648438,1065.999984741211,958.4000244140625,191.5,130.0,152.60000610351562,38.400001525878906,563.5,379.0,78.80000305175781,2388.0999603271484,144.60000038146973,183.52000427246094,434.39998626708984,164.6999969482422,20.94000005722046,21.799999237060547,17.780000686645508,148.72000122070312,159.89999389648438,153.60000610351562,378.6000061035156,103.4000015258789,108.47999954223633
2025-12-29,1146.4000244140625,224.0,1080.999984741211,952.7999877929688,190.8000030517578,132.1999969482422,158.10000610351562,40.31999969482422,559.5,374.79998779296875,78.1500015258789,2389.4000396728516,138.1999969482422,174.8000030517578,427.99999237060547,165.60000610351562,20.30999994277954,21.799999237060547,16.780000686645508,147.60000610351562,159.3000030517578,156.60000610351562,370.0,102.70000457763672,108.47999954223633
2025-12-30,1156.0,227.1999969482422,1109.000015258789,1037.5999755859375,192.10000610351562,131.60000610351562,160.1999969482422,41.20000076293945,571.0,369.6000061035156,79.25,2373.800079345703,138.00000190734863,171.0399932861328,433.1999969482422,165.5,20.40000057220459,21.799999237060547,17.15999984741211,147.1999969482422,160.3000030517578,153.3000030517578,373.4000015258789,102.29999542236328,104.6400032043457
2025-12-31,1142.4000244140625,222.8000030517578,1075.0,1051.199951171875,192.0,129.3000030517578,158.10000610351562,40.939998626708984,554.0,368.20001220703125,78.75,2336.0999603271484,136.09999656677246,172.0,421.5999984741211,162.1999969482422,20.40000057220459,21.799999237060547,16.969999313354492,145.60000610351562,157.0,151.6999969482422,367.00000762939453,103.10000419616699,102.0
2026-01-02,1192.0,230.1999969482422,1144.000015258789,1150.4000244140625,199.6999969482422,136.10000610351562,160.6999969482422,41.31999969482422,583.0,378.0,82.1500015258789,2398.5,135.79999923706055,172.0800018310547,452.59998321533203,166.6999969482422,21.719999313354492,21.799999237060547,16.850000381469727,149.60000610351562,158.8000030517578,152.1999969482422,372.79998779296875,104.70000267028809,101.75999450683594
2026-01-05,1222.4000244140625,227.39999389648438,1113.0000305175781,1147.199951171875,209.8000030517578,132.6999969482422,153.3000030517578,38.86000061035156,576.5,365.3999938964844,82.44999694824219,2525.9000396728516,141.70000076293945,176.24000549316406,439.00001525878906,169.10000610351562,21.53999948501587,21.799999237060547,16.8799991607666,150.55999755859375,161.60000610351562,149.10000610351562,368.80001068115234,105.9000015258789,108.72000503540039
2026-01-06,1206.4000244140625,231.0,1145.999984741211,1167.199951171875,214.39999389648438,135.89999389648438,159.60000610351562,38.880001068115234,599.0,367.79998779296875,84.3499984741211,2499.9000396728516,143.99999618530273,175.60000610351562,447.99999237060547,171.39999389648438,22.34999942779541,21.799999237060547,17.549999237060547,154.16000366210938,165.1999969482422,152.60000610351562,384.00001525878906,106.49999618530273,108.24000549316406
2026-01-07,1167.199951171875,228.0,1113.0000305175781,1160.800048828125,211.0,133.60000610351562,156.10000610351562,37.58000183105469,600.0,376.3999938964844,83.19999694824219,2584.4000396728516,148.00000190734863,173.52000427246094,444.39998626708984,169.6999969482422,21.90000057220459,21.799999237060547,17.389999389648438,153.52000427246094,159.39999389648438,147.5,392.99999237060547,112.29999542236328,108.47999954223633
2026-01-08,1140.800048828125,223.39999389648438,1098.0000305175781,1122.4000244140625,216.60000610351562,131.89999389648438,158.0,37.619998931884766,601.5,371.6000061035156,82.3499984741211,2590.9000396728516,147.60000228881836,168.72000122070312,446.8000030517578,169.1999969482422,21.90000057220459,21.799999237060547,17.610000610351562,151.83999633789062,156.10000610351562,143.60000610351562,392.20001220703125,116.19999885559082,108.0
2026-01-09,1172.0,229.1999969482422,1084.000015258789,1099.199951171875,223.39999389648438,130.10000610351562,157.10000610351562,37.15999984741211,596.5,373.6000061035156,83.9000015258789,2564.9000396728516,145.10000228881836,175.9199981689453,455.40000915527344,171.8000030517578,23.09999942779541,21.799999237060547,17.520000457763672,154.0800018310547,152.10000610351562,142.60000610351562,397.40001678466797,116.19999885559082,112.79999542236328
2026-01-12,1234.4000244140625,233.8000030517578,1115.999984741211,1157.5999755859375,238.0,130.10000610351562,160.6999969482422,37.560001373291016,607.0,378.79998779296875,85.30000305175781,2644.199920654297,145.0,170.0,462.40001678466797,171.0,22.71000051498413,21.799999237060547,17.799999237060547,159.67999267578125,150.3000030517578,138.1999969482422,392.20001220703125,115.39999961853027,122.6400032043457
2026-01-13,1279.199951171875,234.8000030517578,1114.000015258789,1139.199951171875,245.39999389648438,130.10000610351562,164.1999969482422,37.720001220703125,609.0,380.3999938964844,86.3499984741211,2652.0,146.5999984741211,176.9600067138672,455.40000915527344,171.39999389648438,23.760000228881836,21.799999237060547,18.209999084472656,155.67999267578125,149.10000610351562,136.60000610351562,388.80001068115234,117.5,127.20000457763672
2026-01-14,1352.0,231.8000030517578,1101.9999694824219,1160.800048828125,258.0,127.80000305175781,164.39999389648438,36.540000915527344,569.5,379.20001220703125,86.44999694824219,2665.0,154.79999542236328,174.72000122070312,447.59998321533203,172.0,23.669999599456787,21.799999237060547,18.0,154.8800048828125,149.39999389648438,135.1999969482422,384.59999084472656,117.10000038146973,130.79999542236328
2026-01-15,1316.800048828125,230.1999969482422,1066.9999694824219,1169.5999755859375,255.39999389648438,128.5,161.89999389648438,36.08000183105469,460.0,374.20001220703125,86.30000305175781,2672.800079345703,150.20000457763672,183.83999633789062,440.40000915527344,174.6999969482422,23.700000286102295,21.799999237060547,17.639999389648438,154.39999389648438,152.0,133.6999969482422,385.60001373291016,119.60000038146973,126.47999954223633
2026-01-16,1329.5999755859375,227.1999969482422,1078.0000305175781,1164.800048828125,260.0,125.5999984741211,160.89999389648438,36.63999938964844,466.20001220703125,376.6000061035156,85.8499984741211,2636.4000396728516,145.9000015258789,180.0,440.0,174.10000610351562,23.010000228881836,21.799999237060547,17.200000762939453,153.52000427246094,147.39999389648438,135.1999969482422,377.00000762939453,127.20000267028809,122.39999771118164
2026-01-20,1277.5999755859375,224.8000030517578,1080.0,1190.4000244140625,243.8000030517578,123.69999694824219,159.0,36.58000183105469,480.3999938964844,371.79998779296875,83.44999694824219,2583.0999603271484,144.79999542236328,178.9600067138672,425.0,173.3000030517578,21.90000057220459,21.799999237060547,17.260000228881836,152.55999755859375,148.10000610351562,132.6999969482422,392.40001678466797,123.00000190734863,120.47999954223633
2026-01-21,1305.5999755859375,225.60000610351562,1040.0,1229.5999755859375,248.8000030517578,125.9000015258789,158.60000610351562,36.220001220703125,482.6000061035156,375.79998779296875,84.4000015258789,2607.800079345703,148.80000114440918,176.9600067138672,430.2000045776367,174.10000610351562,22.260000228881836,21.799999237060547,16.799999237060547,154.47999572753906,150.5,131.60000610351562,384.7999954223633,123.4000015258789,122.16000366210938
2026-01-22,1318.4000244140625,227.8000030517578,1045.0,1280.0,257.0,131.10000610351562,153.89999389648438,37.040000915527344,481.6000061035156,381.3999938964844,85.3499984741211,2597.4000396728516,143.69999885559082,177.27999877929688,431.8000030517578,172.10000610351562,22.260000228881836,21.799999237060547,17.18000030517578,155.36000061035156,146.6999969482422,130.3000030517578,390.40000915527344,122.39999771118164,128.39999771118164
2026-01-23,1348.0,229.60000610351562,1035.0,1284.0,262.6000061035156,131.6999969482422,153.60000610351562,37.439998626708984,485.3999938964844,383.0,84.94999694824219,2654.5999603271484,142.70000457763672,178.39999389648438,447.99999237060547,171.1999969482422,22.5,21.799999237060547,17.18000030517578,155.1999969482422,147.6999969482422,135.39999389648438,394.1999816894531,121.5999984741211,127.20000457763672
2026-01-26,1321.5999755859375,232.0,1041.9999694824219,1244.0,256.20001220703125,131.5,147.1999969482422,36.02000045776367,492.20001220703125,381.79998779296875,84.0,2626.0,138.80000114440918,176.24000549316406,440.0,168.3000030517578,22.200000286102295,21.799999237060547,16.899999618530273,148.8000030517578,149.6999969482422,128.10000610351562,390.99998474121094,122.89999961853027,129.60000228881836
2026-01-27,1359.199951171875,227.0,1035.0,1241.5999755859375,271.20001220703125,130.60000610351562,145.3000030517578,36.68000030517578,499.3999938964844,388.3999938964844,84.5999984741211,2628.5999603271484,137.10000038146973,178.47999572753906,438.6000061035156,168.89999389648438,22.469999313354492,21.799999237060547,17.110000610351562,146.8000030517578,147.10000610351562,130.0,392.00000762939453,120.0,141.60000228881836
2026-01-28,1388.0,232.60000610351562,1060.0,1248.800048828125,281.0,137.0,149.60000610351562,38.13999938964844,495.3999938964844,400.20001220703125,85.94999694824219,2735.199920654297,138.1999969482422,177.83999633789062,447.00000762939453,173.1999969482422,22.919999599456787,21.799999237060547,17.229999542236328,150.32000732421875,152.1999969482422,127.30000305175781,395.2000045776367,120.50000190734863,124.56000137329102
2026-01-29,1386.4000244140625,229.1999969482422,1033.0000305175781,1244.0,276.79998779296875,135.39999389648438,145.8000030517578,37.2599983215332,482.20001220703125,398.20001220703125,85.94999694824219,2724.800079345703,135.6999969482422,174.0800018310547,460.40000915527344,174.6999969482422,21.450000286102295,21.799999237060547,17.309999465942383,151.75999450683594,149.10000610351562,127.4000015258789,383.1999969482422,119.79999542236328,125.27999496459961
2026-01-30,1353.5999755859375,224.8000030517578,1025.0,1222.4000244140625,273.0,131.89999389648438,143.3000030517578,38.619998931884766,481.79998779296875,389.0,84.0999984741211,2685.800079345703,131.30000114440918,178.63999938964844,485.8000183105469,173.60000610351562,21.59999942779541,21.799999237060547,16.709999084472656,147.1999969482422,146.10000610351562,124.9000015258789,382.79998779296875,116.89999580383301,125.75999450683594
2026-02-02,1306.4000244140625,221.0,989.4999694824219,1173.5999755859375,259.6000061035156,128.89999389648438,133.60000610351562,36.880001068115234,477.6000061035156,386.3999938964844,81.80000305175781,2575.300079345703,124.39999580383301,172.24000549316406,470.40000915527344,169.6999969482422,21.450000286102295,21.799999237060547,15.930000305175781,141.67999267578125,143.0,122.0,367.59998321533203,112.89999961853027,121.20000457763672
2026-02-03,1288.0,219.39999389648438,992.5,1131.199951171875,253.0,131.3000030517578,133.39999389648438,36.34000015258789,484.79998779296875,394.6000061035156,81.9000015258789,2675.4000396728516,131.00000381469727,174.47999572753906,500.49999237060547,175.0,21.030000686645508,21.799999237060547,16.600000381469727,145.60000610351562,147.60000610351562,121.30000305175781,371.5999984741211,114.39999580383301,120.0
2026-02-04,1276.0,215.8000030517578,959.4999694824219,1097.5999755859375,243.60000610351562,135.8000030517578,133.10000610351562,35.599998474121094,455.0,392.3999938964844,80.19999694824219,2750.800079345703,131.49999618530273,166.39999389648438,508.49998474121094,179.10000610351562,20.429999828338623,21.799999237060547,16.139999389648438,144.8800048828125,140.60000610351562,119.5999984741211,377.40001678466797,114.70000267028809,119.27999496459961
2026-02-05,1276.800048828125,217.60000610351562,963.0000305175781,1127.199951171875,242.8000030517578,138.39999389648438,134.60000610351562,36.560001373291016,452.6000061035156,437.20001220703125,80.19999694824219,2724.800079345703,136.30000114440918,171.52000427246094,492.59998321533203,183.39999389648438,21.179999828338623,21.799999237060547,16.190000534057617,153.83999633789062,138.89999389648438,119.5,385.0,115.39999961853027,123.83999633789062
2026-02-06,1240.0,213.8000030517578,941.5000152587891,1102.4000244140625,239.39999389648438,143.39999389648438,134.10000610351562,39.099998474121094,446.0,430.6000061035156,79.25,2667.5999603271484,135.50000190734863,167.9199981689453,485.99998474121094,185.0,20.669999599456787,21.799999237060547,16.219999313354492,147.0399932861328,136.10000610351562,118.0,401.5999984741211,116.89999580383301,120.72000503540039
2026-02-09,1263.199951171875,215.8000030517578,956.5000152587891,1137.5999755859375,240.39999389648438,143.89999389648438,138.0,38.900001525878906,456.0,444.0,80.5,2758.5999603271484,140.6999969482422,165.44000244140625,487.99999237060547,187.0,21.450000286102295,21.799999237060547,16.360000610351562,150.0800018310547,138.0,127.0,409.1999816894531,118.4000015258789,119.27999496459961
2026-02-10,1284.0,220.0,965.0,1147.199951171875,240.39999389648438,145.60000610351562,138.10000610351562,39.08000183105469,448.6000061035156,450.0,80.69999694824219,2761.199920654297,145.20000457763672,171.0399932861328,466.5999984741211,190.5,21.270000457763672,21.799999237060547,16.790000915527344,152.16000366210938,141.6999969482422,129.39999389648438,415.0,117.70000457763672,120.24000549316406
2026-02-11,1280.800048828125,219.60000610351562,975.0,1154.4000244140625,252.8000030517578,149.60000610351562,140.6999969482422,39.70000076293945,446.20001220703125,445.6000061035156,80.94999694824219,2758.5999603271484,149.79999542236328,163.1999969482422,481.5999984741211,193.8000030517578,21.270000457763672,21.799999237060547,16.950000762939453,154.9600067138672,144.5,129.6999969482422,408.80001068115234,117.79999732971191,120.47999954223633
2026-02-12,1268.800048828125,216.8000030517578,935.0,1120.800048828125,246.0,147.89999389648438,140.10000610351562,39.459999084472656,428.79998779296875,434.3999938964844,79.69999694824219,2724.800079345703,145.20000457763672,164.8800048828125,481.8000030517578,193.8000030517578,21.510000228881836,21.799999237060547,16.610000610351562,153.44000244140625,143.3000030517578,125.0999984741211,414.1999816894531,115.9000015258789,121.20000457763672
2026-02-13,1243.199951171875,212.8000030517578,928.4999847412109,1086.4000244140625,240.60000610351562,144.60000610351562,138.6999969482422,39.459999084472656,419.79998779296875,437.0,78.25,2711.800079345703,155.9000015258789,165.75999450683594,466.3999938964844,191.89999389648438,21.15000057220459,21.799999237060547,16.489999771118164,152.0,134.0,122.4000015258789,417.20001220703125,116.30000114440918,125.04000091552734
2026-02-20,1176.800048828125,207.60000610351562,896.5000152587891,1032.0,229.60000610351562,140.1999969482422,135.6999969482422,38.939998626708984,415.79998779296875,420.3999938964844,77.4000015258789,2787.199920654297,153.69999885559082,165.83999633789062,467.59998321533203,194.10000610351562,21.0,21.799999237060547,16.799999237060547,151.67999267578125,132.0,116.5999984741211,415.40000915527344,117.29999542236328,117.12000274658203
2026-02-23,1217.5999755859375,215.0,911.9999694824219,1065.5999755859375,234.8000030517578,145.6999969482422,139.0,41.099998474121094,423.0,424.0,80.5999984741211,2815.800079345703,153.100004196167,166.24000549316406,478.6000061035156,195.10000610351562,22.049999713897705,21.799999237060547,17.280000686645508,155.83999633789062,136.1999969482422,117.5,422.00000762939453,118.90000343322754,121.20000457763672
2026-02-24,1184.0,212.60000610351562,896.9999694824219,1037.5999755859375,230.8000030517578,143.5,141.3000030517578,41.7400016784668,406.79998779296875,434.79998779296875,79.05000305175781,2834.0,150.0,165.52000427246094,469.39998626708984,191.89999389648438,20.700000286102295,21.799999237060547,17.68000030517578,151.36000061035156,126.0,113.5,425.8000183105469,116.09999656677246,121.91999816894531
2026-02-25,1186.4000244140625,213.60000610351562,891.5000152587891,1031.199951171875,228.8000030517578,143.6999969482422,142.1999969482422,40.63999938964844,413.79998779296875,436.3999938964844,79.9000015258789,2782.0,149.399995803833,165.1199951171875,459.7999954223633,191.1999969482422,20.94000005722046,21.799999237060547,18.649999618530273,153.0399932861328,126.4000015258789,116.5,427.59998321533203,116.49999618530273,120.0
2026-02-26,1144.0,208.0,875.0,987.2000122070312,218.1999969482422,137.3000030517578,135.0,40.599998474121094,400.3999938964844,431.20001220703125,77.94999694824219,2527.199920654297,144.79999542236328,163.1199951171875,436.3999938964844,185.6999969482422,22.469999313354492,21.799999237060547,19.3700008392334,144.47999572753906,126.0,113.0,430.60001373291016,112.79999732971191,119.27999496459961
2026-02-27,1143.199951171875,208.8000030517578,895.9999847412109,989.5999755859375,221.1999969482422,137.5,136.6999969482422,39.599998474121094,411.3999938964844,433.20001220703125,79.25,2499.9000396728516,150.600004196167,153.44000244140625,437.40001678466797,191.5,21.239999771118164,21.799999237060547,19.0,144.16000366210938,128.0,117.5999984741211,437.00000762939453,113.50000381469727,123.12000274658203
2026-03-02,1091.199951171875,202.60000610351562,886.5000152587891,948.0,213.60000610351562,136.0,134.5,38.619998931884766,403.79998779296875,422.0,77.30000305175781,2405.0,143.1999969482422,148.9600067138672,425.99998474121094,187.5,19.739999771118164,21.799999237060547,18.610000610351562,139.1999969482422,123.69999694824219,113.69999694824219,427.79998779296875,109.49999809265137,119.04000091552734
2026-03-03,1078.4000244140625,200.8000030517578,899.0000152587891,938.4000244140625,212.1999969482422,133.10000610351562,126.9000015258789,36.720001220703125,391.0,408.79998779296875,76.30000305175781,2319.199920654297,136.899995803833,148.47999572753906,411.19998931884766,182.60000610351562,19.320000171661377,21.799999237060547,19.0,133.60000610351562,124.69999694824219,116.5999984741211,420.40000915527344,105.9000015258789,116.39999771118164
2026-03-04,1039.199951171875,196.0,908.4999847412109,920.0,208.1999969482422,131.6999969482422,124.30000305175781,36.15999984741211,397.0,409.79998779296875,75.55000305175781,2275.0,142.39999771118164,144.8000030517578,418.1999969482422,180.10000610351562,19.140000343322754,21.799999237060547,18.979999542236328,133.1199951171875,123.5,114.80000305175781,410.0,104.20000076293945,111.3599967956543
2026-03-05,1010.4000244140625,193.89999389648438,899.0000152587891,927.2000122070312,210.60000610351562,131.1999969482422,127.30000305175781,37.220001220703125,390.0,407.3999938964844,75.44999694824219,2308.800079345703,148.00000190734863,141.1199951171875,415.40000915527344,179.0,18.989999771118164,21.799999237060547,18.799999237060547,132.47999572753906,122.80000305175781,116.5999984741211,409.39998626708984,105.29999732971191,108.95999908447266
2026-03-06,1045.5999755859375,213.1999969482422,945.9999847412109,956.0,201.1999969482422,134.89999389648438,132.6999969482422,37.81999969482422,418.0,421.6000061035156,77.19999694824219,2369.9000396728516,154.79999542236328,142.32000732421875,422.59998321533203,181.1999969482422,19.229999542236328,21.799999237060547,19.479999542236328,136.24000549316406,124.0999984741211,116.5999984741211,410.2000045776367,110.9000015258789,121.43999862670898
2026-03-09,1029.5999755859375,211.0,919.4999694824219,939.2000122070312,197.60000610351562,137.8000030517578,140.1999969482422,38.2599983215332,414.6000061035156,409.3999938964844,76.5,2325.699920654297,148.29999923706055,145.1999969482422,414.7999954223633,179.60000610351562,18.59999942779541,21.799999237060547,18.93000030517578,133.0399932861328,119.4000015258789,114.69999694824219,397.99999237060547,110.60000419616699,103.20000457763672
2026-03-10,1068.0,217.0,940.0,966.4000244140625,205.60000610351562,138.10000610351562,144.60000610351562,38.13999938964844,420.6000061035156,415.3999938964844,78.4000015258789,2385.5,150.600004196167,151.0399932861328,417.59998321533203,182.89999389648438,18.929999828338623,21.799999237060547,19.229999542236328,132.0,121.5999984741211,115.69999694824219,415.0,109.89999771118164,118.31999588012695
2026-03-11,1065.5999755859375,217.1999969482422,921.9999694824219,974.4000244140625,205.39999389648438,139.6999969482422,150.3000030517578,43.5,415.79998779296875,417.20001220703125,78.25,2324.4000396728516,150.6999969482422,153.27999877929688,421.5999984741211,185.10000610351562,19.770000457763672,21.799999237060547,19.540000915527344,133.27999877929688,118.30000305175781,115.19999694824219,413.1999969482422,113.99999618530273,108.0
2026-03-12,1052.800048828125,219.0,916.5000152587891,963.2000122070312,199.6999969482422,140.3000030517578,156.89999389648438,44.900001525878906,407.20001220703125,409.6000061035156,78.0,2290.5999603271484,146.40000343322754,150.39999389648438,421.8000030517578,184.3000030517578,19.59000062942505,21.799999237060547,19.399999618530273,133.44000244140625,112.4000015258789,112.4000015258789,409.39998626708984,112.60000228881836,105.60000228881836
2026-03-13,1060.0,219.1999969482422,911.9999694824219,977.5999755859375,197.1999969482422,135.8000030517578,158.0,44.79999923706055,401.6000061035156,409.3999938964844,76.8499984741211,2219.0999603271484,143.00000190734863,147.1999969482422,411.19998931884766,188.5,19.770000457763672,21.799999237060547,19.31999969482422,131.60000610351562,110.0,110.19999694824219,400.8000183105469,110.39999961853027,107.04000091552734
2026-03-16,1072.0,223.0,934.4999694824219,983.2000122070312,202.8000030517578,139.8000030517578,156.5,47.040000915527344,411.3999938964844,418.6000061035156,77.44999694824219,2272.4000396728516,146.00000381469727,146.24000549316406,422.79998779296875,186.60000610351562,19.65000057220459,21.799999237060547,19.709999084472656,132.32000732421875,112.80000305175781,110.5,403.80001068115234,112.20000267028809,114.24000549316406
2026-03-17,1076.800048828125,224.1999969482422,934.0000152587891,953.5999755859375,204.8000030517578,142.60000610351562,156.39999389648438,47.31999969482422,411.20001220703125,427.0,76.5,2254.199920654297,145.2999973297119,144.32000732421875,425.40000915527344,182.8000030517578,19.049999713897705,21.799999237060547,19.079999923706055,137.27999877929688,113.30000305175781,115.0,407.99999237060547,112.20000267028809,114.95999908447266
2026-03-18,1101.5999755859375,225.60000610351562,939.0000152587891,974.4000244140625,209.39999389648438,133.6999969482422,151.3000030517578,47.619998931884766,415.6000061035156,426.79998779296875,77.0,2273.699920654297,149.0999984741211,146.0800018310547,447.40001678466797,196.39999389648438,19.28999948501587,21.799999237060547,19.0,137.1999969482422,113.19999694824219,118.19999694824219,422.00000762939453,112.10000038146973,116.16000366210938
2026-03-19,1056.0,221.39999389648438,916.5000152587891,942.4000244140625,197.5,132.0,150.89999389648438,47.13999938964844,403.3999938964844,420.3999938964844,67.44999694824219,2202.199920654297,143.50000381469727,143.1199951171875,453.4000015258789,195.8000030517578,18.0,21.799999237060547,17.6200008392334,133.60000610351562,106.5,105.69999694824219,404.59999084472656,109.89999771118164,115.20000457763672
2026-03-20,989.5999755859375,217.1999969482422,911.9999694824219,924.7999877929688,195.3000030517578,133.60000610351562,143.1999969482422,46.52000045776367,405.6000061035156,419.6000061035156,68.8499984741211,2197.0,142.2000026702881,143.1999969482422,446.19998931884766,193.8000030517578,17.010000228881836,21.799999237060547,17.489999771118164,131.83999633789062,104.9000015258789,104.0,405.99998474121094,109.89999771118164,104.16000366210938
2026-03-23,957.5999755859375,210.1999969482422,879.0000152587891,878.4000244140625,183.5,129.60000610351562,143.1999969482422,44.099998474121094,390.3999938964844,403.6000061035156,67.19999694824219,2104.699920654297,136.49999618530273,138.0,428.80001068115234,190.0,16.979999542236328,21.799999237060547,18.290000915527344,126.55999755859375,103.9000015258789,104.0,388.1999969482422,108.50000381469727,93.12000274658203
2026-03-24,985.5999755859375,214.39999389648438,885.5000305175781,900.7999877929688,187.3000030517578,135.1999969482422,147.8000030517578,45.84000015258789,397.20001220703125,411.79998779296875,68.55000305175781,2165.800079345703,136.899995803833,139.1999969482422,439.00001525878906,197.3000030517578,17.070000171661377,21.799999237060547,19.68000030517578,130.8000030517578,104.5999984741211,106.0,397.99999237060547,109.0999984741211,90.23999977111816
2026-03-25,1031.199951171875,224.8000030517578,881.5000152587891,896.0,186.1999969482422,140.89999389648438,144.39999389648438,46.720001220703125,400.20001220703125,407.0,68.69999694824219,2174.9000396728516,138.29999923706055,133.1199951171875,439.1999816894531,194.89999389648438,17.070000171661377,21.799999237060547,19.149999618530273,128.9600067138672,107.0999984741211,105.5,399.59999084472656,110.0,90.0
2026-03-26,984.0,227.1999969482422,859.0000152587891,875.2000122070312,182.3000030517578,138.0,140.6999969482422,45.779998779296875,390.0,388.3999938964844,66.9000015258789,2133.300079345703,135.10000228881836,134.9600067138672,432.99999237060547,187.89999389648438,19.919999599456787,21.799999237060547,18.780000686645508,125.19999694824219,103.9000015258789,103.5999984741211,384.1999816894531,107.60000228881836,86.6399974822998
2026-03-27,980.7999877929688,227.39999389648438,865.5000305175781,867.2000122070312,179.39999389648438,140.10000610351562,140.0,44.70000076293945,391.0,396.6000061035156,67.5999984741211,2262.0,141.19999885559082,135.52000427246094,437.20001220703125,190.8000030517578,19.320000171661377,21.799999237060547,18.790000915527344,127.12000274658203,107.4000015258789,101.69999694824219,395.99998474121094,109.39999580383301,82.32000160217285
2026-03-30,964.0,226.0,861.9999694824219,844.7999877929688,173.10000610351562,137.60000610351562,133.6999969482422,43.58000183105469,384.3999938964844,387.3999938964844,67.0999984741211,2224.300079345703,140.10000228881836,132.16000366210938,429.39998626708984,191.6999969482422,17.489999771118164,21.799999237060547,18.1299991607666,122.95999908447266,102.9000015258789,101.80000305175781,383.6000061035156,114.79999542236328,80.15999794006348
2026-03-31,952.0,226.39999389648438,852.5,845.5999755859375,170.6999969482422,135.39999389648438,130.89999389648438,43.86000061035156,380.79998779296875,385.3999938964844,67.1500015258789,2230.800079345703,136.99999809265137,135.75999450683594,435.99998474121094,188.5,17.969999313354492,21.799999237060547,17.670000076293945,123.04000091552734,104.0,99.5199966430664,390.99998474121094,113.4000015258789,100.79999542236328
2026-04-01,981.5999755859375,225.8000030517578,880.5000305175781,876.7999877929688,182.60000610351562,142.39999389648438,136.5,48.380001068115234,394.0,383.0,68.5,2405.0,151.49999618530273,137.0399932861328,450.40000915527344,193.6999969482422,18.630000114440918,21.799999237060547,18.09000015258789,130.0,106.4000015258789,103.4000015258789,398.4000015258789,119.39999580383301,100.79999542236328
2026-04-02,948.0,223.8000030517578,874.0000152587891,870.4000244140625,178.5,143.60000610351562,135.5,48.70000076293945,390.6000061035156,385.79998779296875,68.05000305175781,2437.5,157.7999973297119,136.72000122070312,447.99999237060547,190.0,18.630000114440918,21.799999237060547,17.5,128.16000366210938,103.80000305175781,102.19999694824219,407.00000762939453,117.79999732971191,100.79999542236328
2026-04-08,1012.0,223.8000030517578,893.0000305175781,892.7999877929688,188.89999389648438,146.60000610351562,141.5,50.75,409.0,391.0,70.5,2437.5,165.79999923706055,140.32000732421875,460.0,191.8000030517578,19.950000286102295,21.799999237060547,18.700000762939453,132.47999572753906,109.19999694824219,106.0999984741211,418.6000061035156,116.30000114440918,98.16000366210938
2026-04-09,983.2000122070312,223.39999389648438,885.0,876.7999877929688,186.5,143.8000030517578,133.89999389648438,51.849998474121094,401.79998779296875,392.6000061035156,69.1500015258789,2442.699920654297,164.20000076293945,142.0,459.59999084472656,189.89999389648438,19.979999542236328,21.799999237060547,17.540000915527344,129.1199951171875,104.4000015258789,105.80000305175781,420.40000915527344,118.00000190734863,98.87999725341797
2026-04-10,1004.0,222.8000030517578,891.9999694824219,868.7999877929688,184.10000610351562,148.39999389648438,134.0,48.7599983215332,401.0,392.79998779296875,69.94999694824219,2458.300079345703,162.5,142.8000030517578,454.59999084472656,193.60000610351562,20.78999948501587,21.799999237060547,18.5,125.76000213623047,103.5999984741211,108.9000015258789,420.40000915527344,117.60000228881836,97.43999862670898
2026-04-13,985.5999755859375,224.60000610351562,878.4999847412109,859.2000122070312,186.60000610351562,147.39999389648438,135.1999969482422,52.400001525878906,397.20001220703125,387.3999938964844,69.05000305175781,2432.300079345703,163.50000381469727,142.0,442.99999237060547,194.5,19.55999994277954,21.799999237060547,18.799999237060547,121.44000244140625,100.9000015258789,107.19999694824219,408.6000061035156,117.79999732971191,96.47999954223633
2026-04-14,996.0,230.8000030517578,876.5000152587891,888.7999877929688,189.5,146.0,133.60000610351562,52.0,397.6000061035156,386.0,69.9000015258789,2403.699920654297,169.20000076293945,143.67999267578125,447.79998779296875,193.60000610351562,19.950000286102295,21.799999237060547,18.299999237060547,122.23999786376953,103.0,108.5999984741211,410.0,118.19999694824219,97.43999862670898
2026-04-15,1028.800048828125,241.39999389648438,888.4999847412109,916.0,193.6999969482422,141.8000030517578,135.3000030517578,51.54999923706055,410.3999938964844,384.3999938964844,70.9000015258789,2476.5,174.3000030517578,142.63999938964844,421.19998931884766,199.39999389648438,20.219999313354492,21.799999237060547,18.260000228881836,124.0,104.80000305175781,110.69999694824219,406.19998931884766,121.49999618530273,96.0
2026-04-16,1086.4000244140625,247.60000610351562,933.0000305175781,986.4000244140625,199.1999969482422,143.1999969482422,140.0,52.70000076293945,430.20001220703125,391.79998779296875,68.1500015258789,2554.5,181.5999984741211,143.67999267578125,449.59999084472656,198.60000610351562,21.179999828338623,21.799999237060547,18.889999389648438,124.4800033569336,111.30000305175781,112.0,424.1999816894531,122.5,87.60000228881836
2026-04-17,1091.199951171875,245.1999969482422,911.5000152587891,975.2000122070312,195.0,142.89999389648438,139.39999389648438,54.5,427.6000061035156,374.6000061035156,68.30000305175781,2511.5999603271484,182.70000457763672,144.32000732421875,463.1999969482422,194.6999969482422,23.669999599456787,21.799999237060547,18.690000534057617,120.72000122070312,110.0999984741211,110.4000015258789,431.3999938964844,123.59999656677246,87.3600025177002
2026-04-20,1096.0,244.8000030517578,919.0000152587891,982.4000244140625,195.39999389648438,146.60000610351562,138.8000030517578,53.25,423.20001220703125,381.6000061035156,68.1500015258789,2483.0,192.39999771118164,145.44000244140625,460.0,197.3000030517578,23.640000343322754,21.799999237060547,18.809999465942383,122.4800033569336,109.4000015258789,112.0,434.00001525878906,119.60000038146973,83.52000045776367
2026-04-21,1090.4000244140625,246.0,914.4999694824219,996.7999877929688,189.5,146.39999389648438,136.60000610351562,52.650001525878906,427.0,387.79998779296875,68.19999694824219,2463.5,193.29999923706055,146.39999389648438,452.20001220703125,204.0,23.969999313354492,21.799999237060547,19.09000015258789,122.72000122070312,109.80000305175781,105.0999984741211,439.1999816894531,118.00000190734863,84.0
2026-04-22,1052.0,240.39999389648438,888.0000305175781,968.7999877929688,178.60000610351562,146.89999389648438,132.6999969482422,51.349998474121094,422.79998779296875,382.3999938964844,67.69999694824219,2428.4000396728516,188.29999923706055,146.39999389648438,435.8000183105469,200.8000030517578,23.700000286102295,21.799999237060547,18.700000762939453,119.04000091552734,107.80000305175781,104.69999694824219,422.00000762939453,113.69999885559082,90.95999908447266
2026-04-23,1043.199951171875,237.39999389648438,861.9999694824219,964.0,177.60000610351562,146.3000030517578,124.19999694824219,50.900001525878906,415.79998779296875,376.3999938964844,66.3499984741211,2388.0999603271484,172.19999313354492,145.52000427246094,419.59999084472656,200.60000610351562,22.679999828338623,21.799999237060547,18.309999465942383,116.0,105.0,104.0,404.59999084472656,109.60000038146973,90.71999931335449
2026-04-24,1054.4000244140625,237.0,854.4999694824219,971.2000122070312,174.39999389648438,139.8000030517578,128.39999389648438,49.18000030517578,414.79998779296875,382.20001220703125,65.69999694824219,2355.5999603271484,176.10000610351562,142.32000732421875,416.8000030517578,202.8000030517578,21.65999937057495,21.799999237060547,17.950000762939453,118.63999938964844,104.0999984741211,101.5999984741211,410.60001373291016,109.39999580383301,90.23999977111816
2026-04-27,1041.5999755859375,234.0,866.5000152587891,1005.5999755859375,171.1999969482422,139.39999389648438,128.39999389648438,50.150001525878906,409.6000061035156,381.0,65.6500015258789,2345.199920654297,174.40000534057617,145.0399932861328,409.00001525878906,203.39999389648438,21.450000286102295,21.799999237060547,18.190000534057617,118.08000183105469,104.4000015258789,102.69999694824219,400.2000045776367,106.40000343322754,94.08000183105469
2026-04-28,1012.0,230.60000610351562,864.0000152587891,986.4000244140625,166.39999389648438,134.0,123.19999694824219,48.279998779296875,412.79998779296875,370.6000061035156,65.05000305175781,2325.699920654297,172.80000686645508,145.0399932861328,413.80001068115234,202.1999969482422,21.96000051498413,21.799999237060547,17.799999237060547,114.72000122070312,104.4000015258789,102.0999984741211,387.20001220703125,106.00000381469727,96.24000549316406
2026-04-29,1044.800048828125,235.0,875.0,959.2000122070312,172.1999969482422,138.5,125.0,52.5,417.20001220703125,379.20001220703125,65.3499984741211,2329.5999603271484,171.00000381469727,144.9600067138672,423.6000061035156,202.0,21.59999942779541,21.799999237060547,17.5,116.0,105.69999694824219,102.5999984741211,400.8000183105469,106.49999618530273,96.47999954223633
2026-04-30,1008.0,232.60000610351562,895.0,949.5999755859375,168.1999969482422,135.10000610351562,122.0,49.20000076293945,417.79998779296875,381.0,63.54999923706055,2256.800079345703,164.69999313354492,143.44000244140625,420.2000045776367,195.5,21.84000062942505,21.799999237060547,17.5,113.27999877929688,104.5,100.0,400.0,105.69999694824219,99.12000274658203
2026-05-04,1053.5999755859375,233.60000610351562,909.4999694824219,982.4000244140625,170.8000030517578,140.3000030517578,125.0999984741211,48.040000915527344,417.0,383.20001220703125,65.4000015258789,2297.0999603271484,166.00000381469727,145.60000610351562,419.1999816894531,197.89999389648438,21.90000057220459,21.799999237060547,17.799999237060547,115.68000030517578,105.5,104.5,392.00000762939453,105.20000457763672,93.60000228881836
2026-05-05,1049.5999755859375,232.39999389648438,905.9999847412109,1003.2000122070312,169.1999969482422,139.3000030517578,125.5,47.720001220703125,410.6000061035156,379.6000061035156,66.0999984741211,2298.4000396728516,164.59999084472656,144.39999389648438,420.0,196.6999969482422,21.719999313354492,21.799999237060547,18.389999389648438,115.19999694824219,106.69999694824219,103.80000305175781,380.2000045776367,103.90000343322754,91.43999862670898
2026-05-06,1073.5999755859375,232.8000030517578,907.5,1052.800048828125,169.6999969482422,135.6999969482422,120.5,46.040000915527344,407.79998779296875,378.79998779296875,65.80000305175781,2366.0,161.8000030517578,143.52000427246094,434.39998626708984,199.39999389648438,21.53999948501587,21.799999237060547,18.489999771118164,112.80000305175781,107.80000305175781,105.0,384.39998626708984,103.90000343322754,91.43999862670898
2026-05-07,1127.199951171875,238.0,928.0000305175781,1098.4000244140625,176.39999389648438,139.89999389648438,124.5,47.2400016784668,420.3999938964844,381.0,66.75,2455.699920654297,162.00000762939453,152.0,435.60001373291016,200.8000030517578,21.630000114440918,21.799999237060547,18.40999984741211,114.95999908447266,111.30000305175781,107.4000015258789,383.6000061035156,106.30000114440918,93.3600025177002
2026-05-08,1112.0,237.0,917.5,1161.5999755859375,177.8000030517578,140.10000610351562,122.5999984741211,46.7400016784668,417.0,372.0,67.25,2477.800079345703,150.9000015258789,150.8800048828125,434.1999816894531,195.0,21.239999771118164,21.799999237060547,18.170000076293945,115.68000030517578,111.30000305175781,105.5999984741211,380.60001373291016,105.0,94.08000183105469
2026-05-11,1071.199951171875,237.0,913.0000305175781,1127.199951171875,172.60000610351562,147.6999969482422,125.0,46.84000015258789,400.20001220703125,369.79998779296875,66.75,2476.5,151.30000114440918,149.0399932861328,412.59998321533203,196.39999389648438,21.030000686645508,21.799999237060547,18.530000686645508,114.23999786376953,111.4000015258789,104.80000305175781,371.3999938964844,101.5999984741211,96.24000549316406
2026-05-12,1066.4000244140625,236.8000030517578,929.4999694824219,1117.5999755859375,170.5,146.8000030517578,125.19999694824219,47.47999954223633,402.3999938964844,369.6000061035156,66.1500015258789,2468.699920654297,154.399995803833,148.55999755859375,410.0,195.6999969482422,21.239999771118164,21.799999237060547,18.5,110.80000305175781,112.30000305175781,104.4000015258789,370.40000915527344,100.50000190734863,96.24000549316406
2026-05-13,1062.4000244140625,256.3999938964844,930.5000305175781,1100.0,169.10000610351562,147.3000030517578,124.80000305175781,48.31999969482422,405.20001220703125,373.0,65.6500015258789,2442.699920654297,150.79999923706055,147.60000610351562,409.1999816894531,192.6999969482422,20.640000343322754,21.799999237060547,17.799999237060547,111.19999694824219,111.5,103.30000305175781,375.0,99.20000076293945,97.68000411987305
2026-05-14,1103.199951171875,260.20001220703125,918.4999847412109,1127.199951171875,167.0,153.6999969482422,124.5,49.959999084472656,397.6000061035156,363.0,66.69999694824219,2401.0999603271484,153.50000381469727,147.67999267578125,406.8000030517578,187.5,21.0,21.799999237060547,17.200000762939453,115.27999877929688,113.19999694824219,107.5,362.20001220703125,99.6500015258789,99.83999633789062
2026-05-15,1058.4000244140625,255.8000030517578,895.0,1086.4000244140625,153.5,151.1999969482422,122.5999984741211,49.279998779296875,389.20001220703125,358.3999938964844,64.44999694824219,2330.9000396728516,160.9000015258789,137.60000610351562,393.4000015258789,184.39999389648438,20.78999948501587,21.799999237060547,17.469999313354492,112.0,111.4000015258789,102.5,354.7999954223633,99.44999694824219,99.12000274658203
2026-05-18,1053.5999755859375,253.0,875.5000305175781,1077.5999755859375,150.60000610351562,129.8000030517578,121.30000305175781,47.540000915527344,384.20001220703125,352.6000061035156,63.400001525878906,2276.300079345703,151.5999984741211,132.0800018310547,400.0,182.89999389648438,19.020000457763672,21.799999237060547,16.68000030517578,111.68000030517578,109.69999694824219,100.0999984741211,358.1999969482422,95.64999580383301,95.04000091552734
2026-05-19,1066.4000244140625,251.8000030517578,890.9999847412109,1093.5999755859375,156.10000610351562,124.19999694824219,117.0,45.279998779296875,388.6000061035156,357.20001220703125,64.94999694824219,2272.4000396728516,145.600004196167,132.8800048828125,402.59998321533203,180.0,19.5,21.799999237060547,16.799999237060547,110.95999908447266,111.0,99.83999633789062,362.79998779296875,95.0,105.83999633789062
2026-05-20,1055.199951171875,255.60000610351562,901.9999694824219,1073.5999755859375,148.6999969482422,123.19999694824219,115.9000015258789,44.060001373291016,380.3999938964844,354.6000061035156,64.30000305175781,2353.0,143.50000381469727,130.24000549316406,402.79998779296875,174.10000610351562,20.19000005722046,21.799999237060547,16.170000076293945,108.08000183105469,107.0,99.83999633789062,359.39998626708984,94.0999984741211,106.79999542236328
2026-05-21,1008.0,247.0,858.4999847412109,1012.0,137.60000610351562,124.5,121.19999694824219,42.959999084472656,374.79998779296875,351.6000061035156,62.95000076293945,2380.300079345703,143.4000015258789,130.55999755859375,380.0,178.0,20.19000005722046,21.799999237060547,15.510000228881836,106.16000366210938,104.0999984741211,97.5199966430664,356.3999938964844,94.35000419616699,108.72000503540039
2026-05-22,1016.0,243.39999389648438,907.5,1025.5999755859375,138.10000610351562,123.5999984741211,125.19999694824219,42.779998779296875,367.3999938964844,349.6000061035156,63.0,2398.5,146.899995803833,129.9199981689453,379.59999084472656,178.60000610351562,20.19000005722046,21.799999237060547,16.829999923706055,106.55999755859375,105.9000015258789,97.12000274658203,358.80001068115234,95.85000038146973,110.87999725341797
2026-05-26,1020.7999877929688,237.1999969482422,946.5000152587891,1024.0,136.8000030517578,124.30000305175781,130.39999389648438,42.36000061035156,365.79998779296875,343.0,62.70000076293945,2415.4000396728516,142.7999973297119,128.32000732421875,375.99998474121094,178.1999969482422,19.200000286102295,21.799999237060547,16.610000610351562,103.83999633789062,108.5,93.55999755859375,346.3999938964844,93.80000114440918,104.6400032043457
2026-05-27,994.4000244140625,232.60000610351562,976.9999694824219,1025.5999755859375,135.3000030517578,120.4000015258789,125.69999694824219,41.720001220703125,369.6000061035156,336.0,62.349998474121094,2347.800079345703,143.1999969482422,128.63999938964844,367.00000762939453,175.6999969482422,19.65000057220459,21.799999237060547,16.520000457763672,97.44000244140625,102.5999984741211,98.55999755859375,336.19998931884766,93.50000381469727,104.39999771118164
2026-05-28,974.4000244140625,228.39999389648438,963.4999847412109,1004.7999877929688,132.5,120.9000015258789,132.6999969482422,44.34000015258789,364.20001220703125,338.20001220703125,61.150001525878906,2276.300079345703,136.19999885559082,126.16000366210938,368.6000061035156,174.10000610351562,19.619999885559082,21.799999237060547,16.420000076293945,96.63999938964844,103.69999694824219,118.30000305175781,344.39998626708984,88.95000457763672,101.75999450683594
2026-05-29,967.2000122070312,227.0,970.5000305175781,1040.0,136.3000030517578,115.69999694824219,127.69999694824219,42.5,368.79998779296875,343.0,59.400001525878906,2298.4000396728516,139.0999984741211,133.83999633789062,364.39998626708984,173.6999969482422,20.070000171661377,21.799999237060547,16.770000457763672,103.44000244140625,104.5999984741211,118.69999694824219,350.8000183105469,91.5999984741211,103.20000457763672
2026-06-01,982.4000244140625,224.8000030517578,975.9999847412109,1032.800048828125,143.10000610351562,117.0999984741211,135.60000610351562,45.34000015258789,377.6000061035156,339.20001220703125,61.349998474121094,2229.5,135.6999969482422,135.83999633789062,369.39998626708984,173.8000030517578,20.070000171661377,21.799999237060547,17.200000762939453,104.55999755859375,107.0,124.30000305175781,355.40000915527344,93.29999923706055,96.0
2026-06-02,1047.199951171875,240.1999969482422,988.0000305175781,1077.5999755859375,149.89999389648438,123.80000305175781,144.0,49.119998931884766,389.20001220703125,344.0,63.5,2194.4000396728516,136.00000381469727,140.16000366210938,384.39998626708984,177.5,20.90999937057495,21.799999237060547,17.09000015258789,106.4800033569336,110.80000305175781,138.1999969482422,355.2000045776367,93.05000305175781,98.87999725341797
2026-06-03,1012.7999877929688,230.1999969482422,975.0,1063.199951171875,144.10000610351562,118.19999694824219,136.10000610351562,47.459999084472656,377.6000061035156,334.79998779296875,61.79999923706055,2147.5999603271484,131.5999984741211,142.16000366210938,371.19998931884766,176.60000610351562,20.729999542236328,21.799999237060547,16.610000610351562,104.80000305175781,111.30000305175781,128.1999969482422,347.99999237060547,90.9000015258789,98.87999725341797
2026-06-04,988.0,230.0,964.4999694824219,1040.800048828125,142.10000610351562,114.5,132.89999389648438,45.720001220703125,374.6000061035156,334.3999938964844,61.150001525878906,2182.699920654297,132.60000228881836,140.8000030517578,367.79998779296875,175.89999389648438,20.669999599456787,21.799999237060547,16.5,103.76000213623047,108.19999694824219,118.9000015258789,352.20001220703125,89.30000305175781,90.0
2026-06-05,979.2000122070312,231.60000610351562,941.9999694824219,1004.7999877929688,142.8000030517578,113.30000305175781,130.0,44.0,369.3999938964844,332.3999938964844,60.400001525878906,2119.0,126.00000381469727,136.8000030517578,362.99999237060547,175.89999389648438,20.19000005722046,21.799999237060547,17.18000030517578,102.95999908447266,108.5999984741211,117.80000305175781,347.99999237060547,88.19999694824219,90.71999931335449
2026-06-08,950.4000244140625,227.0,938.4999847412109,928.0,143.8000030517578,114.69999694824219,124.0,43.29999923706055,372.0,335.3999938964844,59.95000076293945,2120.300079345703,129.49999809265137,129.27999877929688,367.59998321533203,173.8000030517578,20.969999313354492,21.799999237060547,16.18000030517578,102.0,109.19999694824219,111.5999984741211,348.80001068115234,86.25,84.23999977111816
2026-06-09,936.7999877929688,228.0,936.5000152587891,932.7999877929688,139.60000610351562,111.69999694824219,122.5999984741211,43.65999984741211,368.3999938964844,333.3999938964844,60.0,2076.0999603271484,125.60000419616699,136.8000030517578,355.99998474121094,172.0,22.109999656677246,21.799999237060547,16.559999465942383,104.0,106.5,113.30000305175781,342.79998779296875,84.49999809265137,84.47999954223633
2026-06-10,908.0,224.39999389648438,971.9999694824219,933.5999755859375,142.60000610351562,109.4000015258789,119.0999984741211,40.540000915527344,377.3999938964844,339.20001220703125,60.0,2119.0,132.60000228881836,136.16000366210938,359.39998626708984,175.5,21.719999313354492,21.799999237060547,16.790000915527344,104.0,103.5999984741211,111.4000015258789,342.79998779296875,85.95000267028809,82.80000114440918
2026-06-11,859.2000122070312,217.8000030517578,989.0000152587891,904.7999877929688,141.1999969482422,106.30000305175781,112.4000015258789,41.779998779296875,368.0,341.20001220703125,59.75,2020.1999206542969,133.50000381469727,133.60000610351562,354.7999954223633,175.3000030517578,20.280000686645508,21.799999237060547,17.0,102.31999969482422,102.5999984741211,115.9000015258789,347.40001678466797,85.15000343322754,85.67999839782715
2026-06-12,881.5999755859375,225.1999969482422,998.0000305175781,924.7999877929688,142.89999389648438,114.0,115.4000015258789,42.119998931884766,371.0,344.79998779296875,59.75,2065.699920654297,131.8000030517578,137.83999633789062,366.8000030517578,179.0,20.549999713897705,21.799999237060547,17.170000076293945,104.0,106.9000015258789,117.4000015258789,355.99998474121094,86.80000305175781,90.95999908447266
2026-06-15,874.4000244140625,225.0,1001.9999694824219,917.5999755859375,141.39999389648438,113.69999694824219,111.4000015258789,41.70000076293945,369.0,349.0,60.5,2074.800079345703,137.10000038146973,137.83999633789062,370.2000045776367,178.89999389648438,21.450000286102295,21.799999237060547,16.969999313354492,101.68000030517578,107.69999694824219,121.0,350.60001373291016,85.24999618530273,93.12000274658203
2026-06-16,856.0,223.1999969482422,978.0000305175781,885.5999755859375,136.0,112.0,110.0999984741211,40.7400016784668,365.3999938964844,344.3999938964844,59.0,2069.5999603271484,139.60000038146973,141.9199981689453,359.1999816894531,177.0,21.450000286102295,21.799999237060547,16.209999084472656,98.55999755859375,108.19999694824219,120.69999694824219,346.8000030517578,82.74999618530273,91.43999862670898
2026-06-17,855.2000122070312,222.1999969482422,977.5,897.5999755859375,137.3000030517578,107.80000305175781,106.69999694824219,39.599998474121094,367.3999938964844,336.20001220703125,58.5,2046.1999206542969,135.600004196167,141.75999450683594,362.79998779296875,174.60000610351562,21.450000286102295,21.799999237060547,15.84000015258789,96.4800033569336,101.5,118.0,338.6000061035156,81.14999771118164,96.0
2026-06-18,839.2000122070312,217.8000030517578,952.5,893.5999755859375,135.1999969482422,104.0,103.0,40.81999969482422,359.0,335.3999938964844,57.54999923706055,2128.0999603271484,143.59999656677246,138.47999572753906,354.00001525878906,171.89999389648438,21.53999948501587,21.799999237060547,16.100000381469727,94.4000015258789,105.0999984741211,124.69999694824219,337.00000762939453,82.10000038146973,90.47999954223633
2026-06-22,823.2000122070312,215.0,950.9999847412109,869.5999755859375,132.60000610351562,101.0,103.0999984741211,39.220001220703125,353.0,329.6000061035156,57.25,2095.5999603271484,139.3000030517578,141.83999633789062,351.5999984741211,172.60000610351562,21.299999713897705,21.799999237060547,16.309999465942383,91.27999877929688,104.19999694824219,119.0999984741211,327.79998779296875,79.25000190734863,95.04000091552734
2026-06-23,791.5999755859375,205.60000610351562,929.4999694824219,837.5999755859375,124.5,96.63999938964844,98.72000122070312,38.47999954223633,348.0,322.6000061035156,56.29999923706055,2091.699920654297,138.99999618530273,134.8800048828125,346.5999984741211,170.3000030517578,20.34000062942505,21.799999237060547,16.549999237060547,88.4800033569336,102.5999984741211,115.9000015258789,323.1999969482422,79.6999979019165,97.43999862670898
2026-06-24,795.2000122070312,202.1999969482422,928.0000305175781,856.7999877929688,126.0999984741211,98.87999725341797,98.27999877929688,39.08000183105469,353.6000061035156,321.20001220703125,57.04999923706055,2147.5999603271484,141.899995803833,141.0399932861328,347.79998779296875,171.10000610351562,20.94000005722046,21.799999237060547,16.299999237060547,88.08000183105469,102.5999984741211,118.4000015258789,327.99999237060547,81.00000381469727,95.76000022888184
2026-06-25,760.0,197.5,909.0000152587891,827.2000122070312,128.39999389648438,94.80000305175781,95.80000305175781,38.619998931884766,315.0,319.6000061035156,56.599998474121094,2171.0,144.7000026702881,147.44000244140625,348.80001068115234,169.6999969482422,21.419999599456787,21.799999237060547,16.190000534057617,89.27999877929688,103.0,118.0,317.99999237060547,82.04999923706055,91.91999816894531
2026-06-26,716.0,192.0,937.5,790.0,124.69999694824219,92.55999755859375,91.16000366210938,37.119998931884766,305.20001220703125,316.20001220703125,55.150001525878906,2156.699920654297,139.0999984741211,140.9600067138672,347.00000762939453,170.3000030517578,20.40000057220459,21.799999237060547,14.319999694824219,87.04000091552734,97.83999633789062,115.69999694824219,324.1999816894531,79.14999961853027,90.71999931335449
2026-06-29,744.0,198.0,996.9999694824219,834.4000244140625,131.6999969482422,91.80000305175781,94.80000305175781,38.220001220703125,323.20001220703125,321.0,56.400001525878906,2268.5,142.10000038146973,142.8000030517578,365.0,172.0,21.630000114440918,21.799999237060547,14.140000343322754,91.19999694824219,103.69999694824219,123.19999694824219,335.8000183105469,83.85000228881836,98.87999725341797
2026-06-30,742.7999877929688,198.5,1011.9999694824219,876.7999877929688,131.6999969482422,92.16000366210938,101.30000305175781,38.7400016784668,311.6000061035156,319.6000061035156,56.5,2215.199920654297,144.60000038146973,137.60000610351562,358.80001068115234,171.60000610351562,21.53999948501587,21.799999237060547,16.0,94.31999969482422,102.0,124.19999694824219,333.6000061035156,83.90000343322754,100.31999588012695
2026-07-02,756.0,205.60000610351562,1000.0,880.0,134.5,93.68000030517578,103.5999984741211,37.560001373291016,317.3999938964844,325.79998779296875,57.5,2271.0999603271484,149.89999771118164,136.32000732421875,362.99999237060547,180.10000610351562,21.90000057220459,21.799999237060547,16.139999389648438,93.5199966430664,102.4000015258789,126.80000305175781,332.79998779296875,88.00000190734863,99.83999633789062
2026-07-06,767.5999755859375,211.0,1041.9999694824219,884.0,141.10000610351562,92.5199966430664,105.69999694824219,38.68000030517578,325.3999938964844,335.6000061035156,59.099998474121094,2476.5,150.50000190734863,135.75999450683594,376.5999984741211,183.0,21.90000057220459,21.799999237060547,16.170000076293945,94.4800033569336,104.0,122.5,335.99998474121094,92.10000038146973,99.12000274658203
2026-07-07,766.4000244140625,208.8000030517578,1025.999984741211,884.7999877929688,137.0,93.19999694824219,104.5,39.34000015258789,319.3999938964844,333.20001220703125,59.04999923706055,2395.9000396728516,149.3000030517578,145.52000427246094,377.59998321533203,181.5,21.869999885559082,21.799999237060547,16.729999542236328,92.4800033569336,105.5999984741211,118.5999984741211,327.20001220703125,89.04999732971191,98.6400032043457
2026-07-08,860.0,216.8000030517578,1069.000015258789,940.7999877929688,143.89999389648438,97.04000091552734,104.30000305175781,39.63999938964844,328.79998779296875,341.6000061035156,60.5,2386.800079345703,153.50000381469727,144.47999572753906,385.60001373291016,183.39999389648438,22.049999713897705,21.799999237060547,16.739999771118164,93.44000244140625,110.80000305175781,115.69999694824219,333.4000015258789,89.0999984741211,99.83999633789062
2026-07-09,864.0,215.39999389648438,1063.0000305175781,915.2000122070312,137.89999389648438,93.5199966430664,101.69999694824219,38.040000915527344,322.79998779296875,334.20001220703125,60.150001525878906,2364.699920654297,153.4000015258789,155.0399932861328,381.5999984741211,182.8000030517578,22.020000457763672,21.799999237060547,15.020000457763672,90.87999725341797,110.69999694824219,117.30000305175781,320.99998474121094,87.25000381469727,98.16000366210938
2026-07-10,881.5999755859375,220.39999389648438,1034.000015258789,923.2000122070312,139.1999969482422,94.83999633789062,102.5,38.65999984741211,329.3999938964844,337.20001220703125,60.349998474121094,2385.5,158.00000190734863,159.44000244140625,381.19998931884766,185.39999389648438,21.84000062942505,21.799999237060547,14.1899995803833,92.08000183105469,110.9000015258789,117.0,321.8000030517578,88.54999542236328,94.08000183105469
2026-07-13,885.5999755859375,226.39999389648438,1035.0,914.4000244140625,136.1999969482422,94.4000015258789,101.5999984741211,37.400001525878906,334.3999938964844,348.3999938964844,60.0,2419.300079345703,158.90000343322754,156.16000366210938,384.39998626708984,187.8000030517578,21.59999942779541,21.799999237060547,13.949999809265137,89.68000030517578,107.0999984741211,104.0999984741211,323.6000061035156,88.4000015258789,92.87999725341797
2026-07-14,886.4000244140625,227.60000610351562,1009.0000152587891,848.0,137.8000030517578,97.12000274658203,104.69999694824219,40.63999938964844,335.6000061035156,350.3999938964844,60.150001525878906,2415.4000396728516,154.49999809265137,156.9600067138672,389.00001525878906,190.10000610351562,21.59999942779541,21.799999237060547,14.369999885559082,90.95999908447266,112.80000305175781,101.80000305175781,323.1999969482422,89.0999984741211,92.87999725341797
2026-07-15,907.2000122070312,231.39999389648438,1013.0000305175781,860.0,140.5,97.55999755859375,105.0999984741211,39.58000183105469,335.6000061035156,343.3999938964844,60.900001525878906,2449.199920654297,154.49999809265137,160.55999755859375,392.00000762939453,191.1999969482422,21.59999942779541,21.799999237060547,14.329999923706055,97.91999816894531,112.80000305175781,97.95999908447266,326.5999984741211,91.04999542236328,94.08000183105469
2026-07-16,935.2000122070312,233.60000610351562,1023.0000305175781,882.4000244140625,147.89999389648438,100.80000305175781,113.0999984741211,40.439998626708984,342.20001220703125,347.0,61.599998474121094,2480.4000396728516,162.29999542236328,168.0800018310547,397.40001678466797,193.39999389648438,21.90000057220459,21.799999237060547,14.1899995803833,101.27999877929688,118.0,100.0999984741211,335.2000045776367,92.74999618530273,90.0
2026-07-17,900.7999877929688,232.60000610351562,1014.0000152587891,852.0,139.39999389648438,97.87999725341797,103.30000305175781,37.779998779296875,338.3999938964844,347.79998779296875,60.599998474121094,2412.800079345703,155.0,166.39999389648438,389.39998626708984,189.1999969482422,20.549999713897705,21.799999237060547,14.010000228881836,100.0,113.80000305175781,99.91999816894531,334.00001525878906,87.25000381469727,94.08000183105469
2026-07-20,934.4000244140625,240.0,1055.0,873.5999755859375,144.6999969482422,98.23999786376953,106.19999694824219,39.2599983215332,350.20001220703125,351.0,62.150001525878906,2489.5,160.79999923706055,165.9199981689453,397.40001678466797,190.5,21.75,21.799999237060547,14.010000228881836,101.5999984741211,117.5999984741211,102.0999984741211,332.40001678466797,90.45000076293945,96.47999954223633
2026-07-21,936.0,242.1999969482422,1041.9999694824219,857.5999755859375,145.89999389648438,97.27999877929688,103.80000305175781,38.91999816894531,347.79998779296875,348.3999938964844,62.900001525878906,2509.0,159.20000076293945,166.16000366210938,395.2000045776367,189.8000030517578,20.520000457763672,21.799999237060547,14.0,100.4000015258789,122.4000015258789,103.69999694824219,327.99999237060547,89.35000419616699,90.0
2026-07-22,908.7999877929688,237.1999969482422,965.0,835.2000122070312,138.6999969482422,95.27999877929688,100.5,37.36000061035156,340.20001220703125,335.0,62.099998474121094,2554.5,161.20000839233398,164.9600067138672,382.99999237060547,188.39999389648438,20.280000686645508,21.799999237060547,14.0,98.55999755859375,120.69999694824219,103.9000015258789,318.799991607666,89.14999961853027,86.87999725341797
2026-07-23,919.2000122070312,239.1999969482422,955.0,854.4000244140625,139.39999389648438,97.91999816894531,102.5999984741211,37.720001220703125,345.3999938964844,343.20001220703125,61.599998474121094,2519.4000396728516,160.30000686645508,166.8000030517578,387.79998779296875,190.39999389648438,19.830000400543213,21.799999237060547,14.0,98.31999969482422,120.0,103.4000015258789,322.59998321533203,88.69999885559082,89.76000022888184
2026-07-24,880.0,236.1999969482422,938.4999847412109,834.4000244140625,135.89999389648438,95.95999908447266,98.95999908447266,36.65999984741211,342.6000061035156,336.79998779296875,61.04999923706055,2589.5999603271484,153.80000114440918,166.8000030517578,384.7999954223633,188.5,19.830000400543213,21.799999237060547,14.0,95.83999633789062,118.9000015258789,102.9000015258789,319.4000053405762,87.70000457763672,79.91999816894531
2026-07-27,888.0,238.39999389648438,955.0,834.4000244140625,139.10000610351562,96.16000366210938,97.91999816894531,36.220001220703125,355.6000061035156,346.20001220703125,61.349998474121094,2596.0999603271484,148.69999885559082,164.55999755859375,387.40001678466797,188.89999389648438,20.669999599456787,21.799999237060547,13.75,97.36000061035156,121.69999694824219,103.69999694824219,324.39998626708984,88.29999923706055,76.08000183105469
2026-07-28,896.0,248.1999969482422,998.0000305175781,812.7999877929688,140.5,99.36000061035156,99.12000274658203,36.97999954223633,349.20001220703125,359.20001220703125,61.5,2538.9000396728516,149.49999809265137,160.55999755859375,389.59999084472656,190.1999969482422,21.299999713897705,21.799999237060547,13.550000190734863,97.19999694824219,121.30000305175781,105.69999694824219,330.99998474121094,88.19999694824219,78.0
2026-07-29,908.7999877929688,252.39999389648438,1015.9999847412109,824.0,146.6999969482422,109.19999694824219,103.5,38.29999923706055,367.0,362.0,63.29999923706055,2588.300079345703,143.99999618530273,176.63999938964844,399.1999816894531,189.10000610351562,22.140000343322754,21.799999237060547,15.380000114440918,102.08000183105469,125.5999984741211,106.4000015258789,339.1999816894531,89.79999542236328,78.71999931335449
2026-07-30,894.4000244140625,257.3999938964844,1033.0000305175781,816.7999877929688,148.1999969482422,108.5,101.0,37.5,367.0,365.79998779296875,63.900001525878906,2549.300079345703,141.899995803833,176.32000732421875,474.39998626708984,189.60000610351562,23.09999942779541,21.799999237060547,13.0600004196167,102.87999725341797,128.0,107.19999694824219,339.1999816894531,89.75000381469727,78.71999931335449
2026-07-31,936.0,254.1999969482422,1039.000015258789,847.2000122070312,147.6999969482422,106.80000305175781,101.19999694824219,38.81999969482422,366.3999938964844,372.79998779296875,63.25,2522.0,143.00000190734863,176.63999938964844,452.79998779296875,186.8000030517578,23.280000686645508,21.799999237060547,13.300000190734863,102.55999755859375,126.0,107.80000305175781,332.79998779296875,88.54999542236328,79.19999885559082
2026-08-03,1001.5999755859375,258.6000061035156,1040.0,879.2000122070312,149.8000030517578,103.69999694824219,98.08000183105469,38.439998626708984,363.6000061035156,384.79998779296875,63.849998474121094,2481.699920654297,143.1999969482422,180.8000030517578,474.1999816894531,192.3000030517578,23.09999942779541,21.799999237060547,13.210000038146973,101.83999633789062,128.89999389648438,109.0999984741211,335.2000045776367,90.45000076293945,78.47999954223633
2026-08-04,1006.4000244140625,258.20001220703125,1028.0000305175781,881.5999755859375,149.6999969482422,100.9000015258789,94.0,37.959999084472656,364.79998779296875,380.79998779296875,63.75,2516.800079345703,144.79999542236328,180.39999389648438,460.2000045776367,191.60000610351562,22.72499942779541,21.799999237060547,13.6899995803833,98.4000015258789,130.0,108.19999694824219,330.40000915527344,91.35000228881836,76.67999839782715
2026-08-05,1024.800048828125,260.0,1013.0000305175781,896.0,150.10000610351562,101.30000305175781,94.4800033569336,38.119998931884766,366.6000061035156,379.0,63.349998474121094,2583.0999603271484,144.20000076293945,180.39999389648438,449.1999816894531,190.8000030517578,23.90999937057495,21.799999237060547,13.819999694824219,98.4000015258789,130.1999969482422,107.19999694824219,328.1999969482422,91.80000305175781,76.08000183105469
2026-08-06,995.2000122070312,254.60000610351562,1015.0,856.7999877929688,147.3000030517578,98.23999786376953,92.08000183105469,36.720001220703125,360.20001220703125,377.3999938964844,61.599998474121094,2593.5,145.2999973297119,178.39999389648438,445.8000183105469,189.39999389648438,23.68499994277954,21.799999237060547,13.399999618530273,97.12000274658203,127.9000015258789,104.30000305175781,331.19998931884766,92.29999542236328,81.3600025177002
2026-08-07,990.4000244140625,255.0,1025.999984741211,854.4000244140625,144.5,99.83999633789062,93.27999877929688,36.86000061035156,357.20001220703125,379.20001220703125,61.79999923706055,2730.0,172.00000762939453,172.63999938964844,439.1999816894531,186.5,22.695000171661377,21.799999237060547,13.460000038146973,97.44000244140625,125.30000305175781,103.0999984741211,332.40001678466797,97.39999771118164,84.3600025177002
2026-08-10,1013.5999755859375,260.79998779296875,1028.0000305175781,858.4000244140625,147.89999389648438,100.19999694824219,94.23999786376953,37.959999084472656,364.6000061035156,377.3999938964844,61.75,2771.5999603271484,176.00000381469727,176.0,446.3999938964844,186.39999389648438,23.700000286102295,21.799999237060547,14.210000038146973,98.23999786376953,128.6999969482422,103.19999694824219,330.60001373291016,98.85000228881836,90.12000274658203
2026-08-11,1011.2000122070312,253.0,1014.0000152587891,836.7999877929688,143.5,98.12000274658203,91.4800033569336,36.29999923706055,362.6000061035156,376.0,61.650001525878906,2844.4000396728516,185.30000686645508,181.60000610351562,441.19998931884766,185.1999969482422,22.34999942779541,21.799999237060547,14.220000267028809,95.04000091552734,133.39999389648438,102.0999984741211,332.79998779296875,98.4000015258789,90.0
2026-08-12,980.7999877929688,246.0,962.5,816.0,138.6999969482422,98.80000305175781,91.4800033569336,35.68000030517578,360.3999938964844,375.3999938964844,60.75,2815.800079345703,196.70000076293945,180.0,426.8000030517578,182.5,22.5,21.799999237060547,13.5,94.08000183105469,129.3000030517578,101.19999694824219,324.59999084472656,97.34999656677246,86.15999794006348
2026-08-13,975.2000122070312,246.0,958.4999847412109,824.0,134.89999389648438,96.44000244140625,90.76000213623047,35.31999969482422,354.20001220703125,376.3999938964844,60.400001525878906,2852.199920654297,206.00000381469727,179.83999633789062,415.8000183105469,180.39999389648438,21.91499948501587,21.799999237060547,13.699999809265137,94.0,126.5999984741211,99.5999984741211,325.8000183105469,96.5999984741211,88.43999862670898
2026-08-14,959.2000122070312,220.39999389648438,968.0000305175781,806.4000244140625,133.5,94.91999816894531,91.04000091552734,35.18000030517578,349.20001220703125,370.20001220703125,59.400001525878906,2745.5999603271484,201.00000381469727,174.55999755859375,406.8000030517578,178.1999969482422,21.929999828338623,21.799999237060547,13.899999618530273,92.63999938964844,121.80000305175781,98.91999816894531,322.00000762939453,95.95000267028809,83.52000045776367
2026-08-17,977.5999755859375,226.0,970.9999847412109,802.4000244140625,136.0,96.95999908447266,93.23999786376953,36.119998931884766,355.20001220703125,371.20001220703125,59.54999923706055,2782.0,198.60000610351562,176.0,421.8000030517578,180.1999969482422,21.869999885559082,21.799999237060547,13.880000114440918,85.76000213623047,123.80000305175781,97.55999755859375,326.8000030517578,100.39999961853027,84.23999977111816
2026-08-18,1013.5999755859375,222.0,969.0000152587891,808.7999877929688,133.0,95.76000213623047,94.5199966430664,35.65999984741211,350.20001220703125,368.6000061035156,59.25,2870.4000396728516,192.90000915527344,174.47999572753906,412.59998321533203,182.8000030517578,21.869999885559082,21.799999237060547,13.710000038146973,83.91999816894531,123.5,95.0,362.99999237060547,101.99999809265137,86.39999771118164
2026-08-19,993.5999755859375,225.1999969482422,971.9999694824219,719.5999755859375,134.1999969482422,95.80000305175781,91.87999725341797,34.779998779296875,352.3999938964844,369.3999938964844,58.54999923706055,2906.800079345703,203.1999969482422,174.39999389648438,429.7999954223633,176.0,21.674999713897705,21.799999237060547,13.359999656677246,84.55999755859375,123.80000305175781,95.0,365.8000183105469,97.1500015258789,87.23999977111816
