Date,Alibaba,JD.com,NetEase,Baidu,Bilibili,Li Auto,XPeng,NIO,Trip.com,Yum China,Weibo,BeiGene,Zai Lab,Autohome,New Oriental Ed.,ZTO Express,Baozun,Lufax,Tuya,Miniso,Kanzhun (BOSS),Qifu Technology,H World (Huazhu),Hutchmed,GigaCloud
2018-08-08,,,,,,,,,,,,1346.660231595306,,,,,,,,,,,,,
2018-08-09,,,,,,,,,,,,1351.6150154904171,,,,,,,,,,,,,
2018-08-10,,,,,,,,,,,,1297.3934369968629,,,,,,,,,,,,,
2018-08-13,,,,,,,,,,,,1248.2741547373735,,,,,,,,,,,,,
2018-08-14,,,,,,,,,,,,1287.334373474121,,,,,,,,,,,,,
2018-08-15,,,,,,,,,,,,1237.756423829589,,,,,,,,,,,,,
2018-08-16,,,,,,,,,,,,1233.3715468585724,,,,,,,,,,,,,
2018-08-17,,,,,,,,,,,,1234.8786996878916,,,,,,,,,,,,,
2018-08-20,,,,,,,,,,,,1258.3373018079146,,,,,,,,,,,,,
2018-08-21,,,,,,,,,,,,1282.042523475502,,,,,,,,,,,,,
2018-08-22,,,,,,,,,,,,1318.4469150754012,,,,,,,,,,,,,
2018-08-23,,,,,,,,,,,,1312.402920610657,,,,,,,,,,,,,
2018-08-24,,,,,,,,,,,,1347.244044876541,,,,,,,,,,,,,
2018-08-27,,,,,,,,,,,,1399.5229556733248,,,,,,,,,,,,,
2018-08-28,,,,,,,,,,,,1395.337704073463,,,,,,,,,,,,,
2018-08-29,,,,,,,,,,,,1404.4365068983461,,,,,,,,,,,,,
2018-08-30,,,,,,,,,,,,1394.6428825239564,,,,,,,,,,,,,
2018-08-31,,,,,,,,,,,,1393.4507334643858,,,,,,,,,,,,,
2018-09-04,,,,,,,,,,,,1377.1772136754225,,,,,,,,,,,,,
2018-09-05,,,,,,,,,,,,1328.23084133261,,,,,,,,,,,,,
2018-09-06,,,,,,,,,,,,1281.650303759583,,,,,,,,,,,,,
2018-09-07,,,,,,,,,,,,1283.438984787972,,,,,,,,,,,,,
2018-09-10,,,,,,,,,,,,1297.852808511292,,,,,,,,,,,,,
2018-09-11,,,,,,,,,,,,1309.6891528242122,,,,,,,,,,,,,
2018-09-12,,,,,,,,,,,,1288.1556712101446,,,,,,,,,,,,,
2018-09-13,,,,,,,,,,,,1285.6300005897065,,,,,,,,,,,,,
2018-09-14,,,,,,,,,,,,1268.8484005814826,,,,,,,,,,,,,
2018-09-17,,,,,,,,,,,,1255.4512023925781,,,,,,,,,,,,,
2018-09-18,,,,,,,,,,,,1261.0837162733078,,,,,,,,,,,,,
2018-09-19,,,,,,,,,,,,1282.4285666942596,,,,,,,,,,,,,
2018-09-20,,,,,,,,,,,,1278.0482129937736,,,,,,,,,,,,,
2018-09-21,,,,,,,,,,,,1285.8773797254107,,,,,,,,,,,,,
2018-09-24,,,,,,,,,,,,1296.8488335682196,,,,,,,,,,,,,
2018-09-26,,,,,,,,,,,,1343.537054260567,,,,,,,,,,,,,
2018-09-27,,,,,,,,,,,,1348.773664223998,,,,,,,,,,,,,
2018-09-28,,,,,,,,,,,,1345.9785660589114,,,,,,,,,,,,,
2018-10-02,,,,,,,,,,,,1336.2195610378403,,,,,,,,,,,,,
2018-10-03,,,,,,,,,,,,1324.1150064468384,,,,,,,,,,,,,
2018-10-04,,,,,,,,,,,,1258.688358271087,,,,,,,,,,,,,
2018-10-05,,,,,,,,,,,,1174.7982418577958,,,,,,,,,,,,,
2018-10-08,,,,,,,,,,,,1148.6805518287292,,,,,,,,,,,,,
2018-10-09,,,,,,,,,,,,1113.5030966997147,,,,,,,,,,,,,
2018-10-10,,,,,,,,,,,,1020.1827409792168,,,,,,,,,,,,,
2018-10-11,,,,,,,,,,,,990.0987512424545,,,,,,,,,,,,,
2018-10-12,,,,,,,,,,,,993.7406317283021,,,,,,,,,,,,,
2018-10-15,,,,,,,,,,,,989.3532748715515,,,,,,,,,,,,,
2018-10-16,,,,,,,,,,,,992.616173961258,,,,,,,,,,,,,
2018-10-18,,,,,,,,,,,,972.8983227176286,,,,,,,,,,,,,
2018-10-19,,,,,,,,,,,,977.7370627712553,,,,,,,,,,,,,
2018-10-22,,,,,,,,,,,,920.7216620054169,,,,,,,,,,,,,
2018-10-23,,,,,,,,,,,,916.0806041300966,,,,,,,,,,,,,
2018-10-24,,,,,,,,,,,,862.6665707677384,,,,,,,,,,,,,
2018-10-25,,,,,,,,,,,,892.1818827409516,,,,,,,,,,,,,
2018-10-26,,,,,,,,,,,,891.3296364883427,,,,,,,,,,,,,
2018-10-29,,,,,,,,,,,,838.9690975826488,,,,,,,,,,,,,
2018-10-30,,,,,,,,,,,,868.1859653178253,,,,,,,,,,,,,
2018-10-31,,,,,,,,,,,,987.9237462154997,,,,,,,,,,,,,
2018-11-01,,,,,,,,,,,,1020.2021649080707,,,,,,,,,,,,,
2018-11-02,,,,,,,,,,,,991.0262880325317,,,,,,,,,,,,,
2018-11-05,,,,,,,,,,,,993.116185056424,,,,,,,,,,,,,
2018-11-06,,,,,,,,,,,,976.2837482276154,,,,,,,,,,,,,
2018-11-07,,,,,,,,,,,,967.2477716827161,,,,,,,,,,,,,
2018-11-08,,,,,,,,,,,,989.7952118541871,,,,,,,,,,,,,
2018-11-09,,,,,,,,,,,,949.1692334413528,,,,,,,,,,,,,
2018-11-12,,,,,,,,,,,,866.5895532430877,,,,,,,,,,,,,
2018-11-13,,,,,,,,,,,,898.8026224205096,,,,,,,,,,,,,
2018-11-14,,,,,,,,,,,,972.8203173011934,,,,,,,,,,,,,
2018-11-15,,,,,,,,,,,,994.4988899230957,,,,,,,,,,,,,
2018-11-16,,,,,,,,,,,,994.6402751029564,,,,,,,,,,,,,
2018-11-19,,,,,,,,,,,,973.4976799092328,,,,,,,,,,,,,
2018-11-20,,,,,,,,,,,,985.3542946948364,,,,,,,,,,,,,
2018-11-21,,,,,,,,,,,,1013.3507693106076,,,,,,,,,,,,,
2018-11-23,,,,,,,,,,,,1066.6298801638186,,,,,,,,,,,,,
2018-11-26,,,,,,,,,,,,1110.2389432323762,,,,,,,,,,,,,
2018-11-27,,,,,,,,,,,,1141.7481894034427,,,,,,,,,,,,,
2018-11-28,,,,,,,,,,,,1170.110091567527,,,,,,,,,,,,,
2018-11-29,,,,,,,,,,,,1126.059793469467,,,,,,,,,,,,,
2018-11-30,,,,,,,,,,,,1199.129470822052,,,,,,,,,,,,,
2018-12-03,,,,,,,,,,,,1179.602857428894,,,,,,,,,,,,,
2018-12-04,,,,,,,,,,,,1150.2761961320502,,,,,,,,,,,,,
2018-12-06,,,,,,,,,,,,1091.004574338731,,,,,,,,,,,,,
2018-12-07,,,,,,,,,,,,1074.6191309723363,,,,,,,,,,,,,
2018-12-10,,,,,,,,,,,,1065.7897626898193,,,,,,,,,,,,,
2018-12-11,,,,,,,,,,,,1069.0705184738326,,,,,,,,,,,,,
2018-12-12,,,,,,,,,,,,1109.0604735207962,,,,,,,,,,,,,
2018-12-13,,,,,,,,,,,,1026.994716487854,,,,,,,,,,,,,
2018-12-14,,,,,,,,,,,,1045.7165758615884,,,,,,,,,,,,,
2018-12-17,,,,,,,,,,,,1042.5800645461422,,,,,,,,,,,,,
2018-12-18,,,,,,,,,,,,1038.6602659523778,,,,,,,,,,,,,
2018-12-19,,,,,,,,,,,,1046.9930038455277,,,,,,,,,,,,,
2018-12-20,,,,,,,,,,,,1002.0346041157827,,,,,,,,,,,,,
2018-12-21,,,,,,,,,,,,974.64573097229,,,,,,,,,,,,,
2018-12-24,,,,,,,,,,,,960.0553791300044,,,,,,,,,,,,,
2018-12-27,,,,,,,,,,,,1079.1863518273167,,,,,,,,,,,,,
2018-12-28,,,,,,,,,,,,1072.2204852909854,,,,,,,,,,,,,
2018-12-31,,,,,,,,,,,,1098.3620179500722,,,,,,,,,,,,,
2019-01-02,,,,,,,,,,,,1065.5665291961195,,,,,,,,,,,,,
2019-01-03,,,,,,,,,,,,1005.2818573220065,,,,,,,,,,,,,
2019-01-04,,,,,,,,,,,,1001.2589033620607,,,,,,,,,,,,,
2019-01-07,,,,,,,,,,,,1031.396726003295,,,,,,,,,,,,,
2019-01-08,,,,,,,,,,,,1093.2593950708542,,,,,,,,,,,,,
2019-01-09,,,,,,,,,,,,1119.0315084457397,,,,,,,,,,,,,
2019-01-10,,,,,,,,,,,,1115.796337640786,,,,,,,,,,,,,
2019-01-11,,,,,,,,,,,,1130.660363316536,,,,,,,,,,,,,
2019-01-14,,,,,,,,,,,,1078.284741387848,,,,,,,,,,,,,
2019-01-15,,,,,,,,,,,,1127.9724170040208,,,,,,,,,,,,,
2019-01-16,,,,,,,,,,,,1104.4572681669088,,,,,,,,,,,,,
2019-01-17,,,,,,,,,,,,1108.251918499649,,,,,,,,,,,,,
2019-01-18,,,,,,,,,,,,1123.7450211343385,,,,,,,,,,,,,
2019-01-22,,,,,,,,,,,,1069.249493778596,,,,,,,,,,,,,
2019-01-23,,,,,,,,,,,,1040.9195319326536,,,,,,,,,,,,,
2019-01-24,,,,,,,,,,,,981.5851887836761,,,,,,,,,,,,,
2019-01-25,,,,,,,,,,,,989.6411831025544,,,,,,,,,,,,,
2019-01-28,,,,,,,,,,,,1005.7417865711977,,,,,,,,,,,,,
2019-01-29,,,,,,,,,,,,971.2853198107914,,,,,,,,,,,,,
2019-01-30,,,,,,,,,,,,992.58483319265,,,,,,,,,,,,,
2019-01-31,,,,,,,,,,,,1015.4597975017095,,,,,,,,,,,,,
2019-02-01,,,,,,,,,,,,1029.4868144574575,,,,,,,,,,,,,
2019-02-04,,,,,,,,,,,,1029.774060841628,,,,,,,,,,,,,
2019-02-08,,,,,,,,,,,,1014.290249120575,,,,,,,,,,,,,
2019-02-11,,,,,,,,,,,,1037.555891840202,,,,,,,,,,,,,
2019-02-12,,,,,,,,,,,,1069.3243206882544,,,,,,,,,,,,,
2019-02-13,,,,,,,,,,,,1062.8573015138682,,,,,,,,,,,,,
2019-02-14,,,,,,,,,,,,1057.1301677876909,,,,,,,,,,,,,
2019-02-15,,,,,,,,,,,,1037.543542627609,,,,,,,,,,,,,
2019-02-19,,,,,,,,,,,,1090.2392507047334,,,,,,,,,,,,,
2019-02-20,,,,,,,,,,,,1091.1589768046179,,,,,,,,,,,,,
2019-02-21,,,,,,,,,,,,1089.7504040048225,,,,,,,,,,,,,
2019-02-22,,,,,,,,,,,,1081.1871949630586,,,,,,,,,,,,,
2019-02-25,,,,,,,,,,,,1094.3338297729497,,,,,,,,,,,,,
2019-02-26,,,,,,,,,,,,1098.946972018508,,,,,,,,,,,,,
2019-02-27,,,,,,,,,,,,1098.5965711035387,,,,,,,,,,,,,
2019-02-28,,,,,,,,,,,,1075.6917472042842,,,,,,,,,,,,,
2019-03-01,,,,,,,,,,,,1187.738083910721,,,,,,,,,,,,,
2019-03-04,,,,,,,,,,,,1191.6377351990886,,,,,,,,,,,,,
2019-03-05,,,,,,,,,,,,1174.0796826130827,,,,,,,,,,,,,
2019-03-06,,,,,,,,,,,,1127.660145564667,,,,,,,,,,,,,
2019-03-07,,,,,,,,,,,,1093.3428793575513,,,,,,,,,,,,,
2019-03-08,,,,,,,,,,,,1010.6617641448975,,,,,,,,,,,,,
2019-03-11,,,,,,,,,,,,1058.0610068017122,,,,,,,,,,,,,
2019-03-12,,,,,,,,,,,,1067.2965489600756,,,,,,,,,,,,,
2019-03-13,,,,,,,,,,,,1071.6301375639887,,,,,,,,,,,,,
2019-03-14,,,,,,,,,,,,1057.9690566182253,,,,,,,,,,,,,
2019-03-15,,,,,,,,,,,,1067.4671251236869,,,,,,,,,,,,,
2019-03-18,,,,,,,,,,,,1059.6825242042542,,,,,,,,,,,,,
2019-03-19,,,,,,,,,,,,1071.9304602291377,,,,,,,,,,,,,
2019-03-20,,,,,,,,,,,,1054.808781860047,,,,,,,,,,,,,
2019-03-21,,,,,,,,,,,,1072.3166579948738,,,,,,,,,,,,,
2019-03-22,,,,,,,,,,,,976.6874202694853,,,,,,,,,,,,,
2019-03-25,,,,,,,,,,,,988.9041071775973,,,,,,,,,,,,,
2019-03-26,,,,,,,,,,,,963.8299288642884,,,,,,,,,,,,,
2019-03-27,,,,,,,,,,,,973.4990377363283,,,,,,,,,,,,,
2019-03-28,,,,,,,,,,,,992.9617726802826,,,,,,,,,,,,,
2019-03-29,,,,,,,,,,,,1036.1471786499023,,,,,,,,,,,,,
2019-04-01,,,,,,,,,,,,1084.6576481581433,,,,,,,,,,,,,
2019-04-02,,,,,,,,,,,,1113.5509429133235,,,,,,,,,,,,,
2019-04-03,,,,,,,,,,,,1135.4859080079113,,,,,,,,,,,,,
2019-04-04,,,,,,,,,,,,1151.8063115710902,,,,,,,,,,,,,
2019-04-08,,,,,,,,,,,,1143.471365278383,,,,,,,,,,,,,
2019-04-09,,,,,,,,,,,,1136.1887739430094,,,,,,,,,,,,,
2019-04-10,,,,,,,,,,,,1146.1934758894931,,,,,,,,,,,,,
2019-04-11,,,,,,,,,,,,1087.5764498268545,,,,,,,,,,,,,
2019-04-12,,,,,,,,,,,,1020.3873671015172,,,,,,,,,,,,,
2019-04-15,,,,,,,,,,,,1007.8422919766963,,,,,,,,,,,,,
2019-04-16,,,,,,,,,,,,1008.4888216514373,,,,,,,,,,,,,
2019-04-17,,,,,,,,,,,,949.2866926102142,,,,,,,,,,,,,
2019-04-18,,,,,,,,,,,,939.7819283511053,,,,,,,,,,,,,
2019-04-23,,,,,,,,,,,,950.3017375343552,,,,,,,,,,,,,
2019-04-24,,,,,,,,,,,,941.183216626443,,,,,,,,,,,,,
2019-04-25,,,,,,,,,,,,947.555012159668,,,,,,,,,,,,,
2019-04-26,,,,,,,,,,,,945.8596707111137,,,,,,,,,,,,,
2019-04-29,,,,,,,,,,,,1004.746262130182,,,,,,,,,,,,,
2019-04-30,,,,,,,,,,,,974.4725691425629,,,,,,,,,,,,,
2019-05-02,,,,,,,,,,,,995.034402690857,,,,,,,,,,,,,
2019-05-03,,,,,,,,,,,,1024.1912416111445,,,,,,,,,,,,,
2019-05-06,,,,,,,,,,,,1004.9383826593184,,,,,,,,,,,,,
2019-05-07,,,,,,,,,,,,968.7949909194867,,,,,,,,,,,,,
2019-05-08,,,,,,,,,,,,922.1870136260986,,,,,,,,,,,,,
2019-05-09,,,,,,,,,,,,951.5036497118526,,,,,,,,,,,,,
2019-05-10,,,,,,,,,,,,1053.3585762361909,,,,,,,,,,,,,
2019-05-14,,,,,,,,,,,,1047.4356598696904,,,,,,,,,,,,,
2019-05-15,,,,,,,,,,,,1047.4756856036765,,,,,,,,,,,,,
2019-05-16,,,,,,,,,,,,1085.0001847155945,,,,,,,,,,,,,
2019-05-17,,,,,,,,,,,,1032.0913211215884,,,,,,,,,,,,,
2019-05-20,,,,,,,,,,,,971.9664221243511,,,,,,,,,,,,,
2019-05-21,,,,,,,,,,,,1025.3606256376952,,,,,,,,,,,,,
2019-05-23,,,,,,,,,,,,1007.3406283186341,,,,,,,,,,,,,
2019-05-24,,,,,,,,,,,,993.7074360304687,,,,,,,,,,,,,
2019-05-28,,,,,,,,,,,,966.3273164258499,,,,,,,,,,,,,
2019-05-29,,,,,,,,,,,,957.4454145232994,,,,,,,,,,,,,
2019-05-30,,,,,,,,,,,,943.2275495287977,,,,,,,,,,,,,
2019-05-31,,,,,,,,,,,,925.5146482432938,,,,,,,,,,,,,
2019-06-03,,,,,,,,,,,,916.1651994604799,,,,,,,,,,,,,
2019-06-04,,,,,,,,,,,,942.6828661208347,,,,,,,,,,,,,
2019-06-05,,,,,,,,,,,,940.582337849457,,,,,,,,,,,,,
2019-06-06,,,,,,,,,,,,939.3678717788425,,,,,,,,,,,,,
2019-06-10,,,,,,,,,,,,966.1721579952209,,,,,,,,,,,,,
2019-06-11,,,,,,,,,,,,1000.9509997113346,,,,,,,,,,,,,
2019-06-12,,,,,,,,,,,,995.1770825386047,,,,,,,,,,,,,
2019-06-13,,,,,,,,,,,,978.7166425423202,,,,,,,,,,,,,
2019-06-14,,,,,,,,,,,,920.8152566115787,,,,,,,,,,,,,
2019-06-17,,,,,,,,,,,,892.4049182352901,,,,,,,,,,,,,
2019-06-18,,,,,,,,,,,,912.8260659439547,,,,,,,,,,,,,
2019-06-19,,,,,,,,,,,,939.1411257935251,,,,,,,,,,,,,
2019-06-20,,,,,,,,,,,,948.0638280139465,,,,,,,,,,,,,
2019-06-21,,,,,,,,,,,,948.451159797638,,,,,,,,,,,,,
2019-06-24,,,,,,,,,,,,940.0842212484131,,,,,,,,,,,,,
2019-06-25,,,,,,,,,,,,944.99916328779,,,,,,,,,,,,,
2019-06-26,,,,,,,,,,,,973.6444937438355,,,,,,,,,,,,,
2019-06-27,,,,,,,,,,,,981.4925830298307,,,,,,,,,,,,,
2019-06-28,,,,,,,,,,,,968.7188214690395,,,,,,,,,,,,,
2019-07-02,,,,,,,,,,,,994.5800955682644,,,,,,,,,,,,,
2019-07-03,,,,,,,,,,,,1013.6113585928397,,,,,,,,,,,,,
2019-07-05,,,,,,,,,,,,995.7960098742478,,,,,,,,,,,,,
2019-07-08,,,,,,,,,,,,998.3290527806093,,,,,,,,,,,,,
2019-07-09,,,,,,,,,,,,1003.328453790702,,,,,,,,,,,,,
2019-07-10,,,,,,,,,,,,970.3995771866066,,,,,,,,,,,,,
2019-07-11,,,,,,,,,,,,956.3902097915343,,,,,,,,,,,,,
2019-07-12,,,,,,,,,,,,959.747092742844,,,,,,,,,,,,,
2019-07-15,,,,,,,,,,,,961.784293673918,,,,,,,,,,,,,
2019-07-16,,,,,,,,,,,,948.361250183807,,,,,,,,,,,,,
2019-07-17,,,,,,,,,,,,947.3446655431471,,,,,,,,,,,,,
2019-07-18,,,,,,,,,,,,972.0516625426026,,,,,,,,,,,,,
2019-07-19,,,,,,,,,,,,971.854732553009,,,,,,,,,,,,,
2019-07-22,,,,,,,,,,,,1011.1752044655295,,,,,,,,,,,,,
2019-07-23,,,,,,,,,,,,1008.1657798532542,,,,,,,,,,,,,
2019-07-24,,,,,,,,,,,,1007.4951596260071,,,,,,,,,,,,,
2019-07-25,,,,,,,,,,,,1017.298172280578,,,,,,,,,,,,,
2019-07-26,,,,,,,,,,,,1037.8972231243097,,,,,,,,,,,,,
2019-07-29,,,,,,,,,,,,1061.188221054581,,,,,,,,,,,,,
2019-07-30,,,,,,,,,,,,1073.0974527087092,,,,,,,,,,,,,
2019-07-31,,,,,,,,,,,,1074.425912980325,,,,,,,,,,,,,
2019-08-01,,,,,,,,,,,,1066.6057459551157,,,,,,,,,,,,,
2019-08-02,,,,,,,,,,,,1078.248064317595,,,,,,,,,,,,,
2019-08-05,,,,,,,,,,,,1016.0173486305212,,,,,,,,,,,,,
2019-08-06,,,,,,,,,,,,1029.4724732637405,,,,,,,,,,,,,
2019-08-07,,,,,,,,,,,,1025.406290977844,,,,,,,,,,,,,
2019-08-08,,,,,,,,,,,,1046.4164198866274,,,,,,,,,,,,,
2019-08-09,,,,,,,,,,,,1042.722725860047,,,,,,,,,,,,,
2019-08-12,,,,,,,,,,,,1061.3877066731657,,,,,,,,,,,,,
2019-08-13,,,,,,,,,,,,1066.1082714970398,,,,,,,,,,,,,
2019-08-14,,,,,,,,,,,,1096.0249733579622,,,,,,,,,,,,,
2019-08-15,,,,,,,,,,,,1107.658160608873,,,,,,,,,,,,,
2019-08-16,,,,,,,,,,,,1127.437787081908,,,,,,,,,,,,,
2019-08-19,,,,,,,,,,,,1163.1273611317229,,,,,,,,,,,,,
2019-08-20,,,,,,,,,,,,1138.5420666923892,,,,,,,,,,,,,
2019-08-21,,,,,,,,,,,,1145.1945146892394,,,,,,,,,,,,,
2019-08-22,,,,,,,,,,,,1127.4312406778336,,,,,,,,,,,,,
2019-08-23,,,,,,,,,,,,1118.988895900009,,,,,,,,,,,,,
2019-08-26,,,,,,,,,,,,1115.0250501123737,,,,,,,,,,,,,
2019-08-27,,,,,,,,,,,,1110.9304250772475,,,,,,,,,,,,,
2019-08-28,,,,,,,,,,,,1097.503911476524,,,,,,,,,,,,,
2019-08-29,,,,,,,,,,,,1135.765102392732,,,,,,,,,,,,,
2019-08-30,,,,,,,,,,,,1127.8337389230728,,,,,,,,,,,,,
2019-09-03,,,,,,,,,,,,1141.3246284602355,,,,,,,,,,,,,
2019-09-04,,,,,,,,,,,,1102.5385934826045,,,,,,,,,,,,,
2019-09-05,,,,,,,,,,,,1027.3669310225523,,,,,,,,,,,,,
2019-09-06,,,,,,,,,,,,945.304988533142,,,,,,,,,,,,,
2019-09-09,,,,,,,,,,,,983.5279952163692,,,,,,,,,,,,,
2019-09-10,,,,,,,,,,,,999.0091466112062,,,,,,,,,,,,,
2019-09-11,,,,,,,,,,,,1004.1318434262939,,,,,,,,,,,,,
2019-09-12,,,,,,,,,,,,1043.14610382315,,,,,,,,,,,,,
2019-09-13,,,,,,,,,,,,1050.06361795665,,,,,,,,,,,,,
2019-09-16,,,,,,,,,,,,1032.8594003373946,,,,,,,,,,,,,
2019-09-17,,,,,,,,,,,,1040.8785409223638,,,,,,,,,,,,,
2019-09-18,,,,,,,,,,,,1024.0175384840404,,,,,,,,,,,,,
2019-09-19,,,,,,,,,,,,1040.8735134334638,,,,,,,,,,,,,
2019-09-20,,,,,,,,,,,,1061.1866964345463,,,,,,,,,,,,,
2019-09-23,,,,,,,,,,,,1058.8867258574173,,,,,,,,,,,,,
2019-09-24,,,,,,,,,,,,1045.0422305683605,,,,,,,,,,,,,
2019-09-25,,,,,,,,,,,,1019.1996388548432,,,,,,,,,,,,,
2019-09-26,,,,,,,,,,,,1004.3454388654791,,,,,,,,,,,,,
2019-09-27,,,,,,,,,,,,953.0588960322639,,,,,,,,,,,,,
2019-09-30,,,,,,,,,,,,960.1145571645538,,,,,,,,,,,,,
2019-10-02,,,,,,,,,,,,947.9687218993931,,,,,,,,,,,,,
2019-10-03,,,,,,,,,,,,950.076804218872,,,,,,,,,,,,,
2019-10-04,,,,,,,,,,,,958.6845009326935,,,,,,,,,,,,,
2019-10-08,,,,,,,,,,,,908.0277969563904,,,,,,,,,,,,,
2019-10-09,,,,,,,,,,,,908.9144527449316,,,,,,,,,,,,,
2019-10-10,,,,,,,,,,,,914.3231342350773,,,,,,,,,,,,,
2019-10-11,,,,,,,,,,,,936.7662920518342,,,,,,,,,,,,,
2019-10-14,,,,,,,,,,,,960.7920253276825,,,,,,,,,,,,,
2019-10-15,,,,,,,,,,,,979.1704345032776,,,,,,,,,,,,,
2019-10-16,,,,,,,,,,,,992.5746854828794,,,,,,,,,,,,,
2019-10-17,,,,,,,,,,,,1045.47652890654,,,,,,,,,,,,,
2019-10-18,,,,,,,,,,,,1037.6042922589113,,,,,,,,,,,,,
2019-10-21,,,,,,,,,,,,1043.0791006088257,,,,,,,,,,,,,
2019-10-22,,,,,,,,,,,,1064.6489101689076,,,,,,,,,,,,,
2019-10-23,,,,,,,,,,,,1081.5357561154815,,,,,,,,,,,,,
2019-10-24,,,,,,,,,,,,1090.3327904149628,,,,,,,,,,,,,
2019-10-25,,,,,,,,,,,,1088.6615138993147,,,,,,,,,,,,,
2019-10-28,,,,,,,,,,,,1104.0906903514406,,,,,,,,,,,,,
2019-10-29,,,,,,,,,,,,1088.4957663219757,,,,,,,,,,,,,
2019-10-30,,,,,,,,,,,,1090.2588117632258,,,,,,,,,,,,,
2019-10-31,,,,,,,,,,,,1084.4915253801446,,,,,,,,,,,,,
2019-11-01,,,,,,,,,,,,1485.5248257809144,,,,,,,,,,,,,
2019-11-04,,,,,,,,,,,,1498.2775821798714,,,,,,,,,,,,,
2019-11-05,,,,,,,,,,,,1489.5025864792697,,,,,,,,,,,,,
2019-11-06,,,,,,,,,,,,1484.9446579538198,,,,,,,,,,,,,
2019-11-07,,,,,,,,,,,,1509.6477738915055,,,,,,,,,,,,,
2019-11-08,,,,,,,,,,,,1560.7377124724735,,,,,,,,,,,,,
2019-11-11,,,,,,,,,,,,1500.8301665879699,,,,,,,,,,,,,
2019-11-12,,,,,,,,,,,,1536.2455115665798,,,,,,,,,,,,,
2019-11-13,,,,,,,,,,,,1544.6025468367006,,,,,,,,,,,,,
2019-11-14,,,,,,,,,,,,1537.4388323785388,,,,,,,,,,,,,
2019-11-15,,,,,,,,,,,,1551.8811616897583,,,,,,,,,,,,,
2019-11-18,,,,,,,,,,,,1534.064358996955,,,,,,,,,,,,,
2019-11-19,,,,,,,,,,,,1595.9089468552702,,,,,,,,,,,,,
2019-11-20,,,,,,,,,,,,1591.3683584710234,,,,,,,,,,,,,
2019-11-21,,,,,,,,,,,,1630.5104810880584,,,,,,,,,,,,,
2019-11-22,,,,,,,,,,,,1621.205635948456,,,,,,,,,,,,,
2019-11-25,,,,,,,,,,,,1607.922079184631,,,,,,,,,,,,,
2019-11-26,1523.6423751431576,,,,,,,,,,,1591.177256207593,,,,,,,,,,,,,
2019-11-27,1572.1193859699997,,,,,,,,,,,1598.8928409310902,,,,,,,,,,,,,
2019-11-29,1565.4199600219727,,,,,,,,,,,1591.1710658142256,,,,,,,,,,,,,
2019-12-02,1536.7735537381668,,,,,,,,,,,1580.6120815140457,,,,,,,,,,,,,
2019-12-03,1525.7356220711517,,,,,,,,,,,1564.9554815155716,,,,,,,,,,,,,
2019-12-04,1516.9261196795196,,,,,,,,,,,1506.7474857940979,,,,,,,,,,,,,
2019-12-05,1565.7600402832031,,,,,,,,,,,1481.208974216308,,,,,,,,,,,,,
2019-12-06,1580.5362514683075,,,,,,,,,,,1463.3406019295653,,,,,,,,,,,,,
2019-12-09,1555.9275418518155,,,,,,,,,,,1429.1766612793654,,,,,,,,,,,,,
2019-12-10,1569.1927470677183,,,,,,,,,,,1427.7345234691165,,,,,,,,,,,,,
2019-12-11,1601.65592631427,,,,,,,,,,,1408.2581115636276,,,,,,,,,,,,,
2019-12-12,1596.8709762096405,,,,,,,,,,,1399.0776033424117,,,,,,,,,,,,,
2019-12-13,1599.4250398379518,,,,,,,,,,,1374.002160843811,,,,,,,,,,,,,
2019-12-16,1614.113498761595,,,,,,,,,,,1287.5005557705736,,,,,,,,,,,,,
2019-12-17,1622.275950929994,,,,,,,,,,,1269.1126508496309,,,,,,,,,,,,,
2019-12-18,1635.270037651062,,,,,,,,,,,1299.728228442269,,,,,,,,,,,,,
2019-12-19,1636.5134418106754,,,,,,,,,,,1312.061177047508,,,,,,,,,,,,,
2019-12-20,1654.3614456653595,,,,,,,,,,,1349.5224484935607,,,,,,,,,,,,,
2019-12-23,1674.9973437022709,,,,,,,,,,,1323.0475302314153,,,,,,,,,,,,,
2019-12-24,1668.4211605429227,,,,,,,,,,,1313.6500135726164,,,,,,,,,,,,,
2019-12-27,1678.0588162598724,,,,,,,,,,,1301.9810601128847,,,,,,,,,,,,,
2019-12-30,1658.0004908832052,,,,,,,,,,,1295.8116895304556,,,,,,,,,,,,,
2019-12-31,1651.856007856215,,,,,,,,,,,1290.9553743939832,,,,,,,,,,,,,
2020-01-02,1712.557762484932,,,,,,,,,,,1292.9315888961792,,,,,,,,,,,,,
2020-01-03,1690.0611081123352,,,,,,,,,,,1264.3525995473174,,,,,,,,,,,,,
2020-01-06,1685.7841254995728,,,,,,,,,,,1280.0567274093628,,,,,,,,,,,,,
2020-01-07,1691.0722002357943,,,,,,,,,,,1268.440146405701,,,,,,,,,,,,,
2020-01-08,1695.451374053955,,,,,,,,,,,1254.711804039398,,,,,,,,,,,,,
2020-01-09,1724.6055860676424,,,,,,,,,,,1302.0469164534297,,,,,,,,,,,,,
2020-01-10,1738.3712256876388,,,,,,,,,,,1265.9362349510193,,,,,,,,,,,,,
2020-01-13,1790.0298097285704,,,,,,,,,,,1272.1576437500917,,,,,,,,,,,,,
2020-01-14,1760.1671027458578,,,,,,,,,,,1303.6691435575485,,,,,,,,,,,,,
2020-01-15,1750.203804571036,,,,,,,,,,,1283.2183564870138,,,,,,,,,,,,,
2020-01-16,1740.3497537470248,,,,,,,,,,,1304.4463410020835,,,,,,,,,,,,,
2020-01-17,1767.4948786774767,,,,,,,,,,,1323.9697414911498,,,,,,,,,,,,,
2020-01-21,1726.782315577897,,,,,,,,,,,1318.2001240140307,,,,,,,,,,,,,
2020-01-22,1727.8592861810466,,,,,,,,,,,1315.2617492299032,,,,,,,,,,,,,
2020-01-23,1702.8373051233357,,,,,,,,,,,1313.59284539496,,,,,,,,,,,,,
2020-01-24,1661.3290750980377,,,,,,,,,,,1271.2373308400274,,,,,,,,,,,,,
2020-01-29,1648.54886783025,,,,,,,,,,,1214.2127726151375,,,,,,,,,,,,,
2020-01-30,1621.2903157273686,,,,,,,,,,,1193.0763126014936,,,,,,,,,,,,,
2020-01-31,1604.6877807929995,,,,,,,,,,,1183.4562931167602,,,,,,,,,,,,,
2020-02-03,1654.8685544017935,,,,,,,,,,,1199.8766960426583,,,,,,,,,,,,,
2020-02-04,1730.8860720080556,,,,,,,,,,,1248.2291137107095,,,,,,,,,,,,,
2020-02-05,1710.3165867338103,,,,,,,,,,,1271.359633443375,,,,,,,,,,,,,
2020-02-06,1714.9350298063655,,,,,,,,,,,1277.156904156509,,,,,,,,,,,,,
2020-02-07,1681.0241870572645,,,,,,,,,,,1280.739683897249,,,,,,,,,,,,,
2020-02-10,1675.6266990144577,,,,,,,,,,,1294.791800693718,,,,,,,,,,,,,
2020-02-11,1686.8963683929906,,,,,,,,,,,1298.586365112351,,,,,,,,,,,,,
2020-02-12,1741.8120240174176,,,,,,,,,,,1307.9703302182315,,,,,,,,,,,,,
2020-02-13,1711.9547905846557,,,,,,,,,,,1308.5935210880125,,,,,,,,,,,,,
2020-02-14,1705.778424911492,,,,,,,,,,,1328.7875881397777,,,,,,,,,,,,,
2020-02-18,1712.9552570531305,,,,,,,,,,,1326.6624849602595,,,,,,,,,,,,,
2020-02-19,1725.7167963772736,,,,,,,,,,,1345.4438507200393,,,,,,,,,,,,,
2020-02-20,1694.8269996051895,,,,,,,,,,,1329.1846718788147,,,,,,,,,,,,,
2020-02-21,1654.0990284606087,,,,,,,,,,,1319.1398608149248,,,,,,,,,,,,,
2020-02-24,1606.386422692347,,,,,,,,,,,1277.5665695145217,,,,,,,,,,,,,
2020-02-25,1602.1460293836426,,,,,,,,,,,1235.680752488086,,,,,,,,,,,,,
2020-02-26,1626.0115761455381,,,,,,,,,,,1231.076227913727,,,,,,,,,,,,,
2020-02-27,1597.7003755670303,,,,,,,,,,,1207.762724771419,,,,,,,,,,,,,
2020-02-28,1621.2768020629883,,,,,,,,,,,1234.274959145012,,,,,,,,,,,,,
2020-03-02,1644.1839541025183,,,,,,,,,,,1278.5326616665989,,,,,,,,,,,,,
2020-03-03,1613.8364978109894,,,,,,,,,,,1203.1606052286224,,,,,,,,,,,,,
2020-03-04,1646.9504729094551,,,,,,,,,,,1226.8211026879653,,,,,,,,,,,,,
2020-03-05,1643.414301531906,,,,,,,,,,,1209.8283041126633,,,,,,,,,,,,,
2020-03-06,1590.2001370875732,,,,,,,,,,,1191.3290650004928,,,,,,,,,,,,,
2020-03-09,1535.6798632851715,,,,,,,,,,,1189.2468054516066,,,,,,,,,,,,,
2020-03-10,1603.8566663613892,,,,,,,,,,,1214.3741888943478,,,,,,,,,,,,,
2020-03-11,1545.172674665344,,,,,,,,,,,1131.7490654054563,,,,,,,,,,,,,
2020-03-12,1437.9493698772421,,,,,,,,,,,1070.7323487191388,,,,,,,,,,,,,
2020-03-13,1508.6603775024414,,,,,,,,,,,1124.4963906958,,,,,,,,,,,,,
2020-03-16,1388.4590782974847,,,,,,,,,,,1086.8563842773438,,,,,,,,,,,,,
2020-03-17,1435.1789728019794,,,,,,,,,,,1233.1931620123287,,,,,,,,,,,,,
2020-03-18,1397.1780395507812,,,,,,,,,,,1210.344230410643,,,,,,,,,,,,,
2020-03-19,1404.2619565478526,,,,,,,,,,,1151.8704887875356,,,,,,,,,,,,,
2020-03-20,1407.2017078757635,,,,,,,,,,,977.9780044555664,,,,,,,,,,,,,
2020-03-23,1368.1814714492066,,,,,,,,,,,991.5708282738342,,,,,,,,,,,,,
2020-03-24,1440.6770077943802,,,,,,,,,,,1002.6181585615923,,,,,,,,,,,,,
2020-03-25,1461.8603941277834,,,,,,,,,,,944.5962419027346,,,,,,,,,,,,,
2020-03-26,1514.2379264831252,,,,,,,,,,,979.0758854746782,,,,,,,,,,,,,
2020-03-27,1461.987393495132,,,,,,,,,,,973.0561338732296,,,,,,,,,,,,,
2020-03-30,1482.5337892527386,,,,,,,,,,,971.8978761809922,,,,,,,,,,,,,
2020-03-31,1507.997923223571,,,,,,,,,,,954.5949677444078,,,,,,,,,,,,,
2020-04-01,1453.9313566735655,,,,,,,,,,,960.4505206612703,,,,,,,,,,,,,
2020-04-02,1464.3338997248065,,,,,,,,,,,1057.0491154682313,,,,,,,,,,,,,
2020-04-03,1450.3925622043535,,,,,,,,,,,1085.0619635420371,,,,,,,,,,,,,
2020-04-06,1523.0178622640233,,,,,,,,,,,1118.4044380611886,,,,,,,,,,,,,
2020-04-07,1534.797025680542,,,,,,,,,,,1054.5140256018058,,,,,,,,,,,,,
2020-04-08,1519.266335392349,,,,,,,,,,,1088.4018209326168,,,,,,,,,,,,,
2020-04-09,1522.1835790174082,,,,,,,,,,,1165.842066945741,,,,,,,,,,,,,
2020-04-14,1587.5364464444428,,,,,,,,,,,1227.5925748733134,,,,,,,,,,,,,
2020-04-15,1613.6089225361939,,,,,,,,,,,1210.4586514333496,,,,,,,,,,,,,
2020-04-16,1648.3489678518526,,,,,,,,,,,1215.9926157814334,,,,,,,,,,,,,
2020-04-17,1623.7947256565094,,,,,,,,,,,1220.2099845683842,,,,,,,,,,,,,
2020-04-20,1644.1666491020587,,,,,,,,,,,1248.103273481407,,,,,,,,,,,,,
2020-04-21,1606.9471592224581,,,,,,,,,,,1228.6550385328446,,,,,,,,,,,,,
2020-04-22,1627.1732324213372,,,,,,,,,,,1245.257071381202,,,,,,,,,,,,,
2020-04-23,1590.6572140134085,,,,,,,,,,,1247.7870035171509,,,,,,,,,,,,,
2020-04-24,1583.912592354187,,,,,,,,,,,1241.6460741024785,,,,,,,,,,,,,
2020-04-27,1578.699405103951,,,,,,,,,,,1278.8325333595276,,,,,,,,,,,,,
2020-04-28,1559.0070256681356,,,,,,,,,,,1264.256654889672,,,,,,,,,,,,,
2020-04-29,1601.9869719972994,,,,,,,,,,,1252.6034369358676,,,,,,,,,,,,,
2020-05-04,1481.8196082223585,,,,,,,,,,,1065.9178793430328,,,,,,,,,,,,,
2020-05-05,1512.0095792044522,,,,,,,,,,,1112.5698382854462,,,,,,,,,,,,,
2020-05-06,1513.1627251187747,,,,,,,,,,,1119.3853752666619,,,,,,,,,,,,,
2020-05-07,1523.1904941001121,,,,,,,,,,,1189.3118035661319,,,,,,,,,,,,,
2020-05-08,1559.383497631119,,,,,,,,,,,1215.4029498939053,,,,,,,,,,,,,
2020-05-11,1592.0697353297728,,,,,,,,,,,1265.4396493090026,,,,,,,,,,,,,
2020-05-12,1552.5046823965968,,,,,,,,,,,1227.5258458162425,,,,,,,,,,,,,
2020-05-13,1545.9148223624434,,,,,,,,,,,1242.1727005169305,,,,,,,,,,,,,
2020-05-14,1560.2360903764347,,,,,,,,,,,1265.2406562467659,,,,,,,,,,,,,
2020-05-15,1578.6951516660629,,,,,,,,,,,1288.657976641698,,,,,,,,,,,,,
2020-05-18,1668.5706858817139,,,,,,,,,,,1288.5538744926453,,,,,,,,,,,,,
2020-05-19,1683.538910099487,,,,,,,,,,,1308.5407694611058,,,,,,,,,,,,,
2020-05-20,1680.2091783544383,,,,,,,,,,,1285.0163546574404,,,,,,,,,,,,,
2020-05-21,1644.2400283813477,,,,,,,,,,,1275.650047302246,,,,,,,,,,,,,
2020-05-22,1548.5337097990414,,,,,,,,,,,1233.864196832641,,,,,,,,,,,,,
2020-05-26,1564.2135886817996,,,,,,,,,,,1270.9428717345872,,,,,,,,,,,,,
2020-05-27,1559.7988027716056,,,,,,,,,,,1247.6141913386527,,,,,,,,,,,,,
2020-05-28,1546.7217832369497,,,,,,,,,,,1258.838752596057,,,,,,,,,,,,,
2020-05-29,1607.832417572281,,,,,,,,,,,1283.3818814477854,,,,,,,,,,,,,
2020-06-01,1601.5311148527253,,,,,,,,,,,1302.8090634909531,,,,,,,,,,,,,
2020-06-02,1661.3575748850708,,,,,,,,,,,1304.7931751658325,,,,,,,,,,,,,
2020-06-03,1694.3368539288713,,,,,,,,,,,1310.1445021405016,,,,,,,,,,,,,
2020-06-04,1689.8099479675293,,,,,,,,,,,1329.2024574279785,,,,,,,,,,,,,
2020-06-05,1701.5345084670262,,,,,,,,,,,1333.249716901657,,,,,,,,,,,,,
2020-06-08,1697.276315689087,,,,,,,,,,,1339.840811615577,,,,,,,,,,,,,
2020-06-09,1710.9111180895998,,,,,,,,,,,1338.1415052391822,,,,,,,,,,,,,
2020-06-10,1733.7436070178228,,,,,,,,,,,1332.1643196963123,,,,,,,,,,,,,
2020-06-11,1668.0884893411858,,637.7237756345639,,,,,,,,,1264.938665294525,,,,,,,,,,,,,
2020-06-12,1686.753478603241,,634.7103912475395,,,,,,,,,1270.4127361675419,,,,,,,,,,,,,
2020-06-15,1681.9824905395508,,640.4599952697754,,,,,,,,,1329.0475425720215,,,,,,,,,,,,,
2020-06-16,1725.3071913814056,,639.6238084659344,,,,,,,,,1342.5342015409042,,,,,,,,,,,,,
2020-06-17,1737.8926960229874,,631.4072143528028,,,,,,,,,1351.7975930371613,,,,,,,,,,,,,
2020-06-18,1732.4125636107492,471.11641983976733,634.4068076133117,,,,,,,,,1374.8321886068734,,,,,,,,,,,,,
2020-06-19,1709.9599952697754,454.4599952697754,640.4754867553711,,,,,,,,,1415.6924858093262,,,,,,,,,,,,,
2020-06-22,1715.9297454882035,457.9480928850189,648.2108328056274,,,,,,,,,1421.9718041801025,,,,,,,,,,,,,
2020-06-23,1772.8125,464.3799858093262,674.3584995269775,,,,,,,,,1452.737476348877,,,,,,,,,,,,,
2020-06-24,1753.2276621819765,463.7659933090363,678.0717360111812,,,,,,,,,1442.6810929769126,,,,,,,,,,,,,
2020-06-26,1672.0761450200662,462.37699456443806,679.1089310941315,,,,,,,,,1514.720668731461,,,,,,,,,,,,,
2020-06-29,1666.4050331115723,461.7450141906738,670.5919990539551,,,,,,,,,1466.299976348877,,,,,,,,,,,,,
2020-06-30,1671.7180720800025,466.407026014389,665.5561533182954,,,,,,,,,1460.1375940310681,,,,,,,,,,,,,
2020-07-02,1733.0118925125134,475.80320268123614,667.9536022744978,,,,,,,,,1518.0129743293,,,,,,,,,,,,,
2020-07-06,1860.0312423706055,490.1182453729907,682.0734816479126,,,,,,,,,1524.605617790381,,,,,,,,,,,,,
2020-07-07,1833.118013702362,477.98565461984253,688.7117135746521,,,,,,,,,1523.7100840161438,,,,,,,,,,,,,
2020-07-08,1997.1488353311142,506.7276819310755,704.6134942487188,,,,,,,,,1581.8771385700238,,,,,,,,,,,,,
2020-07-09,2027.2763281615335,522.048098907544,749.0646173019923,,,,,,,,,1548.5514908406185,,,,,,,,,,,,,
2020-07-10,2022.8589394199662,508.4853886223573,750.9246295850608,,,,,,,,,1519.256046085211,,,,,,,,,,,,,
2020-07-13,1950.8049027416564,482.91470909008785,739.4718980636244,,,,,,,,,1651.134202090936,,,,,,,,,,,,,
2020-07-14,1926.693911191498,481.5572205265962,737.9536735431975,,,,,,,,,1836.5520678018947,,,,,,,,,,,,,
2020-07-15,1931.6017891324373,484.8187760584642,732.0104885370893,,,,,,,,,1854.8678102328267,,,,,,,,,,,,,
2020-07-16,1879.9085307121277,478.38826271809376,697.6980113983154,,,,,,,,,1795.3319989409938,,,,,,,,,,,,,
2020-07-17,1916.2493587757417,481.7373755828321,709.1068780920359,,,,,,,,,1928.1125099734272,,,,,,,,,,,,,
2020-07-20,1975.490945961792,491.5275310559082,730.1432081338135,,,,,,,,,1968.8235332403565,,,,,,,,,,,,,
2020-07-21,1999.189188230972,485.3402065049668,731.5528880625825,,,,,,,,,1923.9192758842546,,,,,,,,,,,,,
2020-07-22,1950.8738493418423,479.3088621522202,720.9940230652137,,,,,,,,,1828.411341805404,,,,,,,,,,,,,
2020-07-23,1952.7752987807617,469.19945881018066,706.1560312489746,,,,,,,,,1806.7900608148193,,,,,,,,,,,,,
2020-07-24,1930.148347377777,471.917403413574,695.0549494892257,,,,,,,,,1739.76907549295,,,,,,,,,,,,,
2020-07-27,1944.3857024675017,486.6002221573581,700.5400442109021,,,,,,,,,1736.1970672607422,,,,,,,,,,,,,
2020-07-28,1930.4364332474142,476.62131325446353,698.042083240216,,,,,,,,,1664.5702427625656,,,,,,,,,,,,,
2020-07-29,1956.5379145377738,485.0850063371963,701.2381034476311,,,,,,,,,1615.9166572093964,,,,,,,,,,,,,
2020-07-30,1958.7654125601694,482.7549920464662,699.4018695301202,,,,,,,,,1606.9098862071405,,,,,,,,,,,,,
2020-07-31,1945.3798970218195,494.36611943235766,710.5418044855105,,,,,,,,,1619.7290716171265,,,,,,,,,,,,,
2020-08-03,1999.0350189208984,500.1074905395508,726.9344730377197,,,,,,,,,1717.9424858093262,,,,,,,,,,,,,
2020-08-04,2032.2336338128662,500.46269643762207,743.7261788415344,,,,,,,,,1725.6933070140076,,,,,,,,,,,,,
2020-08-05,2053.105456014411,507.79306453637764,745.3057163019912,,,,,,,,,1759.3728128374569,,,,,,,,,,,,,
2020-08-06,2059.312208053161,503.1239334957354,747.2525389852126,,,,,,,,,1736.7114612647856,,,,,,,,,,,,,
2020-08-07,1953.87590403801,480.98983876283273,723.1123498451998,,,,,,,,,1708.963214635849,,,,,,,,,,,,,
2020-08-10,1922.9975991628598,476.5450500678344,707.3853515700903,,,,,,,,,1622.7641082954651,,,,,,,,,,,,,
2020-08-11,1925.237572794089,474.1407139491821,704.4841315297781,,,,,,,,,1623.2227949383014,,,,,,,,,,,,,
2020-08-12,1977.6969652650296,487.468713283386,735.5119827939852,,,,,,,,,1652.5111149315344,,,,,,,,,,,,,
2020-08-13,1966.583711072235,484.7475425634002,720.6414596919785,,,,,,,,,1669.410402236099,,,,,,,,,,,,,
2020-08-14,1968.1608183045028,480.9389396375609,715.1157336626566,,,,,,,,,1632.991487349951,,,,,,,,,,,,,
2020-08-17,1991.5915010020399,519.1345340080989,735.6394961451588,,,,,,,,,1732.1793676074958,,,,,,,,,,,,,
2020-08-18,2008.8518814111303,544.994047203003,743.7401489804724,,,,,,,,,1797.736396428496,,,,,,,,,,,,,
2020-08-19,2019.6245361368492,562.3544781870733,737.3849875139349,,,,,,,,,1819.9794319967114,,,,,,,,,,,,,
2020-08-20,1999.4739197073213,573.0941807384952,742.9762123712862,,,,,,,,,1823.9958094325411,,,,,,,,,,,,,
2020-08-21,2060.1093484805315,581.1400036069026,751.777201161749,,,,,,,,,1864.1743117167352,,,,,,,,,,,,,
2020-08-24,2139.1521509076265,590.3942395305603,763.9785355863278,,,,,,,,,1839.7701181459488,,,,,,,,,,,,,
2020-08-25,2216.643057823181,612.0570104271319,796.9994424671022,,,,,,,,,1944.1354423313896,,,,,,,,,,,,,
2020-08-26,2262.7775015042425,622.9690871325838,796.7463486000197,,,,,,,,,1931.8397181208347,,,,,,,,,,,,,
2020-08-27,2202.5165222071228,614.6305334112549,793.4856586299866,,,,,,,,,1895.433707906952,,,,,,,,,,,,,
2020-08-28,2239.7789392471313,619.6979997633971,781.4735942554107,,,,,,,,,1882.964381027894,,,,,,,,,,,,,
2020-08-31,2224.5829506011505,609.4875191495667,755.2096149582794,,,,,,,,,1872.2521058966522,,,,,,,,,,,,,
2020-09-01,2309.491047859192,639.2950053835557,762.2715584973776,,,,,,,,,1831.317925023941,,,,,,,,,,,,,
2020-09-02,2294.631357209495,644.902450127327,765.1406027771882,,,,,,,,,1820.8554846103361,,,,,,,,,,,,,
2020-09-03,2189.4032883644104,612.5679218293153,752.2712344457614,,,,,,,,,1803.8358066082,,,,,,,,,,,,,
2020-09-04,2180.7726135253906,620.0,752.137523651123,,,,,,,,,1861.3174858093262,,,,,,,,,,,,,
2020-09-08,2092.681953524443,590.7126418114931,709.5061402698848,,,,,,,,,1838.0137765888066,,,,,,,,,,,,,
2020-09-09,2116.9670266377652,598.2379410796275,731.6343643370528,,,,,,,,,1861.830463585,,,,,,,,,,,,,
2020-09-10,2073.6728982375353,577.6521981899568,712.3111244350221,,,,,,,392.645387782959,,1846.580416917801,,,,,,,,,,,,,
2020-09-11,2105.0316527289688,574.909823141159,706.368696449892,,,,,,,398.05026618969714,,1934.372338394387,,,,,,,,,,,,,
2020-09-14,2124.3079839713755,593.5816748996149,721.4586575885187,,,,,,,404.3237547109311,,1938.8475469777768,,,,,,,,,,,,,
2020-09-15,2154.2454687292193,596.7653841972351,740.1130966305354,,,,,,,403.01038932800293,,1979.711054497253,,,,,,,,,,,,,
2020-09-16,2155.532327782712,581.933220949868,735.1315109802817,,,,,,,402.75764653182705,,1977.2091189661296,,,,,,,,,,,,,
2020-09-17,2137.023012619873,576.4195800609741,728.5812925979553,,,,,,,403.1138938319855,,2035.4887953533325,,,,,,,,,,,,,
2020-09-18,2111.150250386825,577.3675398826599,722.3991418174046,,,,,,,397.5698571205903,,2123.1625005730602,,,,,,,,,,,,,
2020-09-21,2122.050348957506,582.2424681335215,743.8102995010995,,,,,,,393.0698758695071,,2100.7383983931213,,,,,,,,,,,,,
2020-09-22,2133.4699998370197,581.2424898147583,750.6243230053951,,,,,,,396.79487895957936,,2083.172988892824,,,,,,,,,,,323.713320875122,,
2020-09-23,2115.33526253578,578.0650024894567,730.0095609856508,,,,,,,390.2849618911132,,2128.742437935609,,,,,,,,,,,340.84059247975165,,
2020-09-24,2090.3805755127396,563.5727275847166,728.8160816097443,,,,,,,398.2673492909089,,2143.3898622028646,,,,,,,,,,,328.98325514785756,,
2020-09-25,2100.9474716186523,578.6924858093262,731.8170108795166,,,,,,,398.5825023651123,,2188.599952697754,,,,,,,,,,,330.84748935699463,,
2020-09-28,2139.047173351166,589.7666058065188,719.096795068519,,,,,,,402.99427223205566,,2175.0065392739343,641.0708979033079,,,,,,,,,,343.0101117803515,,
2020-09-29,2146.2351738445577,582.4975545886846,698.6870307541321,,,,,,,399.59517364515705,,2181.343117999175,640.0807418342738,,,229.3254642009888,246.99569783219158,,,,,,337.28436145787055,,
2020-09-30,2278.286349475573,601.4619986580583,704.7203171991314,,,,,,,410.3519267795946,,2219.852789706696,644.5508688787304,,,231.87402273176576,251.7910216757282,,,,,,335.10137388195835,,
2020-10-05,2234.092414855957,592.1000118255615,702.3050212860107,,,,,,,415.01249408721924,,2371.8100662231445,655.7275047302246,,,225.36999940872192,255.12998580932617,,,,,,353.9424858093262,,
2020-10-06,2266.0401807507733,594.3521265698946,692.7778659534088,,,,,,,413.15571358688976,,2293.0102384659695,659.3751259232668,,,226.68925738334656,251.72194789883724,,,,,,345.57518021584474,,
2020-10-07,2297.8453097343445,605.422198676788,673.7763131139218,,,,,,,413.6121474743959,,2305.9826099884813,701.5984252454073,,,224.2821062087478,249.15929245933512,,,,,,344.5605408669435,,
2020-10-08,2329.131038864507,605.6484629866718,685.2390907576992,,,,,,,416.3203523442935,,2336.493226181832,711.433520984101,,,224.12480171202242,253.574127464075,,,,,,344.9444855359234,,
2020-10-09,2322.936900788918,618.3597233580076,702.1354724886478,,,,,,,418.41386287662317,,2423.064934844384,720.7350997924805,,,231.79770671846927,261.7895783998538,,,,,,345.5653570937866,,
2020-10-12,2374.128836498334,653.4783089447083,709.123167514801,,,,,,,417.7239323615722,,2383.506246042496,712.7656675624603,,,234.35939260483246,275.3567789745575,,,,,,336.50411623004766,,
2020-10-14,2334.0234105574345,628.7845125626372,694.4541264858017,,,,,,,414.0984137101059,,2356.43003567736,705.5412049293518,,,224.92033534600068,270.89679924525444,,,,,,325.0916806373825,,
2020-10-15,2320.7521045702742,621.9206628799438,684.5389818187687,,,,,,,413.373810005156,,2356.478760336293,684.5389818187687,,,222.18648538587877,266.5927944180148,,,,,,320.1438434597949,,
2020-10-16,2381.6432492590684,631.7775250626619,686.0273147774751,,,,,,,414.4683898735184,,2453.717875276052,700.9073020362121,,,223.5091348075821,260.1664891672226,,,,,,322.5537414265,,
2020-10-19,2366.049536005521,624.7412270403947,676.9773578402783,,,,,,,409.2089822767866,,2336.831242864646,677.9073995544604,,,223.20489673601514,267.8458938219501,,,,,,322.63959498900476,,
2020-10-20,2401.018174157216,639.9150171709152,684.864866585649,,,,,,,416.40588236333315,,2324.2159434797213,678.4323773288452,,,231.87910177230606,283.10639315131993,,,,,,327.59123372553404,,
2020-10-21,2387.1371347871172,640.4816511645731,683.9658890126339,,,,,,,417.1695923515472,,2345.280701021402,659.5495965579903,,,236.95418772183984,290.9800625716707,,,,,,332.0614177133484,,
2020-10-22,2373.6087973978574,630.1362357668986,678.6500016070022,,,,,,,423.9140771387483,,2354.3118705684756,671.8301987118612,,,240.01130703462968,292.1674736498262,,,,,,337.03882393326603,,
2020-10-23,2402.9648193829344,630.6696603646851,665.7930649853515,,,,,,,428.53594770591735,,2318.296495437622,676.1051750076294,,,234.69844808738708,296.41630086738587,,,,,,337.81999196899415,,
2020-10-27,2459.167095779907,643.6761570447998,685.6263481826172,,,,,,,418.5717114620056,,2338.1239110132447,686.1691398149414,,,231.61795996064757,293.88419113800046,,,,,,321.56668270623777,,
2020-10-28,2386.7197401633603,620.6680510722654,668.4117154680789,,,,,,,404.7363342101744,,2319.289426759584,654.9256882667542,,,226.16250631350704,283.6719430914309,,,,,,310.56653407078556,,
2020-10-29,2422.3712795255124,643.5683223725282,683.6363258837737,,,,,,,420.2104388238222,,2321.154990673065,652.6359253405608,,,233.89802446368412,290.8612486361235,,,,,,316.3590851783447,,
2020-10-30,2361.7832361780747,631.8965504026091,672.7466198028305,,,,,,,412.60861719542845,,2298.453948710943,636.00485799749,,,224.63643885547026,283.6248261501587,,,,,,307.1891805521027,,
2020-11-02,2409.8151029873407,638.1932212058746,653.7759440278751,,,,,,,408.1738847772067,,2318.0244636535645,635.247258230811,,,227.38346937159804,295.29616111794894,,,,,,304.8318434898101,,
2020-11-03,2213.45310607212,640.9302029300306,665.8884321583173,,,,,,,411.96565797481526,,2325.2999782562256,655.7345820411683,,,225.3215655276108,282.83400036502826,,,,,,301.74642954380033,,
2020-11-04,2292.6691106102226,692.4293347807543,726.3104027185364,,,,,,,428.2812525038298,,2359.268210516282,684.9863659572984,,,235.07398715878298,293.9200167222061,,,,,,315.1635235118483,,
2020-11-05,2231.3229100704193,710.2236565143394,710.1461553081608,,,,,,,434.4003838177705,,2326.314067840576,687.8135023937066,,,242.63456437511923,310.0201178912139,,,,,,323.28010097855804,,
2020-11-06,2325.818457867106,717.1693130359599,713.6800276030153,,,,,,,443.5299621612703,,2275.417326475581,682.7415035132071,,,243.08853666935738,328.61538495493187,,,,,,320.5511968332703,,
2020-11-09,2252.5750224645017,657.9476081105531,681.052499072277,,,,,,,444.8085470545484,,2170.9324645996094,683.2234812255774,,1359.003713374841,239.81050640207832,315.09533584391465,,,,,,348.66726993967313,,
2020-11-10,2066.2901711371815,620.801813549384,678.7112815687797,,,,,,,444.4376660054768,,2190.093936041114,667.3154348796452,,1348.6624599341449,232.80068008101898,296.4468262901264,,,,,,356.1392833392438,,
2020-11-11,2059.7438246984093,642.3082055913692,694.6450064050441,,,,,,,456.22183227593996,,2209.7760343551636,762.9542636926271,,1351.1423144142755,232.06525397410587,305.18170547705085,,,,,,368.9938309198151,,
2020-11-12,2049.4491837166424,669.7870549570034,677.2308495853358,,,,,,,447.4035055667573,,2199.4107442852546,767.6420531272888,,1319.5688785739767,238.5893568295487,316.43912365980395,,,,,,352.88271261981026,,
2020-11-13,2022.498529572913,713.9689883492247,684.4270085970493,,,,,,,447.8588917096422,,2155.941187526216,802.5172548294067,,1344.3521310228389,253.7815399343308,322.6352025436645,,,,,,361.3265975894319,,
2020-11-16,2002.7651764025213,661.0497651362239,675.3158819147648,,,,,,,450.0813675854952,,2170.6249350453145,815.1861384180665,,1379.396706421685,257.7210268839626,307.73004472273897,,,,,,367.275696502933,,
2020-11-17,1991.0601291247585,674.308839921272,673.3784166523365,,,,,,,448.14361142856615,,2204.5098391321517,806.5034181959236,,1389.4778663144898,256.4808249534908,313.3903839526829,,,,,,386.8146158436357,,
2020-11-18,1983.2683065742458,668.6349928379059,662.8207755088806,,,,,,,463.664461911485,,2199.4796635846433,805.6179389148747,,1369.0544210573717,252.64712485348355,306.29295588109017,,,,,,398.0800679648746,,
2020-11-19,2014.7402239084477,667.0061985418215,691.6584520558536,,,,,,,467.0748841762543,,2185.4453495204507,803.3687794908838,,1400.6044559150905,232.49088248200678,316.137978531915,,,,,,415.21214004829744,,
2020-11-20,2098.9389005502453,680.2131243745571,724.9456606109852,,,,,,,466.00880233446514,,2203.0565009513957,808.6737072070537,,1388.1030882199484,233.5083243201143,324.9889858961178,,,,,,406.7013990283049,,
2020-11-23,2093.9466626512585,678.7826241630246,734.8310571023103,,,,,,,463.89165676150515,,2122.3973412105406,813.6709181956176,,1359.3483395233925,226.67432992884824,299.5450081621093,,,,,,398.38555977687065,,
2020-11-24,2170.3058812144154,696.3026130097351,755.994530327087,,,,,,,468.00031336549364,,1985.958571665862,824.911643866013,,1342.6035588604282,230.70547754338077,290.4749482086336,,,,,,406.60290255714426,,
2020-11-25,2152.71881576709,683.9060474824219,727.0813430828857,,,,,,,455.08468654504395,,2047.60985077417,826.9968842731323,,1308.436342625122,228.35623672357178,294.94076385391236,,,,,,398.2669399657898,,
2020-11-27,2142.9136203079834,692.9901151110535,723.4503093312378,,,,,,,452.640891648407,,2215.8477356631774,838.160692939331,,1306.3029254484863,228.72315868393707,302.0447883423767,,,,,,397.45588638220215,,
2020-11-30,2041.1637081840308,661.5026164524534,700.4100097764531,,,,,,,436.97151598026903,,1981.7177345001255,858.5970750230772,,1277.665053418168,218.87327558506695,288.00747001640775,,,,,,385.8183951753599,,
2020-12-01,2046.3970839523245,661.6433084876771,697.4539209597206,,,,,,,450.8878838803066,,1910.5958479089459,844.3393308357117,,1253.9133092264383,222.8472936153412,301.0570058443009,,,,,,398.64474360502936,,
2020-12-02,2025.7266160150466,654.1053172536158,683.1749429888987,,,,,,,438.9125808218687,,1759.6813445091248,834.8021510409017,,1224.4902070173048,224.96014723864755,303.4093689430083,,,,,,389.9205739483641,,
2020-12-03,2069.086309697799,668.9200745886992,680.858161462631,,,,,,,440.3911224106596,,1715.5950689934543,838.9989703340907,,1256.521628115006,223.25758991088878,301.78535672248836,,,,,,396.90239849243153,,
2020-12-04,2071.5082532167435,660.3247638874745,677.2998521104273,,,,,,,439.95811029232755,,1727.587538229127,837.1296215057373,,1254.764326082368,218.7388642970427,297.18101681727603,,,,,,390.89302840746313,,
2020-12-07,2046.124122619629,647.0867372216671,692.96956551724,,,,,,,442.6293556502351,,1733.0826375296601,831.4704294580442,,1249.3757663712458,218.79576910951073,286.37987837827313,,,,,,390.08117741670867,,
2020-12-08,2062.4103789395595,635.643135444443,710.0508048920747,,,,,,,443.42326849864185,,1767.8799738950038,842.5119507765194,,1240.2830703578802,215.62725732778927,289.95743178355406,,,,,,363.3575185021364,,
2020-12-09,2044.813940603577,634.217906512793,689.9503473978912,,,,,,,439.96831390149237,,1724.2944499450532,822.8089952966766,,1243.32129935376,217.34870136387326,283.080399933493,,,,,,360.90426189612117,,
2020-12-10,2053.1159308317,633.367704614302,677.240713643132,,,,,,,444.62088275995484,,1766.933887548912,865.9875354974793,,1259.3715933769272,217.96965591548997,278.04306868879394,,,,,,364.47130209987336,,
2020-12-11,2050.5474736426113,640.3406765612381,684.1359286242186,,,,,,,440.200306736293,,1769.250191807747,843.8916680898146,,1240.2966636248675,217.0383586883545,275.5611959208527,,,,,,360.3612021326171,,
2020-12-14,1984.5423412975797,619.7867615116484,673.4251219906946,,,,,,,439.88117957115173,,1767.7409821862238,843.1766374763974,,1244.3017659840116,209.28267574310303,276.17562815795463,,,,,,360.27624713842306,,
2020-12-15,1977.510626817726,616.2521831989288,663.3819241076199,,,,,,,445.484449317024,,1854.4927760212086,875.3106339425358,,1253.43366217125,206.9677202713774,267.8952993414914,,,,,,363.86008343476897,,
2020-12-16,2029.9619336923934,633.8156142623666,685.1285808698958,,,,,,,448.17439314805597,,1919.429743157525,911.3861336062473,,1286.2341799669957,213.62307334835805,272.9197519148329,,,,,,369.96478195612326,,
2020-12-17,2049.702643613098,641.1182863985596,704.5247407141724,,,,,,,451.8291127408447,,2019.0071658723755,957.7629643215332,,1283.5542966028443,213.78361124028015,282.4610051326599,,,,,,369.89681717089843,,
2020-12-18,2015.5433940887451,632.0278863833664,734.8206160421432,,,,,,,451.48173328750454,,1994.4576998875855,970.9492696523666,,1324.9097264032607,216.6709207789154,277.67986061986085,,,,,,373.26314423403164,,
2020-12-21,2018.889775184216,625.1325685106567,720.4063767630432,,,,,,,446.60079273354495,,2026.5645547009772,997.8554760768311,,1314.220292393933,217.83513822637178,272.332688066861,,,,,,360.93965114887396,,
2020-12-22,1983.3554068995,641.8402641511202,717.11829662323,,,,,,,443.5279685759306,,2026.8476672427496,1011.7182455062866,,1317.9471397399902,217.07364654541016,264.9073608922481,,,,,,346.4650345003247,,
2020-12-23,1986.061060667067,662.5372053980864,717.7357400655674,,,,,,,446.1621351937483,,2045.6009733677492,1043.2674647569365,,1329.183279434852,219.010955452919,267.85233075420365,,,,,,345.6884437898789,,
2020-12-24,1721.0238904953003,654.9968686101092,718.3336936751002,,,,,,,447.3886808326097,,2044.4523536138731,1037.110693556766,,1336.9720347276816,217.22112702477716,248.15302633366264,,,,,,344.20478992822245,,
2020-12-28,1724.0615814802368,632.7606868622024,706.573694701201,,,,,,,442.8781949196946,,1958.8366419198792,1010.6648545238568,,1329.6426032876843,216.55441790209807,242.14086280187075,,,,,,339.98964521355447,,
2020-12-29,1832.1017647585904,667.9812434073028,724.58984742334,,,,,,,440.7714679152832,,1899.8770117759705,1006.3144813686449,,1302.8503114781415,216.9737057950897,252.7999497343444,,,,,,341.2799350995101,,
2020-12-30,1848.4211956668732,694.1174531428624,743.8191464340271,,,,,,,442.895326953676,,1977.2113180160522,1039.8580826114776,,1405.0606910291099,224.85932636260986,261.14697174187313,,,,,,349.85008845880293,,
2020-12-31,1804.1648414327938,681.4166425738222,742.4262621043454,,,,,,,442.57196306261903,,2003.0859294638503,1049.1800262752804,,1440.4325653595151,226.053570518161,266.2873745885008,,,,,,349.08066041680286,,
2021-01-04,1766.5233293717029,669.3173498971737,750.0261511166173,,,,,,,442.309202954857,,2023.6131626041606,1006.1856018792605,,1349.0237045288086,217.47191886672226,266.08329383758246,,,,,,352.37430114975723,,
2021-01-05,1863.8259149367077,740.413391828537,787.4742197075211,,,,,,,451.3032760258684,,2084.6320042948355,1043.7890948395361,,1395.543565750122,223.4420285501801,276.16255734121114,,,,,,362.76380399503614,,
2021-01-06,1764.603413998375,683.6374903019714,803.2624239318466,,,,,,,449.8145539010238,,2033.2362697011558,1004.1362027476498,,1334.7134545999143,220.7983141695786,270.7260130068971,,,,,,358.2545667003251,,
2021-01-07,1759.1329907240288,681.634964670593,867.4719900971832,,,,,,,450.13339182298296,,2020.7160017819842,1084.010552065156,,1315.5120361878653,218.63178940040598,272.74702871411137,,,,,,364.6964289119569,,
2021-01-08,1831.1810375716013,709.7096071938322,888.2611827221299,,,,,,,464.1720887009051,,2165.02518928051,1130.6974598965462,,1393.2140372661597,222.9762755210113,282.28672090007785,,,,,,371.8338624736025,,
2021-01-11,1763.106563790061,700.8381484579768,846.7750165806574,,,,,,,463.555044617111,,2162.843457833529,1149.427294850837,,1365.9287378284062,223.32527942325578,274.8141599213941,,,,,,365.77268404640927,,
2021-01-12,1749.5505562139879,686.6365410374601,833.2854469858939,,,,,,,451.26924516454346,,2240.6809207304323,1173.5017545119917,,1356.3669030355086,234.82442646376785,277.865239081184,,,,,,349.83255551172624,,
2021-01-13,1824.5373612051844,701.2799033646297,830.0753402119517,,,,,,,452.9163859218079,,2404.8535341766546,1191.4158554065943,,1366.1931064848613,232.15745372036963,280.5429724991882,,,,,,357.075830861786,,
2021-01-14,1883.9210621688544,691.9133859561771,812.3236761455846,,,,,,,445.74297032926916,,2604.8321469970106,1271.0147804488079,,1365.5287435365608,230.66364550590515,274.23774437541215,,,,,,355.02818618132005,,
2021-01-15,1887.5941372418674,680.4983427274092,814.7062758885804,,,,,,,443.1729139132385,,2674.854018688202,1325.0218419356534,,1339.8304824321822,228.87446914819338,276.32404519839474,,,,,,353.00318900194543,,
2021-01-19,1951.0675471355062,706.695069389305,853.6162891817476,,,,,,,459.6813012580642,,2765.375622097199,1431.9200428513868,,1357.4902363139117,233.67842680741887,268.8775075349731,,,,,,373.0016418046798,,
2021-01-20,2058.0730488011613,738.8411784695927,875.5860979019781,,,,,,,457.67689613523544,,2812.418186926516,1486.1321048488026,,1325.6660277830088,240.8540108865418,275.42783382174093,,,,,,372.09503173828125,,
2021-01-21,2015.4680156707764,737.1961739035796,899.4413515307388,,,,,,,459.75927222022256,,2767.315027815406,1412.6104918641431,,1417.7267082918625,250.0730569332427,271.080457570366,,,,,,373.24918473041544,,
2021-01-22,2004.7186994951335,735.7043643294746,905.0768078838191,,,,,,,455.1739490528562,,2902.9741208553314,1408.9307350070812,,1310.8730449924697,256.11286411431865,269.75566673156754,,,,,,372.07678985595703,,
2021-01-25,2026.1419814574765,762.6132024145845,963.460035297052,,,,,,,452.4673008042191,,2921.6970211377775,1390.1141573841887,,1331.9763328488189,265.41856128979634,275.57328238356786,,,,,,360.299474372081,,
2021-01-26,2061.2523904606933,751.6532668703003,945.1282036213379,,,,,,,459.96807682058716,,2777.6366454263916,1323.0864838825073,,1327.8923140300903,269.90374542193604,372.06719970703125,,,,,,359.0448453517456,,
2021-01-27,2017.3799053430557,698.3506178078387,923.1499156174395,,,,,,,450.1412122482834,,2486.047616538781,1216.706872188537,,1317.788987159729,271.38700134468854,333.5556382873765,,,,,,370.8413255694122,,
2021-01-28,2021.322903439519,708.579257117628,908.804586616785,,,,,,,441.99964934425043,,2467.973507307528,1215.7703056465398,,1294.5271983146667,256.89000336545723,325.8022548798326,,,,,,362.7001724210677,,
2021-01-29,1967.8221872137437,687.5710252108111,891.4622679418135,,,,,,,439.64540688760826,,2480.806427001953,1240.9459466880362,,1298.5471141338348,256.45337858661514,317.775811271129,,,,,,375.9972240924835,,
2021-02-01,2052.101900169655,707.6025985574415,916.7745190858841,,,,,,,447.95966675410455,,2690.3165735380026,1282.01128994162,,1342.1733637861325,265.6126298951949,318.25448887130733,,,,,,365.93452854373936,,
2021-02-02,1973.041846036911,739.7550072145168,956.4407778573477,,,,,,,453.5282828807831,,2729.3098538794147,1370.5081930605375,,1370.5081930605375,273.5124319044553,303.20498154323286,,,,,,379.7233348357604,,
2021-02-03,2041.9248648452922,740.2491364479065,952.8672939209137,,,,,,,443.9944464095461,,2825.116268741287,1343.6878777106467,,1381.9017292388307,275.1711449623108,328.8101257872622,,,,,,380.2787816828459,,
2021-02-04,2069.2762509810564,733.5016939414709,947.8240393432498,,,,,,,433.9155202669099,,2879.825545433414,1381.6620600223541,,1418.0929574451147,267.41846323013306,360.3560812875912,,,,,,392.213734243378,,
2021-02-05,2059.606794300271,749.2016007980346,961.4650310718534,,,,,,,444.9159735521316,,2883.077359841729,1376.2238432800295,,1430.6463085102077,274.12840675506595,373.2828895845414,,,,,,446.15637237834926,,
2021-02-08,2035.7184437709366,733.1501401083115,962.3128388671066,,,,,,,462.51176259003296,,2861.045269435417,1423.3517038495484,,1449.167291561229,283.8175654378647,388.7083398136383,,,,,,452.12346500321655,,
2021-02-09,2065.8810675264103,752.5050919096939,1026.5450005777311,,,,,,,473.34873894992234,,2875.0547093809,1425.085122679906,,1448.9618824228382,285.6681938376387,397.06718705444655,,,,,,444.20048756432334,,
2021-02-10,2075.8090182539017,765.628452228797,1015.85111279985,,,,,,,468.97360467910767,,2923.139655981475,1393.8981326985522,,1474.204904181941,287.3529154104981,426.18460447236794,,,,,,443.0831598660843,,
2021-02-11,2084.7991232806235,767.467812538147,1026.9339602401888,,,,,,,478.69835782051086,,2922.889601993287,1413.458663286423,,1492.0659678390657,294.04095316954044,422.1848117998961,,,,,,474.8222577571869,,
2021-02-16,2098.5828853903804,801.8338333518768,984.4035826192412,,,,,,,498.868856235611,,2962.3584992862307,1377.606780616974,,1525.6006402043276,290.09591498883674,411.8090713093552,,,,,,471.03763148853614,,
2021-02-17,2099.4957124716893,828.5422852268312,983.7389592202453,,,,,,,497.52849443499144,,2771.446183520602,1370.5677612368163,,1514.601421156549,286.12927027670594,402.41046973196717,,,,,,448.7679043661774,,
2021-02-18,2050.613865843392,817.3460833986283,963.7908047477722,,,,,,,490.7332477073669,,2628.6402511827473,1329.3211942750931,,1488.7125765245437,286.3773414672851,392.66413972759256,,,,,,439.2566520591736,,
2021-02-19,2043.5605203907471,822.4945223133545,960.4943857557373,,,,,,,485.0151778831787,,2721.542973961914,1359.5310105913086,,1494.5072867703857,286.31090591516113,406.5568207130127,,,,,,458.1129524616699,,
2021-02-22,1969.1984796524048,757.1335855680081,910.6379984925843,,,,,,,476.7941200733185,,2553.445600049745,1293.0811070877462,,1430.072302274093,279.0214826296233,375.69825402008064,,,,,,442.68200859603894,,
2021-02-23,1959.7476192712784,771.2605265328748,932.3823984861374,,,,,,,466.1524224623263,,2577.872575158821,1253.618123561464,,1415.5154128175054,274.170828935974,379.23345503273777,,,,,,443.82178839350854,,
2021-02-24,1941.0362257825618,747.2144649127658,911.048014163971,,,,,,,467.7747094697115,,2596.6806330461113,1216.5398115892021,,1420.226919882858,268.972377533737,364.0315315750886,,,,,,456.3769078276673,,
2021-02-25,1862.4757321314246,723.960116541748,842.6039888642117,,,,,,,466.5107135384369,,2556.8913412636175,1142.9357373353196,,1383.6353625492484,264.1958096442795,367.0204950462721,,,,,,451.54452634128575,,
2021-02-26,1843.5672335601193,727.85861909507,851.7659087836837,,,,,,,463.99338024198914,,2481.248016357422,1143.8553686690066,,1377.2476892185514,261.61660073934945,356.1366317141037,,,,,,450.8117442393341,,
2021-03-01,1874.6637225786108,760.2901648303887,857.7891187907371,,,,,,,464.147777367627,,2477.3423301215516,1256.7049578943552,,1446.04055004142,273.18324271039455,373.93990415933513,,,,,,444.4463105152281,,
2021-03-02,1818.0912059107359,747.4943554340207,854.1352319656216,,,,,,,459.9905842573244,,2376.8117898644705,1147.9211308833765,,1458.071620941162,271.91485655613724,367.8528586500397,,,,,,446.34053549331657,,
2021-03-03,1832.8172805287395,726.2384379492032,831.815294323631,,,,,,,462.4126517769546,,2362.485589868127,1091.219362736687,,1427.4983607508693,269.9540306035615,356.2151972064821,,,,,,440.4594788557588,,
2021-03-04,1787.758009672165,704.0120977724837,824.1525810274507,,,,,,,459.000084850235,,2243.1903416039277,1032.0909823904803,,1370.7178542786787,267.4268778964233,340.72108421031953,,,,,,427.200496512909,,
2021-03-05,1814.8227265110472,703.1478083293769,840.0218596847844,,,,,,,468.8169058057247,,2337.721964405151,1064.9639568328857,,1415.606753257569,271.2651290045469,346.60792715277057,,,,,,428.0029996094818,,
2021-03-08,1759.9872235350194,662.7222588432924,792.5338438669132,,,,,,,473.36195690892055,,2288.0067522785976,990.3567141004023,,1375.7542338902276,248.05502019985215,320.33644671976435,,,,,,429.4185658931201,,
2021-03-09,1850.0048576337067,695.5191612923081,859.8242157229797,,,,,,,477.68876330153034,,2438.5509154617466,1049.8431845647065,,1444.4082913899038,249.44846418083034,335.44642026513975,,,,,,432.8641689336364,,
2021-03-10,1818.5522925255282,693.347321832036,820.4053319098966,,,,,,,470.66584922080074,,2368.0764333004918,1052.8664283757244,,1239.9220014810562,248.45008567286823,331.88771644545886,,,,,,426.34689151642306,,
2021-03-11,1868.8728592257685,698.5766109608303,841.2256042508088,,,,,,,478.4718154599759,,2493.0981789568614,1153.7651269747003,,1309.4527703229978,256.8923920462039,350.8793155473177,,,,,,437.80363940069583,,
2021-03-12,1798.9076557423687,651.8489601048714,837.504118846482,,,,,,,474.65033529533684,,2495.832263761258,1114.7843657599878,,1368.5569766494154,256.56564833388984,354.6300471325594,,,,,,441.13465544251085,,
2021-03-15,1787.5830355108337,660.8343742833786,831.2245776026612,,,,,,,486.56290518193055,,2525.8888014309923,1104.4698343694763,734.1914524405365,1339.8334396180726,255.7793238497925,353.43344561463164,,,,,,450.3113142230377,,
2021-03-16,1761.9434229998442,665.8629383391781,840.8693616825403,,,,,,,482.5487593629987,,2541.86341621686,1104.4659587144852,737.6046824455261,1324.5827718651417,254.90066395032773,353.1961920262311,,,,,,472.8434345939786,,
2021-03-17,1811.9317717853846,662.9151571166767,840.6605835381015,,,,,,,475.6185084581375,,2562.2053712118213,1089.4576030718235,751.5937284751817,1298.341439391479,256.096296999649,355.8014679576263,,,,,,471.7359083890915,,
2021-03-18,1835.8788615606318,651.483500646591,815.2473193944934,,,,,,,470.17073599147807,,2530.2252538881294,1028.8624823093414,760.9699869155884,1281.2249779701233,228.9121925094605,342.669452401924,,,,,,468.22948602485667,,
2021-03-19,1861.909351283226,659.9260862369156,846.9012805464554,,,,,,,470.1556068069458,,2709.5096086156846,1028.5964424837875,784.0844814509583,1278.8543019321442,222.1495023483658,343.3572546471405,,,,,,464.7202758802414,,
2021-03-22,1841.296090928954,659.8133194823458,854.643418713531,,,,,,,474.9227014136886,,2764.118396972044,1075.4871535301208,797.8794586658478,1268.8418362640368,213.00081552017218,336.70125367141736,,,,,,459.8581266780093,,
2021-03-23,1845.7214708752363,648.5303368669665,827.3013319059828,2031.1710855212004,,,,,,467.3518724966889,,2604.6053600494633,1026.030687922088,784.122946114876,1242.5440216064453,219.15369647841635,308.69453036785126,,,,,,431.39574657657613,,
2021-03-24,1783.209453973759,614.1311608978103,797.5860712703143,1857.7720303710375,,,,,,468.2682230389146,,2490.2330917962245,980.7302380708752,769.4697629638504,1209.310993381332,214.91095655093613,283.49294877052307,,,,,,412.4239766339415,,
2021-03-25,1730.2002963482664,611.4586161777879,788.8911835996623,1589.20207146366,,,,,,463.93482059829694,,2552.107485777742,1010.5264748721311,733.6571449159237,1243.736873596572,222.72289132736205,265.6827008388518,,,,,,412.35198632766696,,
2021-03-26,1765.4420336476614,637.5509577790435,807.445453326276,1620.5617909829743,,,,,,461.5971351859189,,2523.6358666397864,997.6153665778256,737.5300318403752,1105.4405212009588,222.7971455057923,272.90320349749163,,,,,,410.4812091092499,,
2021-03-29,1801.2855308933867,635.1811803076016,800.8907025552908,1590.2835405251317,788.8490208512267,,,,,453.7785185355988,,2513.455982390282,991.2275238729635,738.8953139467849,1071.3243468564615,218.38237401682272,268.25837582671375,,,,,,413.45819848454266,,
2021-03-30,1781.8983235359192,645.1365795135498,799.8139158595732,1696.2428071195318,816.5252969481808,,,,,455.7151607946944,,2588.2412447235547,1005.7911982102669,749.0579992727871,1100.6185975508415,220.59006729125758,287.66871957778494,,,,,,427.655601206694,,
2021-03-31,1762.8710378714604,655.6826209720457,802.8671572651365,1691.4947598272702,832.4128812556155,,,,,460.369578376587,,2706.39147335547,1037.4448643936776,725.192867652222,1088.5279846191406,226.64707383148198,296.54611906420905,,,,,,426.85848583251936,,
2021-04-01,1744.300280662268,655.473132483603,828.7680814368287,1708.070802709015,870.5952520622741,,,,,459.7097396063873,,2661.0763786397583,1018.1564264802,740.6045997953552,1127.3111963272095,234.0142582033386,295.1222895206665,,,,,,441.2062785625458,,
2021-04-07,1752.865910921173,631.8000018596649,803.9606376203155,1726.2720050811768,830.0880024433136,,,,,464.69374831604,,2500.7616548217775,1051.937273604126,731.8771435116578,1133.740827067566,221.30495353225706,286.85663609825133,,,,,,431.5680012702942,,
2021-04-08,1776.729779623609,639.4171902446105,816.8254987345063,1765.2865843815525,849.6760142375642,,,,,468.54784622225634,,2449.153089450323,1034.4017530217534,736.7231914309814,1140.4263339042664,220.84570682558297,284.367048364511,,,,,,445.58365369862076,,
2021-04-09,1736.6506405651453,625.3373601466592,808.3268720328924,1708.3428740486415,822.7918368205574,,,,,465.4450733251797,,2397.3726198583317,1031.4450112223858,732.0358327604699,1143.9761883467727,219.3074646201021,273.3566492013706,,,,,,427.6495574925175,,
2021-04-12,1897.8267477757254,611.7129624550398,814.7098737955093,1665.5080847475983,801.0989689826965,,,,,466.89291388473066,,2293.08736182742,1027.0400126109234,717.3335980437878,1149.5381559262387,221.89664208880913,268.0959460071608,,,,,,421.8602856528105,,
2021-04-13,1880.4141408965515,612.5786118281248,825.6595340319764,1683.502760714502,811.8221084095276,,,,,468.21837666373904,,2334.5618565740297,1253.8425934335392,732.3734546252381,1135.7580642247922,230.02792532330932,271.61795719687507,,,,,,429.81561798370967,,
2021-04-14,1859.4055687230866,607.1845952841613,830.8759841307983,1680.8721534067445,800.8742838492981,,,,,465.33717092976076,,2336.790046697861,1281.1345933657867,731.2330495101196,1140.9971493452758,229.67618659213258,275.3782595989105,,,,,,434.7914008213593,,
2021-04-15,1856.7490348472056,601.7795848745191,821.9428418530879,1632.6251522100138,799.8877139091492,,,,,464.40082215049733,,2390.4217016070324,1270.5013094918831,728.0531376600266,1145.4702699184418,224.90046080087268,266.60336585572077,,,,,,432.17235436481496,,
2021-04-16,1853.9290839088208,598.3773801197203,829.5262884661861,1658.7418265688175,803.7395193101802,,,,,466.80268957389853,,2373.159756777968,1276.0567834135218,729.2530008640824,1165.8417359918967,229.67314041092686,275.73204493522644,,,,,,445.1325034900892,,
2021-04-19,1824.5129648331786,597.9907479594112,830.1930504614138,1631.166462959838,821.5670579787111,,,,287.6106232097227,462.6171527985716,,2357.536809398327,1277.034757691028,732.7426953700196,1179.6621308018803,233.05709039203794,278.75150540952745,,,,,,446.7640086719912,,
2021-04-20,1785.179122524627,578.9329485180278,828.8331724932323,1615.1879572538674,781.5400295161744,,,,284.30227674011985,458.17629194259644,,2273.408635020256,1170.834601588569,706.9893226767272,1254.9371453289787,234.36882424833675,270.5569844269867,,,,,,430.5303897642061,,
2021-04-21,1780.7641984835209,587.6894432015688,845.443874739296,1665.8961925055846,808.4222605548712,,,,295.31936747161853,453.80615302994556,,2343.927746772766,1222.1798183627398,700.8499426711278,1276.7421004772186,229.42550643314735,277.0025763689573,,,,,,434.480378117134,,
2021-04-22,1780.3753109276586,590.8191078931122,864.3766421601104,1665.5649103999021,839.5360255912019,,,,297.5443083137361,455.98101577983107,,2414.66546820401,1276.808876135925,718.0497574806213,1264.5437957942195,242.58437752723694,279.9229755766755,,,,,,451.4786355189972,,
2021-04-23,1800.9036841000488,595.5677208900452,873.9132034190552,1714.4590711070923,905.2629641702515,,,,299.06424115128175,458.839348174115,,2466.4651950483094,1342.995567641803,726.8641996775696,1249.3342418670654,250.48762610187987,287.1916658045593,,,,,,457.8305606842041,,
2021-04-26,1805.961411109085,590.9149228315582,872.1699229990081,1679.9244705645906,919.3562093348846,,,,303.9944395962448,465.1107406029587,,2517.325416996551,1349.6981510037003,726.7306731920471,1258.8179596568298,251.91880756333921,286.99807920910644,,,,,,469.92249032619475,,
2021-04-27,1830.9515186491699,608.92020851091,866.8925086165618,1679.458717088928,932.5497748964845,,,,304.77054736159516,464.9555190498886,,2510.0303888735507,1375.1538935975113,730.1454881486206,1230.1026532649994,248.89206129218292,282.6519645395965,,,,,,472.87164062355805,,
2021-04-28,1837.4916689069214,613.6874201951141,886.997996598915,1675.337226341835,936.4438690110474,,,,316.158476037117,492.28505270613095,,2728.603615816406,1371.365529347786,739.9800745950852,1245.0728749478149,252.35236044249723,282.23723326480103,,,,,,468.45479403049467,,
2021-04-29,1817.79881034352,604.147617911156,893.4522454549406,1647.8798757912664,889.7263265473484,,,,310.65125756831367,490.27319230844114,,2765.7430787956982,1306.1014066491844,725.3186889951176,1211.7107108396158,248.4744157821424,275.4099537792663,,,,,,454.4109119051973,,
2021-04-30,1792.9410358260575,600.5712122044861,869.9587389143708,1632.861209488481,860.6427666268646,,,,303.3909499412475,488.46870830002445,,2667.014448613583,1290.3431285561019,719.8936153620925,1184.6842027524108,249.66869106089325,269.4651765939743,,,,,,457.72592867584535,,
2021-05-03,1791.878463247558,598.1989042862551,857.5324083562009,1591.72799595166,824.2904548946535,,,,299.4878158418578,482.318263600464,,2621.139724610839,1250.9985210886225,711.3611768488772,1172.7867889404297,251.4889899242553,264.61487113439944,,,,,,452.64909025048837,,
2021-05-04,1769.8941266030888,590.8448968800658,847.3591680815734,1553.0646307829593,825.8470380956423,,,,298.1405715653382,478.46942141561885,,2409.432503223419,1211.58920738913,709.0449472918699,1171.1278931155393,249.52479903987114,257.912171558899,,,,,,454.08387237606803,,
2021-05-05,1761.667826763849,586.8083162664916,836.5553116956144,1519.689070494729,816.2026590387177,,,,298.76419159178477,481.3941174824431,,2372.402092059754,1176.5685788230767,699.2915279350345,1126.3860845565796,250.29076565100695,252.4658465385437,,,,,,447.44715001193254,,
2021-05-06,1759.1452936198912,593.5037054706481,852.7682746538485,1494.2868133518496,808.8712086986634,,,,305.25934438573313,481.3914038671355,,2439.588493347168,1208.7617269489565,717.2700922334625,1149.8697357177734,246.13428093548282,255.92369942863297,,,,,,437.41665705155174,,
2021-05-07,1750.2531051572878,586.5767926032713,853.414448024414,1487.9987185079954,789.7928717089235,,,,304.66881037072744,482.48290181317134,,2423.445338729187,1228.4631307109375,722.5979305419314,1159.7922718603513,248.2716623521119,255.72912716394057,,,,,,445.89468729888904,,
2021-05-10,1704.7822034073179,554.4638664483646,819.5814526891481,1424.5217204665532,734.9363986110839,,,,285.85175419088773,471.76021242141724,,2355.4619108961197,1160.5689268589776,716.2989462709957,1120.5761332034308,243.37391159295657,244.77172199963388,,,,,,432.62158028128033,,
2021-05-11,1719.0954078279901,565.162882480945,826.6225353725895,1473.2440856358153,759.840452266144,,,,288.56077190164797,480.05454532154545,,2500.4458808898926,1165.2698844153201,713.5589144994447,1108.8934143535153,240.4155347302003,250.82111815234384,,,,,,445.18809605549905,,
2021-05-12,1708.2777608223405,553.5006541013718,812.8108339423379,1423.8755252506744,729.4556107325443,,,,280.6733926159304,467.8925493775878,,2428.799664933249,1130.7726857498346,707.6262814752845,1044.8538663387299,229.16869187355042,247.11376156299502,,,,,,429.90493027968296,,
2021-05-13,1600.466778136426,520.5710657589079,788.3510511649874,1392.4868772048649,679.4683315025541,,,,279.6622936834501,475.8375357034638,,2398.0596147529723,1177.98324450996,690.8847139591307,893.8942259540709,230.7349868530364,239.20018976879874,,,,,,419.9206009147674,,
2021-05-14,1627.4526842516862,529.3823961769485,818.2705565083161,1446.4607093057784,752.4764933743973,,,,291.3739155898056,490.3098390769501,,2482.6984020424425,1187.944888589409,704.2378415477142,947.683798789978,239.48435610157776,250.59244064187624,,,,,,438.886349439621,,
2021-05-17,1639.267582254448,529.8007044205551,814.7792911315155,1469.5542149972534,763.0497107329102,,,,302.2994095105896,492.9065044531708,,2514.009726073433,1196.0711696091385,714.3493928499374,960.0259072994995,239.77347030652618,249.09410140943146,,,,,,436.4389569475479,,
2021-05-18,1659.8094083221804,541.6203627620052,843.4956944660371,1466.8950372346444,784.8602554496028,,,,306.30207940726905,495.64399835089716,,2624.8474586177326,1223.810444079645,678.9281986129208,923.4107245693667,243.9388590883209,267.7036870869051,,,,,,441.9013537655337,,
2021-05-20,1684.9057386835339,572.2731215975946,924.5666653396911,1501.0328401583247,798.2317650296027,,,,320.6903726464079,506.19386348547414,,2672.290359024657,1259.3891836148687,638.6630420684814,912.3757743835449,254.53341932385229,283.4188575744629,,,,,,441.9004696251068,,
2021-05-21,1638.3110221085662,564.7073260545731,911.2163939639358,1471.1887122719345,795.0923928536758,,,,308.7066751297989,505.0152199921722,,2697.5544157584227,1278.8389273881912,608.9524124485397,861.6153016090393,248.62645998883818,279.9085491826172,,,,,,441.2091340083771,,
2021-05-24,1633.8730241737794,556.3740046444582,881.2230854034424,1467.1006179229007,785.5696215863281,,,,305.4389102575806,505.7521695623291,,2663.0794563293457,1262.7499742040527,595.8154862675292,704.2020366239012,244.1803234207764,275.0037010697997,,,,,,436.807130446643,,
2021-05-25,1639.2872402033536,565.3222999889986,888.7851468166045,1496.733770612991,795.612947567337,,,,308.78820056618497,506.1579913775786,,2720.317530345521,1220.8664268137509,600.4947957276308,850.9727412958528,250.16736446224968,277.96372183658605,,,,,,429.8344172756042,,
2021-05-26,1643.9422001304629,568.2149623489386,902.9339754447938,1512.756000732421,804.1949683952334,,,,315.70085302925145,511.2382421760558,,2692.0348390960717,1277.6298151798255,599.885975784302,814.2862418365476,247.46848740482346,278.9066205158233,,,,,,435.7091225852964,,
2021-05-27,1651.4581607377331,565.3647539945378,903.2794379503175,1512.2710912582697,807.3312225341797,,,,315.63545562548825,520.6510081633605,,2724.820579863619,1313.3104838005966,602.6261594992975,795.6870222091675,245.14923025033568,275.8122822223813,,,,,,434.7944271063534,,
2021-05-28,1660.3938742184764,573.7966127360996,915.1722001727067,1523.1141454516837,831.7489734585724,,,,324.76854983188605,524.9066980489806,,2782.1452859501587,1378.694954747727,598.0863309208908,793.8787299947362,249.02803330101779,269.20480187432076,,,,,,443.65634590647096,,
2021-06-01,1703.38428116867,607.9191564618304,920.2994127570346,1566.3251084084332,881.1063382825087,,,,311.75936207187624,533.1806870601649,,2848.364743192331,1396.9800281524658,596.5104767580415,860.6949291873934,247.73112558448793,288.5539881835175,,,,,,461.624285750122,,
2021-06-02,1703.8427206942288,593.8891824615785,895.4893115094455,1535.157786377793,868.4872691277924,,,,307.8850621823731,538.4884985110475,,2767.784199988906,1371.7489329006494,585.1213076642307,822.4752101898193,252.5619572092437,284.2970867863769,,,,,,461.439639188553,,
2021-06-03,1683.8961160473264,585.9188765432555,881.8265971112123,1473.8746641929902,816.500318547296,,,,304.05403850347284,525.9460135441986,,2713.5214006900787,1367.3510409247683,582.2724500437471,723.0884525040892,247.26212814087376,278.3735546965363,,,,,,445.56836274405214,,
2021-06-04,1699.1571705873866,585.1859345985031,887.8255271534726,1497.2164427386087,845.0789311481094,,,,304.4239289799498,528.7077048185347,,2740.591119377059,1330.264251809349,571.2215111083606,715.2875668281558,247.16988145362848,267.8837269733049,,,,,,445.61950342987075,,
2021-06-07,1682.521481327407,579.3024816725556,883.4595475963943,1465.477012983618,811.6285058731701,,,,292.28866626957097,533.6905777195134,,2670.5471101502044,1328.641241942285,546.1795619891927,688.0574202796779,246.6767327254256,263.3545743758241,,,,,,444.8714020381849,,
2021-06-08,1674.5906215769355,568.5941735727538,878.5742529319614,1463.229968335785,836.0538103580475,,,,290.7372370736848,537.8677482958374,,2700.201633453369,1311.8480170828407,541.5921903890994,663.4116082191467,248.37198205357345,278.16731160667405,,,,,,441.4208887330169,,
2021-06-09,1655.3633056610124,563.6864118896483,856.08322288208,1449.0248095848074,830.6304316040041,,,,292.4743979698178,532.3360038604733,,2699.3161269798293,1329.5984107986442,548.3992019660946,699.9519969635003,244.9056030792235,278.42881650085474,,,,,,440.4575999664303,,
2021-06-10,1653.423305603792,557.5560046043393,877.7336306251527,1476.029695635225,870.7496185783384,,,,290.0688168441775,536.4487945091241,,2739.202405011747,1341.238411141967,554.6072258308413,755.048045951844,245.2936119712831,276.1784093299866,,,,,,433.62882107849146,,
2021-06-11,1642.4322055752564,552.4700106877135,877.634911403351,1456.5682553547667,864.5973283198546,,,,291.17396183494566,538.1130384060671,,2692.19506753952,1316.413645128021,537.4922434077453,740.3517074745178,245.2318015138626,287.526517383194,,,,,,440.9516050306702,,
2021-06-15,1630.4857186787413,549.8600575198361,862.5910480074308,1446.0606393226626,862.4358340622712,,,,287.8149773245241,528.2041293987277,,2576.984027862549,1289.2682613151555,510.66199262763985,740.4948198501588,241.32058379356386,280.59631487770093,,,,,,436.53489774810805,,
2021-06-16,1624.9679875950387,554.9825812012677,845.3217895380294,1433.1422257074082,865.195255692619,,,,290.7273564200059,520.1263680458069,,2587.5122158732556,1265.0715884896126,502.6594377756119,649.7697823602139,236.77394366264343,280.2471804896086,,,,,,432.2483034555298,,
2021-06-17,1642.6381365612178,570.5760848522186,860.521879390999,1440.491114451288,888.0026938502488,,,,289.2471287605531,510.956703821048,,2555.094162262685,1250.531964888869,498.303133056761,592.3123403467253,233.12109142715144,280.94078540455484,,,,,,414.77388282693937,,
2021-06-18,1648.3439801650093,556.0734747514289,833.9549241682107,1446.7847706655448,919.1283704176385,,,,286.34445066063563,510.96331488952274,,2498.6036957488977,1221.311867089753,484.2544079342588,589.3043278911136,224.5412498675705,274.9310374333618,,,,,,424.31464783931006,,
2021-06-21,1638.7542461711273,563.8507497133942,838.0893555325165,1440.7620460349426,881.8805668236237,,,,286.1957889358673,517.4196116168823,,2528.3993314754334,1233.6079107606201,489.7007059673233,628.9164004325867,228.97215438036346,267.9494311520157,,,,,,431.15712281853484,,
2021-06-22,1640.8195187685778,569.1466570346674,822.5061806723388,1456.7203305333678,855.1175602511357,,,,284.8838907994723,516.3472185134888,,2581.891299659328,1245.910949614452,489.171049118042,605.6403465270996,231.07508783675075,260.89121434841945,,,,,,419.13417472170113,,
2021-06-23,1668.6242356589355,568.0125441262207,827.3226160425111,1469.1131095019227,888.1311927130737,,,,283.3849994738921,516.367967742859,,2657.7924642996513,1252.9049158963317,486.0025478276366,629.8306924574281,231.11913568865202,268.5517497929686,,,,,,410.82669813705434,,
2021-06-24,1695.666143746872,581.5797871337891,835.4870885623932,1512.3403914175797,944.1159245284653,,,,285.4321971073532,520.0829813212586,,2735.6767782147217,1351.610090034752,488.55805602233886,663.8861253261566,235.7378148550415,281.54982210544586,,,,,,413.7058707247925,,
2021-06-25,1773.845502614975,607.2995169551468,829.0884249130249,1573.0943175808716,966.1053277334213,,,,277.371986855278,512.3580007553101,,2820.608395729141,1348.5107841077042,501.56743547756196,630.3555772384643,238.47935502113341,281.33113344467165,,,,,,409.8087777113724,,
2021-06-28,1774.208096557355,598.5692089397489,863.8583040589292,1592.5106526484014,984.550058824112,,,,276.23285112556914,510.08775598026114,,2778.7054033451714,1337.777302176837,498.67829751968384,631.0124063843687,234.4758118523896,286.089997680072,,,,,,413.844773098288,,
2021-06-29,1781.092305634229,619.0817201137543,890.7013823617672,1612.0965477423306,974.6946616432979,,,,275.656311500079,511.8777446486638,,2771.933445835166,1380.7656744046835,509.93704960128525,650.5210035714117,237.54107676039894,288.620169815149,,,,,,412.6693936900665,,
2021-06-30,1760.5611513738404,619.588949418976,894.7203183174133,1582.9368107937626,945.8804365052492,,,,275.2866088363953,514.3186211585999,,2664.2869260540465,1374.0264993825986,496.54065718386846,635.8142770970153,235.61615620166776,275.1313392837983,,,,,,409.9798805991668,304.86479227674863,
2021-07-02,1691.0007693767548,591.9861966758544,879.9416443153168,1527.5308664793702,928.6331807044189,,,,275.6078996255783,514.7942252589783,,2634.621986371698,1366.0024110783997,486.29376060706636,587.8702782149048,227.53764065491487,267.91975450515747,,,,,,421.2164618566421,313.27196920635834,
2021-07-06,1643.5818425286852,562.2820659054414,851.4623860837091,1452.1153666442115,844.0056893985893,,,,267.3538864770817,517.1534921011043,,2513.7636312857503,1282.5530150517588,465.4225810686039,595.7595400279242,226.10901256669604,266.7325099017944,,,,,,413.3033356030428,276.98547525140384,
2021-07-07,1615.5047988891602,564.649970909195,834.2373863694229,1419.0812146698227,807.5970885174866,,322.09127875954437,,259.7234531552658,517.1945127013169,,2447.3344807222747,1298.9280357714233,472.2244737496567,538.2427283324432,222.7532602170868,253.4323236216278,,,,,,399.60443815086364,287.6064458212204,
2021-07-08,1552.394848288459,550.6593269287187,818.4153973878783,1366.2006762992241,778.3335216932683,,310.7119941711426,,248.49191556046299,507.93642773018655,,2486.5502975669806,1287.512825846672,485.0214122337038,485.4874908924103,220.29480860842887,246.78300492624658,,,,,,392.19622768051886,292.6130062874072,
2021-07-09,1599.680197186768,571.3920074030757,841.474976381287,1408.750112162903,829.1243022540584,,310.08657757379115,,249.96459465567023,507.69688950665295,,2557.5152893066406,1312.7413330078125,480.27691729925573,512.668212890625,225.884721087059,256.25644248118624,,,,,,384.4234957038425,291.44411488389596,
2021-07-12,1596.0001062231386,568.3245438881058,846.0789160637833,1401.121589321141,830.9329388336882,,309.1337567198334,,247.15166414690248,509.06098208092953,,2571.8685924072633,1339.2171555109162,476.7495146076599,503.3132854985961,223.6947770941315,248.47208533370667,,,,,,384.8637613880692,290.9585544142792,
2021-07-13,1627.1175125371083,594.2772653413995,871.1458793723141,1433.5813257383415,857.2441949015192,,304.36129422810336,,249.60888373333728,507.4500267194817,,2565.5973189395154,1327.9597141016857,492.6164241459046,531.9915637969971,228.95052638261404,260.24870671397366,,,,,,388.3150100708008,295.74072589044226,
2021-07-14,1642.5089564323425,585.9446607578284,876.2377709777065,1408.2863742051704,843.3098891912086,,293.32181577461233,,248.35666985733042,504.5570160965726,,2586.0779314041138,1351.4393173329154,487.3164870738983,536.6305739158634,226.37889103279122,259.61737548362726,,,,,,393.1925778655241,294.33140404281585,
2021-07-15,1667.8282236173472,596.8955185511077,888.5092105259682,1440.7501726834525,855.1930213414271,,299.06902465517305,,245.4059128822364,507.12046413539065,,2577.461108799849,1321.6972281131602,487.2394683629773,531.1950826889188,226.8451393696123,260.78262355874904,,,,,,400.1048288418624,295.8849618190616,
2021-07-16,1647.571635307846,587.1755318033829,870.7815770352936,1394.959494442337,846.7787945128402,,303.18112713059236,,234.74593236647797,502.58310565254214,,2532.180124107559,1217.3852959279175,470.96778469567107,501.8063275064087,226.74500485899352,252.06836060459136,,,,,,385.8315782839127,306.9097155699692,
2021-07-19,1622.8108428088017,576.5402356176637,871.9568901062012,1370.6618316101376,842.6715934594395,,308.544576743152,,224.18419938231818,495.44239988038316,,2490.3399216565304,1195.8820540832821,462.42844190308824,453.650634411606,221.15467316345894,241.2737687396293,,,,,,377.3689738793764,308.8552738269209,
2021-07-20,1636.4316798834916,574.0216287084731,879.7986609806976,1382.3298143212814,869.696727295166,,316.73371805531315,,224.49551761794282,502.29804182696535,,2466.3425798062817,1255.900492481247,444.1732095496063,480.2292527040863,224.57322639629365,242.44584523826597,,,,,,379.98724077522274,311.13883422839353,
2021-07-21,1640.5770489528804,585.2541961396782,878.5807727254942,1402.9777881637128,898.3224212482601,,340.97078245642115,,226.64026000636295,506.6762407561182,,2383.142516465974,1213.4114016016247,411.85417767452964,506.75392105926585,226.09620139462277,248.32498347076398,,,,,,386.5942034332729,322.0063816996917,
2021-07-22,1663.660046825862,590.0226322574745,874.8128818011392,1387.3420865779117,844.5772400064598,,336.32299217784566,,221.9871591256242,510.89695333935015,,2500.6979159603507,1251.3982243537903,417.7027495478451,497.4502258300781,223.541697011412,247.7146736668974,,,,,,377.90671013319115,325.75217013490146,
2021-07-23,1604.9239205582126,561.7583516789091,804.5212439758761,1341.7235832026054,739.8673602389681,,318.60689067840576,,211.60159725186168,514.1227574160148,,2462.8312080283067,1165.6349658966064,403.62052351942475,227.68735740974444,217.66290441037745,206.08426552775563,,,,,,366.0093674340824,313.8666370741121,
2021-07-26,1489.7776469523742,513.3735526622986,694.5459309867401,1261.4476230219589,679.4741101949585,,316.5855280160904,,196.94339278467942,501.0208595204422,,2133.5922725125565,1021.4641440725463,373.37670947772676,150.71801528207016,206.73229677881318,186.76604621716615,,,,,,321.09154484884493,305.1651326138672,
2021-07-27,1447.401374961075,503.83285057890316,687.023614569458,1227.7280199292145,643.5401509965668,,269.9243663053894,,202.17101049717712,476.4515006542206,,2094.4419028759003,902.3408012390137,364.8257323704529,170.35571726654052,202.24880027770996,187.62466278585816,,,,,,316.98610043525696,283.53726632408143,
2021-07-28,1525.4497038867412,546.9547795089602,779.3405269996583,1297.9669755729556,720.3490884368657,,290.5989172603622,,217.83244762630238,485.39512814864065,,2433.6685742365953,1110.0194113125326,382.97730031851825,183.66723433781044,215.49770062275456,197.67574604701622,,,,,,357.68414345625933,325.38674558335697,
2021-07-29,1536.9599049523167,559.6513627097702,785.0524553287505,1299.8103001708223,695.4210628339388,,296.43703565711985,,215.83106642024995,485.5032078254699,,2428.9942937498854,1056.9030826977541,373.61961044754025,171.94905153484342,215.05301345870976,199.64762714874269,,,,,,359.69250844036105,318.8448837808228,
2021-07-30,1516.634133449843,550.7404163573119,794.1757848889938,1274.3642234988874,664.9600404438752,,314.9197131436813,,201.47714048520356,483.2187791215347,,2459.9169463043654,1123.6254942396408,351.98280766865537,168.60987469294741,210.25727920415648,192.0753843360626,,,,,,349.4963972286041,326.7301775541,
2021-08-02,1555.1194548894273,555.6274103789292,816.3813881504211,1294.9095810405197,702.4423741019746,,337.23141303144075,,201.99687648744202,480.93755455470273,,2544.7410771190334,1126.4103919842455,363.8897183064728,168.65457531707762,211.245679604599,197.87765816572573,,,,,,342.9827800557632,332.5681649076614,
2021-08-03,1534.3827790752403,546.0281713359836,723.4251400463108,1275.5945808637625,652.9949855804443,,332.40552961177855,,191.15650946502683,477.6191787775042,,2654.34697378063,1146.7836078895562,328.98509036293035,172.57725212001787,211.0573048739434,194.18826715335854,,,,,,339.3241918687818,332.7164867219926,
2021-08-04,1560.9418105180594,555.2849580224611,723.4258239122464,1274.044593084458,644.7993966284412,,340.4814322808379,,188.05028245799258,485.8354518792039,,2668.245240097938,1142.5338021460193,345.6921047655869,163.31910181045532,214.72573812708288,189.68346635594935,,,,,,337.21506448492437,325.0827776702117,
2021-08-05,1549.5115723107301,550.0423825099642,681.9934736113282,1289.652709270813,624.6876495760807,,332.4047577381134,,192.2893451859818,478.4295751545869,,2611.651734553161,1165.2439110530395,339.5582493981783,166.39676465013508,213.90537921536634,188.94585636096963,,,,,,345.6231984810256,331.3939279474107,
2021-08-06,1527.2013090831024,541.1575631987944,676.5441942214966,1277.3465014535032,611.8447977909454,,320.5419828927552,,191.8430496903511,480.1130998481858,,2499.714247024094,1158.2125740122865,327.22966588080453,163.30377101898193,216.96072138734053,185.69971023253856,,,,,,349.31452834069205,326.06319850772707,
2021-08-09,1519.0840508937836,558.0737724459686,719.2794666799164,1295.6366972649994,637.9764003753662,,329.6470658838043,,193.33797308166504,477.31525840919494,,2483.4399364343262,1198.3064379456482,331.5921158849487,171.164400100708,217.68999256658935,188.6698501110077,,,,,,348.70856183084106,334.08177751208495,
2021-08-10,1523.386154834472,558.5152818242495,710.9861848326109,1288.4922499713139,624.1268182799686,,329.4586426768801,,191.61993168747722,475.5474059553526,,2455.1790304409806,1165.5970324414666,326.57887425253284,170.44988983798976,216.05886133951572,186.01609009433741,,,,,,345.9588066353608,329.30297711149615,
2021-08-11,1516.1861790464172,552.988560733902,723.6237001419067,1283.4594315062714,625.350954493515,,328.7430250644684,,190.86548238014984,476.8135425953369,,2176.473357924988,1147.916167726944,326.72000412405396,166.511257064476,217.94301082364655,182.38430019121552,,,,,,341.3480747560425,321.8958247522278,
2021-08-12,1490.8024042024044,548.6084198033204,715.6100311279297,1241.6612256863154,621.8029090811033,234.2067225438659,319.06873700486904,,186.60309220618365,475.64733147181687,,2244.137576838024,1164.1108682526974,310.43474166437227,156.34523802885815,212.8939907884269,175.8689482671325,,,,,,336.1033564117097,323.19126355867775,
2021-08-13,1467.776686284924,543.6267779352784,697.7036712661502,1186.3140554415586,576.6210000508727,223.02237670415343,312.43366408410657,,193.84115140431823,478.8833684448182,,2149.2167164812563,1169.1166531585332,302.784392523703,153.29870951206976,211.73896365128167,171.74123558985593,,,,,,341.8483296872437,320.2153241640626,
2021-08-16,1421.8857885996695,518.8392503911746,664.1329075206304,1140.6370904229116,540.5515951243287,215.25564692959597,291.9103036721499,,193.3876694802093,472.92428903146356,,2183.3739736152347,1132.6213153203134,294.7897389946593,146.30535142349254,204.82749793023686,162.4145176013335,,,,,,342.8837365020445,310.1984911542968,
2021-08-17,1352.3160124851565,500.2004949533293,651.9886886560271,1108.2873723355588,527.6001837887452,218.18580378006664,294.7804478663529,,187.28327484221882,469.2201092877076,,2191.4323070683167,1092.018701305933,293.8463749885559,144.00418376922607,204.1745769917252,163.85340316085058,,,,,,336.11355130279844,315.79728062545473,
2021-08-18,1342.916781370659,510.5966459383926,652.6411864982911,1113.9157834761354,533.4266223810882,222.1442204141922,307.77610087394714,,196.1975269349823,460.729143630806,,2259.3102678351133,1103.4746810874785,297.80260635710147,151.94010043144226,205.4697731225815,164.71864771199034,,,,,,344.55340648985293,314.1653745142212,
2021-08-19,1250.3473641121673,484.32948850195316,614.6210514519043,1069.5123172786407,500.99561939503474,214.47877233160398,292.5913995341034,,206.61299157837675,459.17457516061404,,2145.099187027954,1012.4269962310791,290.17713984803777,140.96099244609832,199.21448066422272,149.1382814739609,,,,,,338.85151466683965,298.74384764123533,
2021-08-20,1230.4452517879326,495.5743370300752,628.0754181775592,1072.238378068505,518.3199841766509,222.47096885473638,301.379609258629,,204.78858838368978,460.91061155220814,,1944.2841814550775,1045.1306037130053,293.8237175661925,141.77072404067985,206.11280610273752,145.276035079155,,,,,,339.3928650687485,293.4342137994463,
2021-08-23,1254.7717291314912,512.083392637538,662.3661356989869,1112.201712861548,546.2846046612212,227.4887371373825,309.21326810491337,,213.4654502713356,468.8449285154602,,2129.4346521394764,1125.5238792201126,307.18769658854217,132.44206953048706,202.94798883670046,161.81304969266967,,,,,,351.9063551872605,297.6830209120926,
2021-08-24,1337.817735258941,586.0841786129458,721.8917729535679,1208.321377525208,610.9394023606728,237.3321357918394,315.94938327476484,,224.0864243221131,475.36551679304466,,2224.268126414536,1128.2237366992194,326.3122258439944,167.51940488815308,202.26993476873758,174.92143104866045,,,,,,361.6081653626861,303.2490665818477,
2021-08-25,1316.9169996661367,592.9630746992189,716.088171080628,1208.1214264617302,620.0646442688594,238.6181821973878,318.2873709465639,,226.00195478262322,476.30183673281863,,2259.396450163331,1117.5492763519287,313.22531887853984,158.09233071304334,204.19610633161938,177.56183030105603,,,,,,364.93630503100576,295.001866075836,
2021-08-26,1286.145614903413,599.6408621141054,710.3222443819432,1202.3172845534136,603.1434134482952,230.5472822947313,316.165769588928,,223.46428345951063,469.3450557929991,,2201.329582030565,1065.3276336226263,308.61579459056884,155.6700038909912,201.98183598690048,182.52308550052658,,,,,,352.28120574096647,288.0673291359326,
2021-08-27,1241.8215956378845,595.1741657179809,722.3388285096007,1193.4631558855472,586.6082796586852,228.47586083025817,313.6675987552735,,221.38952826680907,470.0341863477661,,2195.829086979211,1068.8682767351565,313.4339928627014,155.74359893798828,202.93390525739596,177.39196453740078,,,,,,358.44388344994513,291.4741477889038,
2021-08-30,1263.8170561997467,597.215707283729,697.9067886712182,1192.8738395526598,577.2799234745871,226.06822063629897,317.33654057979584,,222.6417605790939,471.52705006130236,,2350.3930552646925,1084.4732490297101,322.1647201186297,175.21649479866028,215.32160063747415,171.011291793915,,,,,,363.67157514564497,296.777809943138,
2021-08-31,1300.366172598493,611.7537576151371,758.6182764613986,1222.7288775407433,624.7582427745401,240.30959674237965,330.95131754875183,,237.4283669720635,479.3732603010267,,2400.7596978905203,1125.2344796657562,344.6565825698108,175.98823300822824,219.6737968248308,187.51312238410264,,,,,,376.0385747629225,314.28695007680653,
2021-09-01,1347.7545404475095,628.2987701933744,753.678543085709,1284.7535012013686,657.6992235265498,236.99261433116135,317.18276143482944,,246.48166209280407,482.8520598350224,,2545.395701614092,1144.7512972600234,359.883446691887,182.78065514564514,229.75917958906575,188.22519123298662,,,,,,390.0617078491596,315.93829858660865,
2021-09-02,1337.5924034118652,624.0023929788513,738.0866273618012,1262.7027442486724,651.1431187667695,242.63304655204774,317.2116009289093,,242.94410683974456,485.49938461164857,,2589.7189495500643,1136.5646604338835,364.02733860821536,179.64177342479707,234.1564423437958,188.7405130413208,,,,,,387.20190110743715,319.1557759338684,
2021-09-03,1323.4354143789678,620.569216465592,722.64388814212,1266.5501721430046,667.9346317597956,235.31194678808606,308.905207157135,,244.17111025018312,485.70001125335693,,2613.610101473634,1131.2536671283888,357.6306358434449,183.4003272137452,239.6638147386475,189.53956764834584,,,,,,385.91779975567624,333.2290720212404,
2021-09-07,1361.6413620290841,647.0827911442866,744.1763498100518,1295.7202986125776,708.4950348804778,240.90696857386774,324.70746246945964,,251.24598929635613,485.62306331189757,,2694.442125369038,1171.8853107690811,370.5722760767894,188.90090983489972,243.47228905908196,184.31442550873544,,,,,,402.52218879667635,309.2377859493863,
2021-09-08,1327.1815101264365,635.4082655488673,705.7672727476747,1264.7523276634165,667.0503962310177,234.9447762130494,305.22606649104637,,250.1827644613586,478.7524843854917,,2663.847895179759,1162.906712595941,356.0711719326173,177.25813501397715,239.06525588035583,178.50205060625012,,,,,,397.66465701023844,306.08126402147536,
2021-09-09,1300.9950114781968,624.0608285304043,691.3188272265252,1272.458859478822,651.8193247689633,238.08550441973784,306.1210254015459,,247.33832661221095,477.9593679357786,,2622.983703062171,1065.16439139063,358.0612996860582,174.9485206604004,241.0401840209961,175.5705592517479,,,,,,399.349161239923,307.054105534422,
2021-09-10,1307.3540577643726,627.1566126847902,687.8968365314795,1276.2450985663745,649.0884265459536,234.79487370038441,299.7348289929869,,240.3944810158173,476.8225827877286,,2737.5105610762257,1068.1260855821602,352.6200536960205,163.32203578948975,239.2278980126739,171.48813164540115,,,,,,389.48418339948694,302.14575434342987,
2021-09-13,1286.544160048652,623.5550491012691,685.8561266793549,1269.8215818397875,626.3551015322446,230.07058408524244,298.1273134551884,,228.20388740965427,481.76374912243773,,2832.948329450155,1066.1182125419145,350.00596046447754,162.55832089313117,239.0929587681785,169.091766675283,,,,,,386.9510340690613,311.42753283194907,
2021-09-14,1245.8612199423078,606.0105815381467,657.5097729651679,1248.7396563829825,618.457513332367,231.90211499554607,299.0378108575351,,220.93324707819374,476.25119146113866,,2869.7207692152588,1047.0213138936379,347.7364945635527,155.58679580688477,235.3250286579132,161.2657102927369,,,,,,377.6869408860475,304.4833546459413,
2021-09-15,1228.087683390564,596.1507376239315,660.9548210635985,1258.1946979593195,593.1166983162839,231.36530648507687,296.40275359405496,,222.4187692878113,448.104956390991,,2919.91721737216,970.4273052727658,332.96688020355214,149.36832868927013,235.56629768496714,159.1706118121947,,,,,,375.67689804879774,298.81444032217405,
2021-09-16,1215.8902586462864,600.47518451223,656.2663737775729,1241.5682421685487,565.8488685607299,224.7210475087586,292.4953066348953,,222.62013480660244,433.25721459387205,,2997.6293858533027,983.4658546686478,328.28881444937906,146.2865527868653,237.09315658811192,157.25804350380713,,,,,,365.56076924803165,292.1062525748748,
2021-09-17,1245.6404007244346,604.6473222627828,645.0401188521173,1262.4513209114593,579.3531565323065,226.40224152588962,303.60780390475884,,224.30087650251153,426.88767745255245,,3137.5662594166934,1001.1819889631224,332.482089502344,147.8735842704773,239.94434693562926,157.75776951861735,,,,,,365.40341549039476,302.98519372511146,
2021-09-20,1178.8846138705412,577.0301191340332,623.0212943823426,1202.3081803321838,543.0230637923523,209.41173429955597,284.7408187819565,,217.58275483069156,416.80017986867824,,3101.0990929603577,965.3484365007171,321.86062830012816,143.1875084755211,235.16991834355395,146.30027749486544,,,,,,353.45524497861334,297.11408862134704,
2021-09-21,1169.430576140323,572.3342092037201,622.5594323702317,1220.2788811821883,549.4408218246826,210.7124271482071,286.0892490719543,,220.29027622259673,421.65848029515837,,3025.273050434538,928.5830537080765,321.98664867021944,147.95033979415894,238.6672556974945,146.70444338407287,,,,,,358.11770397174223,297.3023167627289,
2021-09-23,1177.1049110375752,592.7177207302775,635.2270906146005,1249.588829755783,578.7814892704919,212.31332061966714,286.5879535162585,,228.27379505978388,439.4192637717588,,3000.7261279976374,941.045515792397,321.31172321518716,152.5977666036988,244.77927398675547,150.80708212502304,,,,,,367.4024620568616,291.88216401830323,
2021-09-24,1129.4434338065548,575.9320924311578,633.2294155652198,1218.8927796493226,550.6309405594766,203.26556640375202,275.1208341556503,,226.30906990414587,452.61813980829174,,2954.5516554995993,933.1064857791716,319.96224717526275,145.57894132421097,246.47214289131625,137.63826855773004,,,,,,366.9056353036558,284.61850682292607,
2021-09-27,1169.1962636364915,595.0304644072494,653.8873117217336,1221.8249661639857,555.5589969087523,209.50241583762363,281.20501966520715,,234.026107168419,456.8413933480224,,2936.459313239,877.7146803387914,332.7437255784298,151.03481272304543,246.56044456274412,140.0575412240296,,,,,,369.41248040508253,290.39167577911394,
2021-09-28,1186.0056576672287,586.971224410263,659.1168872344133,1198.6914967694247,517.86086923732,203.36194608328242,269.82619689199055,,233.55883063587953,458.3232018891067,,2831.3461874784844,817.1835064888,342.90577541073617,144.75822411830904,235.50450565132905,137.75379703155522,,,,,,363.68557032518765,282.9789789971619,
2021-09-29,1148.6151531251526,557.4184808302307,635.8710756248474,1182.3933445898438,501.06951813217165,200.25658624092102,268.90264379844666,,230.92161036743164,454.8385088658142,,2813.9435522342683,832.5475186846161,351.9472691557312,143.9854998588562,238.70461035980225,134.49024521232604,,,,,,359.80808608451844,281.7446056617737,
2021-09-30,1152.5530141464696,562.3804496019802,664.8296328123324,1196.9268643856049,515.1261686163052,204.66476982449967,276.6750039420076,,239.38537287712097,452.379972812967,,2825.9151334762573,820.4495707775786,365.3448982822083,159.59024858474731,238.6847315735031,136.46913011085599,,,,,,357.0150681708619,285.004834053354,
2021-10-04,1087.0614460141514,540.3776861005317,639.4845190118867,1139.6900297473985,482.6107463046337,199.14796772687532,265.55658017882524,,236.12814167230226,450.76886902473416,,2754.5948244677566,797.9932272434235,350.4163299397205,151.81334567070007,229.4327791114656,129.23597928440086,,,,,,365.5198305160902,260.96325212187185,
2021-10-05,1114.688398157181,557.73359283229,647.7559151477508,1166.552509135894,502.2872850894928,210.18191797830968,276.6084433536071,,244.75797711083214,453.69389746110573,,2704.9533572333894,802.0242855560537,358.9991174604038,159.6416952610016,237.2820656090471,133.00878745747377,,,,,,379.86935121739225,261.345146936279,
2021-10-06,1121.8315121408232,559.5144375000564,690.615324078859,1162.7810426163269,500.347706214412,213.2336095166611,278.3169664144516,,242.27200638854902,454.49356074266507,,2639.1454997062683,792.0550368799195,358.1919764358918,165.82241041367342,240.24788121457823,133.43643732790224,,,,,,374.77422638658754,258.4649929314346,
2021-10-07,1214.659704208374,594.0931996022191,747.9500526972988,1218.9421820555654,548.1541348057253,224.08914821254893,297.9030656682462,,246.12432045766764,462.5829028312637,,2803.0608558654785,811.2525483778736,380.1261947997955,169.74090144250476,244.25561500256208,147.00496279532763,,,,,,373.04068104667203,262.47549690262895,
2021-10-08,1257.4106421243414,611.9678598950486,749.8377257431457,1261.8479506312724,552.4136679902404,221.79066343940121,293.1778314632629,,247.71424709209896,461.6422000142211,,2827.7725190954516,796.7804228489149,394.30317767217275,166.5960039005813,246.8579077258437,150.6370465650025,,,,,,381.6138473384217,258.84659945964813,
2021-10-11,1276.2359367277531,607.1753883361816,747.2927856445312,1262.3020922581782,549.2601784440922,219.6729364350358,291.2884861508792,,246.37308729770666,460.75269745884725,,2829.8265151368105,791.6632710363774,391.00537792543037,174.3683136809159,243.882113721138,147.74600759843452,,,,,,391.93948559295677,254.00171243516525,
2021-10-12,1267.9134674072266,609.9208565806039,737.8789711173158,1240.454982792493,536.7241058349609,218.0344500738138,293.33138463262003,,246.34858656147844,453.80412197549595,,2784.1202777889557,774.2050666459836,390.7973909858265,168.01798392433557,243.47049424849683,147.71580647767405,,,,,,383.64105414471123,246.1152229134459,
2021-10-15,1306.9307670593262,633.3946467911228,743.3946482704778,1272.9350464012823,545.2545992682426,238.35927324411023,332.8783852321394,,254.54033508068824,473.45123381498706,,2788.3522932430205,793.4936800003052,382.9773872861024,185.14851939823166,243.10468137264252,150.21924055916224,,,,,,380.5657781635746,251.27299273159042,
2021-10-18,1297.54270125943,641.07098888974,761.4760032128906,1330.3661741277465,583.6686321515808,236.6875857915802,336.0916944723358,,247.49914006329345,473.6085050888214,,2806.4162469654693,771.4319617357178,388.51610162017823,183.56316329120637,241.5099994921875,146.92830451203918,,,,,,377.23785066604614,251.3881900701599,
2021-10-19,1376.5555772781372,660.3578480665747,780.7480992246856,1392.1098775863647,628.0826630600131,242.02491932286466,335.5840410169985,,243.26926216082393,474.8727990904772,,2924.2084579467773,787.2031480929872,395.001463447632,192.0956147401048,246.613424266754,153.28762241738877,,,,,,380.8470525405428,250.8908509180219,
2021-10-20,1377.5602663026948,664.9888969737076,788.1436604087539,1406.9495729975097,640.7311845786026,242.73299664693604,333.85505355273744,,242.49975853820342,469.8384171705002,,2896.935234508026,775.3927963759597,396.75415743170015,194.37299966812134,245.29871964937593,159.85235077480775,,,,,,382.526069278656,250.5856676130661,
2021-10-21,1379.209881863113,652.7576184132922,790.9739991426468,1403.930310298616,642.2631349546973,249.06936271929953,338.1559603214264,,242.5394533338167,471.3971776436156,,2917.3142155548703,775.1933971503604,396.14775697445657,187.3461786837388,247.67009430424514,151.82037097174089,,,,,,377.41314058879834,250.0799223990398,
2021-10-22,1381.6369820305335,645.8783660478257,794.9272060620824,1381.1704944266603,638.3365000818485,251.0583015242628,335.41823064225173,,236.67434548765323,470.1608971568494,,2945.8336268315907,783.3423091173172,373.5162803689054,185.82512048717126,240.40639461708906,150.681620777038,,,,,,376.39306267832035,250.12526699713635,
2021-10-25,1369.2936661354688,654.8390337228775,796.5330133432835,1363.852890762224,629.3450131739519,266.2105270624161,373.7828988920319,,226.18179384138875,468.3750631811872,,3011.482392991922,808.3472938537598,366.3989513354827,180.3236330204545,241.57147914714278,148.92244256628874,,,,,,365.93261610349145,249.1886091446886,
2021-10-26,1321.544805392914,633.4459185842134,768.8733398807526,1312.5266468873597,591.9313925785827,257.17220524459844,352.4844975699234,,224.36486062576296,461.3239979971695,,2982.5133955883794,817.9288385932159,337.24697462764743,170.25607270269393,236.64817508085252,139.08132830093382,,,,,,357.3045242850494,245.97726622055052,
2021-10-27,1315.932450650711,628.7673665968323,780.3215904315948,1304.4240038394928,596.0304136196137,254.04190650947567,356.91841291580204,,225.11520659523012,455.9846365960693,,2855.8914429764554,816.091178671646,308.24063616119383,166.40639752349853,234.05760365524293,136.85760336914063,,,,,,368.34911277854917,239.5785565523529,
2021-10-28,1320.6774722631162,629.4200062615055,777.6744409652856,1312.2770129148776,594.6509966225058,259.87299541518405,359.66859620075957,,224.55952199926742,450.28577116669476,,2835.8124397387874,818.1993758463359,311.83204050972745,165.677779986725,234.74909059434503,138.2981759361037,,,,,,367.44689600926176,233.89347286791235,
2021-10-29,1282.9033188549802,608.8618209497072,759.0549796032719,1261.902742921142,570.127414788818,253.79614432464587,362.6881426156615,,222.1396723597718,443.9682472741697,,2782.3461258276366,812.0231991241453,306.06428332824726,159.4489974975586,228.12873582626344,134.55939195404062,,,,,,360.5880790881347,228.8287570021057,
2021-11-01,1323.96173256584,641.8689787387848,798.874023427652,1325.1288383027713,627.7867813514604,251.61264085277253,372.4396039592193,,228.89436852685776,453.1206108982133,,2781.12096551813,812.4116070861419,316.03293613065944,172.72111294191745,231.07283828180698,143.62303951356807,,,,,,368.0048752077255,234.1849273320122,
2021-11-02,1267.7382529670867,628.0323939767914,780.487877927797,1262.8354784104813,606.4754213765518,242.7302533369957,364.99035129708864,,225.14223093542023,437.1323389558456,,2788.6350410271407,811.9284174890854,312.61537881180266,159.53735518455505,220.23936731734466,136.42389980150529,,,,,,362.8112843073013,242.4967786930374,
2021-11-03,1293.5600367166262,633.0849488640015,796.6474291991362,1286.7902423428022,616.2773554801024,240.90842293736569,362.91889635084226,,222.70024129631656,446.022969560614,,2908.019986324347,808.2415792036882,310.9399433040344,159.51624083518982,225.7349357628891,136.250215294368,,,,,,363.0745255136444,243.1650012731552,
2021-11-04,1282.5934406674132,624.9909666597741,788.282464940552,1265.3926356446682,587.4759460610039,248.75105807125874,372.3482790043945,,222.67735066056048,438.3498096364747,,2871.1446834897506,799.568140260566,302.92212146402017,157.99894974082963,216.995603533539,133.63754093900297,,,,,,346.0410554105074,242.52450417965701,
2021-11-05,1235.3955555364228,603.7273070330048,790.0523458518219,1231.5040555402375,582.3240570539856,241.27299976348877,361.0533648957062,,235.12442264396668,443.7866631277466,,2840.717091209488,688.7176526985932,299.5676827698517,158.77319687538147,216.6787209751892,130.91005749649048,,,,,,362.454307269516,233.1008557094574,
2021-11-08,1262.211313981592,603.0063506824372,805.6949485450532,1256.4513035919372,601.9166318271455,244.02025333737947,366.69199820670474,,242.22999669045566,438.30241254671637,,2723.063588362158,678.5864593799561,298.1950917611939,164.23691789006807,216.31014293898625,132.55709828786166,,,,,,370.8173709281982,233.74571885518344,
2021-11-09,1247.6206346066028,601.1850824863941,785.3023843848132,1258.8359210314811,603.0542770836655,233.4956332126403,345.0252345269164,,236.84463905225675,429.8406895634962,,2878.974673442237,675.1746938736469,294.47866401697866,158.88295200791163,216.75061886971434,130.2995962777877,,,,,,358.49912861430494,235.91004175362104,
2021-11-10,1277.3263032543182,605.5945803932191,803.7721984413147,1258.5523748184205,633.4048778797151,230.89559411468508,345.33071257286065,,236.66019230346683,429.306902652359,,2866.719985961914,684.1177942726135,293.2935104503631,158.13699328231814,217.49679952926635,132.04050529670712,,,,,,368.07749819755554,233.85580242080687,
2021-11-11,1307.700970446298,655.9929324809564,859.1014380560555,1303.1042548699115,660.9012313590138,238.7128714884093,370.6905707821934,,241.0501474694238,429.0443218630935,,2871.7999287003768,663.7838226977838,296.0538282394409,169.06232364913194,226.40326554021976,140.5476666443392,,,,,,371.85918648278493,237.9337943546816,
2021-11-12,1299.7334390146716,669.6965814509967,866.0474542538832,1329.0303066780616,670.475798996391,236.86767357189183,378.1311859718553,,240.99727986177822,425.9722185181963,,2950.5608558843087,663.619065051018,303.3308789523544,171.41739749908447,225.95929670333862,143.52311250051116,,,,,,376.80661125820916,241.93227552570352,
2021-11-15,1297.6379850636295,659.3379025270842,866.2867622884369,1314.2344505117799,665.0258467037202,232.58373910589216,370.10812282562256,,240.53132762598034,427.14373011268617,,2979.3313919508364,669.7788189315033,301.54072917308804,165.96426808032993,224.24656903272626,141.7319358285713,,,,,,368.16018533706665,242.5571695358849,
2021-11-16,1311.8776065126003,667.7389805906168,866.0433450932323,1333.9980587950631,693.3642771846899,255.1630354229037,389.4429922103882,,233.43212418272105,428.23151066908576,,3032.514663220194,708.8641510601483,293.0168990196962,167.46048665046692,225.87693548202515,145.8074509353837,,,,,,369.9708425998688,246.05008366700895,
2021-11-17,1258.2719660106814,647.5140160176088,875.9933727230527,1260.1409608139656,631.0049183962401,250.59531991189579,376.126589365158,,228.7130107620469,424.8751046883699,,2960.1864287862554,706.1523763388977,268.19460508946213,171.3206024169922,224.42998678976437,137.9909525996627,,,,,,363.6669210718537,242.88589458550268,
2021-11-18,1118.4860729684442,686.2020691754915,875.7839236064756,1202.2945930909118,522.7909825821225,241.30011529095464,368.18130176894374,,229.38310795413963,416.3945814444123,,2874.0260974947596,669.9232969113691,266.69194559904463,162.00911194694527,245.97345820130158,133.11230045435332,,,,,,373.1661929500351,234.523780698677,
2021-11-19,1093.0955885415897,713.07472622348,900.008564114105,1182.1228906386532,522.7916546936613,238.3406462817802,365.22198102483526,,226.11206009675516,416.62880427215714,,2839.3692859159783,655.4367809889372,278.68718714732677,170.57712410396198,253.99635698786005,131.1652441084152,,,,,,375.50333973183297,239.27530715178,
2021-11-22,1064.3981585124857,683.3433234173754,882.4018592850734,1151.5787939836446,535.3154670674303,242.99941676895742,369.2126327407823,,227.72916701826944,415.64662686299926,,2762.7450511514326,573.8027287392651,288.8880623422665,180.74980948710618,253.20554375648499,125.27831151649934,,,,,,367.65443883518856,263.0221148375949,
2021-11-23,1041.264896302353,696.9291793930206,869.0970081296691,1172.3773430420915,541.4328019618988,247.26729511289977,399.64751550453184,,228.10291817578127,412.89120149612427,,2710.6697849198536,560.1297739168549,282.01248696548464,179.95824362388612,242.4372554164429,122.93251036518859,,,,,,366.0709104023972,250.1497496613083,
2021-11-24,1063.995987087037,696.4450562553102,885.7540416907505,1179.8882712765044,564.8094643267978,254.23049279313636,423.74347253900123,,226.71874053668216,415.6380469073338,,2739.563639810076,590.9963018168492,279.87177364636227,178.47573202373496,245.03393902251446,123.14046493410115,,,,,,345.8844240083163,258.4390980463104,
2021-11-26,1039.6366438353725,691.2979009066621,891.3509857739409,1193.3016489233705,536.3074796242217,252.60012977035512,398.468894405014,,217.12695614673612,398.5468443185273,,2710.6955432210234,599.8473359856871,273.10437718461617,173.8574825887299,240.51585594989774,118.11394103191378,,,,,,309.27920412168896,274.27383407098387,
2021-11-29,1026.2842858416261,685.515195716871,858.7069968204596,1171.9493785692612,526.9054673620849,268.87228585910634,400.5011876208009,,211.47960310189228,393.5610433781985,,2676.246317113284,564.6474321975838,273.3170980087889,168.43507987896737,241.5795650644286,115.72113735930179,,,,,,305.2885887877201,265.3632158075925,
2021-11-30,994.6740551153198,656.0184755246155,840.2433962386567,1168.6815510271117,514.8469938954804,276.41533352725673,428.9741516113281,,214.48707580566406,390.7564425666351,,2710.5706615606323,540.1174545288086,266.5099268197082,172.36961662274553,246.54314898652956,107.55551880647545,,,,,,308.237430328154,264.0920915524475,
2021-12-01,955.1035090625992,664.1825341846161,871.8272747074661,1160.487055936821,487.7273639078903,273.6887280217743,398.75903112379456,,217.93733588497162,387.60874674748993,,2744.5289368591766,555.4088280123215,242.18723976464844,160.6264429273224,248.26921711691284,113.45217145393372,,,,,,318.75772023495483,266.12527025040436,
2021-12-02,950.8057718276978,658.2381526072022,837.5663726145431,1160.9183127462093,461.14078506612714,264.2772424393097,376.34763600039514,,224.21870894038693,390.37591193385924,,2695.534325077373,556.7669398415892,245.18318615746466,160.54589559306714,246.1963481731018,109.57647172845418,,,,,,316.9612213053697,256.40583068807973,
2021-12-03,872.3587121390992,607.3629823604206,779.5595974048993,1070.5016426261063,428.0759810542604,222.0634467601776,341.2764490763093,,196.81834091187284,379.06621135875685,,2447.6847164254286,509.34344296941345,230.55640082518767,145.70479381881705,224.86846347492974,100.35709542751692,,,,,,296.63001229444126,245.51646520138547,
2021-12-06,963.5114457391355,586.1361557590717,811.345261122864,1150.9907834858313,444.33780813217163,237.83766013707736,360.77110908688337,,207.74741082843775,396.47405601411447,,2332.461610077109,499.21743227346815,254.597767470108,144.21490263938904,224.03979831610104,108.82378628903962,,,,,,302.3835786710588,225.20910536379233,
2021-12-07,979.4053259272368,609.222222058379,837.417264072501,1169.372810537352,477.14217896628725,241.37964860807642,369.7930030655516,,217.42892350230704,406.14817779943223,,2475.038532614708,549.8525581945614,268.3729843926085,155.25064099253086,234.04619693756104,114.91667912508092,,,,,,314.7141206724609,252.2237991847578,
2021-12-08,975.4364019137574,610.5445769181824,824.8473252766416,1161.4305569720455,471.9652272637177,246.35461811805726,373.39219125206,,211.1833810578537,403.4164045874786,254.5430372323608,2456.761464708252,553.84944815567,261.0158065625001,167.66775131225586,247.91432408004766,113.54616416105273,,,,,,317.0870112917328,261.7176727579499,
2021-12-09,966.2254344974062,620.470948719696,805.5127704171755,1159.454910566681,463.57921975921636,242.43360518231202,359.7125252852784,,203.44460486187745,400.33905648007203,245.78666158956912,2383.0077471789555,528.5348788250121,255.61187658197014,172.33138439094546,244.85091903770444,111.11865091323853,,,,,,307.5452238189391,256.3136797775878,
2021-12-10,975.0615445521544,621.4789408351135,801.8177485089109,1164.3666267018125,461.0218398879624,253.08250009071344,365.1218199918367,,202.79347107049944,394.90540287475596,246.76713669900892,2326.784065886459,510.7651136538698,253.7842087865829,179.32525157928467,245.98745871791834,112.74100629031182,,,,,,314.28700597507486,258.54023108722686,
2021-12-13,953.3057093534917,608.6838581854317,803.3378998126536,1127.2934031778786,433.2924365711606,244.56534808266588,353.43435219234016,,195.58988494501955,386.8905239640517,233.02334991187763,2206.6252193427936,503.0122654438019,241.91380936941823,171.57007503509521,242.77164962978077,110.58471437984917,,,,,,282.700691819191,256.7312070909611,
2021-12-14,987.5138644875333,605.7864747594831,802.3842470098498,1114.7563078899766,413.24545623867016,242.3145809756852,346.93270756809216,,194.95947930587772,379.2309121589278,224.9172398957062,2172.171544312936,489.0760144813921,236.30743740505204,171.63299655914307,234.2790456600951,110.31321046689982,,,,,,274.8468359186936,251.2083009159087,
2021-12-15,955.3762303735275,574.6143212751922,783.6784050952301,1103.1252950863418,395.5836309682236,237.4593996319809,336.84286362294006,,189.40585693039702,372.96103887395475,226.07007792050172,1938.9916805932007,428.2694209398651,229.34645650829316,171.61979961395264,222.8717101180191,107.49639967512894,,,,,,266.0887031627426,248.84870646442414,
2021-12-16,938.2867214679718,567.1075193566285,771.2287410709832,1093.7184867368924,390.76424722802767,234.00597556813045,329.8243671182099,,175.17286996101393,380.15243422277854,228.15387543423458,2130.476627419557,517.0135564978336,225.4228923952178,167.7602038383484,218.4784049987793,104.16738535987861,,,,,,258.97492720982336,264.6709677683102,
2021-12-17,952.7767930648806,554.3428754912566,731.5546721220016,1108.7637406163412,389.77233526000964,233.62930425626746,325.86370005252866,,178.3822960129546,379.4720478578947,230.35193872982018,2135.827445924646,572.0562264239124,225.04572645999906,168.55019943361276,217.32051090841287,106.67042585302352,,,,,,273.0357248580167,272.87965628925303,
2021-12-20,897.2495269775391,532.0299776969478,704.3798800022341,1073.2664586128667,344.3877702013124,220.41129684448242,307.7175661896472,,169.61916966197896,368.2624205033644,231.4903785554634,2136.233995945193,532.107956536347,212.9212209797697,159.9444808959961,210.0344116060005,100.96007393555192,,,,,,269.2528666955768,260.1243423160049,
2021-12-21,959.3547060290985,572.6640962795791,758.7155489578399,1129.7263925942534,384.66238884763334,233.79296711764528,341.44539580290984,,183.7891994204483,378.34364914894104,244.63622821099852,2147.2758053505095,540.0563319722824,225.36799573175813,166.1591636746216,216.4749745130539,107.96445694746399,,,,,,289.88144215760803,275.6058106639175,
2021-12-22,919.0452424852701,575.3296667337418,761.5414731761084,1119.1430217262314,366.6507706642151,237.15283592182914,356.8214226721775,,178.4887090445036,373.8277501887569,235.67062651249216,2136.6379776187823,534.295968075352,218.11819600197123,163.82268476486206,216.0119156490373,106.64076729687349,,,,,,283.88130469542375,273.5838811766189,
2021-12-23,925.5112166412437,535.4487145943676,763.1216185085214,1124.0912515312084,358.0837561388489,237.26656339070814,359.4877026776794,,185.5546267630598,376.257047584013,232.04077064990997,2095.230700930988,513.5315458766854,220.18523862948314,159.8936402797699,213.711496715664,109.4296453867787,,,,,,290.5384439229965,275.32904292130297,
2021-12-28,895.2678308059694,513.6872204396059,757.6242928291322,1098.6527266772464,345.70752198516857,232.70724301124574,353.97391301055904,,181.62707356124884,373.5481648231507,230.36769894271856,2110.7420550787356,510.3338630334474,211.49532820003515,157.52970718269353,209.70166188140865,104.49989784297941,,,,,,284.80122579887393,271.6217714053346,
2021-12-29,874.0777756220632,511.7827093188862,742.7594865560532,1062.8674045597072,331.9608516117478,229.4171564424896,346.77706324237806,,178.34026331638324,369.547208551674,222.3989595442199,2034.186128952715,493.4574215493776,203.7617297675706,148.16199731826782,208.59649622440338,97.08509675540927,,,,,,276.90696189929986,269.8887798745345,
2021-12-30,958.8976428849492,548.8771176094815,808.8920414447784,1174.2383696935576,372.2073003978039,249.0997719643019,381.25129697273223,,193.04257475964732,384.21396448175074,244.96759521839522,2131.6547085654747,521.7450981432194,230.4660078372308,164.50720369207374,218.06949247024932,107.98221766340248,,,,,,292.29266497795834,275.06226732293726,
2021-12-31,926.2721850782946,546.3750418851669,793.6356691638211,1160.1989320375214,361.80680587396273,250.3016710032498,392.45121989852487,,191.9759390371828,388.63040230523075,241.56841189114675,2112.592931937921,490.0766476143872,229.87207156865225,163.7487645149231,220.04714391303696,108.38608401391593,,,,,,291.1608996177765,273.5384266198307,
2022-01-03,938.4728155686862,532.6952207118666,784.5813734918702,1162.3717039526819,346.0608793884385,252.1200505994293,391.90089669899135,,195.9894214063752,386.2098787442046,247.9882077019547,2101.468147909589,502.0572531447142,238.55515176617428,158.25716792417916,215.71310409419402,107.73961057215274,,,,,,291.645362088826,277.92455615851577,
2022-01-04,932.2929843882448,500.6123115991213,761.0555011021424,1142.5969609727326,315.1830168232118,236.50423822992707,371.1705046879579,,200.32291532202908,382.0872964859009,242.7423922233811,1919.9496858606872,464.74290382736217,241.02690359341432,148.93607160480497,216.46415179390715,103.00761635008621,,,,,,289.2166915298767,269.64447779806505,
2022-01-05,944.2604820700071,491.14637020195005,743.9674977667237,1121.328810370178,295.76332891921993,227.3363940367508,359.3582872942352,,194.3698928302383,374.3217929213715,249.2361247245026,1726.883732436676,422.0180340000152,244.7158953500748,141.06235200634,217.12691326889035,101.23756252246858,,,,,,278.2279540393829,246.1966645021057,
2022-01-06,987.1061382625812,520.5634378739778,757.8493409803923,1175.1263805627823,304.09073388619254,221.22776579878246,363.7240247943573,,196.3610889151687,379.7041785827714,260.9832881148377,1756.5703103985143,421.2526081689757,254.82507307997912,145.77024353614797,218.3435501726608,105.39110582513422,,,,,,283.90116503068566,262.69824160209646,
2022-01-07,1012.5984734157682,532.3142975298033,777.79982093945,1196.069091002646,299.8558251257964,227.62209628696291,351.41792860937494,,195.17151794843448,387.61280101500233,260.77473162288516,1790.3983538692264,429.6581682369142,259.52663360051884,145.09153644585422,219.43143627686914,109.44269762594831,,,,,,286.8288038771607,257.5764785807587,
2022-01-10,1000.505246309418,542.7526263455657,780.5968140820769,1188.1291996296204,318.8671702090942,214.761611410373,332.4359992541795,,181.15148761451564,377.3534458820068,258.50935037333693,1865.0103872155887,456.6608511632585,272.2341166422775,138.02761653760535,228.09647512435913,108.70648777847782,,,,,,269.89467156489263,254.2203330258635,
2022-01-11,1030.4871378102107,598.3825814265438,807.9255946835328,1221.5547951263434,326.31962645446765,232.38384492351543,356.722057838364,,187.0919952392578,380.7322115013885,267.77540629119903,1883.7045673092653,457.9076714325711,279.3127721665951,148.1144962310791,245.63620053379054,110.85200926088328,,,,,,278.9229733865359,261.22718526832614,
2022-01-12,1071.2483890739823,595.6144121871948,826.4539770584488,1242.370565366211,325.09320610694886,239.72700011730194,377.1704885115814,,193.80856485313416,377.95007661621094,273.6395882381439,1946.583259985695,438.9147942668915,288.4520001411438,151.24239710006714,246.35360309448242,110.93707648555755,,,,,,289.1536413310623,264.67420607738495,
2022-01-13,1023.6074153766967,556.645497233374,788.2953808972961,1188.3258514016052,290.1662729964737,239.75338212972565,370.2658647728531,,188.01588636705856,373.616336854393,257.9082373935089,1840.2649071493652,402.36803128552856,279.02401090638887,139.4730381806221,244.81804266294785,102.85162662662697,,,,,,266.24545032478636,245.44138526916504,
2022-01-14,1024.6527387390088,574.1232571682922,804.9563107531067,1203.462625614644,301.3134517578492,242.43700783887562,386.98024128955694,,184.728744442672,362.29264438456266,266.6573652140487,1858.502054687262,387.68115257406316,279.195843090416,140.96081120029066,242.98217261344143,105.05863374319688,,,,,,266.81309686976783,241.9697386006119,
2022-01-18,1001.7811651757802,571.7786591184995,792.5443916612858,1191.3872984143673,295.9383074667203,237.35824235083783,368.618057391388,,181.8941639098739,355.6868248687897,260.727956687042,1866.693733352935,409.28134399252303,278.2552312956541,131.64930408863074,234.78757600256358,103.29407347638698,,,,,,266.8040690422058,237.90354781942733,
2022-01-19,995.4075401162263,563.3941552503966,806.2068648140412,1203.7776351640932,293.93122167047113,228.0070873548393,341.3093019161606,,182.88879500335315,354.79023676458746,261.4366899166489,1845.6418184963986,404.97363347467035,284.3465117976302,134.80937821010593,232.83839800133137,101.45770193135832,,,,,,271.17725235561375,231.66953348123934,
2022-01-20,1020.896630055533,599.9316282272339,805.3108241524169,1262.427545315848,306.4326238530484,227.27280053453978,347.57078313488455,,196.41916621239943,355.90749299356685,269.89131474833994,1958.504031923716,406.70690196328724,280.95500438642557,132.45243740081787,228.5973255029785,104.48159796084292,,,,,,281.50039439800094,233.2721203833953,
2022-01-21,959.4712463491342,571.9610075334749,755.1660439723164,1221.1593172470893,280.91960871616175,217.22994950827797,325.5334986180005,,200.64573386410666,355.58751010498236,260.5202154497347,1957.7946554753653,393.8168958465176,271.65422614283307,122.24050940780262,223.92593129028774,103.2426243578384,,,,,,287.69343762761673,225.09383129047092,
2022-01-24,937.3284075801203,558.6436522645818,742.0289339404844,1160.6612845598138,274.02662310279266,212.35312387255544,311.4045338299038,,200.8282789569639,357.9711477732053,257.12871763018484,1937.809874760802,388.2628055798705,244.35792948473681,116.02718781011208,223.48862174000533,100.68668538270867,,,,,,301.203474819049,216.3245261446791,
2022-01-25,927.6466757744201,561.7736227587739,767.8740824358247,1175.4811187804444,266.365553899057,198.0028149143036,295.95307008390955,,198.31425479311292,355.2059809870407,261.1488208339142,1817.8417964995606,374.82718343433226,239.42534351348877,113.67837745139695,229.61474228984298,100.98688680661508,,,,,,299.84616510038904,217.70186619306332,
2022-01-26,882.6274038904812,553.617656424176,753.31240554736,1154.570375931915,249.98823137534782,195.33493130269926,290.3942903248826,,197.20341829030076,351.27588035620283,250.2996532979887,1747.89334743144,362.7203835732071,237.8430436818162,106.65956577580073,223.82938385009766,95.21506998350378,,,,,,291.8735296080122,207.4801041468163,
2022-01-27,870.4517201519302,519.2031531445282,736.1347682810119,1119.1521691909074,235.5413213968277,182.59319558543393,253.91744246325834,,189.60103358230208,347.35532202563627,241.38118886947632,1579.878766075577,327.1104302985932,228.68921676360242,98.10977651080702,217.9438522970604,89.77822720030099,,,,,,279.6128534022919,198.5554940700531,
2022-01-28,897.5725997530826,540.1169744574581,750.8981815939333,1141.3807872481993,237.88828620703134,186.71191506541436,250.42922512344376,,197.30550395664977,359.48082653335587,240.7703559243164,1658.5969063924858,338.21573810992413,231.42306986062613,103.59902282512667,219.50529721508792,90.6686198465195,,,,,,288.28568465295393,194.96868986927802,
2022-01-31,980.3506634586411,583.5810036798248,805.5413342550964,1244.9417221268159,275.0343871467667,203.33372106739807,273.4756711978607,,207.38637064254,375.4152899278488,270.04651989429476,1890.5593767868195,387.10561494959256,259.681084104599,111.44776669379235,234.11824957066347,103.342474976017,,,,,,308.00110014048005,212.2963006110649,
2022-02-04,952.4665575743711,574.8932584938666,783.9807992278293,1234.2632673267508,261.1450861303638,223.66053555912004,290.2911055088043,,211.5033671497804,370.2477835028003,255.53411048062117,1743.7727831955272,388.1718218536298,238.2335303842774,114.55783075465206,233.94735893312827,97.41312265396118,,,,,,315.384735417465,209.00959358808905,
2022-02-07,894.2066722944946,569.6848947626495,771.702979607071,1211.7972830224608,251.62705875833126,222.9675696341019,287.0619976847229,,213.07694796014403,358.78854928767396,241.6585414479141,1704.304001135315,385.1116595080566,228.18546320884707,118.37607807390214,232.6245786698837,93.68843457163621,,,,,,317.5905513110047,214.7123998240204,
2022-02-08,949.843568913635,587.2043563336119,807.5618184596315,1270.0164608448613,269.4470216661648,225.96770429611206,289.6282467216297,,221.76002266854266,363.2625563077654,252.22670161053793,1645.5903455853404,388.2748661667065,235.86353491321097,122.33423842582897,238.7465628176942,97.16611492801394,,,,,,324.06885710880124,211.16292664222328,
2022-02-09,985.8524692058563,610.1374760213548,840.5853591324922,1299.1431115259547,287.4169179234468,234.812127034088,317.42111161634057,,230.60375268166354,368.7010408853075,253.2822549343109,1724.2676585912704,422.9424028070298,244.086158376831,127.81011951702112,244.3199627326203,102.48189402359003,,,,,,336.0470942225493,211.58809614913935,
2022-02-10,965.944331726816,595.2423489244538,804.8237595859682,1282.1083446261473,284.2204212381912,228.8254965745873,303.2307678995421,,232.4873223558243,390.8030829176132,245.8101476355514,1712.957861048053,421.1885020630143,236.30497430487594,124.6580810546875,241.52503204345703,99.10317651893274,,,,,,346.0040850385849,209.73722196892777,
2022-02-11,953.1306610107422,576.7902617682703,772.1722825285979,1252.4409718038514,273.9714588643983,219.39547009486705,290.57816091761924,,227.1920399190858,399.1843809483107,243.64280700683594,1576.9341698186472,418.2859829659574,229.2971173406113,118.50785984104732,238.4970721125137,97.14526030718116,,,,,,348.27275977190584,202.4769129814813,
2022-02-14,951.0771655868593,580.7717613099521,764.403304000989,1254.2953852197243,267.8025043178495,222.16763162193456,288.708701038875,,230.74854747384416,393.78588914451757,240.65560500176616,1601.5103996874386,409.5435690879822,223.33775312926264,114.67219785674479,234.64896241753922,96.88630779654159,,,,,,341.52032294744276,197.5170103680939,
2022-02-15,985.0001955816042,594.0119094834445,779.3236572728274,1301.9418252312316,289.63250021084605,235.48246757205197,312.5721629865111,,237.35508976383971,405.0329599777069,250.4634451063539,1715.7136887706147,444.4360835547486,233.999969422699,127.96263549705509,234.7802323898468,104.55483577629093,,,,,,355.95459941967783,209.73387894984444,
2022-02-16,979.5261858642334,587.4349013939209,781.7642569072632,1305.5409076958313,295.1996793825165,232.39954237862548,305.4193406887207,,234.11581422071686,408.78603561593627,252.44877818375244,1717.8374269828491,458.3240246772766,228.18685483932495,126.38041786289978,237.23631524257507,101.41637992858887,,,,,,354.2552151601776,209.07376190089417,
2022-02-17,970.4917859562302,581.452747949028,778.7020502947998,1297.836750491333,284.9937367224884,231.09917811531068,306.98832430999755,,232.4250937084198,405.0280367859268,247.94611177684783,1600.3794216935348,442.0756617315674,221.3498031296158,122.4521483326912,238.19673679115294,99.98958747306824,,,,,,350.1975613872528,207.70067814964295,
2022-02-18,928.0148830795442,560.4433251680603,768.3672981521304,1230.074049246643,267.3531358119508,222.664296828003,295.50789129121404,,222.8202823965912,408.82880364010634,235.14285967861179,1661.2082834243774,462.7206126635283,212.99341470957188,118.54631732957841,232.80313565219876,97.41075624295809,,,,,,341.2885995040742,211.82355269636537,
2022-02-22,880.9556373989944,553.707906941574,712.7682528224868,1183.16248605468,242.1399425972595,216.0069246802368,271.2372959608383,,215.69488153900147,410.7953918856201,227.7082746539154,1621.6511264425353,448.9417880385208,206.09977813155365,117.01349973678589,233.63696042606352,84.95180348713302,,,,,,332.2403314429703,210.8583318821411,
2022-02-23,855.9915592632751,550.3248696894989,714.3144750670472,1168.835766054428,235.21823640285493,215.32416240753173,266.8927281527176,,210.7992350146942,399.75399603921505,222.26758162747956,1586.0652996207427,399.597960468338,208.38072830721285,115.4636811831665,228.43085275378417,86.28569904585265,,,,,,323.1422568616181,210.40914608750154,
2022-02-24,850.206269137976,553.4575368513761,724.3105127107847,1179.5021287136478,250.77690497558433,213.54671786808467,269.7432272713668,,209.72223539205697,395.3268035298461,219.08831036794436,1684.646263683826,431.23011326789856,211.82959295726323,112.39300391957477,232.90328770524138,87.49483413906364,,,,,,327.42268924146265,209.01977790799174,
2022-02-25,842.7415567085263,566.0437417030334,778.5638981185912,1195.4063122432708,245.6239392517091,217.75116704292304,273.49671146049513,,210.49018976669322,406.3803630867005,220.87417891044606,1671.6638052623748,422.0734545352934,236.25494832401273,110.0857513647079,226.10518953781138,86.0386523128509,,,,,,324.08930714492817,210.80249691009521,
2022-02-28,821.2688253661618,559.2497608131962,744.3651011078618,1190.172248675488,246.79444308928214,237.73776764486684,283.958034110663,,201.5891275611939,406.14510580786737,214.1591748985229,1643.6306931471918,427.06915421102894,238.8308100597351,117.89294884013361,229.8522112008941,82.2127608241135,,,,,,322.9173717086669,212.75382614135742,
2022-03-01,836.7219931860745,572.7119875931094,730.4616680415129,1272.467541141974,243.77372040806586,237.67937218195038,264.400722246286,,201.50398457596748,406.6801811212463,210.02042435105432,1689.3050140145788,410.58681116046137,248.1491418792557,114.07360012560275,231.11623252386016,84.14881462131962,,,,,,323.3908298773895,218.6931478069473,
2022-03-02,823.9521477637027,561.1034573109282,722.0328065778813,1254.999095989333,235.72753825135806,235.18042764715574,269.0232584891055,,217.82913534926593,421.2770137838743,214.31197445418547,1674.1657237902837,410.56920952381915,228.45874900662238,107.85941940610883,226.426613256981,85.42778773411555,,,,,,335.8492260497587,204.69842121782676,
2022-03-03,797.390172938256,530.0046572564534,676.1993555366244,1212.6112609940756,217.06515325153214,218.00279133273307,244.25689606217657,,210.89230711909022,407.0948118668057,213.15829313838822,1447.0228677827108,327.0823334415254,226.5978865623474,100.79698793841544,221.1282764425505,80.9501388617141,,,,,,329.03576349809737,190.42036847216968,
2022-03-04,786.2493398619081,496.9940000014267,668.2337930202484,1150.9252010461278,198.98516676618965,212.81878219939426,230.79467095587916,,195.38999795913696,394.06253357319656,201.4861712620086,1378.4373194400105,316.5317966938019,214.3819081458969,93.00563604713443,217.27367176773078,72.5287651554413,,,,,,300.11904879089343,168.58248785401156,
2022-03-07,770.9884637146606,472.93959502316284,639.3124061723938,1081.3061625759583,183.01793238179016,200.83522572677612,212.63525859640504,,173.40597797029113,365.09812111157225,184.97158237950134,1404.5180229669495,290.9375540819092,202.47628457037354,91.43081840236664,200.67893014971924,67.04926732524109,,,,,,260.8513560412903,146.21115867422486,
2022-03-08,762.2842276096344,458.8560027853473,662.2881663889239,1069.6998318429396,177.47541075195295,189.51558464394384,203.11942445489512,,179.03906175868997,363.47276944657096,196.31751200553117,1444.19634312384,287.0097774118731,187.6391944885254,91.47410582193379,202.49396106975564,65.90826945005028,,,,,,261.67850285761233,141.74576827516194,
2022-03-09,789.131318327858,487.8806630227664,692.5716180626987,1127.6766702343666,197.34146669725033,216.02791635001358,224.0028921104049,,188.74100351914967,389.4444855916827,204.76914283124552,1528.3017862918932,305.08178251545723,200.54709157711022,98.51436522239692,218.06075418576802,70.52377718251046,,,,,,277.48213343213683,154.57372909348305,
2022-03-10,726.5479572938784,410.6575527507339,639.0526060992488,1056.8255112316401,169.51743700227962,203.21762393324207,203.84314892568364,138.94487503352502,165.92065711047144,346.85394386692496,191.25444167489331,1438.708854675293,277.57698011398315,188.67414921686031,89.1373934482308,201.73199648355876,59.34674144845121,,,,,,242.62574319813757,144.49640747723242,
2022-03-11,678.3123898316771,375.41475112731496,618.7028600412013,930.2838081934751,148.78909123890844,173.4308141287056,179.21966222606352,125.71191342040402,151.5270637646081,293.19742046839747,167.48550704799345,1263.6120477264922,232.96209950675438,174.4477676790084,79.79225371880148,177.3421991880623,50.76977627995984,,,,,,213.01402675158533,133.69114252247164,
2022-03-14,608.7068593738222,336.1351721645842,559.9382678986876,853.0193593977601,132.76321365842887,137.77315667267612,154.6033968925476,110.37508633728794,131.11933660507202,286.1141285301055,157.03007894163966,1148.6053552155208,217.3841216444489,168.3024320602417,67.32097581024937,164.23185802702938,44.424015536884326,,,,,,174.40829311006019,121.49087547059025,
2022-03-15,600.9502132194975,359.97511411867526,581.2212259513399,848.5015717245333,147.65400042584224,154.6217610836029,166.36518597602844,116.88622481848142,142.33031208540342,309.79154627297976,165.58228799669268,1147.0977769410092,227.50928073481373,186.0941433791122,82.98687222631452,171.21914150188059,46.738829429274574,,,,,,194.07967588977044,124.4020170482845,
2022-03-16,821.6470143794868,501.5349638245243,730.3093775402522,1180.8142225525808,217.81706626306914,203.8855345140837,215.46906217119613,146.75062894821167,182.67518410899356,339.0526507334289,199.73739295655832,1434.8689639351505,280.27414528889494,232.13992705128476,93.13772952014915,204.98128269477093,59.0133192891426,,,,,,260.94218621470645,148.78557279434972,
2022-03-17,784.9355556371775,484.39679095134306,665.5177120564731,1150.7747241252073,186.43880894781796,196.29253967110435,195.27587674550796,147.1802980303437,174.47356130177013,338.8588037492809,189.01954688132628,1478.3721042864272,276.45182758553347,222.5691400169344,86.80666263405601,195.04127369826801,53.25705831124765,,,,,,255.33671802298704,149.52643291661207,
2022-03-18,846.7186872181555,509.20391707266026,705.0516096037354,1165.2349390786912,215.39333822286972,220.39704129527217,224.93163741852732,163.08912127846997,181.4620443338972,347.52211664163224,210.38965006263425,1508.6916112827166,302.80160151694326,232.1244466049493,100.07386013379482,205.07322393630056,56.838824251780125,,,,,,256.98653333524453,157.14723413210686,
2022-03-21,810.481895257064,480.70285058357877,695.6265162934578,1147.6154325982498,194.8943392306992,206.0043343439911,213.75003295549323,158.51302214407497,176.1951278834258,332.67392388867484,203.65715837310472,1405.3360287203104,300.67400891176294,229.0849627239577,94.66967456777184,195.05082160821985,54.06342282597507,,,,,,244.4981187582016,156.1658312502077,
2022-03-22,899.8001657361347,506.51420845900066,741.1085699300493,1209.6713358563284,233.9683895301705,213.8580652036644,227.00411773968426,170.35090341664727,189.20922416115718,356.117095339725,212.52780953216097,1458.0378262796949,333.7375350428083,245.7841863946869,101.72538805007935,201.65102281667168,62.287237904549784,,,,,,265.58150236316396,155.01383714960411,
2022-03-23,917.5987939913357,503.17663238392197,747.2122106677416,1212.3511615365132,246.77491582889797,213.5115676071191,227.59956794153823,171.16928318259215,187.99662106208962,338.26869429410726,211.3200945854187,1465.9353466943212,342.96468445345454,242.07891074136205,104.09471475156215,206.31103045374766,63.23949437510146,,,,,,257.18438655764476,161.46419903519654,
2022-03-24,900.8944490603026,481.31156043563533,721.0285247448483,1178.3214218398498,237.1351272952561,217.96716950144037,228.92029037254179,171.9640409513886,191.67966747283936,339.54685146127304,208.57877165624086,1583.6652219949465,367.0078845674652,239.1692806591309,104.0546781203575,202.1633729284149,63.52811746707994,,,,,,257.16369245290844,162.10622769066322,
2022-03-25,883.9659516149368,468.7781149092407,732.7396745794831,1146.4409864933623,215.378207939003,206.53775755943298,211.6229645884323,155.76389321637726,175.55710064039613,322.79347171861264,198.5578859571533,1506.9432737676543,331.0080656153641,232.90262219451142,98.57484324394227,198.94906491135407,63.526007271949766,,,,,,250.3488006591797,144.41995721772764,
2022-03-28,900.9716953362513,467.90407816661536,734.461437754544,1154.2990525236964,223.42283280875563,207.29629715191186,212.38476076221377,166.0405720851195,183.57622395775616,330.2023424578583,202.59924807643802,1537.6563070578122,323.46990495196223,247.3777636827126,97.85512685775757,197.35421267960191,65.60207794133112,,,,,,254.89304518977224,145.45185996411055,
2022-03-29,913.6992643397825,491.10063305108633,735.2809005820309,1156.235520860413,232.6719366104735,208.2460883441163,220.77217165283218,171.29414183679182,189.69182529656973,341.0225475249026,198.46008809234627,1624.789141240355,353.78347035076877,255.0623248970951,95.51136096405025,202.76592223022453,71.7118086503906,,,,,,256.00177255920426,152.03530050878908,
2022-03-30,912.4949828607787,481.29453719699086,720.2589118273318,1125.7861811144103,220.8835768169556,212.35192769247442,222.6055703575439,173.52902317636108,190.27922626187137,342.1269020327454,193.17529680700682,1612.4031867980957,356.21585594570934,248.9049519903565,97.05727621948245,201.0024967429199,70.05343793350221,,,,,,267.22060103472904,154.82202010687251,
2022-03-31,851.5830866304022,452.9513872372663,702.0081523582921,1035.5187665429694,200.21594375022505,202.01616171536625,215.94831646187595,164.75940092884048,180.96140740185183,325.1356728496248,191.84100241517262,1476.1817171984876,344.2336646108779,238.02059566275784,90.01107740402222,195.67625522613525,67.15609019645308,,,,,,258.214399533852,148.0877905522957,
2022-04-01,863.2494590119022,462.8803273805206,750.5256883013644,1104.2856684273283,216.36072089525442,213.3839901733063,228.65928191828607,171.78821618720394,192.3119251091157,345.3781291612213,200.69376113268117,1543.9789324133599,356.18833976445603,265.08496037803343,94.78510955180354,201.94711671839286,70.57965552333371,,,,,,274.6418153955565,155.02457402242726,
2022-04-04,920.5654966831207,496.00853497202297,768.3392168406754,1204.9614995677184,252.19576233213047,224.53963399549866,246.00643612495423,186.8552123154068,190.92920788712308,344.4873703225021,210.3590122307205,1692.6653478104781,389.2229289885254,262.2240706189041,101.06633664718629,204.3263666660614,77.95426822479249,,,,,,281.49717937667083,162.7246450000839,
2022-04-06,843.5392560070068,462.7401880914658,742.875454727,1096.726369857788,235.1694723226592,215.585072860913,226.78735174370559,169.83591452293695,183.38831536445468,330.97635090351105,203.67775440216064,1662.245507840562,368.18670988082886,247.39013340310976,98.70537627554313,198.58581353044883,70.42549867143407,,,,,,268.8546334201783,153.77669799927844,
2022-04-07,817.1754378303267,447.4989714723815,728.6161302247056,1063.574256494765,216.38261305880587,206.8213292400833,220.61464470878218,159.56356525015872,175.31615822950062,327.3560900657776,194.8305604417328,1673.928305292604,365.6011954444657,239.1102291926445,93.26160651698683,199.21933788010483,65.75335594783746,,,,,,256.74371184033043,141.2247265546921,
2022-04-08,811.3097426932509,443.0740281610597,729.1051878004182,1056.0426712817498,201.4756397933852,202.65112226995552,213.0736269411309,156.72940254211426,172.9508933137222,326.9375432688539,195.12810317555613,1540.4149902811914,340.96480207711465,238.8556058869308,94.27273353651844,201.08382226578215,65.1210700445622,,,,,,252.6478100511431,144.26941384426573,
2022-04-11,796.0362604707261,445.4824301391709,744.7701086655106,1042.9603515714189,216.117368771138,197.93121588230133,208.51367991976167,154.42554866894534,168.45710035674438,318.17933001443635,188.13264083862305,1445.5642077505327,336.2087021142288,230.46248203702544,85.28679807726212,199.02865150273283,63.729932981169895,,,,,,239.79072966501008,134.12289998232882,
2022-04-12,781.8205525875092,442.67894187722777,722.958657649353,1026.6734684521944,195.47473683277894,195.39635703858949,202.05849005052187,152.52358132907102,173.45050799630735,315.0011722789459,185.20720803521726,1429.7714663805236,332.7146170809174,227.21782095806884,88.17525029182434,200.41254427137756,63.72131510785675,,,,,,245.55827421472168,131.28315043449402,
2022-04-13,783.9781133633514,456.76541085061035,749.9636958635529,1055.466683790335,205.65416141416244,204.00830828947983,216.78331261254425,160.04032120418015,178.8501502151703,329.01530782512054,183.6309872989441,1470.7721425587952,349.9412614725952,233.47704688447266,88.40620831062279,205.4974092264656,64.89391830970726,,,,,,265.14027126108704,136.8415206299469,
2022-04-14,748.523166023424,443.36027066022325,745.1524968745944,1015.5897133949038,195.49867607088618,201.53450983027506,211.09780647602383,154.0316290278397,181.38889928168646,327.9737153760925,178.72371971987923,1429.4762599914611,348.1193259246811,223.01272511101524,86.85345908441468,206.2377687600083,62.474914751503775,,,,,,262.04974582042996,134.98344008073127,
2022-04-19,733.1802318096161,446.10291914600384,734.3564687456128,992.8122951541518,188.98014830265038,198.70360626663205,214.54343946319568,155.81060771514876,178.47253736682887,338.2822968210603,177.21789859447472,1387.631858219298,353.8084628462984,200.5071476323319,85.78600458120354,201.6049528190233,60.614793645696636,,,,,,257.75009022953054,136.2852600378801,
2022-04-20,701.1442962578731,421.50211811065674,697.6938411690062,959.1427541777957,174.0117623438491,184.20622619432834,195.02805639350117,142.33047968219762,172.67863876734918,340.41687223939516,172.52179718017578,1348.8851538759773,352.88549423217773,201.2231495144806,83.82990633922964,196.2043383828277,56.304839733560584,,,,,,252.66602344287094,136.449054778328,
2022-04-21,674.4969617602001,397.685746312256,672.2222235198205,909.6571161987231,164.7219042778015,176.25243219126878,186.99858205320743,134.52288550132744,169.03604340541824,322.2274347308048,162.9962516189653,1292.0472511293337,331.0910204170759,199.62726616870896,79.92933978432075,186.60639302744312,54.35822706517979,,,,,,228.57124714842212,126.52210370289595,
2022-04-22,678.4794545966106,408.23300162393207,673.5373780160371,898.7558425948409,165.36417163127135,175.1699218820877,187.2506133730394,134.77023384120184,171.16917398426813,321.0010258468319,164.34438018863693,1284.7886112870328,340.377197918373,203.33203779942323,80.25025646170798,182.93607428524774,54.59841769579316,,,,,,234.55354300704948,125.51360321044922,
2022-04-25,673.5255144407711,421.50271437001356,693.3766787074237,914.6420359079239,166.73366487026215,175.0507281981254,189.95867641693258,135.81927764041666,169.6367987964013,321.4625154478563,165.94903286598583,1277.3760541039737,360.0662484296554,203.37584028978654,81.60141416691204,186.34939014911652,55.15942113035567,,,,,,235.54563274022985,124.99140387135776,
2022-04-26,659.0787348866215,417.544704987311,686.4651911752953,878.327001706195,161.41504608051764,165.96636916270836,178.20785625150165,128.37872102942492,162.51363666226825,309.01919209362313,161.80741055055296,1197.2335988386185,323.4578753130918,194.2159674167633,76.50932049751282,189.03687614969022,52.41869208099388,,,,,,226.3891205681266,116.6080488539128,
2022-04-27,692.9234009260254,450.4943449940183,698.729128260864,929.8605008540035,174.40768725787348,174.01541323718266,186.09762965313712,131.49225994390872,170.01415537609864,313.2748155122681,164.36532867095957,1238.0357241687016,335.55632107342535,210.73282423132332,84.65402508370971,203.4364137178345,56.488319426422095,,,,,,239.21234611230466,120.66533086917116,
2022-04-28,713.3071731088567,453.59462100856035,716.2887456058961,945.8715040284733,173.9524743725815,173.56016535257731,188.93890641431426,132.83786351281742,174.89403697247326,321.6983051300049,166.733877658844,1243.2462308805843,313.30276639062504,217.57789887788385,88.27087640762329,210.90854077840413,55.47334323151972,,,,,,236.72287537355805,119.26376040529249,
2022-04-29,761.8360928570473,483.8275326104431,748.0259436232227,974.324748410545,190.98868385836795,176.00148768991858,193.10729650200665,131.03989918457046,185.57445653564446,327.992062018051,181.57263764201343,1255.4720306396484,313.5541324683836,228.10357217221826,98.47608889993671,215.8627240640717,59.94878841539571,,,,,,237.2842119949264,118.40670708701327,
2022-05-03,787.7320131294255,487.87905114440946,752.9675864105229,1001.1055531394959,183.55301664123544,179.94317389602656,201.0529526765822,137.5666777135848,184.73015359268175,321.9044473331451,176.96111557197582,1283.3016404678347,306.7587702327728,229.3824169475556,103.19461999988562,219.02371954383852,64.89882733039849,,,,,,236.75907099514006,102.33139771089554,
2022-05-04,795.7906651673111,495.78988908874817,761.027300979953,1035.4459328305893,188.8835457648056,185.11686455780182,209.67878176686554,142.27081718388672,185.1953389538803,333.9793963051361,177.97585915672607,1279.10337972641,295.29240211861725,237.8504463582367,102.56368578326874,219.56633116084595,66.54476119357605,,,,,,246.09007833695068,97.14907967726822,
2022-05-05,742.7347199032592,466.0927181551742,715.6591436823655,973.7798605233766,168.73200106620789,170.06616167339325,181.3672859360886,120.7022416608429,175.95216171058655,319.72753519294747,171.94967988903045,1251.5990143785093,280.8014321942901,219.82248318531038,98.17848241664888,209.38464371810915,61.13592008693695,,,,,,227.748965031662,87.8975990585327,
2022-05-06,706.8204634117501,436.4940041050795,693.9477805766364,916.4725821325374,163.6558182379531,164.2052598265991,174.88017630712875,117.11006119531248,167.18794915260332,315.61631564118215,163.34184306092084,1156.108581701883,224.09464749874132,210.5940292807236,95.76023571983342,200.39007556574234,58.241062906204206,,,,,,210.12308148633565,79.74786848461918,
2022-05-10,663.8237592822952,405.42152422336585,690.7472038269043,847.0287874381029,150.39450363549804,154.39769945426178,159.1073424746628,105.49593329073332,154.00523544070438,305.42015449437713,158.8718550836029,1127.801740757568,205.9682553445282,203.92740953663633,78.0230331385269,196.23500108718872,54.23935310277557,,,,,,203.06398571250156,79.59291913584138,
2022-05-11,641.5519131810834,391.1480691970137,689.5132190106815,832.7693297980732,147.96590372549053,158.01344602328118,155.58005874453738,99.76905060671425,156.91449982746508,294.5188680723495,156.91449982746508,950.6711049258956,196.47674254107278,199.9305777199288,77.24055627436064,199.0671264112243,51.493702935238844,,,,,,206.44578654315956,77.71153107656482,
2022-05-12,636.5370141572203,382.0478075298888,690.4648872988037,846.8320932318602,148.43896145252074,157.9371789052857,160.92008113861084,102.83185972204592,152.99182168584593,294.1305188633851,159.66412072750245,1032.086418564868,212.49300230796507,197.81395938854985,76.77065124708861,193.10410036077883,53.37836987490846,,,,,,207.31216186908568,76.29966983598024,
2022-05-13,690.7074192775326,404.65925447476184,725.796214393762,917.9603279643925,161.70671037667853,171.28350998692622,179.1333501511108,112.33121604340522,163.9046560403258,308.49871246350085,166.2596170730103,1043.0082242859062,260.77169983653584,203.93884387214348,86.97622842026976,198.8364507598999,59.972777806303384,,,,,,231.72728524010017,81.24584869378668,
2022-05-16,678.8446780310151,404.4965780805069,731.9873238801956,924.6982196990357,161.93992361758956,172.8510585192398,177.71788274400024,114.2135732125721,164.68733211720428,309.6718550727692,166.33578320584184,1014.0280658188567,258.5700959075821,219.39995990255738,87.05350706191712,193.4173427736023,61.38489006323948,,,,,,223.3248249099579,79.04677885349884,
2022-05-17,722.121474457741,421.3094805078508,742.6099790000917,969.0040073928831,165.87049139690407,186.35899593925478,188.00750370502465,130.5454918260575,169.9524949407578,322.39949368762973,168.77499794960022,1087.8530011577604,277.497484650612,224.35299667549134,88.70500041961668,201.9019921569825,64.68399741744997,,,,,,232.67399238204962,82.42499899864197,
2022-05-18,685.3293500619766,401.8882628245392,734.5449963005158,932.9773135314972,162.87463533878326,183.7539849844925,180.8497227624939,124.25568505959473,168.99715714125978,320.8826634514862,168.76167035102844,1028.9751975950057,270.88209118851773,234.6964594938736,88.46251637716523,198.43233220248567,63.65846923754043,,,,,,226.7685838808029,69.93797474775238,
2022-05-19,688.2613071517262,414.2596640429838,748.3830854100415,983.7685861116479,169.45559713440707,188.29271457794948,185.31017709563457,130.76100984019467,164.66782423265067,319.917082258331,168.4352447272795,1033.4515056374585,280.35915209433006,234.28668843700416,98.50244378543857,198.02522500760642,67.81363627011115,,,,,,225.88847463716138,72.13047038224022,
2022-05-20,681.1192407026138,409.4249241323778,760.2260862035291,976.8281118491286,171.08421213310248,188.3495979309082,182.62063458632656,129.01947877390285,167.86657436594396,331.1028865852586,170.06399173052978,1077.6736736410821,288.72424501322166,226.8043045147324,97.94178733158878,198.94426580825802,67.25649986617282,,,,,,224.60690211882775,75.18288057534028,
2022-05-23,684.6054866466002,418.54878426427604,761.5970938247192,973.1867141723633,166.61897980959475,184.1991251079926,172.50518977434695,125.57247924804688,159.55553084577332,330.8050119945983,169.051957372998,1060.8519868767762,290.93573546271364,222.57722425737302,94.17935943603516,204.29073256565243,64.98375591514741,,,,,,221.39997028889775,75.42196765386507,
2022-05-24,647.3152958935243,389.1583979704592,748.882670517487,908.3763824165653,146.69968530225378,170.7964202535477,159.49371189907833,114.83233555020524,151.88009017910008,316.71117757934553,161.3774941296615,965.3608061199338,267.26185285636893,224.4842662235642,84.77028271657946,194.500706187584,59.41768920215418,,,,,,210.19890641341408,67.42377116761782,
2022-05-25,646.0561142601073,393.94431356177665,765.2048483449034,936.5498437960632,151.25139092211612,175.8189423183212,161.0627159953583,114.91024195257341,153.60610295133665,319.4567503731232,161.61214780411683,1000.0487708095461,252.03332327213138,243.948786022258,85.86871374741895,197.7963194649201,61.92908281434211,,,,,,214.2793336112518,69.30719971854705,
2022-05-26,741.6208032896429,413.82565903411887,796.645756427879,1069.023448581429,164.36853794643412,189.8009167307282,173.3169633598709,125.8274932638551,165.70295357578289,337.7639831329725,172.13954132732397,1030.3253504151144,235.48500537872314,259.6614803038028,92.70260041120537,194.2751294374466,77.71004878063195,,,,,,237.76136761714952,71.11647491815575,
2022-05-27,733.193779436042,421.3450461499633,816.3167762756348,1091.7451675263146,166.79549515247345,190.57857585089096,176.60699486732483,130.0612378246842,167.18794915260332,339.3209025453416,172.68239498138428,1051.4788541396774,234.6910701850129,266.95127106705513,93.56246187966917,194.42468194257344,72.76208547841634,,,,,,241.441386779602,75.03835311283865,
2022-05-31,753.8186571971964,440.4404049206041,814.0927574926645,1101.4934906515264,175.40704571178048,196.75411666257787,184.4324610233307,136.48001636710978,173.1310634756219,356.77870252202774,172.66017627716064,1076.9286181599455,228.38232706954568,285.203219648085,102.4973624832187,211.43023823259955,70.79067586625206,,,,,,255.06616950035095,82.5629606124221,
2022-06-01,732.7733768177095,437.79640786011805,790.6858983209349,1108.8906311284227,176.87634472210993,199.79021258990178,179.85828171518096,137.8756520213028,170.91245576858364,351.55544750425724,172.56036477247926,1090.9205501418546,231.4929883480072,286.34506892786703,98.87497428787992,206.8527225134094,70.38956499311598,,,,,,253.77909418635863,73.29303547435302,
2022-06-02,765.1244473457336,455.1509532928467,818.9578235076478,1147.2942755586846,196.1857557296753,207.25063115540615,197.36286727049628,147.92406281373223,173.58516325544224,351.329454952971,164.79603481292725,1089.301770954684,225.22125356478136,278.11291654558227,105.62641118421288,209.0555365158507,75.41380180828583,,,,,,254.88453025172566,77.37565936558258,
2022-06-06,776.805727018771,472.39138575372635,814.1513579016028,1153.2438704980887,199.98765151693806,228.07536370216985,197.79084177789628,150.4811004930816,178.64727177233726,355.88230978132924,183.3547126619742,1086.0843226097059,210.50093068346177,274.5220998463483,110.70324517778135,219.36659880456864,81.2033067114753,,,,,,265.57794270213344,76.49586582183838,
2022-06-07,818.4530029768066,484.38736508203147,812.0196132659912,1181.390481666138,219.9121769798585,233.1712304221801,204.92708193219005,154.1660395257568,182.80247700073232,360.4268591140135,183.03785039172362,1212.6944692747202,218.02923474481213,286.1290462516481,115.95796779940792,215.28327170709235,82.221885751831,,,,,,265.2597511078493,73.27790639428713,
2022-06-08,938.461961092602,521.4810756321531,838.198212541407,1199.3986448748037,233.08563254209002,235.04697249265155,215.98276074281603,159.88842618568742,198.95832937338855,371.79159624001477,193.46657152628177,1271.3405798961176,230.88894137431635,294.35790337159415,135.48936737611075,211.90317005432735,91.55534949076537,,,,,,278.03954061763943,89.35865084107354,
2022-06-09,862.4776095452726,481.857377678436,814.2918777648556,1141.939130889361,198.70730215901494,231.43279485847324,204.12231583450466,147.69634324902654,180.81423692124008,341.8519138726133,186.77858202145399,1182.1985875486207,211.89167547225952,286.13223310096146,115.52020442714229,204.75014242234647,81.53905855200037,,,,,,256.7028337298143,80.98970467442632,
2022-06-10,862.1121832853387,482.7796860419385,829.2257512408069,1121.3580437270575,204.85368775321967,234.91459185277563,202.57752851454916,142.37723051716603,176.04859048520666,336.39958060572826,175.1067278763503,1157.4625724711077,208.85657764266216,273.1382403573607,127.22904376998122,201.32172168300622,80.76415357689666,,,,,,245.8244193157043,77.70311881111138,
2022-06-13,773.313987093381,462.559836055545,795.449038675928,1035.1670307430904,184.38028825394213,228.02244722418982,187.99097860283655,125.51046384445726,161.22483296903374,303.53280028278823,164.83550834655762,1022.7651066949766,197.64562621286314,258.6347678942184,134.2232026478996,194.11343075974582,74.80392145366022,,,,,,232.5750463796685,74.64693914779127,
2022-06-14,826.0344919121708,490.69099169192486,825.4064935299684,1105.2518794244388,202.60333664332575,252.92056912207045,202.1323528289795,146.4772688522644,174.10856883233646,317.6029052583617,169.55568536750798,1036.252069382812,188.39520263671875,266.89320373535156,166.9652519301453,194.2825527191162,77.94851748651126,,,,,,241.3813533782959,75.90756766127015,
2022-06-15,848.024662444237,504.9055507355042,806.9697201916497,1136.822542016249,211.5548047589491,255.04325666506156,211.94729375839233,157.86148914235673,172.06980353163908,324.82886081875586,171.28481056025703,1073.395337510512,192.40104513070673,278.6714417934418,183.76615239049534,191.45905057054915,79.990475350422,,,,,,247.8998341007309,79.83348124789427,
2022-06-16,796.2404369921496,486.6916672911302,743.81178719323,1078.240694060165,202.7293350955124,249.58547117340095,201.3950725118866,150.5361486831207,163.17239932981101,312.53124605030825,164.82059812545776,1049.9856864774629,181.61659714402776,263.08507260067745,172.82617362721248,187.97397385013574,77.23022431924437,,,,,,233.41735954888918,79.89874948649594,
2022-06-17,802.5021679094243,512.0033274690468,731.3099283738484,1097.5536184744487,206.59093560052497,260.20098441478694,221.1119581727371,163.02788285504903,167.58041812389365,317.5001367610548,169.3857304783478,1037.1932530655977,217.6583060811845,264.6750258893735,169.30723668408973,188.30230073088842,81.08223304468538,,,,,,243.8746345169602,87.12612046211234,
2022-06-21,835.129575449173,499.63341532661434,722.2509113820342,1143.1518455509795,216.18074447222898,280.6267740726471,236.19747341723632,177.87420021443177,181.09257600602723,327.0969835458527,177.24622481539154,1198.4136806665192,228.0337782575989,268.7737402872772,162.95977325814056,189.49175258273317,82.9713263302765,,,,,,257.4701531603241,92.076977102417,
2022-06-22,825.3991230340653,482.13040313579404,719.5062819032319,1120.0779949763382,208.724322291333,288.870058555809,240.04474325372848,177.0114058448944,179.1308365422119,325.6067974206253,179.83731344131775,1222.0459112110839,255.43022186826784,269.16724939416963,163.43137651260986,192.39688445943375,81.3232002583477,,,,,,255.97970057375642,91.76334057914619,
2022-06-23,880.0074698912431,485.8840730754855,713.2055910813142,1147.047499527398,218.60858298759467,308.0144002104953,258.79803049312613,180.9309731439589,178.4191354820632,335.09515187427496,182.42238237010952,1226.091904050445,260.2109429208758,270.49376899192794,148.98350980972282,194.19663263904567,86.97246138767241,,,,,,258.4055315293881,97.4122960272598,
2022-06-24,923.2464546740266,502.44011355176553,734.7038320932006,1187.9281738360442,218.29181101735685,320.1770349601975,277.00533472101597,189.01355244831848,185.63830803417204,344.11769910421754,186.97270664042662,1397.114756858391,268.6064790699311,275.35696789822396,155.81059385753633,209.97145116329193,88.22725469221496,,,,,,279.1246763259278,102.1206963623581,
2022-06-27,931.9224938428852,515.057313876514,752.5707371660428,1218.492790137061,221.34434678961952,307.1349039707002,270.0087113938753,180.13662376811226,192.8521413453018,361.058144569397,182.56983750703967,1344.3136948479878,269.45927748227405,282.95969209263603,149.05421918985212,204.62577649430386,87.04641039929811,,,,,,280.7619564462311,103.76497320913813,
2022-06-28,916.1690392650453,506.4195747783051,735.3833667980653,1206.7285698842388,213.66291592467496,290.8734616700058,256.26995662168883,175.44998203451541,213.5844481281738,376.7152555036391,187.1414143215561,1294.9243976129073,270.3938307354583,308.2144406093139,144.14204960823827,204.09006924456025,86.31260061264038,,,,,,300.9955829256287,104.3597822373581,
2022-06-29,910.3481554816972,508.8001130311204,725.8933825328677,1187.226501804107,204.46154180178837,298.76807543176255,251.8501655547334,171.50919110423274,218.89781485717776,373.53853912001796,183.4347956139527,1273.2948168187795,271.07238135181433,311.00750415676885,158.0144056593781,203.59851398624414,87.08838213760373,,,,,,293.1975347401658,98.93553433467105,
2022-06-30,891.9321661669892,503.8694989994692,732.5016480841005,1166.9340860938682,200.85735162582023,300.57989460775934,249.03172654815899,170.41490134323794,215.37243645362105,380.53052377700806,181.47774630120148,1269.8735586779949,272.09894187041937,308.58280818395724,159.74436487334606,215.37243645362105,85.83512928749496,,,,,,298.93221392289706,99.17331858115813,
2022-07-05,942.5399818215556,507.8716189316947,724.3427355664062,1210.2455300092697,217.4126582077406,313.8400077819824,252.09199463130972,174.0242867095185,203.99600505828857,369.7819975495531,188.38246646694188,1525.8900843142692,324.9028668590927,305.6017135637285,176.4565425796127,214.27426112293233,87.71828456947333,,20.085760049095143,,,,298.1480073928833,114.47314403568271,
2022-07-06,934.6894058211001,484.6072431468474,700.1539363337542,1170.7156924160154,205.6599051878402,302.8795232252196,241.2050995510208,163.44509572722473,195.38083706984708,373.7345229274888,180.23685791533808,1420.6305899469226,292.20814505581984,288.1278990208375,176.07815884981846,207.1507671941299,80.6632523564781,,18.75342282116719,,,,290.87420407684476,110.4019421711746,
2022-07-07,960.3820845298615,495.3748045144348,695.235326809845,1213.8369780331268,219.39931643197633,308.22622188183595,254.55342477842714,176.55524969100952,208.96294004891206,377.90670214128113,182.67583706833648,1501.9751551075897,298.8099658451538,299.04536326600646,178.5169746875763,210.21845781614684,84.35417485237122,,18.754091790350913,,,,309.87409362844846,116.76187269366073,
2022-07-08,948.7615328845823,486.622831424158,713.886159763133,1195.9574027786875,210.1557831384589,305.2673665103757,252.13985674303876,177.3532732381782,205.29033285560763,379.1122446493009,179.23666900214994,1481.1352743449606,302.1283586025238,296.87055478303955,186.77025205803693,211.01899684200907,82.47711994971996,,18.677026702593594,,,,311.15298388574956,121.7930458133651,
2022-07-11,859.9941307720001,467.7106007726761,680.5703249026701,1128.1094559262565,189.23481861423352,292.99609898540075,229.5776982307434,161.45002333486627,192.37433969851918,353.9813278597867,161.0575888132371,1389.3964144159982,301.62977822458197,276.1996200158246,165.60989812805565,203.04872635550782,75.97648509179999,,16.874942669755,,,,293.38853350702993,117.73215293884277,
2022-07-12,857.265726980484,472.23794924168396,678.9205339876862,1126.2749187406007,190.35522437095642,290.36041521594234,229.44672664846803,163.8232450463638,193.024123559906,363.67661417143245,159.5843998737564,1402.42742611203,295.85518124240116,275.4459732875366,168.29757163603972,206.44710332893374,78.02601444829179,,17.34783724211502,,,,293.8142724246063,105.18597665798188,
2022-07-13,856.4022551922608,484.3264943883514,701.684675890152,1140.2473751122743,193.25961994908903,298.52408043135074,233.68557182107543,165.5501736506958,204.95567111378477,366.345483416153,161.15434585741423,1332.4081167166441,298.52408043135074,277.1729168639831,176.3827530271683,206.60410092172242,78.73248864372636,,16.40587227204037,52.200505576105115,,,305.5888223856964,105.73546074668502,
2022-07-14,814.4433751892393,479.12127355129996,690.2674530450895,1115.1500953747018,181.2403360661392,299.6862728708038,235.16501804797372,165.2277570682145,200.15714764595032,359.6549193746796,153.13984299548338,1380.927275268914,295.6046333256836,266.71920726998906,172.52760837777714,207.37850415987396,75.43176941800311,,16.012571512248996,51.726887589347825,,,305.1807887947234,103.37528038305663,
2022-07-15,804.1191813422483,473.0204935880647,678.446109258548,1099.658829409891,179.60021237592628,301.81942990277093,231.87896121566155,162.64494814705358,199.0673803556274,360.9273595162995,151.57692885798497,1390.567206871201,306.136736869812,266.33896347226255,175.0474102213593,204.4836349203797,74.17928474432756,,16.562781607186707,55.73258468154336,,,301.662433111087,102.67355115130158,
2022-07-18,809.6077225267945,487.06766397506726,688.8808985739743,1107.421559554321,191.76572644412227,307.3903284683838,221.35872142761218,163.58566182702634,201.0282566487731,361.1600753829043,156.99199676513672,1355.9399191796256,326.22938005773904,277.2478638917237,172.6911964416504,206.13049354925533,76.53359842300415,,15.777695600036623,56.67410918530277,,,310.1376764342349,98.82646316140745,
2022-07-19,822.2665615081787,492.8104413149413,707.8164615329588,1117.654577971436,200.32690239706426,292.876052879059,213.0435701905517,158.56596820816048,209.90365314106748,370.1965719833679,160.68540285887138,1400.0903523863526,339.18985556048574,285.0262527691957,180.62390232463076,209.19716993339534,78.5765008964081,,17.19106268976975,56.91105079650879,,,313.99200439453125,99.77095969580841,
2022-07-20,816.1379839167785,491.59830830329884,739.4386242268374,1105.5074825399788,199.08868750030524,281.6759522176362,209.92237105930326,159.91469376415262,208.19526642631536,367.24638541351305,157.63804154582976,1460.1930198669434,345.893045487137,276.3376097492219,180.64000925457003,206.4681468196868,76.54237604141235,,17.03558583072663,59.03576065348625,,,313.7844988523866,100.25088995765691,
2022-07-21,825.2273567086995,502.4522614460766,784.8804698008717,1134.8152584455966,211.86042757139057,287.1380101596951,211.07546559454204,162.329519969815,212.17441835089176,371.05011460571586,160.91659140586853,1479.8831600642443,356.9993416330308,292.5542163589507,181.01153716490717,208.48510155127497,80.53679339780956,,17.818568752296642,58.08696545120142,,,317.43740173014703,105.96946263313293,
2022-07-22,789.6476418095626,483.3167968743437,746.0094454674909,1098.8824303885121,200.8456729133377,269.67789772329706,195.58711037434387,151.0070604861603,208.06638543001554,361.8204439089204,157.050486010231,1417.2217433664773,344.31806970078287,277.6834732250518,180.51779794692993,202.49387170898444,78.0935676148224,,16.168115367015844,56.274461958778375,,,313.7085480129317,98.34295478572085,
2022-07-25,793.264397120889,494.3577337668121,759.9042767052015,1100.8839737176895,203.30049553892513,271.5906154068907,192.31128239631653,151.72967649178008,210.60047722534637,353.2248044013977,155.73289273825685,1433.2292387134075,340.35172743190924,282.50136229516465,190.19192997671962,205.26285556337734,78.57289717566073,,15.77737452173767,56.5944634046341,,,313.2711531058212,97.25456550674289,
2022-07-26,796.2157819497806,494.2597353571764,740.4084617665576,1084.5142989584638,195.91428144916063,263.33831066674793,191.44027965694113,149.44744531170363,205.96117343541027,356.74297147207653,152.1946288886611,1391.650800196854,337.59107473424046,288.76950553909774,188.77157420701587,205.25475052389902,78.09884353177449,,15.541277853949168,48.115168740172976,,,313.72974182308826,99.13451473893701,
2022-07-27,806.7469181470369,497.0151315195435,754.3923692975295,1106.8240888054497,204.708696376857,264.3630742566711,195.21109914049975,152.11864937081464,208.39784311827862,364.83359439120795,156.9067026721741,1394.107047346617,339.48048865795135,291.992472533615,202.03994682901157,206.35704873112627,79.90546770263973,,15.698519706726074,44.426809572332786,,,319.30789323021236,99.45012294096068,
2022-07-28,789.2270403071598,487.6645983991548,754.4555244115909,1103.5835237829597,199.4456326714935,258.4708691136475,190.4976633334809,152.97895940419767,205.4109505538254,369.5356476881716,153.52839401674646,1372.5720984197687,330.44710277694685,286.72761754336534,227.62390327453613,207.13774718911736,75.11588568524166,,14.285362617207056,46.07421676455306,,,309.9609766334688,99.68356993692396,
2022-07-29,701.5098525825124,467.0452606678009,729.8465530207068,1072.006296977197,191.84178857395182,257.7775870856476,191.7632917755509,154.8706349441909,202.36012001194013,382.34914654682143,150.8673880561446,1319.344004508057,318.14023268474557,280.14865061923956,215.15479871662137,200.86871078578952,68.29065006265637,,14.207594875364293,46.07656515413282,,,301.02831989841434,102.59296494785303,
2022-08-01,709.1183896905422,461.23308697222274,718.5377537397981,1059.752864486909,183.04894068544309,267.6658953579863,192.07579380359948,158.40170356924136,198.04137007452846,371.0430370166123,143.48777037772834,1275.4555646112203,305.18623938691417,264.9186033010483,206.28329116019904,197.80589645343025,66.56324843623042,,13.344048540565495,44.89879571258848,,,294.5109960629761,94.74273958509366,
2022-08-02,727.048507735657,468.86855696878047,711.1918779757689,1053.1292114860844,186.90373642359918,267.8351713640441,189.57266965873714,158.4089686126099,198.5999367906188,376.7904052734375,144.82881801589974,1301.8893961322028,301.82482021316537,279.13890268679825,212.33708698287955,199.30641999829095,68.764250759079,,13.658652266023637,46.784808954231266,,,301.589305847534,93.3341260012894,
2022-08-03,751.3732910991821,479.8521677986755,710.4763614209442,1072.504545784439,191.53267637264253,266.7328015252533,180.464600606987,159.34890348457338,206.13312311547088,372.62526735078427,149.45829469271848,1332.2510891796264,296.4831716135559,311.9470901446075,208.8805211008148,205.583646512825,70.49030217375184,,14.443448214282512,50.15958178619576,,,302.76292560395814,96.86529887767028,
2022-08-04,764.7670486324387,497.25948077770227,698.5966038703918,1099.465521582024,196.15650529016875,269.3914070970459,189.09204824533845,164.05245791458128,210.36391517684933,385.798024114647,148.90311343520352,1499.8633746822816,320.49101814827736,303.6147960775452,212.95421659233853,209.26500396165466,72.05749479466249,,14.756872044327736,54.08236525162124,,,312.0921325541076,104.2400304814987,
2022-08-05,726.549717431335,485.962554902153,698.4485523035437,1081.8181722013105,192.94071380809783,263.97869941371937,183.12883858398436,158.71688823543536,208.16874834800728,377.79645201343556,148.82651621292098,1526.4923094485857,355.34687670970925,298.2810068130493,210.68058600990298,207.77626435600268,71.03797811975483,,14.600070445768836,53.06262300861363,,,312.09611395347565,108.95106338685991,
2022-08-08,713.0758132331539,461.8822396621399,702.2431106416625,1070.712687073974,193.49756971366878,260.61336963638314,181.01638634120172,158.3304688148346,199.54191939161683,377.18288929000846,150.95165251931758,1587.5436173389899,369.56860354577657,284.0057703704224,192.63410188275157,204.80128606411745,71.82566801078792,,14.365134537926679,52.358167331680306,,,302.6097882463073,109.34771792596439,
2022-08-09,715.8205517677416,448.06488991886,701.612427218115,1064.42886928418,189.25796115765843,242.32240862159506,178.1112870606148,150.4800928239647,201.0326162613419,375.14051879003455,147.3401877907654,1551.2715227309964,354.8880976383407,284.00468349640505,194.5173077028603,202.36707777198262,68.44999709886133,,13.73709762096405,49.21805818367443,,,303.94310665865487,107.22785794643096,
2022-08-10,725.5477709979095,435.65834856033325,705.0600492745361,1081.2177175467223,190.5122219637451,247.42254677568053,179.75812641155244,157.38647849105837,199.06839613323973,379.76849312940976,150.16475391603853,1502.2756193642272,351.11707624639894,278.7428329034119,201.58029772940063,205.26965132724763,68.05689937398529,,14.129459579005243,46.941205994600296,,,306.5307779981995,110.99476032818984,
2022-08-11,744.4069688350755,446.78539639558403,718.1208107566526,1093.6591540761874,197.81278022028346,256.6622806379928,193.10483215982822,163.36621076496886,203.54080963525394,378.75538828026583,153.6364284918518,1542.9554301625976,353.0970025062561,282.55605483530417,196.32193698536685,204.5608610573654,71.7179272029648,,13.888481948917388,47.00113253766631,,,312.1377406371612,108.75387407801054,
2022-08-12,743.2621429761348,447.4317420251464,720.5964553572994,1100.8154324907227,199.207120573883,254.81258972485375,191.44275022998045,165.56151575030526,206.10879307443247,377.00340035467525,152.69931334799185,1521.267952803406,346.4164678400266,276.3018453554687,198.0307035446167,203.91280364990234,71.6047661792145,,13.88175609888458,46.743089135849004,,,313.4767311847536,108.70120725306697,
2022-08-15,738.3961110272212,454.48203361270134,724.5218150599976,1093.5630650803214,198.08142959835823,255.22483193167136,184.20710372924805,166.96217739974963,207.2525923820649,377.42860960174585,151.44175267376704,1545.4584359934088,358.85110569628887,275.6835532282712,203.17651671131898,210.54480504675303,70.23385772089387,,13.482392497213368,47.89384801617052,,,313.54400634765625,108.87815889539343,
2022-08-16,726.1814619451907,449.0333074420778,730.3355394631653,1067.0517232358397,192.81234696880347,243.68031722456362,179.56629150956724,163.8904911860809,208.17462411000815,376.2192077636719,150.95795890912632,1475.4847054481506,357.0947421327364,277.9319325596007,192.9691085599443,210.4476223327256,69.28703862577822,,13.0892929337449,47.027400970458984,,,313.4376406237643,106.98733421787256,
2022-08-17,703.8775616789171,440.26654383701316,718.069631256607,1040.0169638269654,186.9270558686676,242.36221608205415,175.40093833445735,157.44527028343964,205.3531737288513,377.38252269440454,144.3509667782364,1409.950685413467,341.235969165451,275.5292192571869,192.33728101773067,208.01908090634151,66.88287443117906,,12.074985615123751,46.96698887174989,,,310.3428341527251,103.5782885633812,
2022-08-18,711.6284522846217,432.82757580928774,675.3176978532792,1006.4280662847523,182.33812987804413,241.86270766716007,173.00555044002522,156.14417798061368,203.35603283367163,367.81327180671724,141.79240319499968,1394.6318266702656,338.63916145286566,271.35049529266325,192.53337416744216,208.84577400550825,66.89652469549173,,12.077450023937217,46.81972460713382,,,309.5434928545001,104.06998137416849,
2022-08-19,703.0128957659908,429.03946349601756,664.3444376953121,1012.8312110316474,176.94935890926354,234.8343983005143,166.5959411216354,149.41867163200368,204.7937933729554,369.8994652796173,142.75170848350535,1371.3575352868647,335.85867348678585,272.8753769586183,186.36156505817416,208.32335945857994,66.27757466440198,,11.294640646562584,45.492302292537715,,,305.3474627398682,102.12237537849433,
2022-08-22,706.393375460495,434.05178101464844,672.5762726622925,1031.4615032742004,181.79645435113525,242.05527266357421,164.7701997756958,148.6854957837677,208.39506752598572,377.08838226177977,145.62546761143494,1357.3141792527313,329.7757759731903,274.61699962615967,190.66265375427247,213.4950945259552,66.1434683044281,,10.984679797978401,46.29258068525314,,,306.15872717492675,99.80366595929718,
2022-08-23,704.8241594073334,448.8026453752136,686.9348330095672,1051.940090035263,186.26878595057678,230.3644364753418,146.9593222082367,143.50700498805236,210.9843129238434,383.1299598452606,143.82084520559692,1357.54955567453,330.9527179439392,272.8908260506287,202.5104175339966,209.96431351002502,61.12189761748505,,11.063141723044396,47.077199935913086,,,305.29564038716126,96.58672516091156,
2022-08-24,725.9488816839912,466.3899923908084,691.9740161149821,1089.8648821192182,191.53061753232578,233.03807957374556,149.70930728176882,148.06157051070386,218.6007027737578,377.333366814064,148.4538845135803,1382.6141586338563,340.29835025504326,278.07639757269317,206.12492591979208,190.82444035449225,61.51577550451657,,11.063423433662422,47.86303793464663,,,305.30341440160373,98.47231878688808,
2022-08-25,783.7169495140915,509.27090173041506,723.2258392912445,1184.872737883743,214.66109068041987,243.76900121149447,152.52235469212337,157.54366185411072,224.93908438936614,392.3684409774705,158.48516442932123,1380.46847249836,349.84421976120757,292.56988630959313,215.99487726590723,198.02798825932314,66.29700785240175,,10.905661780655862,54.44985191416549,,,316.1072860784225,102.5446025985184,
2022-08-26,768.9374122619629,497.92619875674427,706.6377701124875,1158.977044160798,198.04061336220548,237.7428878049468,148.45199896593476,156.29829909105683,226.5226911971513,387.9995471735383,161.7122503677674,1420.8864609243465,365.48067419519066,290.077725203766,220.87334552906032,201.33606001338194,66.92893797210309,,10.827894135254382,52.80559999172783,,,316.2843688189241,97.37258335551451,
2022-08-29,758.0878195225523,489.0686690223083,687.0661693693546,1156.1232390120858,187.95242383781442,228.44655525448616,145.26093099922946,155.46293516663354,214.7130800462037,392.5419635457001,157.1109599751435,1312.9202538610843,344.20013201000984,269.80393847410596,222.48230136783604,199.64549521895606,66.31306450887678,,10.829826126824855,55.01237963051608,,,304.4907586305999,95.58498984457401,
2022-08-30,736.3812114589236,482.68125371353926,682.3140088214495,1080.4809757078474,181.66267508136752,225.99935161804206,143.2898722775726,155.60997375223542,200.26054546990963,383.49265155423745,154.119001577179,1298.9469926553575,340.25459318371577,268.3742431428527,223.95909281092827,200.1820716746597,63.326900934120204,,10.201359517707829,50.849855610794066,,,284.1471018044358,97.148335868515,
2022-08-31,748.8635626027826,498.3266640988004,694.7061417212826,1130.0061197343748,195.90853285318008,225.81285202738945,145.36162865397637,156.27159464280703,201.8736985290452,393.3083758385619,162.39374190843955,1347.342175502563,362.6976544809877,279.4993281395873,222.9087524990464,204.46383487785351,66.71564865112305,,10.360548202218524,51.8027382041073,,,295.3541094119719,100.9368492645226,
2022-09-01,735.441707697737,495.29107966209267,691.6495177961224,1133.8876942068964,194.63188526301565,218.9608746631393,136.00688147273559,147.46505704797528,201.53818656099247,381.72963998531486,154.44982577455448,1342.8031363273476,363.2867106524827,266.3631500709471,218.33303045141292,208.13055826861273,66.47307140584644,,10.123997269704432,49.521258978001015,,,282.53016471862793,102.26022141222302,
2022-09-02,720.4464285026552,481.003930224495,694.704938044586,1099.112430895424,185.0558405706024,208.5998407193756,131.37551903388976,139.14503728672025,198.47592843921666,375.134396382904,149.4259281292725,1309.6742865960696,362.65607510654445,266.8320016860962,212.13144672924045,206.63784070697784,64.82448220588685,,9.96695991329193,46.61712074363709,,,277.19135935653685,101.2391976459503,
2022-09-06,694.2263521755594,465.8262788457105,681.1973750112993,1058.8030966927327,176.67649390097813,207.522281012848,124.79591990516656,134.29297591040813,195.51361134452054,376.19299513494116,142.45572031543725,1282.8863658512491,379.48947683994265,260.81562646634666,205.6385707655336,203.1269421320494,60.671225559211734,,9.654024373985294,43.16840100288391,,,264.9754809819333,95.59838861619573,
2022-09-07,711.1647042663571,470.0280791201021,684.6334152196505,1077.3438996076584,185.40520082241073,209.2676735821533,125.59200286865234,137.20925954078666,198.67084534576406,383.68357714790363,144.50929710300443,1289.2019525653086,362.01893988471966,268.6883875439071,205.02895127063766,206.83433271865852,61.93255536658285,,9.419400589442262,44.742149524784054,,,269.1593683343126,97.64777893659584,
2022-09-08,702.6675085549687,470.2503564444687,671.1134297847748,1066.4031693587676,157.53504480670017,204.3167606797042,122.44876913043208,138.7752706830688,197.01692799540706,388.6178337099718,144.0342888018722,1312.4781415213874,340.10931159555184,262.95087599754333,204.3167606797042,205.0231970666564,58.24165731233825,,9.41913623091125,42.77857385172274,,,270.4861774966157,103.13954032491756,
2022-09-09,723.2068531004334,474.1580874196625,686.7089912302399,1086.537009343796,151.6426771624756,206.66416879852295,125.81947502258299,150.38683836380005,200.54194342689516,389.3103868881226,145.99140256843566,1339.9028387899016,383.0311928947449,273.6946208182526,209.9607493877411,210.27471657279966,60.35881027311325,,9.73276004647255,45.52420136432647,,,282.79945959403994,109.65053177616119,
2022-09-13,702.2196190846298,450.7485457483017,685.8943919294907,1030.6075244163803,145.12172145969544,210.3440818033905,126.67736748395691,172.43505463978272,199.7484027900009,390.4708346128464,141.9822604568344,1278.3112146090134,392.04057259934234,268.6596279407913,209.24527419492188,210.9719740039627,59.49284214220734,,9.26141837913866,43.1676299571991,,,278.9413833090912,104.70112549379883,
2022-09-14,697.9775415696713,450.56132226867703,670.5042909421536,1010.7801716239555,144.9017661232756,209.3461703805542,125.74899646545418,172.2180381257249,203.61603884288797,390.9836147101214,140.50605021495812,1210.7854026556015,385.95990944286314,265.39161184146906,194.58911663105027,213.8203830872726,57.9293122214699,,8.634450384366517,43.407737638368644,,,282.66048828113526,103.84888377880088,
2022-09-15,697.2053765436358,452.481033356682,660.8655788268734,999.2256327363721,142.6119721249588,202.57649471253808,121.73427138204806,168.8268321501755,207.6781858016875,396.20540766963495,142.14105070896767,1260.7463776880759,384.19681425476847,266.46541233444987,201.71314127827463,217.33217213659827,57.13897537873004,,8.555148801523785,43.16818070411682,,,287.107659854526,94.73453234996487,
2022-09-16,678.389070417099,434.5991203490448,649.1907809209442,970.8428263315582,133.90393541770936,189.082410646286,114.28144296031951,158.15734654464723,197.24536283767702,390.7232092793274,142.06690257987975,1232.9993776605988,372.43505490226744,257.29020966842654,191.51559644737245,210.27471657279966,53.687161041107174,,7.927489902029038,41.599701375770564,,,279.0319431980133,94.97290271720885,
2022-09-19,688.0574113853218,445.9892798502624,649.9104880498053,990.9564745426178,134.92706793358775,198.03430811157523,122.76086813516395,164.04744506867974,201.95888820877371,392.06555769856277,142.46225453408806,1215.2070387855056,364.98594903945923,253.68485508753656,188.14436447010485,205.5695096831605,54.86562796230464,,8.241617829839697,41.993006291469555,,,281.4708893618226,85.94830263153835,
2022-09-20,673.4356303372188,445.8175049980928,659.1506350213313,990.2172327230219,131.23359995726787,198.89112317640684,125.03297686734004,160.19604456346133,209.5656317511748,391.58160829229746,148.57967639126582,1206.6899047180777,385.53795182154863,257.6008903964539,182.87936031425488,205.17023706121836,55.099276736280444,,8.16285553554917,41.04974631974983,,,285.9354236141662,85.86696097038657,
2022-09-21,640.5012262736818,423.31166635205227,626.0585800384397,938.5383929188065,127.472303463147,181.3183682343597,110.59635471428373,143.64181582505807,191.75790987660366,384.9286925271117,147.01700856909338,1168.3653581241524,336.65560928484047,236.73427999888918,173.07661537702188,194.1911824475983,52.197711954048145,,8.006265328421023,39.16790480725558,,,266.95399556185475,74.56815886497498,
2022-09-22,633.5476613276551,419.7223963428405,619.7322078523866,932.6989688950562,129.1272411153259,190.1977415200745,107.85460067374879,144.0416300200195,200.95180963504026,373.64475349475106,144.90508463316655,1130.5893931697938,293.0285667909484,244.36053015926518,173.9489064255249,193.41610910053714,51.57239859861602,,7.928176671508027,37.207481151654065,,,259.5104298243896,70.88260782441102,
2022-09-23,618.4933314480586,410.5759614776762,608.6822066464229,932.0568561553955,126.99520182766719,196.22249603271484,107.60841712375259,138.4545884100953,203.99290507913975,365.75872062850976,137.198765633133,1088.1714692084352,290.40929412841797,239.86237495862588,172.98975968832383,189.94338214790332,49.68353539665986,,7.927388764868738,36.10493852149011,,,260.97591972351074,69.61974069417192,
2022-09-26,619.4103716396203,418.6965883216217,611.3252541286565,937.7893096136686,126.29974035828855,207.1504064238252,112.79846098713915,138.30960285914443,214.8430060173323,363.20006145267325,132.2654228113479,1034.5746430574945,293.8097747248321,239.33368664369664,189.72434463307036,192.3147053718567,49.059873819351196,,7.849579811096191,36.579040721957426,,,277.0901613429414,71.03869878760906,
2022-09-27,611.2234458550702,413.343077310672,612.0083618660719,936.1835850005482,125.5884780883789,201.88347313739632,107.61362746140594,134.9291253381698,217.11108029757997,376.7654342651367,127.31531427242135,1087.5962010820804,304.86603175724485,236.73427999888918,189.08915351952055,193.87721903746024,49.29347929653318,,7.849279880523682,35.32175946235657,,,279.5913409603181,71.03598441587064,
2022-09-28,635.7390741318668,415.4793218344421,612.6612913310237,952.9414323419187,127.00652777850337,195.4550329782105,104.63516524508668,136.03356459811403,222.14366943389905,387.29925721734617,137.76047117263806,1118.0184474707348,298.6772678569032,238.15686029046628,197.6529263228149,196.7894655495911,50.001950071380634,,7.543465642942806,38.22755031399538,,,281.40814222396875,71.90233332067874,
2022-09-29,620.5261232538905,402.2510093450546,590.0728001037751,923.9607670464175,119.69420278072357,183.42646684832016,95.04896751349634,122.28430624208067,213.33039135133367,375.5650767487714,131.5458928525086,1069.634479268585,275.3359247681583,229.2634461404341,197.47581139010617,188.60667377103437,45.9939701164551,,7.173803168303294,39.08702505776978,,,273.4521995504456,67.73514647183993,
2022-09-30,627.88947429361,394.83486587554944,593.429735794678,922.2494682282413,120.25586712658696,180.61929407492062,93.80271656997684,123.78819304257195,214.3725673906556,371.5215747177426,134.2281602285766,1058.283107685973,268.4563204571532,225.75449314489742,188.1549027331239,188.62588950320423,49.29548863116452,,7.300127905723571,43.09430131539921,,,263.27558576165757,69.54745187200933,
2022-10-03,631.505116587723,388.715162818753,600.184990276648,937.8773935611753,122.37619934649047,184.15301453049324,92.07650726524662,121.59123036010897,217.27858897389524,371.9953788053681,128.89141648099212,1076.5023566019227,269.0863324665406,239.02215054486078,196.47699318099512,190.2757546578232,47.33345096294897,,7.064693740614416,44.429073947958386,,,281.1748159295166,68.7630226935562,
2022-10-05,662.4302606975907,415.8733873960282,628.8338543975478,967.5453956538877,131.4813004732132,187.60615111365132,86.26743057354815,125.90807044567555,237.37280574425586,396.95578058540195,136.97604737730398,1132.46613618025,290.9857772189316,248.20530336158208,207.07322962029048,197.9676601584115,50.94409611805804,,7.849629878997803,48.039733961147704,,,292.2417168018128,73.00155937187765,
2022-10-06,661.8647866517822,405.50207425507506,626.3853437597354,962.8908024254561,126.21899617390136,164.4457760377427,82.89009072661747,115.93623383782506,231.24449809507132,391.6870728579561,131.87058765454094,1101.5903945809841,278.41964985111554,244.90253704028328,205.10586316823264,196.0005138525039,49.137496808877586,,7.6924514455688495,46.311697325653085,,,283.99274513418277,67.7406689423874,
2022-10-07,637.725840450501,391.788496264473,612.4491536124733,945.4419473226008,121.28094993116383,153.622536080391,77.63551140877144,108.01462261579127,222.38765985203554,382.6826137304306,125.441394712494,1058.7159434924251,259.2821797820361,236.3604868306502,200.0154425163728,189.26108821767411,46.392906435981786,,7.3789057639839655,45.2154244651565,,,272.0775247898255,64.9971679897576,
2022-10-10,622.0046548431674,373.48540401581704,589.978210451678,903.0999415338665,108.32489382736776,149.14296770095825,74.88546874619942,104.2430826970135,208.80015777573772,375.0553060364473,115.70354261978991,1027.5165032504738,241.37611877918243,228.34573437780455,179.91351742550887,180.93396272210703,43.48694923020821,,7.260907731647848,44.507402012796774,,,243.5740205352149,65.54441248402782,
2022-10-11,591.6311538811751,363.2051580647003,572.0853827599458,852.9473398521513,100.47603299135017,154.48190081777648,73.86558133034669,100.7115215940712,185.4881671784142,347.2702970270675,110.20964674569359,985.2146037085586,225.75708506004867,221.43974659852756,179.99339318933562,176.8535201995628,41.28937098877486,,6.907727127791929,40.81838629728509,,,243.73286728405765,63.268504375327666,
2022-10-12,594.465388671204,364.23073707550066,564.3221251069335,843.6180273892824,98.04400157551572,160.05741944897454,74.96559254642489,101.1054263133774,187.29623541247565,351.4355545119324,108.17024341779324,1187.6747805780033,228.66467061250296,225.0537697486725,180.54540252685547,180.1529185102845,42.07492963692857,,7.0726700786544825,40.50496736911009,,,243.6578025968629,63.190892381629965,
2022-10-13,588.7895229795795,353.6190748647841,558.6474880542737,841.0718102780993,93.17332850748289,157.30358943510146,71.66575468724977,100.31635424818569,190.742361708084,351.2642368078232,109.81422553169705,1192.2575355161025,223.71018433570862,229.91128084230513,180.30255370461873,180.7735332933671,42.07321466343615,,7.653243335473064,39.247400760650635,,,240.66506026657407,61.853904497087115,
2022-10-14,573.1762914557257,332.2727277767117,538.4811630636905,787.234366441342,87.75830468355707,146.944128673842,65.7794797152992,92.23256278038025,185.79955472752226,351.89667730445217,107.22525902182315,1223.2784890152107,225.5184243795411,232.8185359993622,178.02847251116327,173.86818982140358,40.66082207400859,,7.637641077594196,37.67798459045025,,,238.70572085768435,62.71814089403233,
2022-10-17,602.5984149886244,348.8273271530761,558.6417867223281,799.5398932205353,94.89924772348786,148.74613681270603,67.66182747657012,95.84117483041382,190.2694552575531,369.0002828693923,108.71419359661104,1309.5154236277085,231.24331809480282,233.12718728019718,182.34155941704557,183.36198980676272,42.62224088869857,,7.833701445516397,37.834109557048805,,,251.18080139160156,67.19086766599276,
2022-10-18,599.2078818407754,350.62373943761486,554.7814422719421,802.8946518518751,96.38817110273749,148.5068602828369,67.50312103240958,95.83872951409148,192.54087579386123,367.34254333557146,106.7491198918151,1311.6013297890458,232.17932865339662,230.6879765048143,186.49698837643427,180.92404875339525,43.01361489962005,,8.08467554047013,39.24599885940552,,,247.87772819715883,70.95676563838197,
2022-10-19,559.4331377599665,323.5559942124819,526.2298278956514,732.1219214055964,86.57987443174625,131.8714287952498,60.20559016986772,85.71643320842668,177.55547413592467,354.0119944961698,99.92400621628258,1215.729075192823,212.01473117244495,213.42764179774713,175.27911480144576,174.49416279053185,38.85497482309529,,7.770995338911916,38.46250256056692,,,225.43735216938694,66.32819040308186,
2022-10-20,565.2993412216347,330.9222611848145,507.76475240607397,732.8798042590097,86.89063907933814,135.7911500650789,62.322646637870776,86.10572359349817,182.57238849049372,355.72573126626594,99.29237412006387,1258.8546977404621,222.2108413500291,217.73679987544256,178.49080101603704,170.24914724402606,37.205205122177176,,7.692215926155086,38.46107963077543,,,231.4728994762345,68.52351041544352,
2022-10-21,566.509775611441,330.8172319962614,489.9862193789886,716.0250555867824,86.72669856044195,139.4690901826034,63.80887394125784,87.98246854204444,187.89476687927163,354.2844391411927,96.14498090744019,1329.312240557978,225.17547376174844,221.8005863224571,178.86891452276905,168.27334220428384,35.63250691037865,,7.534626906783274,39.55679184537621,,,237.02681606183614,70.08773133424984,
2022-10-24,495.68962472347266,287.75900439653014,441.7642248656921,625.989653468132,72.13598310591124,115.22919503384401,56.201703113647454,74.17682891380309,159.81378967630008,304.8706988867798,84.0670747651825,1223.0935722669528,181.007160810791,200.63066091950986,150.2375120414581,131.86991474197384,33.752421684150704,,6.515001905093669,39.32549601445771,,,202.67150672740172,63.65863165780638,
2022-10-25,496.2536105323088,296.4805241230224,449.9407822686371,637.4684352868608,77.94682709396511,124.8091120816689,62.32606168840198,83.44156651206549,171.74989516480036,321.12835715204164,88.70081912987325,1262.8484932614374,187.44915492279597,210.84106334091484,165.3132010595391,138.31048505561284,34.93085146434214,,6.515192668563344,39.56213429070931,,,210.6840671500595,60.04966932293223,
2022-10-26,537.7555534433668,322.13527539761344,461.69581817457583,660.8325783912733,82.26065943940739,127.70811309114833,64.28576295023731,84.85093529576488,183.04567145178225,331.0834725015411,95.76145737661363,1341.9163649168695,208.86987533431238,228.57161989916222,212.08808709875484,147.56683227592475,36.42075052366067,,6.750398032893656,43.8775876816635,,,238.38324478376762,68.75986898787687,
2022-10-27,516.7978771769413,310.0473463535309,445.2123003455199,635.4008035728839,74.72533871427913,117.62175642180637,57.77084836855124,78.33600948556523,182.10376384681695,325.03950797949983,92.54324561217118,1310.7546347016978,201.80549344031533,220.64382519583887,204.08179759979248,141.4443879295959,33.359524607658386,,6.593411716598752,41.758276856302246,,,231.31886288977057,67.89644120719913,
2022-10-28,500.3143892905882,297.17449929576105,434.9297066870804,616.4840219357757,70.25123267663957,111.93101848014066,54.081675315950406,76.0597128117638,179.1995162935791,325.5889565776215,85.40038389388656,1303.9256623378606,186.42087280750275,212.5590409012375,194.6626317220307,136.18535639259335,31.789666123256666,,7.080068595330857,41.4443051594219,,,218.9954644301224,67.6609643059578,
2022-10-31,499.022909984189,292.6795255468278,436.54691602650746,600.9780271276504,70.01076229848786,106.89983927550429,51.95865856948012,75.89731737413331,177.61698189555045,324.5453911943587,88.84773554649655,1325.5737108438552,174.8699348364762,205.0090980214036,186.3290881979965,132.56521551304468,30.924036446499258,,7.0167736015159505,40.02857376587485,,,212.54388133249358,69.38286368923036,
2022-11-01,516.9667676102326,301.7340062682615,467.5935302669204,614.0648586513234,72.45069821095422,114.2884343087876,50.315166577418495,76.21845257661744,192.62625011968703,337.99862613034384,97.80452299497529,1329.9373646840977,196.39399699950263,223.3961979432097,198.35636703753516,139.4852658965592,31.476417206645237,,6.7505530431196235,44.19257415479433,,,235.4844045639038,67.50553230265814,
2022-11-02,507.87102921598853,312.7292555770309,465.4045627123305,613.291560886446,72.68757447615735,128.1059572297272,51.80755645278646,74.49298575505145,200.16556191444397,363.5948535996613,96.62894710429873,1400.6094018171716,215.31534997642666,225.7553571166145,204.09037685394287,137.91799457847446,31.39851951599121,,7.088215758277045,46.15582458682593,,,247.65581669358835,67.9777935543625,
2022-11-03,511.87631617958687,317.4402363743684,464.3073962301787,613.4509347052153,74.80725693902514,131.4818036556244,53.84866809745063,78.02561630835498,208.17298466476132,371.13191142314463,99.5336901778137,1453.0505525338958,222.45936332315978,236.11776978686066,208.32998145644524,139.88093737421877,31.32014315461788,,6.89985113308154,49.84533974173928,,,258.88178055969547,66.95759701928637,
2022-11-04,547.9917303129332,348.3723596494019,490.76700226582034,668.7995327766112,91.92069054984131,143.72910242474973,61.856110136004645,91.68519984428713,219.79328155517578,392.01700639376213,103.30284113315429,1455.5809496057918,242.79308091347048,253.62575817456673,226.85806261071775,150.7153990552979,33.125985787442005,,7.5122205079037485,53.22137482351991,,,276.31155994396977,69.54887139710081,
2022-11-07,547.1893483586027,349.38168550955015,491.614831763698,667.3653302476159,92.78120808425592,142.54710390479886,62.08962442787015,86.187618324504,211.85827830898052,387.13784031692194,103.3780498389824,1513.2285653997678,251.4198018957395,243.3348159790039,227.08633227524115,151.73103142932814,33.12493136702324,,7.221549508444241,54.08312418085916,,,266.5693589634611,80.53597637546773,
2022-11-08,534.8204719419482,357.09650883769973,487.72050245952596,668.7415110406873,90.74600219154354,144.98949284839637,61.38700060176848,82.89600228691097,213.28449800777435,394.85498921394355,102.9919978504181,1484.6705202932353,234.16549655628205,236.99150131320948,226.8649942493439,152.99649634456637,32.26350065612792,,7.143500119090078,52.90899756050112,,,267.05700034904476,76.22349937343597,
2022-11-09,508.935622577148,333.2727836083068,464.82371826824965,623.8465033233952,79.82534874718476,126.99844222232059,52.353498351982125,72.60417604446411,196.22750282287598,391.4346142473296,96.15147638320923,1383.2468793640437,224.2487878306274,226.13257006121057,209.9634280204773,146.6211925046082,26.922413911282547,,6.734527743428657,50.391223323753366,,,249.44440697798927,71.03435751897814,
2022-11-10,547.6505187418152,361.3064916446747,488.7802736641861,675.9092557273834,91.91612303159218,136.65753055009918,55.259564519906235,81.16248702611847,215.857675075531,400.3178701400757,102.12030553231125,1481.961080472931,238.54234959259338,229.43708158712616,214.52328157620468,152.74873306713562,29.356643885129643,,7.456901409037471,53.14023476887951,,,263.6603395899765,74.7260060193039,
2022-11-11,555.2189215127873,383.87541737606807,508.0681114708859,701.84946398584,99.40121678126525,148.82722989207468,66.60744298658756,90.69282563397974,226.26133306051634,424.27923860852025,109.91405378617856,1552.9968776652531,296.2422854157412,236.30345026393115,202.4897661081086,166.5578353635865,30.98932980753898,,7.766945932821272,55.46697833268354,,,296.0854037550962,77.66945558723455,
2022-11-14,558.9162122387206,398.44227968499763,511.19713383499766,716.5692498454591,100.92304349925689,140.7280863931519,67.69993188937224,87.52409887967224,217.20393413385318,413.5650671867188,107.81840755515441,1590.4781643069582,289.5269022641296,236.08782522643742,201.2975945930084,168.7796917745727,30.872421865595243,,7.710269927325953,71.4610354802353,,,287.1762162561645,86.03532310380251,
2022-11-15,621.3948211910247,426.9052745425415,561.057585585022,781.249172663498,127.57008482162473,148.41384353462217,70.680723277359,90.19236139835357,229.43808437530515,415.4647217667389,120.28260246219634,1627.6156054787061,303.3315514969254,248.32284309688566,212.8257578718567,174.11591385658267,34.47840059623718,,8.541240224132537,85.72583633628847,,,295.5739282704162,90.42743930488587,
2022-11-16,611.2034154400026,418.28646604349524,557.7934838764268,740.9355283975601,120.89565485267258,138.95962721686556,62.79379519980239,82.34354528944777,224.9003268211136,419.22484569524386,115.8127228124199,1609.1008637887498,276.66807162121586,229.04487920961765,203.317400932312,170.0046249897232,32.68718080751228,,7.898098961640358,76.244025349617,,,296.4524091661606,88.13027698378755,
2022-11-17,659.2671216356357,450.04799640237434,555.5182108879089,779.133865597214,123.54412012294006,143.65231959103403,62.59360122680664,83.48421623319246,228.2319190701828,429.54860035774254,124.4047794535827,1569.2998820637295,277.9938218975294,231.0486359009019,207.2630602714462,173.6190055814286,35.991319959239945,,8.52837842831326,78.39848911820991,,,303.5007311117479,87.55279643283075,
2022-11-18,629.8743236819973,438.8301648049637,527.8171490438108,751.1063256863417,115.2056389917484,139.937275212008,60.733408201554084,81.94314192429692,221.88042460020824,413.31588607322374,112.7011635488625,1589.7908686414012,273.61338047655954,222.19347563367774,227.59374404323808,171.39968778554157,33.02770132844603,,8.217793019939904,76.38634799800184,,,292.55345315518025,84.29108438654475,
2022-11-21,601.5264393111465,410.5048477649689,518.2525868334778,739.3778552846925,105.71477580374449,137.38228666579744,57.236105830617134,78.34778595274656,215.0263488292694,409.0974001864197,108.06051182544252,1521.9955449891131,272.7316100668304,215.1045420185028,212.05508220753018,168.26789546316832,31.980283618986505,,7.975522607438279,72.0142793061882,,,277.8140331425675,82.02277636376039,
2022-11-22,593.048727515572,402.3897100240629,511.18163895606995,742.0328422586972,102.62653980567939,130.56593260663612,54.864229452081645,78.12104309848019,208.92111005884544,407.5405467219389,106.91890620149616,1377.7710398366253,260.5855666067582,219.45691780832658,203.5361390072403,173.95785038674148,31.451329957910502,,8.116471526935584,72.2678182249374,,,272.9944045295106,78.43321479402539,
2022-11-23,613.6658983230591,408.53730976235965,520.8733391054993,758.2877979278564,103.81506962883759,135.47554103337097,57.14519339652634,82.55174705472564,211.9297181922302,408.4591488838196,108.0364653190918,1421.1250896315614,260.9448196368103,221.15425255270384,203.33057523362731,179.0184565287018,32.12951495593643,,8.364618387181281,75.35973847795867,,,267.1205429559632,81.6918282857132,
2022-11-25,589.5342116355896,386.3596360511474,512.4652806680751,728.9922431539308,96.27757330448912,131.25920242051689,55.20539042998507,79.41143016307069,202.62798995658886,394.8707934105987,102.9147164141541,1366.2357844970247,247.68244752688588,209.10896148876964,195.44426121907054,179.5151177558746,31.46785425934604,,8.276903716560355,74.02362988659661,,,260.3320623296204,83.6279659484253,
2022-11-28,592.4778636862757,389.7017811877304,522.8297133104643,738.9576527050231,98.30385693482822,133.04986432625446,53.797740504138346,79.01787203123968,219.485420567682,404.3029015404172,104.55033059207199,1399.9124413214158,242.44119506218703,209.56914242677158,195.20225524902344,183.80245069100056,32.55973677124712,,8.120413520504371,76.20696223634877,,,278.2022625208483,92.83819527713058,
2022-11-29,623.979711504544,416.06460535526276,537.4070056045748,778.5291459840882,120.32666223014076,144.78267460886218,57.350502662799045,82.04090809822083,228.15186467240892,417.4710233071273,115.16980634191441,1405.3216933923613,263.23410296790644,219.86962893429882,210.72792715009473,187.91274068285384,31.409947522861103,,8.594761987052436,82.19718007129813,,113.76339584150764,281.7519293988462,101.3400571372581,
2022-11-30,683.9092515988159,446.6186878199005,555.5005619954682,848.2474389102936,135.59462489974976,171.83650016784668,84.43421085999489,99.8213830118084,249.5534687028885,430.52853207775115,124.50335184409141,1496.6178137291718,301.18253102062226,233.54142224855423,224.48095343153,195.81550030761719,33.89865622493744,,9.29479295601368,92.24496086762429,,122.55066434218406,298.9955007574463,94.74439848641396,
2022-12-01,670.7385099698149,435.89415515654764,532.6728183031082,848.139988126677,132.83650712611234,166.24074173566441,77.81315957100333,94.35918614745788,248.73674969021067,427.5430965041596,118.24165559111407,1518.566361298872,282.1409991861037,221.02994947670595,221.3421458196899,194.02559103491512,33.872529124028006,,8.58520311843705,87.10078492283174,,124.09520304499438,293.84809409386435,101.07125121503259,
2022-12-02,700.6217516941833,456.1898756991577,551.566562411499,885.307124609375,154.34528133842468,177.21701551555634,89.0752736035347,102.14483599046707,250.9666571884918,431.68446848098756,127.7393907188034,1570.3698762882996,284.65190646621704,238.2082967624283,234.39632870105743,194.3319066294098,39.519859445228576,,9.568785157766342,93.04282038801193,,132.56268725234986,310.09087505233765,105.02325010299683,
2022-12-05,704.7108500636168,460.72458979725343,537.3303392565795,910.2385589337646,153.2894114968094,172.12945098160708,88.28348921358338,99.64979396536637,254.574085167038,431.84172738550114,128.53266380160676,1469.133828751932,262.59276990235594,231.841475663472,225.45764835955197,193.6942776003616,37.21297101281243,,10.665641888547611,86.72646269097368,,132.26952745587005,327.52083900332946,106.7342702116066,
2022-12-06,710.4658737559512,468.8530981729127,529.9166562670289,911.5250415575865,159.72857815686802,179.46159106021878,90.81843677681354,102.86023313089754,257.2282810135803,442.98267685801693,126.78844428439334,1457.290260769165,264.1425971984863,235.55304313082888,228.9494752372666,199.1168983682328,36.28076320792388,,11.886416651661875,89.73079553010939,,137.58721042810066,332.12047147750854,103.17098883124163,
2022-12-07,686.7887275300018,454.4639512731628,531.827793922821,890.8893017849914,168.8786412447098,175.64312394527587,85.52785968780518,97.81276984975739,250.90764284336547,432.3044425578919,120.36102080142518,1503.5798112767516,256.50583951421504,228.67039457889405,227.1930910318497,194.3814992904663,35.532939405009074,,12.518168665532016,85.83886979006729,,130.93537910846862,320.88498258793334,96.413220682045,
2022-12-08,733.7255493548582,470.3728522048186,554.8327143861388,937.5512202832033,182.32109917011257,187.7751551786423,92.09552870437619,104.4840150388336,262.57355902976997,452.2186724470521,137.83164078067784,1564.3773788708495,274.49454465873714,248.159280888176,254.47039180122374,202.65691916461947,40.35996913674353,,14.570105208356381,95.52379290576937,,137.59789042793273,337.8394487252808,109.08100128173828,
2022-12-09,710.9759334850824,453.9535568896972,546.1920511389035,933.9829665033321,197.787377771936,164.3947111223024,85.15520829688103,98.30990235715944,252.27425902803952,440.0204758421751,140.42048396347673,1533.4165153503418,275.54795422949246,256.47753985125746,257.9564587958739,200.2003640705443,45.14627452542118,,14.322266189989477,94.41798226743776,,139.71993715960707,334.5494473493163,105.78238922635501,
2022-12-12,696.222284833435,447.1209113399964,540.0180339250946,907.9466952715302,179.09754943847656,161.34352614733507,81.52832132369804,97.25775441279984,258.13408857246395,444.47341086459346,137.90510593855288,1590.8534737757873,273.9413845174713,245.83085135289002,251.67098883457948,200.66712743538665,39.08998672891903,,13.704855882770062,86.82337425733567,,136.42561513680266,331.1747199562378,107.06918716430664,
2022-12-13,710.6944803621591,449.46118848868537,544.1582230562672,926.4451754715265,187.29492894074247,158.13942960163877,80.15818944541161,95.70778909293358,259.05632775503545,444.01882268035115,143.6782971840821,1617.702656274283,280.3592923218839,247.1608935154036,250.7372943162918,206.03219532966614,40.895448852493246,,14.383379859323497,88.08848141004182,,141.34586316865534,338.5147914445952,110.94639704409019,
2022-12-14,706.8070804502786,455.37002330500036,567.4049172375635,926.9116444795072,191.18232885262296,157.67294576440418,79.22520694168861,94.0750808333587,267.53086074927523,443.55232401386274,143.36731290234366,1626.7991578319998,272.73999205361906,242.8069949370347,253.4584623912051,207.35391189287566,42.761399030685425,,14.61662363159752,88.55497266190332,,140.33513088718428,336.3378273261569,111.64612279994208,
2022-12-15,670.334465132164,440.4877494010543,554.4003006285857,884.0856913262178,174.95099902153015,158.85550948447417,78.76682844931793,92.37412837321472,269.26903479926295,433.72295608256536,143.14879401293183,1616.70272872052,255.66173487536616,241.043598651886,259.0829881780701,208.85261957777402,40.74414199243165,,14.15159232869911,85.45384174237824,,138.25017256587216,330.4629981517792,107.536546805336,
2022-12-16,674.8582326028154,440.03026942169345,554.4117241215063,875.4728094921884,178.9202433788132,159.0143014865953,80.09033127322391,90.19882098226935,270.751966878659,435.442569732666,136.77562264358676,1594.0308356285095,253.41202525055087,245.7140244582215,267.4861618435061,209.01242694600205,40.045165636611955,,14.618429089661788,86.46645224276426,,137.7864649405028,331.5584090647826,107.07222115265358,
2022-12-19,677.9784593864752,444.8552722824934,551.9659113813323,871.81991483194,168.48339501898954,155.88215208760084,75.1407932428665,86.03076790100295,268.51555467005164,434.35424145180514,135.1134225989572,1564.1886207774805,233.90100057684322,246.1133219353942,288.7397731857527,209.39857057789231,38.34825089441392,,13.690248186316012,82.45263453619009,,139.7027535367888,323.19875271526325,101.97678976986117,
2022-12-20,668.4833738153684,438.96451967413304,542.3647156628722,841.128252925293,172.56705948800663,156.53964535395062,79.2812551657371,86.28352974400332,268.42035484313965,431.10642959132383,137.71131842063915,1623.3595768032828,235.89869788198848,248.9696044921875,294.9511771346588,208.43424788388074,38.66809006532094,,13.459919391256335,86.3613345261765,,140.9790450731889,323.3492845188448,103.08897686004639,
2022-12-21,683.8554774408112,452.63273799662784,562.9094003977661,882.2911948455658,181.76958651167297,161.9883134552765,88.00327115781784,90.4175159896431,272.2649758564148,436.0445324484863,144.6213000849457,1684.0555325110472,242.43731956162264,252.63946436445622,306.3759860478058,210.27329921722412,42.52193413879013,,14.173978355726717,89.24933396483993,,151.86404943466187,334.17878656762696,114.48212808839799,
2022-12-22,685.8229387989122,449.60108077667974,562.7225104568024,878.9323130862576,183.9879662689591,159.27432823157505,84.43176391726684,88.0179702788887,271.460204482315,438.3747072819442,145.24133905833423,1787.6457858061985,236.06591758078775,253.84103125227375,313.3252539049299,207.92199131840516,40.69564109311864,,14.266863590073115,90.43476459354406,155.2983153759842,151.08841416304767,333.6730800276946,112.80957110205463,
2022-12-23,667.6674574827957,439.96672168232726,554.167848940895,870.0334385242386,180.61710175382996,146.31778469728852,78.4207213401146,85.51444315689469,264.96226031754304,433.3407285711746,139.69177671778107,1762.283529646782,239.93933956395722,246.40943797492218,299.80723112727355,205.8738719918747,39.05445481860352,,13.953586714923858,87.69712507724762,149.66976607917786,150.1374799164505,325.2199258022156,109.36805701476669,
2022-12-28,680.1948370349128,437.992459564819,559.0546379692387,870.5246035760501,177.53710078439326,143.76137033093255,73.24575661482231,76.44391933448787,269.5038064572145,435.10629022167996,143.13733894363395,1711.0957005617674,225.97757627841202,232.6079190672608,283.7005316768191,205.93055122360238,37.51992249677278,,13.806707462303166,89.00256030267337,154.44790969818132,152.49780975311296,328.1628163756104,114.4318653717346,
2022-12-29,694.6622541559482,444.94860785199126,570.1172054005583,897.0675065325777,189.3116493816924,151.90135298679888,77.00284261251181,77.86015902470172,270.6790139379227,435.67398478517134,149.56321596577982,1744.3325726202456,238.7243904127572,241.84192626146614,280.8889155979705,209.4976033224557,40.06018179785406,,14.65236255744071,85.42015669989814,161.40979570192576,158.52609436703642,334.9000205193297,120.88199318934858,
2022-12-30,686.6086864085228,437.4996924016268,566.1072662183069,891.5234752007746,184.64934525953686,159.00576141571037,77.47633486791983,75.99540209770203,268.1273792944339,425.96398365119967,149.02893865496844,1714.3004023491521,239.28809255172746,238.50864955688485,271.4010131128234,209.43554032237262,41.310322626953166,,14.887304150768273,83.63391074055471,158.7719389239046,158.69399313775648,330.6384428546444,115.20123309857172,
2023-01-03,717.9499190095521,449.90901699493406,596.7304535125731,929.869197197113,210.7485008239746,163.75938706718443,79.45999269271852,75.16696618715287,278.5782853699493,440.38629742950434,157.43693621105194,1768.9605100289918,240.7216221321869,250.5565390693664,270.46058796768193,215.19763345932006,44.023019129972454,,15.689054986901283,83.90912532806396,167.19381124919892,163.13494766025542,334.85596321945195,127.85408394924161,
2023-01-04,811.9477293764648,516.4525078762817,645.135921363617,1029.467188678711,221.2698215291748,179.54733235327149,90.32059524327087,83.0543168617096,297.9173242290344,458.24419174301147,156.576535092041,1897.8262315707398,265.0237295900879,269.63351878048707,275.18091343011474,221.8948769328308,51.41085538381958,,17.501568067676544,91.25817834875488,184.15712154367066,182.12568775616455,356.2819079388428,142.43463236776734,
2023-01-05,817.3669731961854,515.0553053904878,641.3571490781615,1035.8160457381164,228.21873994118505,180.07396711643378,93.0069468247566,84.87860865244329,299.34168963187403,453.6238194876496,155.92342181450658,1901.6403975026915,375.9356423329009,272.37748393522634,289.2594164889815,218.05830790874097,49.864231126675804,,18.210603861563868,91.99091107515414,181.94973574381947,180.15211109870143,350.9253939677583,130.75682585569302,
2023-01-06,838.9551197036744,502.279478499222,636.715387594948,1039.3981805730436,223.79947409667966,163.4946989008713,78.97426305089948,81.00525485765456,299.4148120814134,453.2232377810669,153.73032381027224,1915.5360573088838,361.9068126612474,279.1048940138626,301.9925916101074,215.83174044692987,47.88449633825303,,17.263415458164218,97.72186769462587,185.44500993274687,179.6645016670227,341.2844274391555,131.07697657993322,
2023-01-09,865.3406875286237,492.9076750466902,620.8778077282659,1041.4850841312364,210.81113576889038,172.08435649443345,77.3754934556473,84.0121433008926,294.198654078009,460.27098571897113,156.8591018431198,1920.3332666301503,329.09961830855536,271.7902194674116,312.6251136736937,218.77511558318474,48.95503026851998,,20.14417460000459,100.72087300002295,193.79008612775579,183.4056863318665,341.98250317930615,133.35756232774202,
2023-01-10,896.6154064199218,496.77553404586797,644.6764708636474,1051.696804523468,214.63200092315674,174.5933833009949,78.75043352963257,87.72595059094238,293.85073317306524,461.8100036952819,162.33983474365232,1951.8244066860352,329.8308363185424,278.86550162667845,318.27973584161373,220.09536690124514,49.56047946884155,,20.1363834911499,103.02335895446777,187.70543485275266,179.35430119866942,344.8941027651672,134.32060143222043,
2023-01-11,898.1336222878272,492.2478353654478,656.6948223651889,1082.414205961686,210.36098913455953,174.36380023033144,78.16308491615291,89.87583463577266,285.1664167481231,468.19764164337175,158.98106096023548,1986.2480593256769,324.52126295494054,279.77856260044064,315.2291291136553,221.13671232345587,55.28417808086397,,21.473374485969543,103.07219604330066,186.62314255390174,179.5174089154816,355.28674149513245,132.58832325164803,
2023-01-12,883.8259776094055,493.4271730830078,666.0524712991028,1066.3714062058716,208.40015054660034,176.9995249464264,78.97021837997818,92.24909434975052,288.8544746500702,469.2909026692505,156.3782256978302,2056.115940421936,316.27145235780335,281.19960021972656,313.459451588089,222.0695755572815,57.567806151073455,,20.308859270944595,98.7323067588768,186.13851254950714,172.15665128579712,365.0908273959503,132.320038274971,
2023-01-13,913.643343377571,496.6046849315644,689.9369703839111,1085.190544747391,218.39674575143817,175.60753959753038,78.00441521741868,92.13735090413093,293.04361110729224,470.1347223654557,161.55269564401624,2113.380960172348,371.8288542983628,280.0819173810578,332.94377311965945,223.94061096061705,63.402988703737265,,19.36446002594471,112.4387963072777,185.7582734688949,179.12125803243634,371.59461633140563,137.9717772194481,
2023-01-17,899.6823030516389,468.31277822684933,695.5959893658874,1020.1970270067686,207.28855491447757,170.73578676096804,73.10552885842208,89.1168914225891,283.6744533354431,445.8968810650513,161.91000377750242,2090.69317811582,352.56235567219846,277.8947591934266,293.12505442873226,223.61231908495938,57.4065865220623,,17.26102857820206,109.42398649644929,185.1850519103973,175.73445081710815,354.51496068127744,130.12159661324768,
2023-01-18,885.1720912048768,457.51873011848147,691.9071650505066,984.4627000705077,198.81581263714907,166.21408460269777,71.22343543573606,86.07794401775209,284.3464729248626,443.7587517166503,157.45773877752072,2071.812415122986,341.88813571670835,279.10832000210576,318.74638910552676,218.9084815979004,54.41439429543152,,17.512678602391816,108.12515299277038,175.36133246594545,170.74861683931886,351.9735693480652,133.29962300822444,
2023-01-19,912.0566582593965,464.86879492663866,698.2420266866684,1002.808491502743,192.84779486238858,166.7957400097839,70.01978717833708,84.2584531881821,294.0048923406648,455.3242183291932,165.85693555712896,2147.5343005657196,357.45296627926473,285.79025638675375,349.6295262043441,221.63805672562103,55.31172267267152,,17.759208820849608,114.3786930000183,183.22496715152283,168.98630860269168,366.91935145140087,133.54611969137113,
2023-01-20,938.4798482332917,473.15482418111424,697.5568648133922,1062.8953675031662,198.7986204947738,172.7253866627807,73.6001182251739,86.67588503786465,299.724739377838,462.7411756728361,172.41220242338568,2086.01545548781,356.49079031262954,294.165588454689,345.9988569451216,222.44462046836088,58.72350096702576,,18.869818982774746,117.76019364052581,188.07180268125921,176.01390331430048,379.58870666665644,135.61213584371944,
2023-01-26,944.0028365274047,494.119762297516,722.5845804751589,1083.837655114592,219.38259914222726,197.45998962665544,80.17408023921962,95.28501801143648,313.64978869865445,487.3081054877475,195.8940985471345,2048.432175128022,348.1778833787539,293.84113288711524,349.43060221580527,228.93458400814052,64.04531401199347,,19.965225132489195,119.71305773431777,203.80189553951277,184.38472369804367,399.0696346681216,155.25898833621977,
2023-01-27,926.6881098891536,498.96184364072906,717.4435601949008,1088.4162152960926,217.46407270070813,195.46715665224292,83.68217381062004,99.49489935219117,308.5046385932037,487.0631581878115,190.30062492969046,2033.7351345067727,351.32424671883564,286.11632450822435,343.88756457804266,227.8754187392915,63.64229273735964,,22.623152533615894,119.37822270393372,201.33821678522327,192.80560819748825,393.20446372272636,155.54395969267898,
2023-01-30,870.531380223023,468.38035523486906,701.2788199145871,1084.09339138816,198.2181194828736,191.87702260860897,78.44177219170524,94.09881183403922,293.1780732753905,481.5322410600711,179.82109491678784,2005.275304410432,334.9040683932253,277.83418159312714,329.7372465057924,223.8956698717193,57.93104742322157,,21.52842950820923,119.46321426281429,197.67012548446655,188.9804637048219,381.64034128189087,138.48651981732473,
2023-01-31,863.4313257480462,466.42529211619694,694.2708931059678,1055.235279928398,195.87825536727905,195.09473935694496,83.36578817429245,94.57001930023034,288.0193735410412,482.72237730930647,178.24921238422394,2005.7933349609375,330.1723824649016,273.1326440663179,334.0899475722472,223.37956421416402,59.62534197990249,,21.860013000101844,119.25068395980497,190.31532008812428,189.06168550499478,372.0119790068984,141.18905005537272,
2023-02-01,884.470457726773,474.0642599103594,719.4455872720682,1193.5882605314255,205.7910794019699,206.4966500132996,87.25541856361315,94.85989101969153,295.0848039270568,487.8620486468917,197.40264541501165,1993.468777871356,333.1855571269989,283.8740874947798,354.039051976828,230.17242730844737,64.3636102758278,,22.186237676455676,119.5548175573349,193.40441693513185,195.9915041923523,376.1468912572509,146.99362814426422,
2023-02-02,860.2518679529567,464.9311141139606,711.2325167353447,1185.962291420401,201.14874457908627,209.06613660060884,86.62095398216252,93.7544429908371,285.65315743621795,470.81036428276093,199.4241699121858,1999.337031326104,332.7655655347826,289.96463148273506,337.07700967788696,230.78017081245434,65.37726307319645,,22.57632154529574,127.383753657341,187.97922180870046,184.13811349262232,372.43088753543816,154.036351432228,
2023-02-03,834.0950588190535,452.0727762896804,705.2115655908965,1122.219834698044,190.8542496752243,196.73754962200928,82.36619925498962,87.7788319143906,280.5941890528793,461.09381825367745,188.81470389823153,2015.226293893662,314.48199435243987,281.8492918445663,329.151013841034,224.89894656424713,61.4216508459549,,21.650543729358674,120.09776620534512,176.4989984035492,173.59656384651953,366.1765910818176,150.37714723830413,
2023-02-06,827.3954920451579,445.1223067176452,693.3017382446778,1120.6129317567975,183.05488217095717,196.3151843416581,81.99414873670003,85.76039110739293,283.72329760035245,458.69645431282333,183.21181236603934,1923.763172598061,306.00687646865845,277.91700010780914,319.6595041270648,220.7172609808249,58.298231785450525,,20.8712389146516,117.93034029772525,174.58084619045258,172.61926364898682,363.9912516053664,143.2739906245415,
2023-02-07,827.833158493042,447.9715179591003,693.0258228006714,1257.207864116528,182.59410404819937,199.7784972258669,81.13549748943478,85.68661757253722,290.9578676088131,473.8658192997682,186.2036063705018,1954.7847621007822,312.4579726877564,282.24795944581274,317.71531731633877,221.20016284388112,58.850698471069336,,21.735524485649876,125.31275603970789,181.8094250752838,175.610477652408,383.8634748594486,144.14498404040205,
2023-02-08,824.9558161335372,434.4144505666736,693.4934449034117,1195.6404269712075,176.2772977594759,197.54673993385313,77.22923898292538,83.58651960906991,291.0223860255428,470.98845832027473,181.30034779491416,1961.8110564360031,302.87360751224514,278.93568918663004,312.6842322309112,219.3655746973036,56.74465352246284,,21.897314072666177,124.94811701572416,177.76851690826425,172.27457604770643,387.40195368103014,143.39209448078145,
2023-02-09,851.2699998619537,435.2104235686875,700.1040201989745,1162.1570733766712,175.96785564221955,198.10118737822722,76.52482545375824,82.17589158309556,295.8174939755172,487.7182161014862,184.2089847030029,1953.1490544859698,310.96548746057124,291.343737344223,327.6047531163331,220.15603031734463,57.138537985528956,,22.996691660317424,125.34374183906175,189.86005831744387,172.5144234300842,403.03073541362755,144.02364884803774,
2023-02-10,813.6214142890167,410.46081883021543,680.5689637956239,1091.0298425142973,169.71052002690885,187.2153473757553,72.92371245957565,80.9304100264244,287.063525655838,480.16613304002385,177.08922722260286,1919.0946161206666,297.1111320404816,278.82134667192076,312.4180529787445,215.63125289746858,54.16293056962013,,20.644711830104825,123.71127338784027,176.85374580553434,165.942652660553,400.334698677063,131.63947215829467,
2023-02-13,822.5270951893981,411.5382715432861,689.6386148868041,1152.7467186389404,175.90258532916414,195.9182685705964,74.25428269765052,80.9261821019054,297.09561051477067,480.376547507698,182.80996881992178,1923.7824314009922,317.03281403203437,282.1819776815719,317.89624071121216,214.9135507131814,56.90735173225403,,21.19308308836412,131.31861633524022,180.69065695539393,172.2134244686149,412.00923971629163,132.49600682508935,
2023-02-14,818.0999153401062,410.69839588936156,681.0434616312195,1170.1608035240206,176.38365304774015,201.26732953659666,74.10154257403792,80.9308229864937,296.56316869004513,474.7522733231781,181.79997785953674,1895.4767342354462,298.2116368537354,276.46785338179325,313.9896011352539,209.98054575920105,55.183674046461874,,20.801811823820117,131.2476478845474,181.2504984531006,170.18236621085816,407.32300528160704,131.16914868760068,
2023-02-15,809.0543371674503,409.9428299308547,677.9008933062978,1193.3315270275561,177.77532113597863,199.28103183914936,74.01418811475378,82.41240191459656,296.92012526960025,464.1780379932097,177.38288711502082,1873.9010435342789,291.6614135782165,286.3242270589599,317.71942778833,205.95251498822017,56.432873760154735,,21.427224647499088,131.07496903327956,180.91483821483598,172.67360401153564,407.3527414398959,129.19124381556685,
2023-02-16,809.0433190266631,424.4907580811923,688.9932251769933,1169.1934808489605,178.5058228969574,194.12017659841695,76.11017354080013,79.954912545757,298.5558868149492,473.7662319640913,176.15190594399246,1846.7310147683165,291.2587233085833,281.13687741766626,325.3906238874479,202.04505228996277,54.61101249108924,,21.18530682785081,134.48745914296887,186.97994487980577,170.03170091410902,406.52250239260684,127.50415921211243,
2023-02-17,784.9755001036574,416.15238961935574,673.7555505942873,1112.2775823800548,173.0697811086884,188.68924445630182,74.8006813977131,79.9810003580601,286.251943160707,475.72607263406826,166.94759413958127,1821.431944271695,293.3945046051467,270.3970202962646,327.92995436031197,196.3027399051216,52.588097076612485,,19.936383338967516,127.23179548262488,178.32859156488576,164.5144026803864,386.32630984943535,125.5835189819336,
2023-02-21,745.0038756520844,369.52504746810155,667.526609682518,1103.1698518317717,168.42884945869446,190.3637634114075,72.22855985974502,78.5740146555977,285.15397103713985,475.12604542659756,164.98192928601839,1794.041390201317,284.683926280426,249.3530356009369,313.98272533520503,195.22078797026825,50.13696058596611,,17.626274943351746,121.50379040254211,172.81582926084138,158.71481528295135,387.7780487537384,123.38392460346222,
2023-02-22,743.5301339899597,365.0185342108307,675.045063546524,1075.678937067627,171.7226671117096,185.84331608113098,72.25060825709534,79.86006634744263,288.45329942274475,483.08279808236693,163.79941732080079,1781.4756022319489,286.09986540922546,254.642200669281,333.01176579078674,195.57086627992248,50.75585432447815,,18.199935465682984,126.14438332788086,173.60541731507874,161.52443310276794,394.51499895191955,124.49697502958679,
2023-02-23,738.7002950338501,365.9767263195572,650.2853082314468,1082.1613905845734,172.9857721794815,189.61751797925263,70.99869956401062,76.80411617392883,284.6223954946472,472.6708904504776,163.49313575289307,1751.5103801745208,286.19143348152465,247.3579004225876,333.9684591241348,194.08925678936157,50.4443775013649,,17.337803915792847,128.81752792130737,170.86759034968873,164.82681355270233,394.21929037570953,123.6397235134491,
2023-02-24,698.3687515258789,351.53842174771125,617.0754853229737,1039.784712679102,160.62480746295478,182.28208739616093,65.91345220686344,72.97561261116789,272.9915674714721,458.2554624127806,160.8602180480957,1691.7001863366459,279.0336377901549,244.2721196506318,314.3444173616881,191.85524165866082,47.39491272556916,,17.027643192050164,129.08052242037957,161.40949444676517,162.821928024292,373.9019334363402,123.66619869541319,
2023-02-27,700.4143853187561,351.1097005577976,619.8177087251534,1093.6666573167604,157.2695229471865,182.85327331712324,67.49091295157632,73.21978892534025,278.51773345193214,463.41141645600874,161.507316486528,1695.3559530018247,281.26444455685123,245.16465251591944,307.7899501086795,189.91628749678057,49.12710602137304,,16.480337729665735,133.25530467325734,157.34798757722456,161.82123488049183,370.1013143390228,123.28862767592545,
2023-02-28,688.7037897025148,348.62735105833417,609.0780414002074,1080.1643182210391,151.40656654747,185.21809688638314,69.97650976905061,73.66361492554097,278.88619367988576,460.7309811157684,162.23253710781864,1762.1999547823798,291.43805184539815,239.26945400238037,303.7545426573488,188.74829296765893,49.344421526149745,,16.23894274793338,140.42370935634608,158.07473465160365,159.72217145989998,371.61291083689866,129.83309118659963,
2023-03-01,706.0193254309997,358.9356812023834,639.8520843996521,1127.5902425577515,154.390224082872,192.37948210121613,69.54231454310684,69.30684603889313,296.14352116820373,475.1796782446472,150.07326906884919,1851.426876933081,316.9434361561798,250.14827412332306,321.73134314944764,190.73118011549377,50.94013803123016,,14.677667445416546,142.30272609029998,167.4195960922989,171.9720270959442,392.3725231878998,134.53219808256836,
2023-03-02,704.3669916391373,369.410073331459,671.7188661272958,1179.0200573210823,169.28351860390467,198.71389429913324,73.22277413096617,71.33923188275912,297.2075456382063,484.2277874264528,152.17465780469502,1886.016215213429,289.8303422416611,255.6911184104465,334.48602151882915,190.15946389952842,51.16961305908012,,12.243035840143193,145.26833622793583,178.387313621437,172.65820407867432,404.56955856945024,136.1645412104035,
2023-03-03,704.0911599463652,372.5325188775787,674.2634757128144,1204.5689833734286,177.47493977414706,197.01994408584596,75.51122752005767,75.11875602072905,303.92877926562505,487.3692498978653,150.15901624443813,1894.295726867531,321.1189545813522,258.71621824700924,355.6563267499314,194.03716368525693,51.41357178199769,,13.579462224948884,151.4149340252152,173.47174395538332,172.52980936268614,408.24728308683007,136.7365493564148,
2023-03-06,703.4677405418552,376.14563496499613,678.6634494443206,1173.571243035476,169.78359932182684,196.236252784729,73.54934664541815,73.07838383079343,303.0672735916596,481.4067897042696,143.80192364518734,1873.192769790985,312.87908623089606,249.69100385123056,341.76506503627024,199.92548894729225,49.137559493892695,,13.893526547442434,146.62773047621158,164.1320006314163,162.4836232944108,406.9939762982176,133.36215559590528,
2023-03-07,696.4790692185961,365.54749029463346,657.7814258748476,1119.6412740863525,161.30557646318812,185.16782066431733,67.74049610798875,70.40930012973558,294.5887256696151,476.4598042769776,139.09171826211696,1817.219197437611,299.84785268739324,242.3116041684052,313.34883484755846,199.5322587947403,49.05887544155121,,13.501002746088602,146.07771230566868,156.98840141296387,151.72928936676635,397.4161465610032,129.75091915758367,
2023-03-08,682.5305181083604,368.7784307500351,651.9952289531648,1115.4409912948759,158.8777230034584,174.96959640569912,66.25137997258798,72.06015623273925,289.96753636021276,468.6264966294784,137.36957430839539,1787.2959262659133,287.612635360907,242.16293827521895,314.9295528300736,200.87356728644409,46.627158814412496,,13.9724479050725,149.06561055285874,154.63889821028897,153.77542752356567,400.64818276949154,106.52029036817476,
2023-03-09,654.4095121778919,327.16550040419315,639.0245775193471,1031.890080728721,146.15695411446086,168.21393287356113,65.07202413656387,68.99675419904861,274.96657859582047,452.4428768123107,130.14404827312774,1711.1038557604697,269.5504618891846,233.75692791138772,308.7192810878405,196.07951032853998,43.093534289483614,,13.265588060348136,146.47092473419798,145.05801951623835,141.36877864729922,375.12570655868694,118.60533979339061,
2023-03-10,651.2011339420351,317.67250453706947,650.1807101261074,1039.4413442123478,154.87220607967538,167.74552715075515,64.2095652502685,66.79992598905483,283.2128539573605,461.2412965247531,130.14603266909944,1697.3931814704702,256.5242706221252,237.4497892856598,317.20151896864627,202.04818254098973,42.3877317285137,,13.501277499663729,144.74625590874166,143.4903243367171,137.13215390997175,379.21321145381444,111.46403182037739,
2023-03-13,650.5594095764463,314.7640269588592,657.3867135493565,1048.8209833391884,165.58267234707637,174.84274819394523,64.89899295502619,67.09629642439268,292.55553134458023,464.10232059248665,130.03340192679752,1743.954308198081,248.76638601113882,233.69914725324088,319.15861892963585,201.75972879064648,42.219657823278794,,13.890110028314211,148.16116864603282,143.76656170729984,134.19259284878535,385.47016785695814,105.94151830673218,
2023-03-14,657.7697148548505,317.2356213414914,669.222823965858,1072.3568234894556,168.65890431404114,172.50275661687465,62.12923418766786,66.0515342879944,296.6043443596118,476.01034256961066,130.22036632331856,1814.6129758706375,247.1049063205719,233.37685596942902,307.9789907107388,206.0776508621293,42.909961451709705,,14.041834059921257,149.59652343247217,141.04590801676932,135.3978012587586,387.13100793231933,113.58980731448355,
2023-03-15,639.6905008073045,308.74032314842225,657.8978585273362,1044.5688545009616,165.51432224338532,167.55480405254366,63.568803395462055,64.74600040912628,285.51025018669134,474.333112219696,126.43128558895114,1851.7355877508162,251.13600158691406,231.20207427589412,288.2570382289505,203.57712547767642,43.007040421447755,,14.75424005580902,145.8158403226471,134.6716796534729,130.0413584267044,378.97992957981114,116.15040223083497,
2023-03-16,645.2666902403871,312.27392136013805,671.0867823120425,1084.286632973206,175.3254408223038,172.50013798993677,65.37425687995528,66.70842599868774,293.4385891029815,478.57409257215113,129.33586234372706,1764.0062584393163,268.95268111902624,235.1275743349761,291.24114465022285,219.74540328979492,44.49844476494218,,14.8328146097939,146.601578589798,137.34087705612183,131.69028636035546,384.9468522754287,116.46506494110872,
2023-03-17,641.0457666153889,304.7852191691418,674.012525702241,1152.5794065465889,174.09569753813776,177.31387645804898,69.38710422122494,64.83455733662868,287.673917611839,476.6046357793821,129.27664470058608,1752.887823011406,265.69607822060425,234.2992139956359,278.41183585357794,223.3103092712172,44.4265828648804,,14.442564692232793,137.3613464832306,140.03008241260068,132.4948236204973,372.3669764872775,113.65669909703684,
2023-03-20,635.7568316459656,303.4365310422745,673.9807515999673,1178.740201483568,185.46831355859013,179.2677300222549,71.81697243257531,68.6774355173111,286.01207496419556,478.38739967735273,129.81998243798807,1750.685965911216,237.11374446878835,236.72130796831516,275.6515956585772,219.92477424378194,42.619252922255555,,14.127929217870246,139.78801027264035,140.1019714494132,137.59034191720184,372.898839560532,105.41005485213464,
2023-03-21,656.4423478155513,310.10432473095716,675.1082504445803,1190.1449213027954,181.63925005450437,184.5410926883851,77.72214819445799,72.70276089147956,298.81067338134744,479.7440702265012,132.7001789736023,1771.2964595736703,254.89100456237793,239.51912346752943,287.36019235668937,221.40224437280267,45.01767101071164,,15.293460647716529,138.42541948593134,148.62106864379894,140.54297911398317,381.0816600178223,117.64200210571289,
2023-03-22,656.2861379651949,302.0563759803772,668.2114542640775,1166.3299210235418,178.72323252567912,182.56758460607307,76.1025140103111,71.31668840913699,291.77860280256937,490.5081757029511,137.1414367238067,1691.9079386120138,240.38979677086172,246.50938587918245,291.70015976962895,221.79568538274543,40.79722331130597,,15.063590361544698,137.1414367238067,138.86748273515332,139.57358974628005,382.8662575945891,114.46759926347659,
2023-03-23,678.9250233444727,314.4304962291244,707.0174056956785,1184.1953506065329,189.9765930574904,185.97462084543622,77.764067716098,72.7419732013459,293.4004529980666,500.8759496605853,147.60263317171393,1718.6565797850562,246.86756173787217,252.36048883864896,304.46476433026874,223.9542480308046,43.23713799313282,,16.007941232794565,137.2445557515266,148.70122757208264,143.91453438332064,385.2107118897675,111.42782681521794,
2023-03-24,682.112875756302,316.2523349384537,701.7363758650208,1226.6257783320543,187.60065804504393,183.51896642926022,75.51122752005767,71.19405599898528,284.3052791569062,484.1509970777588,146.94076342433164,1724.5917362544787,248.82598736717227,242.15399433589937,294.4309824562606,223.7863970364151,40.973866580135336,,15.227836533512118,128.88714931292725,153.76974804964448,141.99564798441315,372.76802124018104,107.85075480093383,
2023-03-27,676.001564108512,312.2543025709165,693.5059829623715,1198.8587169686361,191.45003727560106,182.1875892204771,76.218938735944,70.09630726036994,283.4465410363191,483.452567449498,144.35285595541063,1764.417393276788,256.2086615908629,245.53331067243744,290.90360073406555,220.9642726995353,39.483138653656624,,14.992602458254282,131.1656427902708,148.1991239666113,142.86145599329393,371.91075020930657,108.40201563243227,
2023-03-28,772.4104894252014,326.15502793334963,711.8893098118133,1255.63806055249,196.94897354693603,194.28007435798645,80.4594247341156,72.21723826414109,280.6267740726471,487.9373491898041,150.8712281114731,1726.6200589960936,265.63384831996154,257.70566452162166,310.53414175373837,225.99286943980405,41.21092486381531,,14.600442064042568,131.63947215829467,148.75182049728392,145.21944952011108,376.31460597651676,107.06991034115981,
2023-03-29,784.3420070348511,323.25064732733154,693.7564621475831,1239.860086947403,193.96607917240908,195.45752635967256,87.83813941586686,77.1625501461258,283.76666603996273,489.6642927662506,153.69712489321137,1740.670969247818,275.0534942776794,257.6271507531128,316.89237956842044,221.91102185998534,42.85936215781021,,14.600442064042568,128.18559997751618,150.40025030522156,151.4207196862335,369.799370569046,105.26447545437622,
2023-03-30,811.5226165411841,348.5355617140194,695.4225917734002,1207.471639935713,196.48299660389694,198.75945975115974,89.41036106201545,82.10995188140487,290.28928985791026,494.4651996143566,157.31199855413797,1712.8481056025703,264.7771156092149,263.28564543333414,309.9140392799836,223.1726528234176,44.822927979465476,,14.993308296445377,136.74525457190703,152.680556492729,154.80001805121628,382.83961531920613,105.18865390781411,
2023-03-31,802.0690443056701,344.5176136219743,694.2159720562922,1184.6570594681034,184.46489024162292,195.84677243676742,87.20871775546539,82.49898036851573,295.6932798994312,497.58422467353375,157.4623659460458,1691.817768876601,261.07667829013553,262.7251107048505,303.0718946730849,224.9686691990555,47.25441003132687,,14.835686805015996,139.25136641130757,149.37731863659883,152.28165107743462,384.4719250890794,102.20140235690451,
2023-04-03,772.3221232950746,332.82304511962866,704.5800982504879,1171.0818190335995,178.1074245221862,190.9022656708985,86.3455982208252,76.92607991210934,293.5750459283445,502.53135529461724,149.29939251690666,1671.0228518962394,266.493920497589,259.50778143255593,311.94311074761936,224.81253457666025,42.70182356927489,,14.050783411041266,135.013123206787,156.28553158193972,154.63712280242908,389.7326439469907,97.80601428411865,
2023-04-04,790.3306990851561,328.31052590893705,708.4884698085189,1165.8005989727972,169.96190045786898,186.98947846150895,80.03745911659053,72.26911914717903,294.6477044082185,494.19208164551856,148.22623354248208,1687.0641207695007,265.6929867858489,260.12175896634653,313.7154547725022,225.59578359127045,41.98043202430631,,13.731917262077332,135.51440994402765,150.0310111858298,152.14963847450417,387.47547946779923,103.89176080395282,
2023-04-06,806.4884465183713,319.9578393023985,704.5980746303103,1138.142561049317,168.84920215983584,185.8047691993561,80.53895092387393,70.72670078654482,295.46647134411614,491.1619904785766,142.63086859510804,1871.7848122412106,261.63385203515645,243.97178681565856,303.47327104953,225.0537697486725,41.21145057678223,,13.423158487312321,131.1701526491088,146.79126804336556,148.75371807083138,393.4319731218566,114.99956861503597,
2023-04-11,783.0561651064454,314.0544825649795,698.5966038703918,1072.9345111078874,170.64595514883422,187.0512024374466,82.3402046595993,74.72629200717165,291.05576798519905,505.1873915897522,139.5623381629639,1977.7348876569522,290.4278016090393,238.621758327713,293.9600376172257,225.19929143968966,41.20935022830963,,14.913859895482062,136.9720367474747,144.35046200884244,153.9267396436844,389.094757760231,121.665700674057,
2023-04-12,736.6252135627437,290.05012004837045,691.0964088590699,1070.712687073974,159.27245141583262,186.8252366258239,77.79151789096068,70.72670078654482,276.78393869815045,497.9128233641968,135.95853550726315,2000.7570903310552,281.02283794418327,230.07763702784723,284.47676915707416,221.5998535080871,39.40599640179062,,15.071615874060626,132.42613444120798,135.64455128846748,146.55576865003968,373.17950440960703,121.82890129843145,
2023-04-13,754.6661646398134,293.8780178811721,706.7197071753908,1041.5601405377383,167.9302895175133,190.05941912651906,78.31515151342319,71.40961336029432,280.3808072217362,499.71033076391905,138.97408068340155,2085.3174902768806,311.2988035710878,235.73019349414972,290.97455858864123,223.7239569123558,39.70688179890385,,14.281922484966799,132.46089703984762,136.5414497958336,150.03866045526956,374.9396808963502,133.40256881713867,
2023-04-14,742.1891565027618,289.26143206642155,709.9268848182983,1010.6488716602325,164.05872646343232,192.78862717072298,77.86902434156036,72.76672235284423,278.5073514863434,494.374100772995,136.03529995157623,2072.3207931518555,302.37044659410094,233.92105323814394,295.3057046397553,223.0099750652771,37.60006257630539,63.739562891040805,14.050962654125215,130.38352136021422,135.0148455426788,147.65285231987764,370.1133657546234,139.17517694677736,
2023-04-17,756.8275517076327,298.6650934654008,741.7569487094879,1032.4942227850624,170.56484821066442,205.10167669070597,89.7172714297958,77.15842062669526,286.89117364461526,499.52816680570686,139.32471787929535,2078.489216546266,303.3746793592909,238.06865817743073,306.4358937218749,225.90228035114433,38.382977567768876,63.7361517315735,14.99212430980225,132.7313215819504,134.6151469567185,149.60727033081366,387.44045969346917,131.86789600427255,
2023-04-18,749.5277190233355,296.15332629904333,726.4508768965679,1029.6684772372537,169.46595381821135,200.07814235799106,88.53987495632327,74.33268256454312,295.5253994787672,498.58626160397944,135.24308874830785,2094.0308769444673,300.7059230022078,234.1440182371689,307.53478811432797,225.58830196969302,38.618457611029044,64.36409352316286,15.541574313150022,134.69364155208132,141.99347423637846,144.11278339723503,389.324270096924,135.87103053989722,
2023-04-19,733.8189059761607,291.2042027390744,715.7658504284627,1005.8711142447573,164.51860037307415,193.4820426324195,77.47130905446966,68.99420582869834,291.51817673352343,497.087963643462,133.98533305479577,2029.0104987621307,294.6578567935976,231.62901463394246,335.2380523965803,227.3119620368925,38.22545801458318,61.85146213712733,16.32627343374861,134.1423200520203,139.40126469020925,141.67751626554855,389.1618732837742,131.9445470041892,
2023-04-20,712.2155152590822,284.05421121834115,716.7679321940705,1000.2727478536253,159.49106671174013,181.54666804114004,73.23088890751114,64.98946897724954,290.09792166232,495.19151448329467,132.3336379178436,2026.996486067772,283.7402751763839,227.8556026423057,350.4565196355361,227.8556026423057,37.753544944822124,60.59404626200353,16.718306862713234,131.78421241761316,137.74941639501958,143.0867183470673,378.39883344649206,125.5835189819336,
2023-04-21,699.5626461844295,279.6524020964098,707.9608492697444,980.7848123027434,159.95833705240693,179.97276096497808,72.60130906105042,65.38042150697402,287.03025407637324,488.2732292129149,131.38874562863384,2028.5199149270193,282.55644607543945,228.55677630132232,337.65495665304115,221.2573990491128,37.438728955291936,57.45314538267348,15.305141203345784,128.64166607549123,134.37129427617583,137.11835885893925,369.05011732809,128.32772225333792,
2023-04-24,681.9040187190476,272.16517140515134,708.5083946368104,962.309508983566,156.01624369988258,177.99037243969724,72.90698989971543,65.05908998592759,280.8763450994338,483.0382337061692,128.1562049934082,2019.971073769324,281.8180847066269,230.02194228189092,339.1077480898057,219.27032778246303,35.23706881666567,56.190962185226454,15.931236600459101,127.52837359905243,130.66753057083133,133.17885614825445,353.46941930197136,128.23468578878783,
2023-04-25,650.8473669907835,264.51467979362496,663.6414385005191,917.8737863671267,151.3306555665513,172.91568087706764,69.38604619584657,62.00789164057733,275.58190975515754,471.88789040470874,125.35013089918903,1937.0009162837523,272.6777510971224,223.9348316110154,338.68868184906023,215.5362819145812,33.59415013008311,54.315773380210885,14.442344469755653,127.3123984419326,129.98109367800134,127.46938403722379,352.97404165921034,114.36138624981686,
2023-04-26,650.1038562089234,268.69179887026985,674.1236125499272,918.95265066922,155.8145597837829,176.0665267676086,72.05932891070552,60.28492541033938,274.10801197888213,470.42652070223994,130.46035589947496,1931.3154915035411,272.1456120193179,224.34156277850343,355.9008578643188,215.55000437200943,34.38124818988035,53.69126409143064,14.835743582015994,130.067866924408,136.1905601881408,130.2248625144348,362.41601015927154,116.80204649157713,
2023-04-27,663.0641663910064,272.77707409858704,694.9339291213837,929.8754517405396,157.30799466677854,182.42702560050202,76.37757715429689,62.56210714632607,274.8179829163819,475.5348388017883,134.85784794989013,2005.5198894922942,276.3879289000397,230.38869723308562,349.78264162403866,215.00327749842836,35.48064373303032,54.94789981842041,15.777896873000145,135.64282094171904,140.50962654125215,137.36974954605103,357.71082542237855,118.05948731042099,
2023-04-28,664.8080305869516,280.3984293249814,699.6615448353659,946.776415909706,159.82396408456407,184.47264456748962,74.57404780387878,61.778710282337215,278.74992761533395,480.25687025257866,137.45174674890131,2001.4104977639145,274.58949032025157,232.74952515129098,357.8769316587295,217.28522799679558,36.345036828029606,53.37931992528911,15.464302769181245,144.7521559295119,145.14464492895513,138.47222713095107,368.1603111360928,119.63247068025976,
2023-05-02,639.9803144526231,268.6928271648194,699.0095646799236,922.566990096544,147.4945526129195,179.8350193300812,76.53389132022858,58.47974110133555,270.96922701627955,484.7146450281143,126.30054595083311,2067.9850874426484,255.50544657258615,217.19925935074843,330.86191137734204,213.19594631582186,34.22438732046908,51.179586661345866,15.38527486227531,131.01032687262796,139.56642463849403,131.55979856864087,352.6838728588882,112.79918046287958,
2023-05-03,639.5984756766848,272.22968112175295,690.7003705182433,915.9885200456483,150.0089194525208,178.5035418663574,75.90718033598023,59.97216577628478,258.33560223010863,491.1594842797058,127.48010150533446,2080.186414718628,266.6563586689881,220.4997611579529,323.4886047022155,215.00492313018185,34.61744064716186,49.29649479574891,15.464027534001161,128.26508050533448,143.02262282197262,133.0534389303284,352.2187253077209,115.07748121646728,
2023-05-04,647.4466842543698,280.8297026572691,697.0510357256862,952.4506750029905,156.03394196802583,187.50759234120778,79.66521721886056,63.26125205370681,258.5391373803541,485.0552264413527,128.72015577362436,2045.4730909086065,277.2977710339328,232.48117138570342,321.0155298786776,213.40860888035058,35.71199676490596,50.54620913593999,15.619092510688688,131.2317662323676,149.99038491556712,139.55149458992855,354.76532161620344,120.08649107909969,
2023-05-05,653.0356533568265,281.553948525192,697.5286947468339,968.7244440214927,158.90377056598663,187.7811001549453,81.60983472934731,63.953860222015464,259.73899077858005,491.0715186657253,128.53548782782764,1960.1270016206909,295.4433187297436,232.8234511020355,324.2421605576783,217.9139645114974,36.33207288422773,53.988047391559576,16.321966945869463,131.28197574462138,146.8192297189562,142.81722200172408,353.5903269098508,125.00430190665429,
2023-05-08,653.7485374509997,281.71377001332075,715.1919703558015,961.2010479233904,156.78665060363164,194.21770226955414,82.78774933284376,64.89618127979884,260.1340253167036,485.1911469474653,127.1243201997222,1992.5559032186648,290.34565591812134,232.35500132293237,329.1892023589553,222.0751848909913,36.33244378725203,53.67471164278868,16.714494063054644,127.59514680225675,144.46658057160494,139.52286382672264,345.275915145874,121.78823547997126,
2023-05-09,645.3176574576355,279.56961722325286,685.424365977713,937.7591186402497,152.34268361493378,194.41155963646088,79.19308155611725,64.04514604970245,254.92479819549408,485.75418186841125,122.59622459236107,1928.2611895391601,277.5289761954773,224.00104915115662,309.6300377168045,222.50979765841294,34.69112202443466,50.54543528644581,15.775826636803913,123.8520105956768,140.4127016132843,134.2907485896576,329.72261376985625,110.43078458635864,
2023-05-10,650.4689974608991,275.2436607392119,695.8724480863493,932.3781511275483,148.05129087381738,221.29277079007716,80.7695122893715,63.75302252388383,255.0120900955353,479.75521310743716,121.46793239878843,1922.2359781785053,294.14215672837054,220.43019395226293,311.2370652894515,225.44887721538544,33.7193118270302,49.559545833116545,15.526566302141191,128.99597225032812,135.26932632923126,131.4268950862961,326.7636278523787,110.96005309898374,
2023-05-11,688.3676571773758,294.72381220532225,692.283732168602,972.5180489800186,149.5940676525688,229.2078644561043,84.19561231136322,66.18166585785866,261.750438072464,484.8884042185364,125.47104630416106,1915.743933511505,287.28326374653625,234.57289794990538,311.64125497232817,224.9393421181221,36.10621246481037,51.37890343672848,15.037727630189181,134.32136921133042,140.7437298067589,137.45422621658327,335.8425996131973,109.96338545485878,
2023-05-12,668.7924916998745,276.6390374951934,667.5386347749482,940.9645854255905,142.70812261740866,230.71539908276372,76.95737457487485,62.30255928768156,259.00623727375023,475.928866389595,124.68348837004851,1868.0580011945567,263.0813769123306,242.15712005165096,295.9959433046952,222.2516555743714,34.16844947543336,47.647744000488274,14.106239803466792,130.01251482857515,136.67379790173345,136.0468544917603,327.18640410900116,105.64006173928829,
2023-05-15,692.7975938178861,295.4231964279097,704.8748971117857,1000.7686782304154,153.55419285069274,235.2720022201538,76.85552222106935,64.6998006105423,268.5237916971437,485.5229873850021,133.39922705381014,1884.1366177797318,263.89677445682537,256.4464884032441,308.9121341284408,228.68438496133422,36.78085679582978,51.4461440367279,14.978983879581449,135.9087926841812,145.16282716481783,141.6337411482391,342.8697408087464,111.83262685029604,
2023-05-16,695.7292802790034,297.229071646143,702.6269801554445,1039.9882107941667,149.00646078223872,234.8360533859377,74.54242288703608,62.00110825144657,266.1109624582823,480.95930638935533,134.89747621079732,1872.574547228578,264.07298257142975,256.4698327188962,309.6136312484741,223.3921136856079,36.29142147121274,54.86823844909668,14.422508653966133,131.4486262725768,143.28449093207382,136.22999117114887,335.63685052083747,106.75791448536074,
2023-05-17,710.7770670778809,292.6821317139893,691.1029167608867,1023.0549792629099,145.5572328441085,226.1349645713044,75.09091558736418,62.94154873874277,264.54263269901276,479.70397994102495,136.15128154058857,1810.647352695465,262.58305764198303,252.15810398622853,297.2283302979122,223.23478690873708,36.05618030182836,57.0628273052464,14.344089753840933,137.1702539920807,139.52173808036787,135.7593575589599,331.32495423067485,105.89543787593084,
2023-05-18,671.5533421272812,280.3032537805939,681.4970945706482,976.6767604174347,142.8920248746872,224.55579819250488,71.48516183334732,61.2282552903614,262.8430263800583,478.31637377524567,131.46067005301666,1790.8089919872436,246.40065340768433,236.7701260002823,290.4035739400406,227.37449496890258,34.84216347604752,51.36283150693703,14.641539024494648,125.27519989013672,133.57467770134735,125.74497770821381,325.010833573082,99.8286749124527,
2023-05-19,657.3366862984622,274.42515126353464,684.3408476588593,972.7768433580932,142.45686727699285,227.7744350728226,70.60225022993473,63.166309190048196,260.25772738456726,478.63941132896434,131.49863523307795,1820.6300444552617,246.55995225906372,234.9755517359772,294.776119506485,225.03487706184387,34.20530041763686,49.46853779689218,14.480505319292547,126.09780893275456,136.19501826198575,117.6443179877815,325.7722206243743,101.05044273150634,
2023-05-22,673.026478188629,281.32664934880086,692.0213048596343,984.5259509432217,146.9558362451171,230.2047694239045,73.55608791285704,68.70967273457336,265.0676907914276,480.2641884840086,133.27643603950492,1892.1346173562924,267.6472491431887,234.19132436358632,297.5074232065126,226.99988256848155,34.784759031906106,49.40217808439638,14.070239838752741,132.807432207077,136.55949268522636,116.35307153800204,328.1492653540954,102.32191473072817,
2023-05-23,648.8260414256292,274.31063994918804,655.7934014641578,951.6324158468633,140.91299629211426,224.99108228794103,71.31763043569572,68.49937319755554,258.0273460432436,453.50499545585626,127.83940103885652,1873.5948700339504,264.0552944682313,229.06190576442714,294.8995729058079,223.34710449840532,33.584263817653664,47.28413845716477,14.482724805557723,129.71823919761664,132.3016435323716,115.15723226846694,312.6702710218051,102.9447693048478,
2023-05-24,636.4281552235152,265.51147422527174,654.2960955434064,933.4436499410294,135.49862714609844,225.8571536276031,67.78849109675593,62.06761599249421,250.93498400847784,447.87428213492603,125.85932703149865,1853.4079596996307,265.119639198012,233.45887871584637,293.0970846547243,217.39338848987882,33.306485533714294,44.19966446194189,14.576485545685102,123.03807447684858,120.13845192723693,111.59631679455106,293.4105347394743,100.46803161832577,
2023-05-25,616.839495733002,254.00193836683684,671.2573351013634,929.1741934934544,129.5848355160524,221.03806742825327,62.71749909322352,59.03744410210038,244.37116521196003,443.4072333521726,119.87576903834906,1783.103045246171,249.2257096515732,232.54802967445357,281.87639236450195,213.36476922035217,30.066814513501186,41.341872522905305,13.858922475244526,115.4127210815659,109.85349193346792,109.61859703063965,297.8493951003111,95.60307670898055,
2023-05-30,615.828751068344,251.2787902595519,665.145175390091,967.6973899885561,129.70995874885557,228.1861990154266,61.6063596445465,58.0054793143463,245.6426355851745,440.7163978935241,110.84447977783202,1786.8976091188815,240.94584748855596,225.05500197410583,293.6282694365691,197.34387456428522,30.998880570526126,40.392479159851064,15.734280063362121,117.18516311820986,105.75628271934511,105.83456451171878,289.55773567893993,94.48395843986509,
2023-05-31,623.2003087702033,255.39067675160186,666.5227074445866,962.4155128149869,122.6815382256973,227.579733498329,61.73247411736338,58.99055029248757,247.39993649794997,442.3115966408659,109.44196286539045,1730.7810731643112,254.52895413204533,224.21109586141756,295.10941030367394,197.73193019850078,30.78789643133632,40.110438556586814,15.511459156686215,119.07786563223453,108.65855285636098,107.71846532821655,286.8836425646223,94.00884246826172,
2023-06-01,649.9904413223267,270.41167645077803,671.7611959419737,1024.2439211638266,124.28130396867255,228.2797724890861,62.80630887888037,59.04732412982139,252.399899111766,447.39704345794235,110.96824823045426,1750.1188078271662,258.42993450164795,228.43640027665788,323.27234487156966,201.9669165877931,31.951336759093465,43.541527910354034,15.740732299507044,124.82948628832582,114.41397740436969,114.80553940487516,293.67038011550903,94.99257985090753,
2023-06-02,659.9604832106779,277.4700492821503,678.2862244054413,1045.1136582271574,119.97857842819212,230.55936575473788,66.09785716451643,59.20613995562553,269.56021749832144,458.6909557379913,113.63506756740571,1780.5698569223023,279.58455788154606,237.2944456432342,334.87492913871756,206.360029394722,33.51882187169076,44.482918958978644,16.446149365282054,129.06311729515073,115.51462578773499,117.23755789072038,316.70585140480034,97.89375066757202,
2023-06-05,661.4824845695039,284.42179545781255,679.7438041476198,1036.6621976107272,117.32692881058847,235.90785163401415,66.22662046671485,60.1133959169365,266.1604758796966,452.22202813146214,111.99744678163643,1738.6643282166624,277.6815664272217,231.1269901170799,325.5685132446015,209.73070045565873,31.58500596451131,42.6358375456316,15.126316794337413,128.37775291731487,109.88133375357211,112.85956579686354,320.31739276126245,95.22525817395399,
2023-06-06,679.5424473942257,295.8792190551758,716.2236350888852,1077.313847845886,123.91657158723683,250.73314304248197,67.79748693929287,61.76233854345628,275.26563860091846,462.4337463378906,113.33545745231095,1772.4536799085326,262.88183517870493,235.52769024821464,328.48471590608824,211.1519554798142,32.44873979825934,47.02716064453125,16.14599137280311,135.59497387858573,117.88141571663436,124.9354868234077,331.6198719086824,98.75704034342198,
2023-06-07,668.85102489563,289.798853587532,717.0070397104646,1041.471908731728,122.8998095821762,249.4858237485123,65.72434035411834,60.86168129188536,268.9364749567794,466.73691297657024,114.35093845611573,1759.890750661354,224.78037694465638,236.2311646288299,322.26886853206634,213.64331643836977,32.783738382587444,49.25404123826979,16.313439266738897,136.70349126316069,116.23325664543154,124.38997627880099,333.0137700659943,95.13559011093139,
2023-06-08,675.3151815438905,291.95192329210477,722.8239855888678,1045.8212414032605,124.73025901378787,251.02847196872244,66.32419900282821,61.07157273903886,283.40660571440094,467.79725948114356,115.94975133553544,1701.6939017393743,219.82631115546246,235.7409733784516,333.18894147872925,215.59284448623657,33.318894147872925,49.860746171535084,14.73871078567629,138.52820285528105,117.204108507206,123.78949113503495,342.51822107388944,93.13610971524122,
2023-06-09,670.0446960926056,286.66942935621046,723.3348244931185,1059.5326417182005,126.25053173116612,249.0528760456864,69.51223833521499,60.57831010030327,296.0735415257659,468.0125154219422,112.69289832154618,1693.0579139795955,220.68372561084288,235.73034394555816,329.1447629928589,212.37674292060092,33.14957985089836,49.52845139562646,15.360089238616183,134.3224056381805,119.90273658500291,127.34767615795135,337.53011527751005,93.10094814339982,
2023-06-12,673.0393687885589,287.6839642725372,731.908773184532,1053.2211665314026,127.6940584185104,244.17861556003572,77.29056484988405,65.84591661880495,288.3894574644546,466.6437516606675,113.34904762606811,1671.2321261557008,216.58603613553623,230.85266460994717,315.1197641096496,212.74502595249942,34.0987790499878,50.79542384793854,15.520824057365417,134.90574002242283,119.69847887766264,123.69626117242433,340.98779797554016,92.41945115227509,
2023-06-13,685.5901288023961,297.62963670595127,747.5603615359432,1116.953345888469,132.16667541913012,246.70589043592372,80.61618360197372,69.64799830474021,283.4493253774781,465.36457208163483,116.5761735345177,1662.385642248264,216.46502366610548,233.3090390594316,317.8424252920013,213.87966559645065,34.86316841422649,52.0205491096317,15.82552866297874,136.7106385398256,124.88065476689826,124.25390174828408,345.2628960065704,95.03151797307055,
2023-06-14,699.9845977528748,302.67909853618767,772.6777061716857,1153.1416364254983,137.86626122791677,264.7658763249892,84.59975086847498,70.89145814577296,281.37248542789894,463.5752957216828,118.75298033396757,1630.268465436413,216.66935692469633,246.04426990191496,319.20738768577576,216.74769181887132,34.8582285722141,52.01317819913538,16.1366184139265,137.78792633374178,131.75627394994808,128.38794820469047,347.79898160295124,95.56638205846593,
2023-06-15,722.0089738284296,312.922764513336,768.5245400888671,1164.5332201667188,143.30546754386887,269.8528134559019,90.76013442320254,76.66451258350753,280.8160856740724,463.1194325906981,119.42122793197632,1574.3241220764758,222.9457230966109,245.4204132203522,328.8978080749512,218.9519622062071,35.552286574138634,52.62364764900394,16.20996287521075,139.54663903628534,133.51684230354294,128.0352211307145,346.7522509541013,103.36788104421612,
2023-06-16,720.4586709822543,311.729396470917,770.131977575089,1135.1331152882049,136.66028985762568,269.17462724532015,89.02084575529898,73.5321535787316,281.6125144958496,464.6606608544462,119.29419016838074,1566.1567616089742,227.4803305570549,239.9964452964996,330.89469856447613,214.8077608397798,35.2015643119812,48.81283405550312,16.270944685167706,137.28609484857952,134.78287488476417,126.17804506887296,336.37050342559814,108.81194537962801,
2023-06-20,687.3576096119614,290.56159447304526,744.5787795782089,1121.91023229657,124.83908985499193,263.74896874246224,85.05004941754532,73.0898884313965,271.253377631836,453.9389974055557,112.40989958577347,1497.5219134619983,211.5307231258621,223.6472371463242,304.0852037976838,201.83752085545348,33.84804261172485,45.339181769771585,14.774318979018688,125.69896817649078,121.86859094213105,122.33761277023314,317.9214446412734,93.41434408338546,
2023-06-21,679.0446346980898,286.34602107250976,743.2945047634275,1102.3421846089477,121.76945038161466,271.2422247961731,83.1882542792282,70.98000308584596,275.5464087936707,452.25298581387324,110.96984556604002,1452.4685170031735,201.67086808813474,224.6787091705628,300.3542101334533,200.26222171032714,32.55532656466676,45.38964115634917,14.947277628037455,124.82150758251191,119.65648081490326,122.70854547906492,310.4494693703309,84.67515298437502,
2023-06-23,664.9320827161864,273.03558071163934,728.7474101489715,1090.6545847187954,116.98169160342786,260.1159335351258,77.51798760219572,66.00774589122011,268.4158204817504,440.6780217909545,104.53183878139498,1403.7803291105956,198.10152553169246,225.66348132550047,286.58165023025504,197.8666320881348,30.92889560842991,42.908948475458146,14.015878807826994,122.07126112252809,115.49397587776184,127.63062499610896,300.59753650544735,84.40847655064772,
2023-06-26,669.2070355530304,273.8056688423676,724.2500281333923,1092.9519867552153,117.36765141569595,265.2712619107224,79.55005594944305,65.76972929774092,266.13253699333654,445.8248173763168,103.50903313858453,1410.056053127133,201.9287447419556,227.29706825962603,292.04892428990934,200.04959639188382,30.45765065314322,43.53329854032154,13.936919236286258,126.52843615269012,114.78384110187835,122.37868132550011,305.2028731362625,87.30148689089583,
2023-06-27,682.245321511291,279.9296569824219,758.276558239013,1126.7657603137195,121.75961453060154,271.7862416105345,85.97559456015006,73.13407101901248,273.1173911760561,449.29689557058737,105.70770263671875,1411.7067406419665,208.90974360052496,229.89468251354992,311.2504577636719,202.01915906509385,30.929291144857416,47.29440888098907,14.016058050910942,135.61906499322504,120.11527219088748,138.672838290222,312.6598961884156,90.7520214584656,
2023-06-28,662.6027340038854,272.5138990495543,753.0751767414185,1110.6565938424174,119.92491517693361,274.70716024723515,92.27403200791287,74.5712094115188,273.5321818165103,441.94404371302517,103.78870558738708,1408.8631434184936,207.420745391948,228.64848086980965,311.28779881121955,198.96098734546285,30.940784303336613,47.625307324744426,14.177928390515717,132.7712180294875,118.51495301244086,136.53110717448726,306.27458340361045,87.57417057666316,
2023-06-29,654.4421693948825,266.4766258428681,767.5497838251249,1054.000400951074,116.945798107663,268.59152325594187,92.66368080460052,73.55131024347156,271.5680189807463,441.6994875497039,103.31647665358196,1398.8847440638638,207.18127166400154,227.23359414091647,305.87630499234,197.54674398449242,31.566750252959082,45.74437138869325,14.725927353701877,131.3584090898621,116.00584619187703,135.19654794683993,299.53164263341387,88.04224494943082,
2023-06-30,653.3639641598893,267.5382507843551,757.9335866378096,1073.2101303348463,118.36588228752134,275.14186640541084,105.19669597349548,75.95796825974276,274.35799837112427,442.8921973705292,102.7666646986313,1397.6580556241606,217.36991912114718,228.57940544680787,309.55422331932823,196.59710223474121,31.27681188906479,44.837934089149485,14.815331799905778,133.18120941513826,117.97394079471587,135.45446857827756,303.9886526263581,94.06559944152832,52.99028947955321
2023-07-03,658.881793791832,275.48110076396915,778.3222263636708,1123.3201980901868,123.28072264012917,284.49397762313856,109.56544794854744,78.60811513953786,275.95131961936204,450.40963043856027,105.25493902486414,1417.3757209622563,225.47911951723472,230.02475281707757,312.3947757586211,197.10808757789619,32.36804916904066,47.337290636547095,14.96924240178538,135.82040534783937,121.71326417022328,141.07139682769775,313.7271023781359,92.87200590126031,56.03669448731421
2023-07-05,660.1870369534299,275.66528307449335,768.4952524047549,1111.3539909864194,119.50716453507994,279.97254705429077,115.90472027423857,80.03690924910734,274.9604558869323,440.5945462195741,102.59134190803525,1499.556422763184,233.4540273613129,227.9720563813171,318.8162834757386,195.78499794006348,31.79548321735001,46.988399505615234,14.253148260809894,133.44706176580803,118.48908164955901,140.65193535028084,310.3583870994262,98.04913055331417,57.952360137119285
2023-07-06,655.8048489791254,266.5771878609012,749.2007440163725,1080.9360405536427,113.81155885641101,277.52811018504326,110.60449898334127,74.7792808358422,263.7612270281679,428.572875065056,100.59220540432352,1481.7403764927585,219.33169571801773,223.71206763156897,312.0235707081374,195.39605847872917,30.89729601488591,43.490876455949774,13.53223343033028,128.4388852651291,113.02934585626599,134.3836831789704,297.78735079949183,97.46336832321549,57.80531915655706
2023-07-07,708.1372654202278,279.6574993859249,754.2775790927117,1115.658326597535,116.52396056350699,280.67415976995835,110.73686617730709,78.12579658804316,270.42945455090376,434.7360504257813,104.32414036871342,1482.3568889859016,226.59609988037118,231.0928210675047,328.4568099975586,194.64975715155015,32.1418460224686,46.296770005828876,13.529292560966496,132.71218666964705,115.74192501457219,142.48768696719344,306.2468721282348,94.86145578236392,55.75945459217837
2023-07-10,708.8402753850096,281.39144354995733,762.0659397597046,1118.9125213648222,116.54850075514605,280.6086956275176,110.75629302890775,84.3782926829872,275.99058739085376,441.146636819336,104.65100106308364,1506.9900732527312,221.8256852267914,232.7839023413162,346.74938720527643,196.46523478595736,32.248475399707786,45.71143361317445,13.38468342122269,139.01285106520845,116.8615924594269,145.8225937671432,317.5535615208282,97.68470131196591,57.60892957288934
2023-07-11,718.550472631523,281.97176266435235,772.2519284726332,1122.015900759834,121.33709788322449,290.1130976892546,117.18815404595944,84.62284380856318,280.87581946142564,445.581121892792,105.28928667007449,1472.1712472055515,217.0759786295548,238.91666341546625,352.81696545598606,205.49024641513824,33.1132855716362,47.59545457243348,13.073093435984617,137.15006519082635,122.11992085578913,144.15630765206515,326.67077671762854,96.36514360371393,55.42365443586732
2023-07-12,735.7191877365112,292.8005819251175,804.5950504739376,1164.862638914543,130.70756379264822,298.7489366889422,118.5760150378037,87.34708534976198,291.00042153794857,463.19001866777035,110.35788114616389,1503.175991618802,222.51592267949673,243.2569393480835,361.12854120335396,208.97556248802175,35.064063564811704,51.030735000099185,13.305560151424402,140.25625425924682,129.69007144968418,147.14383157592783,335.1435680250397,97.91326815932462,59.24887635595701
2023-07-13,756.0205934699188,308.011291092218,821.2851513943024,1191.9003624694305,137.2591017269806,292.3603110964905,109.86987927148857,84.20227416812668,297.44686168397675,474.3029535468231,113.15658566762886,1550.777338547763,222.79169486584397,250.18090985836716,362.4766943128998,213.63587097130585,35.68423394248066,52.27427184239559,13.772862321610546,151.8145029733696,132.25077797871018,152.04927304664307,343.4607512299408,101.731369972229,63.073452666488265
2023-07-14,739.5915805599361,298.308197540573,823.9062647970422,1167.0311712147304,130.93023698126217,289.39180612564087,109.65603390147407,82.43755744661712,288.6878789172897,469.3622108071668,110.28174531799323,1535.5755088253864,217.82599759441382,244.34053938185116,357.0469294922259,212.11637905390944,34.414161474361435,49.74410609721758,13.843878143856045,146.88590047970592,127.33240006581127,147.9808917290802,346.72268366059143,101.28713065216061,60.615851283073425
2023-07-18,712.6340482666928,281.7717721387071,806.7924116849899,1127.0088725456371,121.58537786307033,289.89827837719713,111.97419077862014,81.42156892310868,282.00618170283815,456.64840126789386,104.62906217387126,1521.4581684831137,226.29256662234184,226.2144400369416,343.50211795672294,208.55486584741902,32.58425586711655,47.508937544710534,12.267933449524264,141.8235541338081,117.36583431311192,142.13612009126973,323.8109097555953,99.54997714485853,64.4652532339096
2023-07-19,719.5820218225708,284.5040975854645,804.1284769872436,1122.8574052767945,123.06892490386963,292.39612346392823,117.05221833164978,83.13989861774826,287.1608247756958,459.84800271774293,107.75368061775589,1509.2547361288453,225.43101780467987,228.6347156098709,353.5789747238159,206.52137922329712,33.052797123220444,49.69640500444984,11.720849990844727,139.79066612158203,124.86611832554627,142.05670427365112,319.82292913479614,95.32957843515396,69.15301792675018
2023-07-20,717.5919860777285,286.3340193537442,800.2829151145779,1116.835464511154,120.01510947512816,292.7369348838656,117.43833802000427,80.58268720751948,285.318948780121,457.02565148854046,105.33531629179379,1506.1623009611358,224.72576179699718,228.47379029656986,356.0630351129148,204.1115752626647,31.780189967643764,48.412079466171235,12.103019866542809,140.941616824417,121.49870967454535,143.9088172232514,321.9403347797088,96.27757330448912,64.96588689929195
2023-07-21,720.1887330462414,289.65386399709314,798.6382901991346,1105.6385781764984,120.79980537657548,288.87250589994073,113.76747817805108,82.66894751062773,286.8409271563032,455.22616048611417,105.48495268821716,1543.2057893276215,231.44180645566576,228.081912985489,367.0095078912127,203.8594393875046,32.03617007124899,47.507296614555344,11.798687226164816,144.94413273242935,120.95607550566092,143.30326284426883,323.9560031021574,99.62467753887177,67.97919024206158
2023-07-24,753.1746832777862,299.8628102521179,825.3262656867737,1162.6327887912048,133.6719001072197,298.4557352652191,125.15129260644608,91.69422760754242,296.2669652054901,454.7189480125671,111.70593010646553,1526.2047911704285,239.82771021028748,236.31002274304046,382.95827277950593,208.16856773469772,33.378888782175636,53.15607754079247,11.960116887557888,158.99920514176483,135.15714758337708,149.14969514335098,334.3360877916275,105.68679007739411,66.52326755151444
2023-07-25,742.1233960756435,301.052985199698,829.7123863529996,1162.0973428780126,132.4383205421218,296.5993097487153,120.0148947783955,93.05842515930635,296.2867637997988,457.5568072999922,111.26380939938281,1537.3002002239227,237.99828559786692,238.701499079918,389.65773490802167,208.77591000967186,33.59792200345419,52.506515999828935,12.423417380782553,158.92597868934172,133.4540650700783,148.9247318691796,333.55701873646103,108.52909940991321,63.91418605834042
2023-07-26,758.7799770172423,305.65226989607254,851.3426867798917,1168.3212624359294,135.75865191091907,307.05828830540486,152.0059476101378,102.87350646485902,300.10629514932225,468.7501074049833,113.2624020576477,1583.0178493642888,242.38154576689158,243.08455497155774,402.354906198776,212.30842224081425,36.087743761688216,56.240639531860324,12.029247920562739,163.33219377537534,139.42992551277166,150.91238435784908,342.67734188218674,115.1370883038635,66.7076489139099
2023-07-27,744.6229034167482,296.31995816711424,834.8140048980713,1154.9300572523498,126.3924066940308,304.1999948802186,157.75643556838986,103.298478820343,293.4332264836121,461.41027794525144,111.33454422470095,1634.519009590149,233.27979839248655,245.91904501434328,410.77531431503303,207.29913883529662,35.7331596144104,54.92608002464294,11.624980142612458,159.00475438522335,136.222913656311,146.7556166943359,340.8693712855529,110.47631945770263,64.6785800818634
2023-07-28,784.5856299346997,316.25314429019636,846.6189782619476,1212.2647463549438,145.68088837550658,333.34160170341784,182.51075930702063,115.01533221940463,308.684312835916,466.30367483789996,119.85315405935444,1756.6758959446452,245.71457540730898,259.3697351009123,437.8229620922866,218.40428578595584,39.48287540609704,56.80540404953649,12.250616039430327,163.8617377281189,146.6952640129548,152.93762485616298,372.5123635322325,114.85927729112927,66.09090296728436
2023-07-31,796.4874206337408,322.07219323341087,847.7881491145199,1216.1714239050561,148.67868367207484,333.68891712458026,163.10215645190965,119.28599501542476,319.96714271985184,475.7406130526597,122.7944051027298,1670.1598483176058,234.36188900373145,249.25314582971714,437.6158787031618,216.74186464578997,40.22978486305692,55.51086668436392,12.47435245028663,163.80383995642933,145.63806506621404,155.61753736056198,374.54243387662063,109.69633284581141,68.14114745983807
2023-08-01,780.5718028291012,312.2287330303225,855.1978970222408,1194.5634186198004,138.88095507923572,345.9937121451658,156.34829460302717,114.08357381415408,314.7240651232423,447.36667509682593,118.13848846514884,1610.5823913408676,228.79098065153812,245.3225632038084,437.0734227768553,209.92001310714113,37.35203759010619,52.71394251966558,13.10050557242812,163.522381806848,134.59210490369878,145.665152221045,359.64007254250464,118.37243142636726,70.18128204345703
2023-08-02,740.9945862539826,298.1281478404999,832.4984769409639,1143.331208747055,131.7219760726166,346.0624893862914,146.76478434225464,113.56149079881288,298.6737394579468,432.03250524916075,111.84677216308592,1479.1053565864713,212.4698922449188,241.07460663236998,422.0559388358306,207.48160903825374,35.9312627803688,50.81818348323441,12.548662020600318,156.7413656218414,129.14989068589784,137.64556981365968,344.035980750763,110.52175757803343,68.90072869021606
2023-08-03,761.3074532505125,308.64237887831405,849.3906842703,1169.7357936874032,143.71062803664245,363.0994968889281,152.44874005299062,120.61706328589935,310.0467196381651,442.9907302223146,115.38980316917878,1605.7829746231437,216.89225478982553,243.1065759579651,441.04026025161147,210.88481858954765,37.52704178990098,53.9890093842987,12.717064171782113,163.44938949728385,140.90194651694037,141.37007002416067,359.9007273274474,123.42573736514896,73.33766792225651
2023-08-04,756.6145805293272,305.22253459864805,847.4239237170259,1157.643671688813,141.79690867489626,357.9278838055725,143.04621946466068,114.93670435552212,310.37594532966614,437.337262313431,112.67232668745419,1579.3646235949855,212.6953630123444,241.35145717686464,448.50299052828996,209.1816820009917,37.08894944190979,53.40808838778685,12.258874225092882,163.73794617471322,137.58048848268118,141.32842085197444,358.8648594514161,128.67913048941045,70.89845433744813
2023-08-07,754.2784279275511,303.9454666282272,845.2042840034483,1148.2905106544495,138.41977592060084,364.4064903005601,146.07505731506353,115.76642869026182,316.05328578086846,442.5214910253526,108.89230773252484,1464.8125269656375,206.692284766159,242.85953844532014,435.88169808464045,209.11386051609043,35.85478652462007,50.30606091374398,11.795365034947395,160.29198506309513,133.1860702760696,137.7167397221374,363.6253224142074,108.34550511133193,72.17825888179777
2023-08-08,735.613258880112,297.07157266529066,835.0014304078286,1123.6410263154903,134.91188127644364,332.82947999886346,138.42520244355,109.8501188055343,311.82755432829254,442.28923474964176,107.50790469413005,1495.8197808214027,188.86101565088666,236.2519326436768,410.2788759508894,207.6768490056611,35.21137680890661,49.03047506106191,11.398804628654489,158.25600616698466,131.55469679637918,137.80061102107993,364.8398090147475,112.03619622989663,75.96600063080587
2023-08-09,741.1673530315784,294.35712473099557,839.2343292260739,1116.8692255618225,133.77739493981153,326.9419363501129,132.37085459317768,105.17778345352554,319.44040770701577,441.96549477796907,108.69412686800388,1567.3521499186245,206.13594586714953,240.4398540742568,418.44503772136704,205.6671040530091,34.61646072241024,50.010239392671565,11.252304142805087,160.4234740268248,135.41834874140932,140.73193898237605,373.43583605435924,115.25797188282013,81.18849948699562
2023-08-10,775.8638400434465,301.0079707803143,838.7400223016739,1124.5763894322808,132.5561213792189,335.10497599823793,131.2266494185469,103.6205621957779,323.4525672197997,441.3844821153598,110.97175351525811,1547.8174701927128,201.2976035624497,236.25487464656544,424.80520051714484,204.81679843371876,34.722664307809055,50.363503884530246,11.965242052447707,157.97248569139083,134.51122632630904,140.76755619049072,367.0123030543655,111.2845700084672,83.13106324524915
2023-08-11,748.4921316233522,285.1026126796569,805.887967759918,1078.401079156174,125.34819505702217,316.4592258063203,127.30309508334358,100.8728383752441,316.8501998457032,433.98780584335327,107.05032216012569,1545.7784915404045,201.5892960835572,232.24212909286507,412.8748795932006,201.35470271110535,33.07690859450531,47.543168043548576,11.651204231449128,149.5107605755311,124.64442239701839,130.5873277241517,351.8038218617403,110.49095038256837,83.82611521672061
2023-08-14,730.6328676653902,287.374954548859,805.369102413224,1075.6235241941613,128.1304555146562,312.31311691196424,126.9578185308228,97.8763527416686,313.01670208444193,430.90609116009546,106.63206359323112,1595.8066799174412,199.89602382027442,232.18271923454267,413.55103994193996,202.31947557498188,32.99026940357976,44.091261678253204,11.804575583290102,156.4301732551803,123.36172233683783,128.28681108873752,358.51513037992845,113.04249302168273,80.67762727581794
2023-08-15,716.1696743668435,281.2602368294756,802.8075346202313,1058.2640570105432,122.2938574170571,317.4635751620481,125.96893058715068,92.50232047029112,309.72248469290935,425.7609004787828,105.24778064992142,1585.1285409628908,191.72924386335762,234.03165661542516,398.3933498672868,199.783113498268,31.90274411626433,41.91144998045161,12.119914897952071,162.40686820818337,119.08793808148948,126.7508486733168,359.37502887103255,109.8611689461327,79.28770645613486
2023-08-16,697.2838150533753,272.90461696910097,794.3808652307052,1021.6709946177216,119.23928247663116,315.311224737854,121.89947767646026,89.19473721538543,307.8783237518692,421.4842595882492,103.19987594832992,1504.8091707012863,188.87376964814757,235.27068513993072,398.01195953560637,197.8714966069565,31.53112471227837,40.998282301155086,12.049113728557586,155.62134457357024,118.61335507215881,124.63791566725922,354.04052579402924,110.47629135237503,90.68132039723969
2023-08-17,709.9073371697232,272.2159672707676,794.4070689851069,1017.0508644235088,120.2104546380233,319.67365470312507,122.55983859775552,90.05994749069214,301.34841201875315,425.6311311911777,103.52978520656961,1505.8023124846804,183.17409711643995,237.36669220397198,406.28784104447914,195.46923538394185,31.481824973463063,41.97576787603566,11.98188844209767,159.83682735156253,119.50563646269984,127.25862145423889,351.54704242512526,109.63819694519043,93.11415709425728
2023-08-18,689.2484808378067,259.2413715515213,769.5812194934006,979.9652798138122,112.51278800529099,304.0272650699844,117.28890231298828,83.54289952409363,294.47502152062225,413.09495849583436,99.04570192634583,1511.523607568779,177.8907784677658,239.58882277668,396.1828077053833,188.85237040532684,29.674562675296784,40.714438470897676,12.292629399903774,157.76845187484741,115.1748871976738,124.96201218909073,343.8804093618164,103.50863599998092,90.35473762208176
2023-08-21,693.7369375596572,260.2003160436434,786.3970851251834,978.4533958257016,115.45311432854305,311.7390728320006,128.69028040070043,85.76740837905118,295.29054042445387,415.44324184354264,101.1193834131027,1536.1373521012138,185.55524983527994,232.94271689430843,413.01511263402244,184.77198283025973,29.294074314428713,41.04303270355831,11.983939237614436,159.47255866326304,114.12156490188136,124.77396031517492,337.66512255467387,105.74064230918884,98.61294094869845
2023-08-22,690.4591541775517,260.8819179211423,798.4805677098848,1006.214073674164,114.4494062763215,306.7400871798327,124.95366029819479,84.5828121294403,298.2739525831221,411.3907282231139,103.16124176574704,1522.9609541569516,187.1169419511034,232.03440965232858,412.17464618766826,185.00040830192575,29.004301206541072,39.19500112533569,12.385620692019472,175.20165802059182,115.46846972682943,122.68035053195945,339.2719201718137,104.57226419853214,101.59344321590424
2023-08-23,704.1551225877192,264.99873811392536,804.4800122296874,1038.5974535787682,116.3925229884644,305.20704167695294,125.87635077551568,84.96262185484011,308.26384004471765,415.64277396918624,104.08704609431607,1589.522115212647,191.08751110331104,229.96340434461672,425.2049973011017,190.46048129052724,29.470429231282424,39.1894006729126,12.070335108265681,182.70098175123894,118.1952318315216,121.80065699242095,352.0775612938596,107.37895634882352,99.2275613078491
2023-08-24,698.6936757212752,258.90321326597586,773.0244244063651,1050.7455392665797,117.06314353376001,304.45827092107356,127.02096287979111,83.42611265438836,310.495660452576,419.87482376323715,107.41895588096622,1559.3783042000723,189.7473613478087,227.853638247635,428.8917555071257,191.00188812075794,29.0109596653366,36.06767837135317,11.918015559371952,177.9861616350554,113.84841680868522,126.15847011521146,333.1555970237805,112.28025086492926,96.4418391400909
2023-08-25,704.3055645664062,258.4492411731262,774.4068058056946,1049.4011947873078,114.169331445858,307.84942525798033,137.45799457143403,84.92127851743317,306.9869073830414,415.980959584198,97.93783533867645,1555.7923638349457,188.50485943569947,227.39770030975342,429.9384939434967,191.2493024745636,28.934397488096238,36.697282703939436,11.840362941348076,177.37021282228852,112.13059164834976,123.89254166437149,315.6907252686615,112.13059164834976,94.80131832562256
2023-08-28,723.4696574696718,265.18333346787404,812.0209723477601,1076.7336946492433,115.9245619238518,312.2433729881377,144.78804774321907,86.43360950928036,310.12566761932976,418.36375253194274,105.7282185317963,1585.0605357185123,178.90657938740696,233.6531033989013,425.658061051181,191.29905586267705,32.54986141618156,37.33429981460722,12.157176502068523,180.004657149002,113.41469554303512,128.70920689112245,320.2435832969786,116.08143231264876,90.9827460645065
2023-08-29,737.7509145233489,270.6838974952698,823.1144544203707,1103.9980589534825,124.12229494982603,336.6680000063461,150.1707139955688,85.44196338131678,313.67948110004727,420.77616555921486,104.58598066551895,1675.8079036156705,186.73265373542017,235.69114575583808,432.3881088746857,196.1477518081665,32.24669144480458,39.857222568824,12.945751432277916,196.85388491186677,116.66868187760429,135.3419487476349,322.85921144815075,124.43613105342138,96.11239838600159
2023-08-30,734.7966409720611,266.5354232150421,816.3186540721435,1138.3267088171997,121.85148373896027,329.3050231295929,148.13624921354676,83.71895448464966,312.1218259972229,422.43940862216186,103.09907055342865,1657.1959524223785,208.0027635126953,228.7951904913025,425.8917258423462,192.15343594256592,31.306338032209396,37.97560914553833,13.652388056241989,194.66421754467774,116.82992053473663,134.71925441522217,321.45882314027403,124.44072913681794,99.3328906675415
2023-08-31,728.8804063829193,260.5610035638565,811.8896195959351,1120.6241987982285,118.70786276483841,326.78008115613557,139.577856661821,80.57698583699494,308.4207675485977,421.2442128629318,101.21159106412506,1628.4082678620834,199.83404892538147,226.74535113492584,425.55945980903016,197.24491572251281,30.677313290717507,37.973963618600465,14.436382670025921,203.2077711216507,116.11872956196976,133.37962007522583,316.03123140077514,117.84482085801392,98.1517104511322
2023-09-05,741.6490202780915,268.4510700503997,794.5399955149842,1117.3708728298952,119.18099783270645,312.0175730062256,146.91937565803528,84.70392066736986,299.7938701907806,421.1688768863678,102.41259706742858,1605.0647664937133,224.4144442225952,229.82108143152618,446.08640538923646,198.3215637035446,31.499513991628646,38.55164477048493,13.634118135792733,208.50798271641543,120.2779985277939,135.16582560539246,319.3831202785186,116.36014851024629,113.53929171508025
2023-09-06,740.6390905207445,264.9676691941604,785.8851556847076,1112.4093724523773,120.29014429536437,312.95825245890046,148.59832486942287,82.96412678019715,297.1182169879685,411.1350873129959,104.13644512591554,1582.8269960033795,221.13312432601924,233.67967226669316,434.89512556272894,195.02059711991114,31.36639976501465,37.95334491220092,13.879631746452333,213.0562710021286,121.30955318512724,133.03274419990157,312.25250726765444,112.13488065559386,110.95863617740633
2023-09-07,705.5987197671202,253.62968095285032,768.1042502947384,1074.985221453826,112.14917961933133,302.4890745452576,136.93178652868664,79.05340607890321,281.15719332870503,407.97204876370233,98.18935394711298,1523.50340742743,214.33825381526185,229.00392215164175,426.8727132507629,190.49675799264514,29.409749507904053,36.38966234401323,13.724549770355225,210.65223726202385,115.36464436884307,124.69733492179876,300.76369300064107,108.8552870761032,115.83520365185541
2023-09-11,695.5236305553408,250.2661996338211,795.0969975158805,1083.0755821439088,110.15789925392528,310.1670168401761,144.89095374736644,80.99153561855928,282.1767206565273,409.0346850074711,96.59396916491096,1640.5294755943469,207.53590590944077,235.8398260619797,452.000211662933,190.20858539743494,27.91189393002969,37.947632879702724,13.407118104569236,220.55100153010426,116.03821408089061,123.52581436238324,305.77637100219727,117.21427405540089,139.0106389204011
2023-09-12,691.5532676810762,248.5049162919113,795.4036891273863,1081.1883059377215,110.50754283478773,318.7567106394654,146.0641872332153,82.78275850182035,283.51334034489446,416.4983206712677,94.765509779686,1619.0021222923097,207.85757330759589,233.70270554837953,455.422674756981,187.02481179043116,27.019917599289897,37.27965570416109,12.374339239534095,218.58721323194732,116.69471198773954,122.96020153391646,311.6297191749436,116.5380786703331,103.77214586734772
2023-09-13,685.9933494095458,248.05031675657665,791.5067304829718,1076.0327160826419,108.09640015035257,316.85315681729116,141.44111936114496,78.8219177009887,280.6122854959103,416.26114542462165,94.0070782838593,1566.028016848024,197.95495841436787,230.28211470240785,456.1808745393064,189.65790344509878,26.69143537947275,36.94532733723827,11.975922093561167,220.3413128557586,117.25445152554312,122.8119059714736,312.00017704919446,113.4973030090332,95.5725568324051
2023-09-14,688.714412689209,248.25023519998922,796.4043193921207,1072.5161192158193,109.02036339704136,318.3738922542725,143.61261063148504,81.23699639239885,278.9293323623351,438.8989264168704,94.15038864482494,1553.520578622818,200.19675709142302,231.58022246094515,459.4038244352723,196.44013660480505,27.54857635829353,37.56624218488696,12.13076485031604,231.97153149716178,117.94234078462978,126.08170009978494,318.99998074122595,115.0466106269264,93.36776310865025
2023-09-15,681.688423409134,247.16783501115424,794.6637787818909,1061.9526548665162,108.04295860847469,318.2569834487149,143.2743502012636,81.65855620893853,281.14656329853824,453.7021338590239,93.63722979847716,1568.3453594667953,201.68018840695186,232.05747702532972,448.45655446875026,196.9826655457764,26.932447728874195,34.761647519828784,12.213551225898755,220.391971128769,118.37749994325259,122.52697374183663,318.10039586897256,115.16752922360229,89.6443361131287
2023-09-18,680.9706278175508,243.52800881042094,793.7353901616516,1048.6885039476474,106.97390132526016,310.5138561479034,144.4577987933808,80.68039220161245,282.7335148186721,447.6157427409744,93.59238162328529,1634.8147763631132,201.7401049178352,233.82443774567037,447.3809589434968,196.02751511539464,26.763039403949733,32.86688827029229,12.129447039344313,207.9222026117859,118.00778455158616,117.14698774445151,321.2347142120743,125.05068651560214,78.2544994354248
2023-09-19,681.0434164749604,239.5496466411132,792.1400329000244,1036.067912164246,106.32752449729924,300.1406975043792,136.74031815875242,66.84561244358065,281.53337288853436,443.2919522805787,93.58385742101291,1632.9092800365906,198.0350082250061,231.9659979013977,438.3664778596649,193.5786365474396,26.03460577444457,33.149166682846044,12.04002787329864,200.5368298747253,120.55664631410218,119.38391927980047,311.71163009034717,125.40393694445811,82.24746875070196
2023-09-20,670.5639461528626,237.36431687198638,769.0291077195434,1025.9455999140628,104.80005652584077,301.8085307801666,127.87171738468169,68.9803352902527,279.6753695633088,438.75247601181036,93.30333894985961,1508.1823202969972,198.57264529669192,231.96789172044373,433.51248735684203,193.33264172454074,24.87046240564632,35.03763198510933,11.73134994506836,199.35473827646638,117.23528866098786,118.79946716194536,308.4562838152924,123.64843170280074,83.05795671605301
2023-09-21,658.0598300907441,233.22747641436763,757.3438722955325,1001.4464111328125,101.16173751222232,299.4950577788695,124.3201860681229,66.11110924266814,277.11898475485214,431.2478524373473,92.24260272698211,1469.1531707816466,187.6147225042114,229.86323998933403,422.4069798277742,189.49243273435968,24.175541597230904,34.111769423801434,10.953319935231207,196.69032941128535,113.83629275775911,115.63576319631193,303.48521253666695,119.23471153477476,76.75148213622288
2023-09-22,690.5943326255801,237.83661182273863,796.4906214593502,1035.109410862351,106.75664837036129,307.20887434875476,128.57724580741888,66.71312875759122,280.22644787437457,449.2382349565123,96.12009092060089,1490.526213222809,191.3798670567321,236.19420896224983,432.266679061966,191.30165526565543,25.574670175151823,35.66376000474929,11.340450516748433,201.62538792716987,118.72278389236453,120.59982212608338,309.3987746641542,123.80643097335815,72.34425091743469
2023-09-25,682.0961501027341,232.89180846280578,788.4537111067475,1032.6851346257317,105.02810566189873,276.5296944094298,130.52264331763217,65.30042460266486,280.28348752142483,441.85315227508545,96.03462994602705,1488.849651108263,194.02436233574917,238.36608635540324,427.4635970961899,190.3487751114517,25.338127744869325,34.4098037548456,11.417798569504157,205.98959466101223,119.96508713842923,121.9201895821243,305.0741721878803,131.7739076882972,77.34385535750152
2023-09-26,671.5035159490799,226.90893607404632,782.886645903418,1024.0212802436508,104.58289765163727,272.0875022225937,126.78135378095703,65.73558638036957,275.5266898870468,437.0908367086304,94.73428226665192,1450.4037419224915,194.78369171648865,235.5069201437027,437.95064107900544,188.9214217188919,23.918061142938996,34.0793306296257,11.880867046044159,206.35190093370056,114.66600174933319,117.87070815533752,301.08619065461426,126.70318839196625,74.17725458056793
2023-09-27,674.1178686595231,226.42664182857516,773.7612143304978,1028.7355833661422,105.97861689496995,273.4326418796081,130.53750167362978,66.16819855008316,277.1086624410782,436.50676540152745,95.73271057404327,1503.0973824333341,197.56604054175568,236.98538493438718,458.0153404833527,189.19725189678957,24.011390569218634,34.413720876817706,11.810162970339775,198.97387693398287,114.9731089455986,117.86698906153106,298.8518669763107,130.53750167362978,74.06771337028886
2023-09-28,669.0152081377382,223.29183396638473,770.9238736984771,1035.9020496583398,105.74100798999643,270.0618900289701,134.67899580843186,69.68582345831601,274.4417056859711,433.4442507968197,97.76350259780884,1440.4083275542507,187.70592498779297,238.46473374647212,460.1141629471531,187.70592498779297,24.558192673033545,33.16137829107356,11.340566674283991,203.26987281126094,117.62904602733306,117.86367634511407,301.424438369977,132.56731548963944,60.144107245697796
2023-09-29,679.1178018114624,228.068958773777,784.1877241370239,1051.8732195690536,107.81015301045227,279.11633925624847,143.74687068060302,70.77732365305519,273.79237887055206,436.2513912597351,98.18004863436317,1408.2651453101425,190.3314941888466,237.62077532457351,458.40843621398926,189.23538996825027,24.270984236779213,33.196442185359956,12.135492118389607,202.78016187501908,118.77124001631546,120.25881322997475,308.7112726787491,132.62919309085464,68.97657673827553
2023-10-03,662.1088432966462,222.8958702386626,773.948367446701,1011.6465241315382,105.73065161705017,271.2970153690185,136.58834227167517,67.43265734244915,260.3323731271212,425.27217052886954,95.62750076129532,1364.6303198926398,183.50142219658665,229.2397200911637,450.3342568874359,187.73064049342338,23.260743579823497,33.20725471529386,11.199616760488027,197.12892661242677,120.37630394475173,118.34000812102886,294.79271572836296,130.47945480050657,70.17382537200547
2023-10-04,658.5650321565554,222.3675125333175,776.7589392341688,1001.0846017966687,104.2519108403626,275.47253176346567,140.75181871941368,69.1618584331436,259.3373946455613,418.10420259715283,95.47939213624568,1324.8842619384377,181.71632868392953,227.30205897297674,458.7553864465408,186.33756394796,23.262822570779804,32.89691899631498,11.278944616275794,193.30857327120975,118.19393695661165,114.74758872219081,293.48753593514266,127.59306307248698,70.02344175687404
2023-10-05,655.0356985175167,224.29512278411858,776.8518702672736,1018.526953987428,102.87043733441169,267.6666681351926,140.52696958831802,67.79740854968259,259.7595930721436,415.2395698505861,92.0666921605225,1336.14131604071,181.15843188244617,227.03520584106445,461.8992118835449,186.95174223962385,23.251536822189337,33.19411106213374,11.351760665359507,187.9694946278687,119.15434115606695,116.88398939630133,292.7188347526244,128.4706101106567,66.54480171203613
2023-10-06,673.9444457649079,231.87887539568328,790.4712518097076,1055.3189912346497,106.26802443413544,274.16679740168,142.2127745695343,68.28719397803115,265.4743015096283,420.06019852456666,97.10563685184479,1361.6717039825744,186.77173767799377,229.99941319119262,474.4863494090805,192.72337546053313,24.589654780789374,34.14359698901558,11.668339055357933,193.34986286203002,126.0023999862442,122.7524937903595,296.56374814431,131.32755036728668,67.89563748501587
2023-10-09,664.4993689724579,228.91357218828125,815.0983710445435,1046.1264410175354,104.00178669661636,261.8840116145111,127.57449055500183,65.31437758735046,260.78761199458313,420.3144438110321,99.92943138079681,1353.1979206624237,184.90077535832825,230.1666045931488,477.3274929191284,191.47920295254517,23.729323573166084,33.83190854040413,11.982133574539375,203.69627636866608,121.46594637827911,126.32144321280975,287.1013223714508,129.84560618732758,78.00134188962784
2023-10-10,682.4277703846892,236.97475456979373,833.1302466477355,1054.0561720558471,112.18527134294891,272.83018534095754,132.61818329245762,69.12742098207855,268.05470338679515,428.85618003775016,103.1039804614029,1383.0964262570342,187.81051278220366,234.1564177679138,490.2331897467193,192.82087604593653,24.503832101291664,35.38572414724922,12.212771654394146,203.46791291342925,127.92096026667787,133.55761893837735,293.57625246047974,127.21637606620789,71.00630720597837
2023-10-11,686.372885838864,237.235745621756,850.5769277967192,1048.7164431242854,114.55186438303372,276.9574697847929,133.00527577554476,70.13858572424624,269.4510064540191,430.05820512771606,103.2921619298645,1424.6655211242978,195.32461394955135,231.7622715908874,503.793641593129,191.18042624510963,24.63060703937913,33.77911854502031,12.27620735650845,203.30024242401123,129.40841757736962,131.28504832407998,290.7975283291762,136.91489582216036,68.57473919700169
2023-10-12,660.8428437815928,217.62224384252931,838.4282182686002,1001.8598956138012,109.24120779468149,269.62324429182445,127.4611001913454,65.99826272900782,265.08783394004786,420.7780550531079,98.05903474541856,1378.065656044717,184.38851984445955,226.6930943758698,489.9042021622845,188.06377336429614,23.92828083116342,33.468316631635616,11.651352723309515,195.3360965314332,124.80240853575515,129.0250461101532,281.90017053531665,138.4086917932127,71.8630375521966
2023-10-13,657.3556570436704,211.63378638359063,825.4109091758728,979.383297275177,106.87310799426268,268.3563370141601,126.27612862850947,66.2675888258591,258.49836203656014,420.4510298060304,95.91979085704043,1398.817165022323,197.31623282133478,224.85601270893858,487.9704030679168,188.94476911590573,24.019065744718546,33.172910578048686,11.813938056718825,201.85403627487176,122.4424683766174,128.46679802503968,276.64957585070806,146.07034822073365,67.98881947281643
2023-10-16,659.5832384322421,216.23628081615607,830.3661078387086,977.2096680560207,106.55347992058068,262.23735137480617,120.08780992443462,66.65460391539455,262.9414504594024,415.80893303613266,96.53964533970793,1360.78654282348,195.8174521282035,224.21606049372713,491.4603254285248,187.83767245063245,24.408725987627804,33.48376800644701,12.282596950799984,197.69504471320033,122.66950159402768,123.76476020483096,279.135699561557,146.9217652633506,70.64448629329036
2023-10-17,655.9664632312779,208.33637506771083,811.2219606327053,936.2238304054263,105.06719825773234,261.1045157508852,120.23315265474321,66.68327388868329,259.15014072227495,413.5457679824831,96.1552528986931,1341.0921684894565,194.96845702915198,222.72057647113797,484.6068452156069,187.69817953701022,23.68702512309551,31.89539987049102,13.602450273680688,200.12800591182713,122.34387380886074,121.87482797698976,272.7525742214202,142.74755387897494,71.99917635221482
2023-10-18,649.4951441349331,202.4928725763475,814.118419349441,897.5254243075105,100.69873768909838,256.2458188533783,107.9753389023399,61.89021032153323,257.73242507267787,415.70505738565043,94.20456944182206,1310.8831380242627,192.2430440008393,218.61094093476095,484.48063005194126,185.04468757656105,22.06452494840528,29.607149863013092,13.144823274291525,200.22383339108274,120.10300510379784,116.34733731373217,269.1559254826352,131.60472045538336,67.2889813706588
2023-10-19,638.891227841661,196.2627468107712,804.3876138925552,844.3917131426788,99.50137813391075,253.4897498493392,106.70368145411567,60.201856903758426,258.73489075863654,408.02609807203226,91.6727882176815,1242.1623476735185,184.05015072237165,212.15478971618268,476.6045624618728,183.11071336241002,21.606908094133473,29.43549801036272,12.91717317513013,195.4015971417939,119.77742721149252,111.47911861528246,268.12920463085175,135.2780391279075,67.79558747999727
2023-10-20,625.4249922262388,190.7413099815003,787.2186954423887,832.9089575474427,97.87423764007872,249.49714800152287,104.99378517713012,59.30349322710572,251.0618899553192,402.7630389067017,90.05055771606749,1292.5502127730433,187.0641857893097,214.52530411328735,471.61141626900644,184.71708778110042,21.35864634177551,29.729983338180546,12.830834963459779,196.13965330736391,117.27696027023012,108.8273865491974,266.63102613588853,132.2984263212311,66.89246484254454
2023-10-24,648.3641434743367,197.55272209644318,829.3302392959595,871.813856772078,106.16991598259119,272.1141953806364,120.01816978628085,63.29511096651004,271.1753393155868,419.3594298189237,95.37297423600876,1353.216639213606,195.44027356580955,215.86057951623843,491.33904146280656,186.12987879363573,22.298029272664053,29.824593417460505,12.752908359413766,219.9289955923814,122.91300085826379,119.47050126119393,291.0479767409288,138.71721474603874,66.34641556219322
2023-10-25,633.942265125137,196.52758820030613,820.7686826824502,844.786979483506,102.019094626482,265.2183645417026,110.39029097892944,59.45898095860002,270.2254319101412,413.0834458743666,93.64789827403456,1302.4646079163504,188.23461421853244,213.73938974043267,505.3230803371116,185.80931782722473,22.453588248418782,30.011138391830627,12.517680545414692,210.53173534224698,118.7614947924958,114.69324509452053,285.8725323587496,137.30330046764357,64.93546835394864
2023-10-26,645.3849767075117,202.74364576888274,821.9252548580625,849.77119937323,103.64017355442047,270.24663526294717,114.04329981255341,59.681097062709796,273.5318487329787,407.52097238060014,93.54992299354171,1297.2621446467965,179.66903512309273,210.87841389749155,512.0215596971284,183.97108901454158,22.52707258093642,29.4729179086836,13.29723018750667,203.0565140065919,114.98192690431597,115.99877478527833,288.54988220117957,132.9722981452942,65.70395609973912
2023-10-27,647.6855453276366,200.59326312240592,835.0623278712155,837.2520303914789,104.01132465751652,273.6358174552006,114.95988200752254,58.183778218482985,276.21653402087395,410.6492033730465,94.1576185676422,1332.9871967074578,183.77940559387207,209.82133778988646,504.3375946448359,184.17041963928204,23.304792858512883,29.717520531635273,13.138271989706027,203.40861198129278,116.2111448523101,117.93163499295042,292.8739948809816,144.44278702670272,64.2836920449372
2023-10-30,650.2853183404877,202.89152789123455,843.5563038926011,830.4160640407426,108.56339137896384,274.6935272215287,116.61960630755311,58.81820564610348,275.31926713681787,415.48178577408,94.48456403186265,1459.5831674678848,198.58965548438573,210.08737281399226,510.35743725299835,185.68406810076067,23.934003506379895,30.973417179930493,13.296669236258026,210.24379287435386,118.80964379645275,115.75923630172156,298.0800344093368,158.2303558927979,69.53375927044408
2023-10-31,645.5205990771028,198.8021988827286,836.1892477076108,821.17351770401,105.03200565111547,264.4178834407885,113.24373486143486,57.0911127225304,265.90380573272705,411.05601160221886,92.51888239797972,1456.8400178618467,197.0816502156831,209.2037295103073,512.177637335426,184.33390058744044,23.618514360033032,29.875074122000683,13.373397586658484,197.94191709080496,115.74636398710254,115.66815519540023,294.5275671564941,152.34723570448296,74.06203268508534
2023-11-01,645.3540562265225,198.19128915696183,847.77046752549,821.3241187288222,103.28168128502466,273.77471619214157,121.27773356437683,58.291554317594546,262.3511134431901,348.65393381795184,90.44971941253925,1418.558288085922,193.65315520763397,204.84200656299436,517.5038208984406,183.87269282341003,22.84716072649917,30.014282696078,12.831966536173297,199.36494165830845,114.07931265263596,114.78350713820419,279.64299362267593,152.57521319389343,77.61775007815322
2023-11-02,652.4488805219735,201.8907147641885,858.5635700242092,837.3654428062509,108.41554805184524,276.3579802356762,129.37902658395979,60.93485830508462,258.8362619367126,358.09983985671715,92.14539384821592,1424.0296783981394,199.3093927243699,209.32180104954296,519.5498327173191,187.18500448999475,23.701234894117647,31.601646525490196,13.375944869887917,201.42138755321503,115.06441237248191,118.42795637701829,278.39173645644223,152.92380477642837,82.91521494758217
2023-11-03,667.5097915737424,210.7925759713471,881.9799164728029,858.0369040357182,114.94219714852443,284.49955601472175,134.11226992827142,64.39579693244013,262.7473996573244,355.07673099848034,94.98967683489536,1437.9902964635985,201.2466518844085,210.47958800334163,519.4698853991576,192.24845674147946,25.116709855061345,34.42788923497392,13.145193376208681,208.44521098356927,120.41936719591831,124.72284728737941,287.70760806633916,154.1430521579896,84.42657170011444
2023-11-06,667.8668917917603,212.1118991875046,872.858813085797,848.1346247850342,113.76270515159149,308.4267978360076,136.37441476699678,62.358235114759054,266.02008152008057,351.8506879614579,96.5496425455658,1534.6229007936126,218.52767523643342,210.70355519172517,512.714576978804,191.0650120887085,24.02004801493797,35.052057949526215,13.692210078239441,211.32948419836885,120.1002456709366,125.18592071533203,282.2160076248947,154.0569278588364,81.13612396822509
2023-11-07,667.9830945131835,209.756534631073,874.53303151828,844.7354217518005,112.62095648921968,312.05392047256464,133.9720098091202,61.70689966685677,262.00014877319336,348.0300483703613,94.94572824051284,1546.1918988925172,221.40967378644564,204.90758500740048,526.9722180517274,188.32727052147675,23.853744515376093,33.16061405466462,13.373739235721587,209.44370638947294,119.65977093141555,122.78812793333054,279.5971736907959,154.38456348703767,80.78989602501679
2023-11-08,663.1105638723748,206.83106473041516,876.7447590453485,839.9921343576207,113.77663306135173,307.78338749371324,125.89716918743125,61.93202272946928,262.19452354982786,341.4080905140381,94.30558243815221,1565.5821423012603,234.66919171498103,209.25516748116297,531.9741654165118,188.06377336429614,23.459099292755127,33.15552521064001,13.449883818236344,209.88074286570736,118.54664723286442,120.65796974878685,277.28654648121665,152.48414540290833,77.5714222579727
2023-11-09,646.5068540168795,201.2274968624115,882.8221579101228,821.7896818240115,110.96817153651045,294.2219636473237,124.17495123222125,58.37550910069922,263.1195903261687,337.12443075048213,88.85268412803725,1481.2688405579684,220.06082644429625,207.0884919166565,528.4273355543337,185.12930128689732,22.584368428814514,32.19639860366897,13.441215547981074,201.2274968624115,115.34438445617525,117.45433880033033,270.4653898729157,141.36720190081178,74.55185679189071
2023-11-10,646.1864650249481,201.15726268209073,889.2774968246158,827.2748722942197,110.57402110154726,288.61693239541637,119.16381394780728,56.53643333994296,264.7997937207947,346.40280341882317,87.85012364387512,1554.830059764572,219.9767102000351,209.82514631446065,529.9900562664334,188.35067164595785,22.567721470812785,31.547955215114598,13.587485864724158,201.31344425431053,115.49362891926194,119.94469946746449,271.8278155277403,148.52527928187556,72.70086115447612
2023-11-13,642.5476929254946,201.1378879547119,899.3011451566708,837.4366129505797,112.09043762633519,308.2291601765319,122.32307940503233,56.39671878961599,275.031644688861,347.5975151062012,86.62598866442568,1553.2532134929206,211.21431745408336,212.54220377089223,542.9551464624819,187.62454993187566,22.652423077695858,31.869614272218314,13.122782183060735,202.70012993711862,117.40203503882367,120.91706460059504,276.28143231532886,144.66305930077215,71.39418893053517
2023-11-14,654.9072991597823,208.56769748567967,892.3667926263734,855.3540455496368,115.48919294610596,311.17269604801186,132.74619913101196,59.18918701678467,276.11209895849606,354.5885224872818,90.65784272566225,1574.05759199382,221.29572374284362,213.33094822048952,542.6976964473724,190.45174798726657,25.14369205880928,25.768379458971026,13.58696398552513,206.1470356717682,123.45396846846006,123.53204880833437,281.1876710528031,148.67575017572017,73.94744360104369
2023-11-15,679.6091913912751,223.1540938747894,898.2362152731075,880.7522560764046,118.64085925954441,316.3496014015109,135.73450631579908,61.97423954803389,279.3524022894926,357.79586018452756,95.30295488568572,1534.0574983506667,216.05125406046136,215.89514409174808,528.9664957001442,189.74731983091442,26.147820538967153,31.190058267104405,14.049575242742549,211.2119492426118,132.30017632890304,128.24140646715387,288.094352112912,146.03752605141926,75.78965542050628
2023-11-16,617.6172949376341,219.22251878302995,877.1242776953586,853.2346632335539,109.61125939151498,303.46079394920525,126.70873893032694,57.772317105013826,276.0579921307799,357.87607983506314,91.34271491869549,1476.8633756927738,206.10663917271813,212.58650649319316,538.6097273370397,187.68196462134074,24.43612929997289,28.730017305846104,13.350089618952552,207.74613156940904,128.34823132701786,120.93150908117605,280.74222208520223,137.17021362470405,72.99610540659705
2023-11-17,605.4631285822143,215.42316595889133,913.9684524121185,843.435110346054,109.15501542323454,318.33628440676875,131.0016325142533,57.659439785642235,276.59367000283055,358.05029829167324,91.2876111884384,1458.105085704883,215.11106441330412,209.259294369931,532.9012157607576,175.94321335135646,23.71917427816925,28.369380530354533,13.810177153542327,207.93289256482694,129.2070783907684,131.62582072360692,282.05532799604043,145.27995082481084,73.42020695364226
2023-11-20,611.6294450534697,222.55952578893266,923.524623344565,867.5534322487001,113.5794153933166,329.746690810829,142.1106886751113,60.80435691746334,285.85841055180936,360.69455815487527,95.33810757464744,1464.6054609228158,220.37681485348367,216.9468214095741,556.203931691467,172.04514176889643,25.491056551066777,28.34418350753117,14.031773958424083,215.62159768365018,134.9388923116294,132.21048877371504,295.7586104532056,144.52728273736284,74.99203747229421
2023-11-21,615.1234082586889,218.8075085226219,907.645989903318,883.8015414321926,110.33882819484097,317.92543465248855,135.58584669407264,58.520101266050006,255.43126359545568,357.74404238532406,92.65033328077743,1441.0281715967285,213.66459817255327,212.41783292784658,560.7331964296354,172.05376725827864,25.40286601264677,28.239260288442665,13.87027635214929,194.729330582476,134.41700613498688,128.80656253380675,285.82120730737006,141.50798903773648,75.89690486893687
2023-11-22,615.5405639230958,220.69343006559757,910.2142653485716,936.4074858964232,109.21635690779112,317.2029507487641,135.79935150494384,58.23312989708711,272.30030819377134,352.20520755252073,93.6251570329132,1424.9576602258458,214.30104049592592,211.80645089497375,560.1138436098481,173.21822525708012,22.841108337108608,28.28243673658676,14.187992295034405,186.23687774736027,135.01978853741457,125.27528861561586,287.5017340193481,142.1917410746155,73.90228383837893
2023-11-24,612.0885338132939,224.2791037288589,900.0018072561943,962.3102059147641,110.26796169985573,321.83583587950125,144.11257653886423,57.70741918547628,275.7478853139037,348.35003731466713,95.45118763771825,1440.4629170460976,221.23777157068616,212.269714913582,587.991816022186,174.0580489201966,24.096745680001277,28.229844345287347,14.660803566940785,196.20522151210025,140.05745707858296,125.16270567070023,286.74348682707205,150.11727094650269,78.52887649969489
2023-11-27,604.0904826751939,220.81677596728514,890.591320784988,966.1707859039307,106.66836817422109,309.4083953523332,137.9909978532487,56.02232262849998,276.76118352891535,346.4189698123628,93.34456107138067,1425.5694635139153,219.02468856018822,209.90839909873193,583.2866582457427,173.91073908486942,22.128427008387575,26.709947002251056,15.037980371910578,193.62374514739986,135.0301584355011,122.32968672910692,286.73454987205514,148.82147080104824,76.51449050584415
2023-11-28,597.7040608819334,219.32951175099333,889.5462880686355,931.7609740958906,103.90112699145357,313.8842046919326,139.2617722758796,56.156455847308735,275.7196410769502,344.64953649044037,91.04978388593327,1439.6614477457333,218.1612112086159,205.38776421456078,599.261834553763,174.233003853843,21.574671401239584,26.26346282067186,14.876397812267157,195.028806988852,128.51338648796082,122.98341622681846,286.0007096190675,150.7890448997132,77.26380628880997
2023-11-29,582.0160390420351,213.88135548107675,885.6122348482022,919.9859925298952,92.4428845920338,298.0620711882948,133.75378848350374,55.964579655636044,268.67676534364,335.16392517089844,88.2338495500153,1427.408633792773,211.23122092991252,205.0735509825463,610.6998378074495,173.89551143176504,21.123122092991252,26.220731901481486,15.900799873561482,202.1116437666351,130.32419997020043,121.59435722141643,273.97703444596846,146.38090104298317,75.9964714050293
2023-11-30,584.3709893075866,214.06646638613893,885.6092983536073,926.0345389249269,88.42045281951141,288.3615023072052,129.62610637152102,56.735807117383956,274.5482416699524,336.98104196292115,78.89944869091414,1458.8984798989259,212.97389714425663,213.129967832283,635.0976395456237,174.1875104357605,23.256218257982255,26.502723009878537,17.32510230457592,197.67785333220672,129.0017789639969,121.11963614079286,285.47399362933356,150.46305406470492,75.85585443987657
2023-12-01,577.8811073255711,212.12665549312442,854.2861975540654,912.0040128496985,89.89609230467067,283.5124254720613,122.93348776391758,55.843358450914366,266.6422654547059,341.542658310962,77.47777800066069,1464.345656373116,214.78214502334595,207.9872124261583,637.5514875759618,173.93448974506828,21.94682964456979,28.55430910884138,17.80739216393681,189.32069622567906,126.13569309796912,119.26267101185294,281.9503675494998,144.9584180700822,92.16106735425183
2023-12-04,570.6622702674649,207.77639472985538,814.0708816151673,888.4608992528374,90.09634306150201,279.8222240660434,125.18156899524547,57.1990686860413,263.3345099938051,328.7383532423919,75.17145099860227,1415.5988045941049,210.90202384435725,206.76055595253274,635.3628451022669,171.36278201151435,21.33243919971619,27.59933190856691,18.441228542758154,162.22030753648687,110.2566694802581,116.19537224989926,282.6352679128322,140.02831846726076,95.95690324025873
2023-12-05,565.6880271446935,204.14164554373383,802.8894049841547,887.4534352871851,89.17519409133456,278.545478132306,126.53343201322241,58.06938524551833,257.44354164661127,319.42069553051624,72.76258593447983,1439.22976925908,209.45619330175032,203.82901719547044,594.5273512735657,167.1741781502351,21.023775671893873,25.259793268425483,18.288339115717235,161.78147330515276,114.34120220934255,114.4193592964084,273.2309154673494,139.35089615321886,105.11887463273433
2023-12-06,558.9874353696978,207.98806040538784,801.9268669730227,886.5295255384372,91.7962310728226,281.0184397797548,130.57897434738152,60.59802424907684,256.1536997016756,316.7517239507524,74.43783465687557,1422.841618913124,215.02524733543396,204.313073906128,610.3589193469088,167.48512052109527,21.580715658005715,25.896859162450596,17.82754755537701,165.21757439059456,117.9120259422989,115.17533799346165,272.96477642435457,140.97837662196343,106.65252536285016
2023-12-07,564.9530109183106,210.3440394205536,818.2562855302094,904.3309450933593,93.72924041748047,277.2823362350464,124.97232055664062,58.50266577283401,257.91163012425386,312.0402688490067,75.29582581699106,1400.939718207257,214.79617595672607,206.75107745766218,623.2213482268708,166.05697272737962,22.260693854258534,26.994021940433868,17.183694448984625,164.02617073059082,119.03613354245681,115.52128851658745,272.90829428910365,147.46733170177686,104.5862134474537
2023-12-08,563.5216104608917,206.6141828767777,816.6142247286225,886.2146593839643,93.19119824855807,272.38699918376915,118.34422311820981,57.64887142885209,256.99836430397045,311.75696670070647,74.75605330974577,1367.0125126838684,213.1758441296006,206.6141828767777,627.9664860588455,166.46306237274166,22.887695733838086,27.090281744783397,17.8883348679924,152.7148204572677,118.73479961175917,115.37585964633945,270.04355512172697,146.85619540290827,104.12729537017822
2023-12-11,557.3611932909444,199.92218315485388,820.1494801146509,886.8422770574398,95.43160527863392,275.5177450217161,124.09232467308584,59.97665271215169,260.7578700799422,311.75363541206025,74.73653137776637,1363.0631244386677,207.80973970704508,207.4973541507461,616.869241601762,164.15485620359505,22.25696072011374,27.739202856878364,17.25890725839463,151.81590974168557,118.31331849214166,114.64287757780767,268.87971579935765,144.47501301765442,113.78383219334864
2023-12-12,557.2846151962585,196.56011907385255,832.6873426361999,883.2715450190735,95.86013425279998,270.0945090390014,121.2302843420639,56.751074050785064,264.47406526846316,314.7459827251587,75.17370715784455,1401.8374152258912,208.8158507347107,209.1281058825989,646.0411309489136,164.08632815072633,22.091545482162473,26.85332854115677,16.78333080350876,150.7377183614044,119.74710961245728,112.17509350133514,273.5292561091919,150.5035418896332,110.84803890110015
2023-12-13,558.0668783882902,197.50226764881154,835.0698606338883,877.4754491978456,95.35399795282365,269.9744201335525,120.11011423791888,58.02458527497288,261.4620637049102,310.42763364315033,76.68928975196832,1431.7156891624836,233.6602471015549,214.6050624002837,631.0856935049815,159.31380145664207,22.335169802622772,29.145055690308595,17.024710995354667,148.6147945001985,122.92153163501735,113.47203607400888,272.08298876716617,151.7385916080857,105.5844465146638
2023-12-14,566.4046260953291,204.97113255049135,815.8226284572447,881.985195456291,93.81491502736662,276.9141337147903,122.2484060291672,61.39760454520797,261.5256663041382,313.70582026498414,77.95776779225162,1465.2624144247893,235.9823849354325,217.78182367893987,620.6157011304094,158.64952854215244,23.04363018567085,29.777056841691206,16.71639668393516,144.35466725399783,122.48275339093016,114.9056933664856,268.555938166397,152.47853033969113,102.64179784975431
2023-12-15,581.6921374964295,213.98712847795105,803.2519387470093,890.9234522284241,93.37052458980179,275.7397064798279,112.9658454379387,62.29906234372902,263.5609317205963,312.51019844738767,77.99092945703887,1429.209244648926,234.12892994532012,214.53360909718322,562.2529135510558,154.81082688851166,23.186493295866967,27.71449471440792,15.848006826203346,149.42406170233153,125.0665419648285,115.77632676644134,267.9328064554138,150.82930608920287,102.11425172371673
2023-12-18,576.1218016807252,207.8532666077881,802.9347191389388,875.8862120124359,89.02424153960419,267.6969229033584,111.72893328024293,65.14920777885436,260.518791448143,312.71619733850093,77.6328832765007,1423.607706068222,233.99097450489808,213.47093211505126,593.833055962059,157.6064654749298,22.938762376916884,24.65526859493923,16.0727375048275,149.80416549858091,118.75100772346877,112.43114146865082,268.0870319494934,140.67547393098448,121.40379090596389
2023-12-19,587.6726002322539,215.14476882747658,804.6102534081729,893.4744077204596,91.90423120326614,274.9331880489808,115.28953183955764,68.75278149182122,266.9042443460239,322.17150603923074,79.74387160144033,1450.8240134135121,238.37416389121245,214.05344468756084,587.7505678865055,155.43430239225017,22.605791358480474,23.385300636291504,15.824053207537645,154.73274218372353,124.7995561798325,113.57460771137994,270.10023424354586,139.29844733208483,128.7750590721589
2023-12-20,572.1006572204969,206.1434336670609,796.0271696501004,867.5495480152058,85.79560136795044,258.8687174163588,109.03840616816706,61.77283357998658,262.76851747853834,315.3378354080887,78.22998716460415,1366.8799217939377,224.94046877664186,215.73693824964903,563.5991216479342,155.36803507229615,21.682888122570034,21.760884049430842,15.911183956161494,147.33444158864586,123.62366494640355,109.19440174102783,260.42864339185326,131.2672694979019,116.29203666407011
2023-12-21,595.351157996527,218.43593838949892,815.1142780669616,918.1648058475403,90.3253674715088,259.0316161901428,110.62320637183075,64.71886885426102,270.81996164142765,324.2188850280945,81.97202968597412,1382.5168035141542,202.9783592224121,221.87096094565277,571.0718187246093,156.21526978840484,22.874100233535955,22.48375760729141,16.082131091679003,153.0144583918991,123.8948668319481,115.93187353395842,268.3998541104156,132.5604787184784,116.32221057630159
2023-12-22,587.903653873218,215.46575668290097,684.429818040735,896.0688773027287,85.90515804290771,259.27739205136095,107.85002441998131,65.75649429775694,268.64886979608127,324.79959419205625,81.4537113276092,1375.3415850335296,197.58185754046644,218.4333828612489,544.1701307859985,154.94166806176145,22.02295817692834,21.866767129442223,16.009597262880334,153.37975013912364,123.46914406414635,117.1433973312378,267.4774239063263,131.5910859812011,116.05005627494666
2023-12-27,594.1755442870635,216.6386969089508,684.1098527969516,893.0198344933015,86.8116138679352,278.9369564463959,106.56281550148015,71.04188196441646,267.30484128948956,325.62161620661936,81.81525925897222,1396.8706468904275,203.36713114219674,218.51232709538272,559.9036975409545,156.6824713819733,20.453814814743055,21.78097139141846,17.487231824939727,155.6675939481811,127.01663776136775,118.03881342237855,257.858590791031,136.6970678364105,142.23988860998543
2023-12-28,603.2366444071049,222.66024528443904,697.424076596908,920.1623928745576,92.46921490629575,287.63862419129146,111.44727382064048,73.64735756317896,275.45516976714316,330.20255430538964,84.81550922244651,1401.7207839886178,213.13217288256055,215.94372668365486,551.6913175980226,162.99261552592452,21.321026622007366,23.50779834451771,17.96276918364049,158.07237030565648,127.45756246646124,122.84972038864908,260.0696576138307,137.68852704266374,140.57819652557373
2023-12-29,605.4926349243469,225.68289732022095,727.7473168919678,930.3072337557678,95.06960663313293,292.39567649819946,113.97416323651123,70.85302364370727,281.30290499804687,331.45467651345825,85.53920854343414,1408.9362533183594,213.4964934874115,219.19910391368103,572.4486946877441,166.2351094288788,21.404332082860947,23.982225487874985,17.96713963452339,159.36071708229065,129.75400281863404,123.58267366430664,261.226581374176,141.47170282321167,142.91688165182495
2024-01-02,583.8501951347716,212.42275681278988,722.1592658389709,900.7661509427126,90.6701494298195,270.13613913492736,109.64762551080094,65.75733744122772,278.492472906546,331.44195788773504,82.23571727113267,1382.3098125457764,203.51973433169405,216.0151932434601,555.9697114684386,161.65996708653256,20.617503108084293,22.804207672856137,17.80602448054333,154.94365475611266,122.14308442256697,118.0039592824196,255.9225603948944,136.74714765006865,156.6617745843796
2024-01-03,598.5454571825685,214.6761206943993,751.8744045044587,919.7391263258178,94.32620225832216,279.30560996463464,111.2064497841202,66.42690467834473,284.2289943764481,335.6512478370132,82.44751259134864,1417.8626857961062,205.92340748402785,211.00310897827148,570.6461596025911,164.58242082942888,20.162518706136325,22.116251196675876,17.73989086504116,155.67340544242325,121.83475930251007,120.81881751308174,261.8001537322998,134.6512396705948,145.20139810066757
2024-01-04,582.9079700477596,212.05169570045473,748.5050354724881,923.7833840766907,91.26967038602834,274.1213257472991,107.66542312402726,64.56802762756342,300.1983765563964,328.7738249462127,81.3541494031906,1371.777706066132,207.60142314834593,213.22281770496375,601.8021054748533,159.97567086811068,19.596824638295175,22.173299004864703,17.098425196123117,170.90616772956855,120.70394852857589,118.83015034303662,261.39509259452825,134.52321945419317,159.81951729640969
2024-01-05,570.1424187110752,208.3467944134827,712.1118618405308,922.6451947637179,86.83719278612898,266.7588599687042,102.22112216897585,62.941350494388644,298.69808077812195,319.6264715661164,78.94999984619517,1291.4690211130073,207.1754323697587,211.23615312835682,599.1141731220705,155.79155397155773,18.741841107282653,22.334025612830146,17.49238441285229,166.95855467604815,118.93259172595208,119.04973090925978,262.9323877873685,128.537781337036,157.35336506496424
2024-01-08,569.2831640468867,202.7797883426756,703.8708588497102,920.9452310542911,86.86099008813017,265.58216667175293,99.20274900222012,61.94313341520001,295.7335585967958,315.57411584661895,77.56561753234564,1339.9400908173266,209.3412312994078,211.29404134846482,589.9829624858976,153.49086687612908,18.668864888416692,21.09034890228463,17.887739751387016,164.5828285507232,117.71538737335504,117.09048875360713,252.45928075828851,125.21418570908827,171.8472843170166
2024-01-09,562.1881105545799,197.647923509674,698.1686798699957,907.057203217315,84.69510550251016,257.5980076789856,98.35560590972909,59.013361312522875,292.10051441429096,305.68296792129513,75.09372134521482,1416.5548717562488,207.32736201156604,207.56154737850193,582.3276054481503,152.2170045375824,17.71962037933349,20.451719716339085,17.251260812034616,171.81006690830236,116.3874622784042,117.090003490448,243.85944548278803,125.36435956825244,183.20682010143264
2024-01-10,558.1277503278252,197.58394045580917,695.2953593605162,904.9938300973772,84.25453985363993,252.52916194894897,96.91616771094505,57.91522661635281,290.90483802247036,300.0493333653212,74.64108456436543,1368.1593528610465,203.91475065758823,200.7102655611634,585.6394112549424,149.51663419444867,17.74191174381599,20.164815563902266,17.976386126717557,171.63540481263408,116.37756571645286,114.42361066216972,253.23258696109042,125.75654848626255,169.52514468370373
2024-01-11,566.0043431174163,198.54725713755033,707.0753469236297,917.4306698204346,85.23690740779875,258.2131027637024,95.79377543926239,57.867261011114124,293.63724038036344,298.01639513944247,71.39568822230149,1369.2645440076449,197.13967274465176,203.08279856173704,601.5066964395446,148.34349831072996,17.516576154898644,20.018943644338606,17.751172932245254,170.23922736029817,118.0022927343216,119.0188806338997,259.620687156601,129.88854436849215,159.83876090921785
2024-01-12,561.6307266041258,193.09966707633976,711.8888530124968,853.0001676830216,83.25956749713896,247.43336844242094,92.0155101085129,56.053626919197086,291.13488679821785,293.0111421083984,70.59473231889342,1369.7567983744739,192.4742436691895,203.02826180094144,607.443039639511,149.1636242624054,17.51187217538643,19.857211816108702,17.51187217538643,175.82232122299956,117.26700067520142,119.14327089665221,258.14376106504824,128.75916137331387,157.2159636768265
2024-01-16,543.3661275674713,184.4597382013153,700.5246044232408,817.4742453098297,78.54010901173706,237.0284115713348,83.07728604438171,51.23881782488252,285.92041188890835,282.6348837913956,67.35361695177153,1355.2862488031387,190.32677823942413,192.98650425035248,594.917883737282,140.73073192362517,16.349484234767147,17.75757436613617,15.410758723908998,176.2458881162247,111.86489821867372,112.88185272051851,253.1432256188782,125.00706283101499,165.13762504724582
2024-01-17,539.466871327797,175.4656498299637,691.6101652381367,799.8478508528133,76.77600769860464,228.1366462178039,79.0456344418717,49.305692401180295,281.0424369838638,273.37266642514805,64.72350577509314,1313.253188079987,183.29194997415925,193.1530899471436,587.2072902654036,141.18646176647962,15.41781150797749,16.82654605639459,15.41781150797749,164.3523030281067,108.4725173116035,113.24656517635731,242.06746584836583,117.62928907741161,173.4308100011749
2024-01-18,532.3204830236136,172.25123812179118,699.6435439544439,810.7228811393798,75.87815359640308,226.14819093074948,77.20797752981298,49.12524019331727,285.44268108614233,278.9499998840347,64.37909089107961,1293.4488048447965,184.29786529484318,193.37195275097565,579.4900894729435,138.84920132160187,15.879654913258832,17.287703674220666,15.097405705225981,162.55135204524322,108.10681238823236,113.42610812187195,245.7826431615822,119.52764840097689,173.34638197746426
2024-01-19,542.9553288870666,174.3370080265595,717.2141071050719,802.8574878827058,73.59852631434478,220.8737938336235,75.39743150298273,47.39713841507091,281.0978722165237,275.7011790275574,63.50903665680198,1249.6889091765624,183.3315115928017,197.64450837538607,562.7432337492064,135.934361989257,16.190111267574594,17.519734571660138,15.173341931608775,165.65534910470888,104.96198137827378,113.09614352498284,248.87408319204405,111.6100978987015,155.64406687877272
2024-01-22,536.4848059004471,169.3175182717041,710.5707653592071,779.5172321184509,71.99512284057846,214.57830279221344,73.01134153435669,46.74601891168709,273.20625274529266,269.2977227484207,65.42879125304489,1224.3078980509308,175.10214087789154,189.485532459169,539.2208246098053,131.95196613405915,16.18131366520481,16.963020782818603,14.383390649411297,158.92082907641907,101.69995230779114,108.42262121863632,243.6577606013916,103.18519042643356,162.36033964842682
2024-01-23,578.646884996997,181.52095219749754,766.4218279883789,837.9514162184205,78.56527382229615,221.62442791650392,75.98551920784303,48.546302902886964,281.81870722393796,281.11513642812497,67.6208533029785,1268.5360275479616,179.87929694765626,193.247112246936,562.7774912728637,136.648848197583,17.589240074157715,18.605508173077396,14.61861289890976,163.69719846512453,104.91004583873291,114.68184587993164,256.88108425441897,108.4278923625061,172.2182092938965
2024-01-24,588.214378137207,184.5992036140442,783.9208522245026,865.2696644376374,78.29822205760956,218.70311358535764,71.9623987537384,47.47954150482178,288.2406890485763,290.11798218395234,67.81674082828522,1256.9953804203033,179.90600061416626,193.20340662727358,595.723550678711,136.7285568861389,20.650080891056064,19.242120364074708,15.018239715585707,157.22220352058412,109.03867708999633,118.03398159648896,260.4725949214935,105.98810185375214,170.12850058078766
2024-01-25,577.3371263663103,187.07756121317288,809.1319406032562,849.0803919108657,75.36262980878064,216.86299369216158,70.75018566946028,47.218907153408054,290.8966064643937,278.62281999270635,66.60680680512996,1289.9204850196838,180.04163427709955,195.44249773025513,633.6246014992139,134.77714464545443,19.23154207487869,19.700603622098924,14.931806565647605,158.6211383151931,110.46410061180495,116.01466784556578,264.00372951268764,108.27514672477719,182.0742380428237
2024-01-26,578.6397937566908,186.54702653291315,799.5095911056669,841.728962528854,74.66572059505461,215.94421196955864,70.13104924597928,48.00497437994386,293.11182560480484,277.5531966686249,65.04908483325198,1265.7988970873266,177.79041207655337,197.02368360015862,624.924706885231,132.67824103903968,18.451422958351145,19.076896218399042,14.776775710796358,154.8043121769715,108.83212729022216,114.61774143128969,265.2783112019424,102.73377745115658,200.30741215724174
2024-01-29,574.8893756877806,183.29578542652598,775.7646808629943,841.9418158544431,73.5995899439331,217.28285992112433,69.69302999978026,47.97255507103273,289.78861784944456,282.2098820202882,64.53637206568601,1266.3504858028318,177.514078497461,195.48426318197016,595.3597116451419,131.65107309841915,18.282699868029795,18.82961960142211,14.923058725872806,137.97969603529054,109.3836784362793,110.47751790306393,262.364580155554,101.0236425401672,176.96716248965458
2024-01-30,565.0940033527222,177.7639467716217,762.3142950789188,822.714994212387,70.16791914880378,215.27018012901317,67.58936579177862,45.241900880287176,284.18789249281326,274.4206426701967,63.291781831283515,1211.4514775379648,174.24773087402355,194.40733391175854,598.3026527496186,128.77141808450324,17.268497984458918,18.20615307321168,14.14297729603959,134.00666458557134,106.11140147676088,109.39319801330566,249.26021249244695,99.00084479818725,179.63925694912723
2024-01-31,564.1528693545915,176.27334205760963,763.25186666214,823.2082416758349,70.90018681865695,216.3745599569702,65.11560867275239,43.931538612327586,285.7895275273131,270.3900281579208,63.31770227127072,1158.713863596764,168.61268572193148,196.9884037528991,599.2512419007107,127.88612333572382,17.27557010429382,18.526288897476206,14.305110174908634,132.57631135528572,108.73446758678438,112.17395172290799,248.34609079090114,97.71249890327454,173.69373268295294
2024-02-01,566.4560511352538,173.70484717502586,788.7857734756471,820.6811882568363,73.09362905216221,227.88012535381313,66.21422805681232,44.637925951671605,292.37451620864886,277.2867386020662,66.60510455360418,1172.077734901046,175.97192936534884,194.18670403556825,611.6411922538755,129.3014590499879,17.35485047771931,18.683826093602192,14.306025544917588,131.9593953710555,113.11922874345782,112.25929895944591,248.59649767494193,101.08027886543277,192.93590521011356
2024-02-02,561.8741608980563,170.3217796807021,772.8604805799405,803.8280687497099,69.91168920436485,221.62163039323423,64.04661433139427,43.32335276336289,289.34369373321533,275.58033115708895,66.00163928905113,1129.8479901179817,175.95224618911743,187.99520708779892,636.5561381455991,125.74720467986299,16.735014457903844,18.690039415560705,14.154380245965967,127.85863521389001,109.48139762878418,108.46478375586321,243.98712068183886,96.65643122173697,195.46340182942185
2024-02-05,583.7065889926344,175.11979970869288,787.3742919426222,810.369050884874,71.09598255769197,218.99752235412598,61.55394556659621,42.07881054740983,292.59633135183867,281.02075160773165,65.15176230363159,1109.1442182277387,173.00804922368934,188.18143824582057,620.2322925360568,129.75603318826143,16.346600104407685,18.22372179917602,13.218065189628987,125.61071757321315,107.07414246903454,107.77806427004316,247.4671954863952,94.48178761891631,218.05895498010705
2024-02-06,611.8837911529845,188.5787798174133,839.8052092229918,841.2912726370851,79.78031810348511,242.07852473953244,68.75186335290527,47.164249401809684,308.7967628532715,292.8406917733155,70.70726334298706,1201.2413362288207,169.02477991659543,210.32281815927126,631.7506025390321,139.3809089060669,18.771840650711056,19.94507952587128,13.531368080551147,130.77714596600345,116.22897272512819,116.85470012521364,255.6098890904541,105.66981725424193,220.25625368933106
2024-02-07,576.029002279065,180.30239235612498,831.8158949018834,823.6808283625942,76.1885170675896,236.7006774209358,65.94140012561184,45.83826803694933,308.58697403219594,315.9398593604783,69.93073168584715,1155.8126414718208,153.78503789753267,204.86420426888344,636.4948653726788,137.98412999512948,18.30401720619136,19.008019087368098,13.141345758225782,126.4072333797867,115.37789046764374,113.57878118006738,249.7638018876205,107.164547620348,225.35843815283897
2024-02-08,553.4358815970918,172.4111468980027,818.5815879458387,806.6965226863176,76.0798384779282,238.48254704475403,65.8368217807083,45.50716277831839,304.8667183462294,310.02732308917984,69.90274985274891,1117.1930323350825,153.29345002110676,198.448748978798,678.0723531422118,133.39384017115026,18.218502177688606,18.062120328763967,13.448852057049749,127.92047918722528,111.81313010580061,110.40568973704148,249.97661853337104,108.9200640364761,232.22727308776848
2024-02-09,563.2900018873443,175.0406881020126,833.9070306542817,826.6332192397385,77.27444518905259,240.1921167531509,66.40283546246337,46.380307833829875,309.6452693714218,315.27661494033055,68.90565654408647,1149.574644957138,146.101886942688,200.45991319871518,688.1961729100112,134.4481516885071,18.380054324026105,17.832563844071387,13.217997497823717,128.81680611959837,112.86136181623078,111.37531063355254,249.42125317513273,109.576415207016,229.00767024167635
2024-02-14,573.8628094345186,180.93998052178358,841.1285290792512,834.4038748964449,78.42817649896551,235.98828052730096,70.29604262671819,46.91615867614746,317.5442054122832,315.7457562424497,72.64185205195008,1140.6099728344707,151.61738134919142,208.77691207455428,713.2820086181455,140.12292784266356,19.15743183228301,18.92285126261595,13.136524019179546,131.83441065253282,115.17916597052317,119.71440150310355,261.71398136022617,105.7959357267182,256.00585230071374
2024-02-15,577.1328770143555,184.1946671694359,842.7140828899246,835.2868426117493,79.27563797428093,239.85961685351867,71.61388630781403,47.612291026971434,320.07341221992647,319.3697811279526,73.25568970377617,1141.9913833790633,155.50220291272126,210.22897283688508,711.4480090141296,141.74232754236527,19.467093947583294,19.076188820921516,13.525330430376243,132.90786981582642,116.33347753350563,118.99163612277107,282.7810239927567,106.87356414837723,253.93220886927338
2024-02-16,577.9784616364632,189.40112637479615,842.6864723938634,837.6816578308935,81.01551031569397,247.4257511474425,74.44669120179606,48.014984460063715,322.5762462615967,323.2800501739548,72.72628246689419,1159.1630449736258,161.40541881101672,212.47022146759264,703.1771023803158,144.51415474546957,19.55007553100586,20.097477123830686,13.919653554343313,140.4477354552946,116.28384836349142,118.94265982895013,288.87190530696535,114.09424199219211,269.79104232788086
2024-02-20,572.0206185480347,181.6795025691681,841.841667284607,825.4177892952575,79.77317813474656,248.86103444796754,70.38809967041016,46.61256408008194,324.0980837420502,320.73509437104804,72.81258194083784,1157.8842634457396,150.4741135053482,207.879520429924,708.1825155514525,147.42396729312895,18.457323093129162,20.021503458734514,12.982693678158284,141.32365995150758,115.90573507052613,118.95588874133682,281.3177812297363,112.69916727891541,203.03055588906864
2024-02-21,591.1043903790924,186.05945551211698,835.9770626636673,838.5579772765777,80.63358514423408,259.02853008325656,71.01386199410172,46.69083092155438,327.7743359409851,325.34984310774234,72.81267516727485,1179.3932483929748,155.71431644788208,212.33770289100266,689.8824619073166,148.51907867239152,18.770184690562246,20.334365194233897,13.530174409311485,145.39071766504821,115.8276800405506,120.44201066173173,287.262019873584,113.24677288624116,214.52756305474395
2024-02-22,595.3079071459506,187.38276925294485,851.1995283209835,864.8856659972225,80.39628094693944,273.6445601504747,71.48074460547832,45.75080234330653,349.3484256785887,326.5903350788649,72.10639601686671,1202.6595629401854,157.03865342554855,213.5037417826461,703.4674526919553,148.90518507749948,19.238799546075825,20.724723512711535,13.92075695550966,151.0949575590057,117.54436892530248,120.98545914629176,293.90004510464496,122.4713793837509,273.01889382238005
2024-02-23,594.1971102241514,186.95775248622886,849.9146618041996,871.1136302627565,78.38145587425242,272.22300199699384,67.50817787046435,42.24150198197367,370.3171620288849,329.7966084560394,72.04522740640641,1213.2698332443251,155.98065874156964,214.1018378293993,716.6192507423402,152.46052767047877,18.852226223015805,21.746550412487977,13.845825255918498,147.9234781345367,117.33750343322754,123.20437860488892,308.1282792411803,122.96970568685538,252.7449931377414
2024-02-26,598.6096508318187,185.42737923541245,840.9170759966546,865.2494738589012,79.25651107203748,323.4416725366882,72.13672704763712,44.20526061763189,359.1188487704312,328.60547161102295,72.21496077490701,1253.8645494118755,164.22449461675114,213.28060074591212,720.1154263791868,149.202529603328,18.464497107855436,22.376467007986662,13.92661262062245,143.80400696271226,119.0021246604515,120.33219502341535,294.25838066322467,122.3664211622413,261.5151818545801
2024-02-27,607.7854260098939,188.40722134977568,885.2322664475432,879.1293842577943,80.66771334424675,361.5572073781477,73.39118618860857,45.223994284943046,346.76943601250605,332.68584565699166,75.66020974248659,1405.934143338207,175.96671006888118,208.04601579368136,724.4445178604074,148.973159400226,19.169339815341004,23.863871177472106,15.257229725085267,146.86061636984414,122.05783780068214,123.38795582830971,294.1906668484189,125.1092788955566,273.6912183326476
2024-02-28,583.6294326056668,178.4768427355575,878.5348598715209,808.3490845673368,75.66291640850068,354.37161596443184,68.30788215087887,42.48703411253928,347.8772665676879,342.3218786716461,71.43768666166307,1396.5167415487667,162.74959577598565,205.8625930292892,718.2891315826419,149.76092683059687,18.07459474614143,23.62999010420799,16.118469725160594,140.9192483023453,120.26256539445876,121.27975130081177,293.8882338974763,119.01064657495499,266.26772830451955
2024-02-29,579.4920094207919,177.06483797880537,844.7761397653812,793.1909677690273,75.77310442437738,359.1394630500181,73.81615447511285,45.009848833084106,348.1022665305936,335.7343285181123,71.38953325334933,1296.6749886055768,164.22723615899667,203.44451493389897,732.1341054634249,150.21548228604115,18.47360669988825,24.422734471000695,15.420765824159616,143.48356968286134,122.5050638378907,120.9395053715134,286.18437133029147,118.27805224608619,293.15110837196335
2024-03-01,584.1544923646579,180.0529727935791,864.9588077968656,814.3091141548794,78.67532221381953,340.8481130554719,77.89248021537969,45.248096544500186,351.5729991602493,336.229361689293,71.5514883978085,1291.8409712898138,165.17903454909901,203.6164288509499,751.8385944321199,158.99459918604043,18.474999865414702,25.207416415073112,14.717373391016054,148.26971308126303,127.9158957791733,124.47139994491954,282.0568865200621,118.60010735382457,308.90826702570484
2024-03-04,563.6375999450684,171.28319741353607,852.345282415863,788.466385479187,81.17947009621048,294.34406802627564,71.62894200675964,41.72483839868164,333.32902830155945,327.61434302303314,65.05317627854538,1314.0584426499481,159.85388658167267,201.5787249803543,753.9435538144608,160.0887409569168,18.94448659540558,22.85863659502411,15.186902446458816,143.02304456957245,125.09623040429688,120.08612318280029,266.7101785849991,118.36389509258652,316.73301080210877
2024-03-05,563.9405514440841,167.76586340135964,828.9699410264438,768.7964397668839,79.50098433305357,295.4682165414579,71.59783339027399,42.88045297288704,330.8367688027647,321.6816499547349,65.10316686251826,1255.270467783157,147.96886064817045,200.47394841757978,741.5657609761729,156.88924204357136,18.779761106958404,20.031743937021247,14.554314391492369,138.50073863021862,124.02467036720282,119.32972729206085,269.4113145627671,108.21836848164367,294.68573846627805
2024-03-06,576.735036810489,194.90530263719484,810.4492865398497,777.5868550546511,84.58155022881238,296.30925924939584,75.114050225975,45.146671994697954,337.38725383443307,326.4331398536742,68.61981548853146,1248.1451184208127,154.92271646546942,201.9472415812943,744.3332403905733,159.93032976308132,19.326218628627203,20.26514332371312,14.709834214094258,137.94381144003455,131.29310044627528,121.19964318480379,268.6109770134062,116.58325783753207,286.68527552833257
2024-03-07,567.5529585848235,187.69775537227633,828.2486322568511,765.2654093318561,82.93440173110957,285.3412852379988,73.93679739017489,45.144479168434145,338.46622175193806,321.56638320121783,70.41599893569946,1269.4439808130264,149.90783654037477,202.17215813812254,707.8372788521956,157.02767523891453,18.855840386543264,20.185919097976694,14.630879816169738,133.39919201450357,132.85151441047674,118.8465549206162,269.61502876182567,113.60448186447138,265.233607929611
2024-03-08,575.1904613735969,193.55490589141846,828.4149996018677,768.5107051393425,87.04105554432681,284.19334584356693,74.45021384600841,45.358322872238205,339.48357313989254,322.59150981903076,70.46180793466192,1239.689879145997,147.88376730798336,200.90608629171766,705.1654751442256,157.50285602087388,19.081777028297438,20.724061376609825,14.389536699022301,133.41602388436877,132.71218666964705,120.66877805950935,271.6807173956913,116.28935064463803,268.86536853680445
2024-03-11,585.4321681261354,203.8767876028869,840.7669400573795,792.124290168329,98.6147392317489,285.2085454464541,78.59462133795932,47.70419637485884,338.54339951281145,327.0474604964111,72.33833169937134,1286.6838514804258,156.48540906609196,206.22290460769364,696.0902766586369,157.18924267591865,19.94191809557151,21.036769341680156,14.467666526326184,140.14085508883363,136.85630321502686,118.86947330086514,281.84578818087175,116.99258864671174,241.17990925908816
2024-03-12,594.8956774971157,214.0717290952989,851.9068917111508,823.3587691723551,99.25356481893914,310.6660241235659,80.71684732165522,48.41446747234727,346.3315897832945,337.0241343273392,75.711155989502,1280.7542771100998,152.83016639570633,212.19457992760454,699.5460499027104,163.85833943569196,22.682061226024643,22.760275153089538,15.173516768726358,142.50590564593494,162.60691660265365,127.48881673133837,297.36963787486275,127.7234641068344,288.14038329260256
2024-03-13,597.6784059406418,219.15136039998015,860.096712559407,844.1356639267105,97.8787413909622,300.5213727504288,78.24039936065674,46.318317018435664,349.49984961780865,333.93002685899046,75.89318588751985,1380.7083370683395,157.73264391723023,211.7967586815903,741.8754643500397,169.54694601147003,22.22027274688378,23.159158509217832,15.648079872131348,154.44654654715578,161.87939045568692,143.64937800158077,307.5630206314254,145.21417703489078,296.53112551542654
2024-03-14,574.2140885514527,211.61430973199458,841.2157896103454,818.6070930034912,91.21711233931273,287.8111226750916,73.45872447615511,43.652786153939815,343.1985140019897,330.2904498038697,74.3974931884186,1321.3181748698116,152.941209260498,208.79801105587467,730.9886201735353,168.8220671597992,21.74816235094795,22.139315981057734,14.707390480885124,154.11468320700078,153.33237221644595,145.50929215357974,302.5967392190796,131.2712888265778,273.72958453046886
2024-03-15,574.2941684262114,214.71500619185645,836.4107482510117,812.3970875893647,92.14363006575468,295.4384574409287,75.40446906655734,43.64698305534057,339.6329659954863,328.1345873667069,77.51641600940093,1329.746813774109,144.47307492554773,207.2840621471405,718.5326066170746,170.59868998971706,22.136372832524103,22.76213730715142,15.174758204767613,154.09419556391913,150.26138279518273,143.22154970613246,305.7635479607834,137.74613060103002,337.5210414316789
2024-03-18,575.0601641342109,217.83768391964713,827.2356768807185,819.4920323297447,92.61034741543881,259.293337716972,76.81026787473456,43.33288129532548,346.1155253648758,322.2589809965666,73.75976293371423,1317.976633310318,141.41850106645052,203.13265437439895,716.6351499336633,169.49883527826842,21.431786277979086,23.543677469999125,14.39214866043443,159.56512057425698,149.55320080108777,144.46900600747085,305.0509715080261,133.98776630573138,267.5844475899248
2024-03-19,574.1025270621249,215.7380714284027,824.9498517513275,814.549995700545,92.50385481781541,256.9464704460479,77.33416414260364,40.58284149567203,347.1044873529099,297.9202662839052,72.7988954120151,1314.4462096160423,142.86098738510736,203.07058846951531,723.4536257320469,169.36884988679049,21.894403275516993,24.162037640811263,14.309557005762429,161.62761610084,149.35111358430095,144.42486441136407,310.7441563341108,133.63405774699095,230.82957347233423
2024-03-20,580.2878901417389,220.13077389094542,840.2362381879502,812.700300682518,96.06275420154952,266.5976311298218,74.39387901539612,39.89576937458992,348.110151052475,310.09182416293334,73.76806361032868,1326.886339814926,134.62866024514005,204.798289006485,736.5072191632462,176.87125230934907,22.529376963352206,26.362498184467313,14.62844908152914,165.8412464696503,150.9781044882202,155.6717274865341,306.6498468953705,135.64561960375977,225.9195701179733
2024-03-21,577.5721009446715,211.61214279327396,835.8092864605715,795.5990714706422,87.61759799518586,246.65919392829892,72.28451778648378,39.114999771118164,349.53164034210204,305.0969982147217,71.03283898750306,1280.6250686325075,134.94674921035767,207.62242594726558,738.5694543269346,169.52440960487365,18.775200636196132,38.410928581542976,14.550780026764869,167.4121960361481,146.9159445119476,153.33080208702086,291.1720678457641,135.10321279052732,238.36680323356632
2024-03-22,564.1142700825658,207.25119543075562,825.2507715518805,799.129328768402,85.48134450212092,238.53439474105835,66.63321811102287,38.24371011265566,352.0924118175353,296.25190582208234,67.3370838303681,1188.9180232021172,126.54054359689326,203.10616615202343,725.1445695596922,164.39321595571892,17.987839230499276,35.03718337670898,14.54668779116821,162.90725981172181,145.23225041136175,148.28235757067887,295.6262275155641,128.18290440052806,210.4577221667023
2024-03-25,558.9201109518217,209.6145919254759,809.6754653058342,826.4134022754006,84.00226617131648,238.5539267063141,67.02974029745019,38.403270286149564,349.46195141111457,301.7511780044224,69.68903116566617,1203.876064322314,127.0984035730362,203.59209429401108,710.1867958341682,164.95417543070835,17.911097805158988,34.02326421056364,14.54787892086182,161.5127375568618,143.44521482604068,143.9927132545181,293.7733053997745,131.4784059190688,216.73210133210887
2024-03-26,559.075141631507,206.17264105387585,814.6791559164558,810.7684458200965,81.89027150630727,239.64830993107898,66.79492814745254,37.38639016219372,349.2264235394214,305.3482514844545,71.40956725461047,1203.0126207467692,124.75165058204266,201.16692198617693,693.6035450771851,164.48447202341322,17.832837815625567,33.788536575179705,14.391413415670115,157.91447786807566,141.95877351420586,144.77448955740056,302.29790238311034,130.2266432251281,200.22835991722877
2024-03-27,560.0463874576526,213.01946716306156,811.1637694280653,821.3335945048784,86.28735605675547,236.09723437628782,61.09739457666569,36.53327009280929,341.39440224962163,304.7829006671418,74.31821417808533,1213.1861885071776,126.65388707720103,207.46516568663174,672.6971661487078,166.39457364084774,18.1492896770402,33.56054063041802,14.237805652869554,158.57160372736507,143.1603434482804,142.3780583938369,302.3577990930098,131.81704602640912,204.64889174301607
2024-03-28,566.1084760923768,214.28566450878134,809.4975707331469,823.6580869158934,87.62320025949475,236.8955901078416,60.084479858179066,35.205750703811646,343.37341708942404,311.2970783858873,71.11561761547091,1223.5171846847152,125.33247608688362,205.13216872890462,679.2362811913299,163.82409745327004,17.994049986672394,33.015169018583265,13.691125273704529,160.38175320625305,137.1459631137086,144.18711027004247,302.7694620216371,131.43479665870655,209.0439188071059
2024-04-02,570.300560401367,217.618810069931,757.870615892105,849.2689552247466,90.22455484289549,242.89421767443855,59.39326980784608,35.52640806864929,382.7305347613983,312.1472264498443,73.8698854798431,1199.21191239357,125.51621646136482,210.81089435778813,674.3757453575745,172.4674169465943,17.684952108142852,35.291654155776996,13.615848215343476,168.16354794688414,145.15745553001398,153.5304321538697,315.51206487268064,130.83733997903437,260.1879026889801
2024-04-03,567.0893248946231,213.4804752661057,757.3977130651474,847.9723002385253,88.69577293274688,236.96567567122656,58.16501165951536,35.149514814552276,386.56640702992263,308.8303912999345,73.97837978298185,1189.5253766289898,124.47155916084284,207.3743177854385,684.5153269202274,168.85858852378078,18.161887790691367,34.28839348736574,13.856268089706418,166.04035969709003,148.81788835889438,154.6891884601746,321.3558195708083,132.53481667527012,279.08247675937673
2024-04-05,561.0404856911919,203.71578214456167,757.8665636572259,833.7314690137791,85.10340083169558,233.54502916685487,57.85778540984347,34.3701860369797,376.89767315798963,302.755141580521,68.7403720739594,1174.6148350797885,121.50918433953848,204.57698396711749,668.1438814886787,163.63027264434822,18.242034915603654,33.50897674791713,13.544515787681576,164.72637076953106,149.6943065735777,150.94697734548936,317.86549956634553,128.08571335858142,272.064692735672
2024-04-08,561.3874576516755,203.07336685562586,759.1374027162383,806.7351828589017,86.74066472407685,244.72140954862516,57.77492057745894,34.210893278665935,382.19126845822757,300.3826025028138,68.7349294548012,1172.3298404216766,121.26470090021212,208.39680357852012,668.5607356316832,162.36474538911898,18.00573340279675,33.58460748372727,13.856586278370287,166.35732293128967,153.04873112405403,153.44016907828518,317.60548426137393,132.0681495276931,262.17915407972396
2024-04-09,571.635755187981,209.1063919213866,788.0256602337795,810.5809342861176,93.43218157877345,248.96974534362016,63.201815384727524,36.88730658366012,383.7532925605774,306.5327272774812,71.26847160594934,1206.2384440765527,125.46383515283196,213.1788644897233,664.1281710256953,160.39320930555732,19.42261577285194,34.77274777403068,13.705474734306335,166.73689693778215,153.50132001178736,156.5556781724854,313.18969007376836,140.50069945883934,247.40339939887235
2024-04-10,584.0762288006954,208.839171892585,779.1337661743164,795.6561050906312,91.46012690139469,247.44349053592305,63.81849142818828,35.941950810316484,381.7363929748535,302.33522801543586,70.00457831819949,1172.6941562045831,120.58954474239727,210.09204911571578,678.2770750349155,159.8986086906807,19.341310801424697,33.27958297729492,14.329797241565757,166.7894334179,153.3993024948868,155.82675024776836,311.8101138822967,138.0515341083228,242.9018068682053
2024-04-11,586.4721907029343,211.474744362381,761.1994039168167,801.7078904082337,95.82571503072359,241.64065223088073,64.7979343280258,34.945438159381865,392.5485164771271,302.4425668368531,64.24945824903489,1144.9724226872786,117.60785432383727,211.16134013484952,698.5953739047545,158.0380009668579,19.90166162165451,33.69179135995864,14.0251866451149,168.5373041205139,150.751169604805,156.70599937438965,308.63246098557283,141.74057762970733,264.7939480960122
2024-04-12,558.7567710249787,199.00173787480162,722.2532843498993,764.4990217059021,89.97794070993041,230.35293797856139,58.469988492500306,32.21335915307236,382.8765193076324,292.6634541645508,59.80241509488678,1107.4811675843812,112.15892166007234,197.82607086079406,678.4399511101074,150.95603029353333,18.57558516451263,32.448491060932156,13.402638343345643,165.92622714712525,146.88037069218444,145.31281965664675,293.7607413843689,140.1398578860626,248.85015082359314
2024-04-15,553.468720761648,199.22365302751768,722.3620645021656,754.0246820556749,88.24777230353084,224.14620517245476,56.42841304067997,30.4870192309387,385.5941719721068,295.7005631381089,60.19030749253238,1084.6794760145276,111.28937161688236,193.6591765987505,670.4009209764372,153.14045440081463,18.652726812814308,32.05447556396939,12.853138754311374,162.5451811876801,143.81408725730125,143.81408725730125,302.4406285466812,138.40636001208804,254.47648456260504
2024-04-16,544.9697240595779,196.19222632009132,707.8891110406039,752.5138760826412,86.03960767370609,222.41904383885958,55.976634748353945,29.82810802008248,381.03254186965205,289.27785581409444,60.28252743169787,1049.4640501761241,112.89273658400725,189.85082161426544,669.3709380626678,151.56750607537833,18.632782563655837,32.02020162355802,12.8393956590333,148.9056789282531,141.38992729741676,139.98072293335736,299.3771438015592,130.58605206036373,274.7160972954025
2024-04-17,538.9927421224456,196.97278870795435,704.4029171368747,739.4116097541555,86.38607712942348,225.01106223647912,58.112848087838756,30.62280844676286,377.9684531458097,288.8412233846193,60.854019392358396,1032.716995356015,107.45394650739445,190.08070555145423,662.1888723250813,151.2343738547561,18.405011598403917,32.58078661622312,13.000987182505412,161.02427403843376,141.83607864134683,139.72145661650393,295.57667949121424,128.83509239247905,273.8039211667601
2024-04-18,539.3365808576018,199.35408540068966,724.2833292484283,748.4000209272126,86.67909441887969,228.48202992976076,56.14174622669907,31.32036018371582,381.4819965958741,291.4359610676911,63.11052905582392,1033.2587350309695,111.34388254396936,189.95798630640184,680.3565193116592,156.6018009185791,18.635615205393606,33.43448434676952,12.763046737527418,163.4922735877235,139.68880761414948,141.09822621197054,292.53216889501346,128.1002779305054,288.22562534363715
2024-04-19,540.9217062987518,199.7815681548691,732.3235867238618,744.3841039760591,85.44166438766479,206.5949648363876,54.272294025735846,29.75969982950687,375.91200256347656,290.548640031433,61.868851168775564,1014.3359203768923,110.18920336143492,190.14882667415623,665.5991728090667,156.16011524738315,18.169079601092335,33.98871142677308,12.295455494625571,160.23248392272944,139.71396214775086,141.12363454734805,288.90403219017026,129.21975088119507,271.6747260977172
2024-04-22,553.5452554189178,211.37784737624133,743.072610172916,761.555450226755,91.94427198447192,195.0878914613022,54.6653349844305,31.326839447021484,386.4948697273867,291.5745545680802,63.35853397662504,1025.4841084186337,117.39732903517688,193.36492066932442,688.407308798538,157.41737120884318,19.10937251081714,34.38120524746,13.078955133030945,166.1105589976869,143.16366165049658,143.24198054165026,295.64704728126526,132.6691692407203,290.4781199675308
2024-04-23,568.158639351579,215.87049537327584,729.2583482719529,769.6900207770123,90.03092599340289,194.40098087985007,56.25953403434164,31.420717235127995,395.5405738438767,300.5732327983642,63.703346667547976,1089.0686812572458,118.47411817524835,193.85249197908252,701.9904691661213,158.59233749338,19.980753834934717,34.163172947867,13.555570651733206,172.696408254782,147.07402574165644,145.0367705779472,302.84556103891737,142.99951541423798,289.9168257713318
2024-04-24,584.6663174223941,221.47283491174312,736.5714488063968,777.074307742645,99.88604879379272,187.00235831651298,55.466134732498176,32.51193035451888,396.4105032589723,303.9669503523255,66.82572310106661,1129.0648521126714,122.68356932308961,197.65686002691655,603.8601430527342,165.06658961587527,20.838972420766822,35.64561106380461,12.926429657120707,176.89623326612855,149.86823761549385,146.73456064184575,306.78726709988405,144.22761906292726,281.32611740734865
2024-04-25,588.1638758198242,223.87971192637633,737.0254980396421,782.2869340220641,97.88374900817871,183.78652176084142,55.44135484079743,32.34079156845473,394.82387566094985,305.71053207156365,66.01280272085569,1163.3287610944826,123.25521495879366,196.15902703804022,623.6369369014283,166.08913814785774,20.281512122380263,35.86460503916169,12.607426984272479,173.99814686002355,153.48172143199918,147.7653140745315,311.19202799037157,148.70498970092012,284.72425389447017
2024-04-26,591.3827693210987,237.49242338412478,751.3809195336835,786.8403916039424,102.69942491595839,196.00561862429822,61.369170277053854,35.146371828414885,396.08161504333475,310.36832241947195,68.88376270822528,1202.1782015411227,124.53870800263212,203.52020359039307,651.7343302193149,169.15660476181802,21.526175379753113,36.63363530255697,13.620198314930917,184.96854769384754,157.25849696868136,144.96901014070136,313.57767828167744,142.1510333133392,276.7091879374311
2024-04-29,598.203971588955,234.00491413070995,756.5036691692876,831.1910944162082,104.51541507868569,210.98804761228166,63.41384852556985,36.012800423729914,384.632382601103,313.46795474597457,69.52036489435613,1225.4529833116976,126.20138806286377,200.73221739723522,644.3942557412083,167.0680831457321,21.29452613340959,35.4647819255365,13.543944937302967,181.16004284813243,158.14317632970415,145.3038196714715,308.6140339551639,148.04392709482272,266.02499288763283
2024-04-30,585.7386639158249,226.07869055431365,731.4494956222916,809.1567131240845,98.91432283132553,205.65414567409516,63.62131598859787,36.93635841216087,377.65861741744993,285.70899228298185,67.45580920309067,1204.6574908669281,123.64290167341233,201.11535626449586,603.3460389415741,164.25724344909668,20.3462992834568,34.35394400542259,13.69462502002716,175.8389798838043,154.86665239093782,143.12840237377168,287.27409825565337,144.85000700294495,248.77265252826692
2024-05-02,628.3228137805927,255.3025742664977,773.9641365483621,874.0828188657761,115.13645930299344,226.6748965602401,73.52463681344216,43.7236965622742,398.4409627977857,292.2213391169862,72.66424477780265,1267.2049457088506,129.7631686653931,206.807608032409,632.7029859915419,169.10667809787537,22.370261926274566,36.2930126428148,14.157403598493374,189.28684459439864,158.62550484816984,155.49678483661864,310.83716052657655,152.99382076245183,271.4154316019212
2024-05-03,635.5028720022674,256.8422261604828,804.9858879424501,886.1721556427947,115.87983931054077,218.78863906860352,70.79375577746123,43.52331275606002,416.47979626550296,300.13112833002015,75.5602198744873,1267.80202460289,126.9755494594574,210.19336812443544,662.2263271808624,167.84213810857545,21.48816990852356,36.72523435327912,14.143122292678072,187.68940037790526,159.40314834065248,152.37065935134888,320.21279745992433,149.63579838223268,291.22330993715514
2024-05-06,636.9030693453824,255.46410834544076,795.5235389884765,885.1039032985136,115.35325902823024,228.05112709806053,70.52402612992137,44.43872918948955,420.72307028087016,294.35775488247236,77.78730052223091,1268.9638763154362,132.06658985176546,210.8691873550415,655.9593553883242,167.1333529243584,21.165018732451244,36.238259302715505,14.370344880436846,187.6735821086677,158.22999200286176,152.9973115726425,319.6620704738525,154.79360107499087,321.0678674396331
2024-05-07,620.5353329816717,251.20070834775106,757.8239628809388,864.1522895742673,108.4392679803932,220.70948166583548,65.90793581184698,43.07861545217747,412.0223181291658,291.62109922923264,76.77531270805048,1255.2998374798335,130.4085824030335,211.171209598906,638.2827573741088,160.66524099864182,21.265667948291593,37.21492030752415,14.151050501732243,188.34188923923648,157.61612429530942,155.66155924709165,314.05949763196986,152.06516671620193,313.434052325174
2024-05-08,613.6050570795196,249.86849694870762,755.7055273024016,857.1388491506805,106.82953204031219,211.39109492381976,61.70461222182712,40.823582801309385,416.7603165319306,291.55233298265375,73.82655555623205,1286.0211351211183,129.58750608196715,222.57455476018367,643.7926166318939,159.696857743882,21.42847160168276,35.192745208740234,14.155303736461065,191.76136191739351,156.80322546340176,155.70834483022918,311.96412997704465,152.26727223316266,306.0986724422546
2024-05-09,621.107016597809,253.0233286623079,769.8569021232761,866.626446382339,109.51056562994381,213.39316982910168,63.78345354971316,41.66247658221437,415.99945333981304,297.734289322525,75.66468889361568,1318.19139323938,164.22676455114743,226.68139553070068,656.4380812973322,164.22676455114743,21.730147347929005,36.034526333164195,14.304378053423875,193.77351733583055,159.22414542065417,163.366933797226,311.5696746278991,162.74160640591435,310.47535542034893
2024-05-10,625.4405542388304,251.61401915672286,769.9232426385424,849.0801116525108,109.9443816418534,208.55832753266895,60.40299151542854,39.61748726991459,418.52319541197176,295.6855371954498,75.40605997978219,1259.0859371024999,156.9071231602402,227.39030683101646,657.7127649039539,162.92398357452385,21.410633495465277,35.554155528850515,14.534225718699929,192.9301279553374,162.22071340120692,161.51744322789,312.1732925188826,169.95667040348053,291.8566151832965
2024-05-13,661.1489929161071,263.9906923931121,777.5143389982222,873.6388635515214,123.55515418395998,211.0050015449524,63.22335165538789,42.27914911708831,429.04351506614694,303.92534745540615,76.43069847278593,1267.3585449697493,168.1788048088074,233.98110588684085,685.2192074020386,170.1325548231125,24.148349506044383,36.417899074172965,14.926649848437307,198.11025443172457,163.09905775280004,163.9586976230621,318.07050829124455,170.21070661239628,283.29375207424164
2024-05-14,621.1639298913724,260.54352355018636,770.6151178360597,854.83277883548,122.18593655821223,206.24735343460088,64.68666878941349,45.23379491567994,435.1506783961486,306.6366946697235,75.9365287661285,1255.9995595450891,168.35721111305247,229.45019056788624,692.3348974225155,168.59158847332765,23.51532351672745,35.6245429337082,15.468551880119321,188.66945374015813,166.56036272052006,161.79479403504956,322.57399754515063,167.185354113617,288.902543401764
2024-05-16,676.9145571382905,267.5647404791107,813.6247735021134,879.0520206680376,127.10691860335919,196.6721874973564,64.56844168913267,41.067714542209615,440.42389168338013,305.5875004131012,78.38780123491097,1335.3252590096818,155.60447295514678,230.63503277325435,653.8042164240724,184.10202730693436,24.125328686066155,35.52435377741813,15.693175331997395,192.22188640655895,172.70301152290722,167.62809213978198,328.229407191513,163.64623987651066,282.71137666678624
2024-05-17,690.724453658313,275.1507967563721,818.8993222719437,862.66445177883,130.20320060130234,194.17360573977203,64.75054255509758,41.19070727947178,443.3461888441452,305.8097902689133,75.36026708774261,1348.4495685130387,151.34463518094253,228.421191193499,641.0303422799698,191.83323068924255,24.574001269461633,36.8219928013998,16.304653647313785,186.68439367428437,172.95415667448196,166.1670452203598,322.42650371879427,157.35161665830765,278.9734023950241
2024-05-20,688.7826123934938,271.1281843185425,817.129659103317,849.4309689621732,125.61622650232312,169.386838369217,64.60262715851786,40.72774288511755,445.1183513242722,302.88333906486514,73.02905646437648,1360.0882611859124,162.59888928256987,227.3575575700379,634.8690964798734,191.62325358461385,24.343018821458827,34.8760554537821,16.774838047242156,179.91987872194295,176.56490888025291,160.0241474080467,309.90537588775624,156.74720185123442,254.74347141609178
2024-05-21,671.7019971606678,259.6187253396529,771.291427638931,819.9552980793305,121.11380667816547,163.46074183773817,68.39460130536645,40.94317424297333,435.401427229408,298.6901985273744,70.73420531217198,1305.4243641031571,156.05198589962765,223.35475911029062,621.9463135004044,193.01782143115997,24.097981885067952,34.54823902247813,15.909347408344274,178.59022372295385,171.41541926062018,159.95133582752987,294.478893465317,155.19412415554052,245.26911641498555
2024-05-22,645.2777267431702,255.05172023529667,767.6526047657899,799.2609351104329,122.37487802261967,162.09988667599646,68.28955113887787,40.89568369571225,425.34634709358215,289.8598728705474,69.22609266134032,1310.5350059655393,157.33912463309935,216.96565366400137,624.2055462092503,193.23992020901187,22.633109121753705,33.94966182188796,15.140769499083717,172.71402393057087,174.5090748738221,159.6024426160966,288.2209307884659,153.59295854324955,232.80883488715972
2024-05-23,630.5486905786747,243.4791941099702,739.333902749484,791.541478492949,107.22448684414212,152.79879761285247,63.21094605591588,37.45833812786486,405.4864869769408,276.1771897512008,68.595578673217,1218.7225759140638,148.7408075712783,210.6251036091644,618.1405856068923,191.27163325111087,22.006772254688826,33.32231181995735,15.139411504964073,174.4153829541474,167.31390782369544,156.38856261412366,281.3277098483504,146.08750753521872,252.453569401634
2024-05-24,634.5195251951809,236.36359602745506,706.5139953288599,783.0373558856081,108.85062370706146,158.59083040927362,64.02977908925823,37.71510186702653,411.89889335632324,279.07615431115846,68.4806347542617,1192.4375880545704,139.92849668949202,211.8448650441278,610.0008091054042,188.02891603023454,21.161061928120034,33.42042369639603,15.538934629521464,175.76955798534618,165.61848627455765,156.09210964771046,284.4640153681976,146.2533854788926,254.16698890036787
2024-05-28,629.0735631075804,233.34584251750493,711.9039271788206,778.8083714745298,108.74900380914914,159.10298333167884,65.88955681323932,38.25341833179664,407.98439569472976,279.32800705649424,69.40263173146741,1195.3022020686767,144.1138884977845,213.59459766041255,635.3189833034121,192.51617793169862,20.766141646016877,33.56932712685011,16.394321078603753,183.06993298097223,165.5045881704864,155.35571334578708,297.83019169894396,149.50059840895847,239.04483237266686
2024-05-29,617.5463390861114,229.02174339336852,699.5629942927917,769.1600131733139,106.62164878898238,157.47197680494537,64.12921355957451,38.50877105617542,401.3348411545212,272.21717226717374,67.40988036378212,1181.6647142427246,140.28752880223692,216.05530195257415,659.5701491321961,187.8571900139923,21.24621947701769,35.30621713998585,16.481441322114847,182.38942193931962,159.5809800859024,155.75353796407853,292.9166257381439,145.7553117754196,248.0808560129799
2024-05-30,622.1945594376739,236.04794322869566,708.3782868615235,772.8402395478333,112.67168032177506,162.1315779685974,67.66551520331268,42.19327886710835,404.5085236458908,277.14733823906863,70.40026769185715,1205.243175983429,142.1288428836815,224.24946560941316,654.620886953955,186.43178550785524,21.72172443923273,35.551745093072896,16.095953799424933,184.32211802498932,164.00683298563308,153.38037298589552,293.55582336393127,147.28579790633012,236.51676816035615
2024-05-31,612.399433776809,231.54547600663773,695.9653228273237,759.8318340158075,113.50575024819955,158.29830372333527,64.96093680817421,42.134707947341894,402.66396835015075,279.5430654542233,69.18222460926063,1163.590295081216,138.9898246368257,222.00848223983758,624.828813082222,178.15399934722154,20.871925087333693,35.02105697283173,15.790744222312924,175.80883034598537,166.11550390720367,151.02830516671747,291.0343592669906,144.852724774727,243.42760895442188
2024-06-03,609.154623567123,233.80901996814737,690.5576670900045,748.1106621276631,114.94958504301076,159.83466735747515,63.49596119083026,41.75719793429562,404.59127892748984,278.61591095262884,66.54564678356928,1143.5529364790636,140.75459575653076,223.72161502800736,621.1187546608962,180.94784777201858,21.034992813283907,34.250285862316105,15.092020134846223,181.4170404965971,168.12354493141174,151.70217244350442,286.51379458941665,138.64327324060832,254.68761893529518
2024-06-04,613.4711339486312,235.1443916918106,693.4687375663452,741.7175064689254,116.59470834142303,156.71080387792972,63.34119327350618,40.7416794851265,392.24618460542297,278.3884293443298,66.62555188517763,1212.788267923912,150.8458788510361,216.92402520487212,602.3668902163772,182.20366486938474,20.566337989223484,15.874396849062919,14.857809881689548,178.137328186348,165.4690835655365,149.75108270362853,279.87422944269565,147.63970611428067,245.0756683170166
2024-06-05,623.7836508204346,239.02720200559997,735.6786963484192,761.0738713285828,119.47453060860062,157.13753364648437,65.24606792980194,41.17925281879616,403.5879466078186,281.7692445106659,65.40234205468369,1242.6445064909058,149.1673520757904,225.27473622788239,598.7791350707703,183.70479064496612,19.92544461184025,17.424997135427475,15.002687652945042,170.4211546938095,168.23327223397064,152.21476830418396,278.40926512867736,147.83898848067474,249.88851822789002
2024-06-06,624.8781121057509,232.5037018716812,733.3590065441131,763.5056110900878,115.6661024297714,154.8722982694626,65.29159684028627,38.34709852733613,406.510491063118,278.0359860458375,65.68209832706452,1230.8560386505123,148.38999891281128,223.7564953813553,611.9134835996629,186.2685016145706,19.993599406623844,18.900200457382198,14.995199554967883,168.38359459533694,171.27330112857817,157.44959765472413,281.7066955526352,144.0164031158447,235.08100125694273
2024-06-07,612.3288076808822,229.04735421204987,733.2951573800201,748.8356874437668,109.09620210801086,156.8111444618744,63.645954800865184,37.719014873747255,401.3990585278625,274.7318790330719,63.09930478597107,1221.065275743451,156.18639945983887,216.16197923563232,605.4565679732041,184.76850936938172,19.210927431462096,17.883342440249635,14.837707762495995,167.66609445790255,167.27563441729126,155.71784443208617,272.1547891426926,138.6935245077484,238.96519415257262
2024-06-11,608.5470327368166,229.7479818917236,724.08504294249,733.9279942053981,108.97600544702527,149.05105405335235,58.58925104141235,34.841074917293554,399.03187339672877,267.948168802719,65.1512483500519,1238.8892144129786,156.550485934662,214.28042319279484,595.1886906513828,178.5800419422303,19.373512493360522,16.79558604353906,14.217658662466533,166.00287795066833,160.0658320571365,157.1754373497697,266.6982659725036,139.91113029489134,257.1677382670896
2024-06-12,609.6422569078859,230.9203559354064,725.8836075221188,737.2890038124751,112.41353387097479,148.19212018529652,58.43316299079743,34.763043248764006,396.6892964942381,265.60528564453125,64.60458334896248,1313.2619038769044,156.2384033203125,215.45275758270873,597.4556805209722,174.51829770079348,19.295443033559422,16.40503160363005,13.905217672006984,167.80004159000237,155.84781327203382,157.56643034453737,269.4331396379275,139.9896099710022,252.63749936094973
2024-06-13,590.9321477686462,229.5640175597,720.1595369007264,733.9021020406799,121.02865028381348,151.79335652603913,57.54717024135971,34.43460188929748,395.7246473108826,271.1822560615692,65.58971717517852,1299.1449951729737,153.74543153061677,220.58447551727295,597.725390230713,175.45249604990386,18.661837862885477,17.022094561177255,13.820690883478164,164.44279421553802,158.11807537078857,156.32216994093324,266.80959732824704,145.54670757550048,248.342984465271
2024-06-14,572.8898907694092,224.70405947587278,722.770717370935,718.4749955604493,115.04659855940554,146.83476119204715,56.15648852216873,33.81885800854798,392.62679850480345,264.84930487665406,63.26391861357115,1269.8083357581054,145.9756317270294,213.76955851852108,587.1828637879516,175.4206774349732,18.432448674068837,17.18279227306175,13.980544021211244,161.2839300879059,158.39410524698178,156.98823807157896,266.4894733165711,141.52372893630672,243.44892038805847
2024-06-17,582.380911753884,228.42142225754924,722.3710451548541,714.0903970078361,122.72573804614831,144.05236598462307,57.18347685446838,34.60693807492157,392.4723914995502,263.26272792774216,63.43303478485677,1245.0686620971537,148.2708113482131,209.67274474135593,575.896978778168,175.06580294140622,18.358082240872363,18.51432109600637,13.592793434257032,161.70737523990647,158.89506839743808,152.48927161191568,269.8247672934267,139.67766314075834,234.82721904307164
2024-06-18,581.5698336428832,226.8950232521056,707.8656066854091,709.7401696245579,126.37389472900395,143.32268063945776,58.42254123326302,34.60051430140493,390.1344881996156,257.74650478363037,64.12420648805619,1208.2843485893245,146.9936103445434,212.83612895011902,570.1665105819702,172.29962902652733,17.18310069134236,18.120359814896574,13.512165399751666,159.72473392333995,159.88093260425558,154.4916982303239,270.39950667594894,139.10500341045372,235.8771103366853
2024-06-20,580.385748562996,223.87980884357603,714.495063183931,693.2623802388262,133.09450939187627,140.74452804128032,58.389852043268775,33.800542011746984,390.15037044816745,252.2941170330414,64.55669811434018,1214.1653972767308,140.51033878326416,213.88795717005542,561.8852587390684,167.44149300566096,18.032159697181896,17.329608673271082,13.270421257311341,163.14811260943225,162.13332226938473,153.3904501939278,263.37883702162617,134.73380441996687,229.9685806618836
2024-06-21,574.9803418824813,219.31516530220415,700.3256317309679,691.4280934949202,141.5792494916168,139.47196209262165,60.331181813331796,33.56068469139291,377.36255387049096,251.70512402057648,63.92139101112707,1218.4089012242111,144.93532019373015,205.65674771969225,556.7951201815886,166.3985478233917,18.65349683144484,17.092534449852565,13.424273504394819,161.55957393059543,156.09620094299316,154.2230483180565,262.78793999649497,139.94024652723238,228.91507808743972
2024-06-24,583.608806954544,221.30159003649896,711.4268379475252,692.3868266655118,138.82071243397513,144.51711779173274,61.802135833992,34.646652019689554,380.1767808420409,250.9541237177582,64.29918942185213,1241.8951320732886,146.31187319755554,214.20058831466667,598.9813172906797,171.82866745527645,18.80595343808841,17.635457708327294,13.187577284048075,155.36369989535524,157.00240061464683,158.0948578384323,266.63874342695635,140.53743305472562,230.58750620590217
2024-06-25,576.1523336226273,215.26656003612516,726.4563353115846,691.3984315973285,134.76608330146792,144.7603287751008,61.99552114341736,34.120959489860525,378.45377378391277,247.12319979839322,63.01055832523343,1178.9299761381917,144.60416519912724,214.25152657745366,596.9215828794477,168.26239593372338,18.348799461555473,17.489920270996095,12.961279885025021,151.7094440875626,151.0067228882599,154.59839578018182,262.81728176185607,139.1385591806793,229.47711781299586
2024-06-26,579.1860897606966,214.82283747113797,755.4329576569216,688.9011568979186,128.45640897476187,147.7443863150711,64.34533321939853,36.23329439807321,381.6209287681886,245.98034620285034,62.86164551904676,1143.5353174121701,140.3259254718705,218.64919662475586,604.0964994408569,164.76779043537135,18.663271531085,19.36607184999275,13.743663713370324,150.00895953508007,152.35163843549344,156.41226994744102,262.30094814245604,139.15459346881107,229.81592583546444
2024-06-27,565.1156465759814,205.0564660111313,750.1037110707548,679.6692625201722,124.78302377874752,143.21156074465944,60.04890409805489,34.280192329198826,370.91325402259827,244.56848426934812,60.2831630154476,1136.7905726267854,136.80842905824284,212.3185594729157,596.7408461735686,162.96757732072456,18.350444454317085,18.038096748807902,13.11861573269033,148.83381944382472,150.31747663021088,151.41068987601466,262.2942370361252,136.18373364722447,235.19805310407264
2024-06-28,562.2480010986328,201.78456158584595,746.3842357571411,675.3223475338746,120.57095695880889,139.62491371925353,57.239969516067504,32.48543887191772,367.0230007171631,240.8295616621399,59.973118776683805,1114.1100178782654,135.3299696686554,214.35705637664796,606.9935974003602,162.03675031661987,18.27305936545372,18.5073291424942,13.35339032398224,148.91762790786743,146.88728611656188,154.0715667263794,260.19587812530517,133.6900868148041,237.54978105995178
2024-07-02,575.6073303031189,203.82186852928317,734.0399566271117,678.651060766515,120.30880334386438,151.94846589546978,59.60754584548113,35.3895401226971,372.7229246475508,237.72707877628636,63.044937033726455,1124.418546301691,135.69896537760633,212.49348206501782,626.3870212840302,160.69818892009425,18.905670161228954,22.264940685056672,12.968351589747328,144.60493718141788,143.74558379659265,154.60463553883528,260.3045058441894,134.52711443440694,245.61746331678933
2024-07-03,590.4661871382523,209.9487496098327,749.4708987408449,703.6837843965914,125.8754886013412,161.89571313312535,65.00831701248171,38.05174375284196,388.01840520843507,244.79695213310242,65.00831701248171,1156.2416858916476,134.54846338680272,215.9651332276917,643.676102568741,162.20826028369902,19.846289517841342,23.04982515876293,12.970409618880751,146.89379267616278,147.59700886188512,159.23912196552283,261.3615785367965,136.8925223069,249.1725079196549
2024-07-05,581.9341170425105,208.9715218297806,718.1248427422179,694.7756499725801,125.33605146667469,159.77418194128404,61.84807379219819,36.078041804225904,388.5808104095304,242.47255373260487,64.19080532698445,1148.250033782897,135.2536122332458,211.86088054465472,621.2919889533077,156.26009581011203,20.225568720990168,23.036845817999847,12.494560427882675,142.0475359183274,138.0648930539246,153.99544961685933,249.34457020655827,144.15598163916002,251.37492313851908
2024-07-08,574.2283179759979,206.80031540861728,716.6525923208792,687.1208001848063,128.43964427478113,157.73700743682184,58.20409332511326,34.844330885415275,387.19396227854486,237.89459483633436,63.04792314048609,1127.753213668664,132.58032873144748,215.08171412476895,617.9790350435178,157.42449507708352,19.922206577652446,19.84408035039405,12.422082241479927,139.68982099998993,141.01796872605883,150.78375644673906,241.01964392667014,130.47092990885176,244.92595901494224
2024-07-09,591.2041214547571,209.4596432789367,730.5315230059023,745.0578119237216,134.09478493670122,157.1337899519449,58.65182650504994,35.14423584938049,397.59845371763913,237.65313502707068,64.58729923602914,1128.7547476467298,129.79938429131562,217.26947346768793,627.5979587347902,159.0081474097169,20.617952517587014,23.19519588403216,12.730023170424317,144.79425884956072,144.24755822365023,154.3222463172524,242.5733214917136,131.59564165967186,245.54106530523768
2024-07-10,593.7749349197693,209.04376986964417,704.0775128193054,765.0877113706665,132.4881208998413,161.9386104873047,63.04122364065552,36.09051512010956,382.70009526135254,238.10366051705932,64.91606130332184,1140.835219998291,133.19118409210205,215.68380285220337,623.381664083252,156.3141198490448,20.623152827547074,22.41986511476898,12.967587744318962,149.6740868664856,146.5493698452301,157.25152750550842,239.5097869015808,130.06646707084656,248.25900946092224
2024-07-11,613.3039957103574,223.6231996073684,717.1876605515899,786.3132293017043,137.62630388594062,167.46355779080204,67.8758493788223,36.55454301267241,384.9943428739243,247.99290239810944,67.09477384064485,1175.5254113674164,139.34467453930665,219.63970467901618,595.1829419187925,158.0905917409973,21.714023986507414,23.04186059526444,13.278360500850681,151.2170942296143,148.09276228106683,157.6219479078827,251.27342412783037,138.87603070619207,244.08750236034393
2024-07-12,621.8641874713285,219.7799912710343,725.1568476815373,773.4850430980805,130.46264663204056,166.14275056969745,69.01794609946592,38.02232848463518,392.48100929029533,250.77560144009112,66.36340856552124,1188.061148223569,140.84658250347275,220.3265110765733,605.3904424621214,159.97485015507664,22.251259774450318,23.032006874440185,13.194607561538305,152.79198651467595,149.0444093696533,159.662559505432,256.0846765079805,151.46471774770362,237.1906231207231
2024-07-15,609.0514025578159,208.06587875085825,731.8609871974331,727.2546791951754,123.82457083640475,160.8314162473107,65.58173835474008,36.14803212822153,373.11327123170486,245.6192288445891,63.08338868657302,1153.6140165611869,140.5323028564453,213.60910510702524,579.6957492828369,156.53736472522723,20.76755209222938,22.48516935051157,12.960201002829308,144.67020380143367,138.1120284768258,154.35131621125038,248.19566869264236,145.99745392406476,231.80023038112267
2024-07-16,611.9048024712829,212.34768662025454,725.8075047996826,731.740765495575,125.69109337116242,163.1642075321579,69.87175372945785,38.25381086415291,371.452317456482,245.5270117240143,64.32885441431426,1193.8311374385376,145.05220185799408,218.43705910939025,575.524679329712,158.01165470728301,21.703181844513892,22.093526473472593,12.647178076776981,139.04088526548003,134.35674227273557,155.0450392498169,251.304101064743,145.59868247722625,238.89114372516633
2024-07-17,601.4874839927397,210.64553283921668,725.6262664386013,711.1823995726736,121.25000460520596,158.56970837861718,67.14424364374918,35.836287779040504,362.42273590055265,243.82727967969367,61.99131101460284,1199.5396621925538,146.31198310490345,217.04765572931683,562.762440710394,157.47666736564406,21.080168953298084,21.15824357728843,12.72617580982461,137.17724279080358,131.16548743631756,152.40181494482567,244.7641826133613,149.3568915790811,230.08613096582576
2024-07-18,597.5248427242586,205.16008739550034,722.5881541965937,709.6290627867893,121.70645777136997,156.9146775938798,65.18594989555368,35.4424187447853,353.8777357042927,239.0411675833666,61.672932558698676,1186.8526263832318,146.76595836128217,207.81436666478749,560.3649329542386,156.21207338200384,19.82901828549575,21.468425631523132,12.724921337095736,134.27524990592974,125.4536703079757,147.78083772959144,242.94451769818897,149.81058157611096,228.18984413889302
2024-07-19,587.8586694753649,205.09060028495787,713.4434828557969,705.7897162797926,117.46239884147644,153.38839410934452,65.99449802684785,34.83260004272461,354.26160217132565,236.79919588165285,59.746500307083124,1208.5194340473172,145.73459774055482,196.96819319419865,578.3305195970534,154.24749886989594,19.134500232219693,21.94609939231873,12.33980024476051,133.86339425239566,122.61699761199952,150.26439711151124,235.08100125694273,147.92140308723447,223.2878995557785
2024-07-22,598.5162546939391,209.68373949411398,730.0274261944433,720.5779390818934,119.87506277444845,159.78134290974413,70.2850513458252,36.626321648184785,369.38698611492146,239.8282069424895,62.08512719927785,1256.7747553667286,153.84617390399944,195.08006116053002,596.0172330293426,159.93753548761742,19.679814227877614,22.569311751403347,12.417025998430972,141.19485810779952,125.3416689419173,151.7376187887421,242.71771005176925,157.90707666129674,221.78838126775736
2024-07-23,594.0898755638882,204.4574831836244,728.7554545252606,705.4915211947409,115.92950138824472,154.1823295354843,65.57627895099631,34.974017177709584,361.1379395200802,233.26419631014232,60.658060635438915,1229.789477646278,151.3719126879805,193.68422852825915,590.2646091282732,151.13772121075453,19.204482862728128,21.624559487215038,12.25651977002002,139.03732692074573,124.36073704065711,150.27897942066193,239.74375690514353,147.54663136226645,224.67683796961228
2024-07-24,591.8236957403569,201.12635783562473,737.2811282238617,692.9333889484406,112.97742335906605,147.09707215235903,62.85198775438312,33.57311216501239,353.5326535855711,229.15600259120947,60.11928972097394,1277.0274186442257,148.970918403038,193.3967364670716,580.8148099261016,151.6255376478348,18.426171551850302,21.4711754322052,12.101934871306412,133.04321782626357,109.93241761721038,149.12707598026282,239.14984926149737,146.31629915824124,210.65174666624443
2024-07-25,588.783548540192,205.6057092097244,745.3499572151559,685.5345785059435,114.08656854041283,149.9289701910402,64.03216031860347,33.34357679254913,339.1361959589158,228.3293166598205,59.97158435288998,1274.942845362115,147.35206671404285,194.28294293237286,549.1929338053669,145.71221092280575,18.8192092016144,21.47420060634613,12.103639969406117,130.40696963981645,107.2148234527358,149.30426676916522,242.8536898360444,140.63649375830846,209.11967526658646
2024-07-26,597.4467590450513,207.3459539301375,722.8223456738197,694.6402126403664,116.63209815507116,149.42023763056932,66.43502074108892,34.583680677217444,338.4204430430218,234.2790756784516,60.1896590683632,1268.9010029133133,147.23437109593215,192.59129526094057,573.0118087680057,149.6544439978943,19.51675057411194,22.95169912185861,12.17845191154288,130.2157622128907,107.02986044623185,154.65072738003528,242.78838011997232,144.8923520929793,222.02255870032513
2024-07-29,613.7627934964148,207.73629787567916,711.8149293214265,706.5063707828522,118.11537536793139,150.59125457709524,64.32720810546107,34.27141296583363,336.3907140866013,235.05974867943587,60.03352521267129,1256.4103540183569,146.68790446227285,191.18608683718867,549.2794329226381,149.342168841461,19.438683646265986,22.6394314104748,11.788117272313116,128.18601836637117,107.42019694672399,155.11914011468525,235.37200894577018,142.70648555834214,224.59876918050395
2024-07-30,609.20339012146,205.8795094285888,715.8139953102873,693.0859940766604,116.52967470629119,146.67743698445884,62.01378144132423,34.521526036094656,327.79829521864303,234.5433105596694,59.826895838119526,1226.0608407496038,143.47521522814168,190.33701446825398,540.8632662296295,145.5839848722535,18.74472044089316,21.868839272961623,11.793552734276773,125.1210075463714,105.43904829025269,153.86291346382131,231.34108880335225,140.5853977203369,222.04682778291317
2024-07-31,616.0227192162092,206.17424855703575,719.617680926378,691.961104741069,118.36073737141032,154.22052722452008,62.96947966340986,34.68790058970967,332.2694483612868,236.25272350786054,60.31319410441415,1301.4212768651705,148.6735953903817,194.8460018206124,490.7869090938293,148.0485887766572,18.51583769558829,22.187755276553048,11.71888518333435,130.23587793350907,106.09497326373366,158.67370120997384,234.377703666687,151.87675614838645,229.92452968123325
2024-08-01,609.2421648130949,197.19506845944215,711.746061753769,675.1821556944124,118.98893936620334,151.33394121195215,59.611664364372245,31.71996727107239,321.4185843751984,234.7746319530106,59.37727872726441,1267.9392482785115,144.0680348922424,179.616268615654,482.4403957128525,144.53679871559143,17.891311542976382,20.93830433549499,11.484816121467588,123.6766223048935,105.86344054943083,153.05275183205413,223.05543205715185,144.380539140564,214.38323426739498
2024-08-02,605.2097603030779,196.6052689072876,703.0435767432937,660.2217349254533,121.12009882926941,150.0326445115661,59.07535098185349,31.64751118453978,307.2543386454163,230.75332913515467,58.372071796299,1275.51182028521,142.29657347046668,185.04025659613035,468.38313274150096,143.23428401934052,17.816375604223254,21.098340168676373,11.643157961980819,119.16654884815216,104.71027600700381,149.79821314824676,220.59486029070285,141.6714380726853,199.7309458961945
2024-08-05,600.8266004500329,194.7340021552809,686.134922610363,643.0514560363954,124.80146511727071,147.2017349578673,57.132380185026705,30.361333292528798,314.6183428565564,232.58809371569077,58.30312267580666,1292.9713235960808,137.67966228944715,182.79239302100905,509.43035183573375,149.621271423719,17.405082775210758,21.073418798683633,11.551355434512516,117.30869382344099,103.72804817943688,148.91882295189134,222.3635874622414,142.28459565507364,193.0168992744584
2024-08-06,607.066928547516,198.32931312019355,675.4106361366576,646.8886527405703,122.11474493354035,147.59753178026585,56.264736981927854,29.37923317350578,328.9383054721984,260.04906752772513,61.01840707451629,1335.079699716065,141.1294253038941,182.5097205957718,576.6746063232422,151.33812025397492,17.300238412653925,21.97597772073459,10.987988860367295,118.14036410630797,107.3082377439423,151.96155166625977,224.5913780844421,157.57243437682337,199.03067531698616
2024-08-07,606.6615266140216,197.43975409643554,683.7511062976992,639.2433756018909,116.68666326285938,149.89208023409265,53.23780140058898,28.606550129486095,319.42680840353387,263.9285516916352,59.16177529540255,1377.5573234507974,129.78175445281977,177.01763317307268,534.6384544499888,152.62022825853728,17.226287619388586,21.123637692249304,11.38026251009751,119.02507479329688,105.46229089020153,151.68485769947802,214.82193185326378,153.0099573189391,180.1355251251298
2024-08-08,625.7915700835874,202.44135473226925,698.259054686554,674.3370027928468,113.68820048022462,153.74010417913814,55.0908559633217,29.766203817888254,329.29836266110215,265.94779734350595,61.09084988284303,1426.2063726863707,134.41545152664185,178.8309979760743,535.8695739283139,155.76607798564146,17.844137905418393,21.584394096523283,11.064923791266438,122.18169976568606,107.2206750012665,156.7790723201142,224.96082309449775,154.67517472923282,188.10370538043207
2024-08-09,623.4292394702898,201.70457088605963,704.2513809662414,663.255766277176,108.0226187746216,155.01947148031468,53.46574297059783,29.46071471804123,326.40602465543816,262.34065090464173,61.103706252111806,1424.4021430659122,126.72783906986388,177.9333650412491,524.1357353925705,154.31802469723516,17.692016495822145,21.04336818665695,10.911375718263628,123.53236588719938,108.412312257753,158.60464557889554,224.2287783966476,154.86360597951807,174.81583204176786
2024-08-12,630.9685665091092,203.30428367091372,698.3467371033476,664.6576518062284,105.20041320646669,152.14678432618712,51.703392396743766,29.321983644500733,327.92271090629583,257.26922662275683,63.8688921153107,1481.9299282722932,126.87997035334774,176.3218270692596,544.8742241949003,154.1743700916595,17.780351606414797,20.977696245101924,10.839775784515382,123.60464178977963,109.80147035229493,161.3488986178436,227.08941236743158,158.30751253250128,175.4639983177185
2024-08-13,631.8938939414365,203.59293747276752,697.1091063625063,671.6307367964473,109.00364485743557,151.0779586729186,54.307033182011764,30.30909198481504,328.41342903753684,259.5362129591158,62.64398247560348,1458.5762915297237,126.61252737045288,176.32254696220843,542.5249189571041,155.12956311545713,17.842626636827845,21.738396709764856,11.375648910199743,122.09343468029329,110.95152989390408,164.47941723497934,226.65590403237002,158.24617620157005,180.52998577434846
2024-08-14,618.9680067534791,201.72732971622463,683.068975330505,654.1729050763242,102.10985568625256,146.427556008377,52.02851535609625,28.973964608822826,322.5300701082306,258.5848493871308,61.21918385545541,1454.1502856027219,126.56637668609619,174.70054570425418,535.3952284939878,151.6459856721267,17.368801379941942,21.418925285339355,11.293615521845823,116.90839034012606,106.23787208932117,184.59219840141304,219.641348868332,148.8420637366944,174.38899056933587
2024-08-15,619.7438892173159,210.37320613861084,701.7894301001434,671.4801099713441,104.32952971932991,149.5987303097536,53.29454674401859,29.841828276321394,327.3251124732815,267.09604628253146,61.7094743951111,1487.3385626443633,129.73014081321708,180.06388600981154,543.0745120686333,153.49453042343157,17.84276422341918,22.206059904899575,11.375736629165658,116.6402574841004,109.8615661779786,184.73883425718668,222.68393390338133,153.10494149528495,174.92143104866045
2024-08-16,648.5461273717956,228.37120214941388,701.0192891694023,693.6901843262021,107.90909435987851,160.07035815598283,54.11048502713584,30.79775456413745,333.3174662590027,261.58598219154374,64.0125476187477,1517.7055201816256,133.17104791283418,182.05761319995872,556.7766429520561,153.4429903554992,17.932869157938967,22.065225826499955,12.397070935145848,119.21459757625962,113.83473998905174,191.02404499053955,224.62867894528972,144.008733869774,174.65055244564064
2024-08-19,654.0113458058622,230.24067346804804,721.3532285608671,702.880953287262,111.53500446266935,167.34146743600468,56.1182381068802,31.72239510818099,334.4491183881073,263.59983971200563,65.08157250183103,1500.3834891319275,132.42345525683595,184.02106542424008,545.5939960479736,159.00167587501528,18.238427198907857,21.82375947026253,12.158951465938571,121.66745844277193,115.12033673402402,190.80201105001834,226.18768592950437,143.95886760537724,180.74750085330197
2024-08-20,631.2148894094207,219.56993914775921,702.7172686289123,685.2700822038969,108.65557116719629,158.19316290683673,52.73105554029598,29.98737952337933,321.5270183850953,258.1251334334229,60.75365501192664,1512.6881357994716,133.11281385062102,180.62528945140912,522.3256227115053,154.22080685506444,18.070316939139275,20.71855430698747,11.994951809351733,114.96460768637007,108.49979643102415,194.25591684513165,215.51969201384964,139.9670656604485,172.29113679338298
2024-08-21,650.5566926154861,210.4398705753174,721.118671939781,698.9220287172393,109.19197008932497,164.5667732537231,54.98539781828117,31.07531722343731,334.8190316795426,263.9454835133438,61.44968625510978,1541.9276081260832,136.29525065422058,186.21825270545196,532.5639351651153,163.63218556803895,18.14673849290466,21.262059250608445,12.461280245501996,120.09558717066193,112.77458097611998,193.46137411701966,222.12232063139345,139.64422204709626,173.44544539774324
2024-08-22,646.4774246206907,207.59593041678454,640.9446572065353,668.5306106814714,100.99261740847169,166.3728714390336,53.847142656495635,31.09263450901642,331.9664610212094,263.157463431804,60.54881427683563,1524.4742421754054,136.7608297261122,189.43907932388447,535.977784076138,163.4895880217864,17.377587815144352,18.23477742067564,12.468224520507817,124.99395608991108,110.34378417318112,196.3745392171022,226.92168943168963,139.41032858630206,165.74946081682901
2024-08-23,665.9247282168508,209.1881470692215,639.961369485718,668.1857479097744,116.48419076863092,165.44809354429617,54.655570741874726,31.810943962341298,328.8690321397553,260.1792122293318,60.58113691240692,1511.1758595747233,140.4983420300141,189.15037309764102,524.6466883277208,160.45814621568297,17.85467201531219,17.77670408830261,12.786752112434385,123.73521727503203,110.55862831590275,195.07594298597724,226.73094737649535,134.5727721416779,175.739882216385
2024-08-26,637.4745439386897,201.16000877616898,643.1662474774785,672.2487098884885,111.18379286885829,161.62972919224558,58.55471924901576,31.42150781184955,330.12073853254697,261.74192375659186,60.03612693845753,1553.2983867836301,148.3750084626845,192.9732699394226,507.7341360998835,159.36863598467244,18.400682699528716,18.478651623127007,13.80051248937798,126.93353402497087,110.09222422063067,201.23797955869304,226.81181624174496,133.87277008414458,170.5182050717085
2024-08-27,635.0493473293682,205.67958105928028,651.2667058897932,661.3245852041473,112.81970005808262,165.44809354429617,62.3744010925293,31.18720054626465,358.41891179552476,261.1148496602709,59.099744440322866,1576.2790693332136,150.71214604497527,192.9708033800125,510.14463531491856,162.95311987998957,17.77670408830261,17.77670408830261,12.39691247738648,121.24024361072543,108.68739063206476,200.5336941588439,229.6157699703599,135.04057598593135,162.25140667800133
2024-08-28,621.1793194476923,202.37869030857837,627.0306692783197,642.5562341624754,106.57258372470096,138.87203002792376,56.797103992839766,28.866659536447514,360.28711595208733,258.78568422369426,57.2652115328674,1546.0046718205558,146.361765549118,190.98805490029918,490.4991434688418,162.1994244477537,17.31999572186851,17.476031568544386,12.170807201282514,119.83564185271462,85.42970603908543,199.72607719490043,223.98966437365743,134.9711301408388,153.61744172001636
2024-08-29,631.9576118697441,205.68653969194202,628.1356186256162,653.7976922836242,110.99428413008718,153.58240225602276,61.38615822219617,30.732080104829038,364.4949412116912,261.0666862144717,58.188151123047646,1548.3040132522583,152.49038930891402,195.2345114097734,476.9712482261966,166.14042469023116,18.09604638481005,17.39404523468056,11.700030326843262,127.29632757567742,96.09624670409539,202.02052066802207,238.0566206207368,138.52836085510717,156.7804093551713
2024-08-30,649.7903020191734,210.51522588729858,627.1794549750921,659.770333065946,112.11885082781146,151.72689270497722,62.76472624242024,31.499314983487693,367.5439859199614,263.6118546795642,58.32051457971306,1495.2818430996122,155.46939691185162,196.16900189638363,479.35096263647756,167.16468723892376,17.854809601903526,17.69887254625587,12.085132966191281,128.10241576194312,97.14887861430589,206.53882539153437,237.33642920135662,136.05521675347154,151.57096680282757
2024-09-03,641.4073361509109,208.16308573445895,608.1168622970581,650.2952527075395,113.90496345358542,148.1310305595398,65.25561625426826,32.35493636573506,369.00220776942297,263.90711360054775,57.303318972933766,1467.7445789174162,150.85976304392625,193.11608919835817,470.9787122894104,172.68959317822646,17.54183256626129,17.77572344408884,11.538627792289162,133.47386144714892,95.42756737601394,199.5091102432434,230.5386593915573,135.96869747730943,164.1135831717529
2024-09-04,643.1257931535947,209.22838275540926,620.4327122081304,642.4239152344671,117.20844375274282,146.37409061735525,65.73966960473626,33.06478932228856,369.40545269575523,262.4907697222443,56.927589950237234,1471.1492076786817,154.0944056240005,206.65494441986084,468.2878964055635,168.98915703188322,17.70214037326241,17.5461745262146,11.697449684143066,132.10320259766377,94.82732424952701,195.4253885583421,229.19202605160535,135.8463829268112,151.52096728845208
2024-09-05,642.5995594164124,205.65056138971704,612.5081523755798,645.5619040327147,119.81990923358535,147.02690813946538,68.8360310519638,37.809144611768716,372.01081701135263,266.69089236843865,57.610222500421514,1493.5002343060914,153.10754468035884,213.60217903301236,477.4086855701753,167.52959278968046,17.77419594395542,17.384411312021257,11.303765477929119,125.04303631198127,96.35485022883222,190.9946517944336,231.8441183939285,137.59410331890103,143.9086162148742
2024-09-09,634.8565911447513,201.82264568419487,604.6104393804562,636.3376748268856,117.78834217420535,147.0990182780679,66.41672746828772,43.42032435719511,368.41012441645944,265.5109985021227,55.58113251251871,1506.9268468225491,155.59597983973072,214.76299210900106,474.4274480143067,170.64108516783745,17.85144309824409,17.22781248265801,11.069453648765034,129.16961206004635,95.33761771031641,193.55953631054763,233.0821618860664,134.78230246884777,142.18791417036664
2024-09-10,653.3467410552985,202.55307178276053,595.8085314662167,639.7028656948096,117.41529637380609,152.8114070116044,68.21937680244446,42.724821277551655,366.9812623168182,265.00305508789097,55.6670104298496,1541.3680669319147,158.26894823341354,211.9088779782105,480.6542495960239,169.8077798399736,18.321774740552883,17.07433589724542,10.75917024709463,128.48631982582083,94.337655466652,193.4311659469222,231.01029456050856,124.97790365551009,144.07932023780813
2024-09-11,661.2805301753688,207.09363322598256,609.5071255868679,654.5749332418054,121.87024006430056,152.66917937872313,71.26641253184516,43.66432039287565,368.6516160770261,265.4167020466921,56.37375761598969,1646.3787752608478,168.18560599794,213.0974809515228,473.6799123287201,171.14855040336624,19.10314086900712,17.075868890602123,10.292304676862727,128.57582956187434,93.56640243530273,196.80133133761592,228.76985514407352,131.0709312472991,144.17022996775813
2024-09-12,666.6091258178494,207.8036424455604,601.8118355323822,655.5366756866424,120.15963017692411,147.2169850332175,67.21453657560232,41.17085521264289,367.26271603010537,268.0784071857561,56.60992545261615,1530.4173498848395,160.70668889084482,210.37682019919885,464.0298157657453,171.4672463499046,18.86997515087205,16.92059761409837,10.292713803160723,122.73280793056256,94.50582209043387,194.235976574324,224.02246295661462,130.0624716331513,135.36478091278696
2024-09-13,660.7954207653529,204.73811772098088,603.2908284217774,652.6807930317227,115.71136801318971,149.18418509122603,69.98860467405848,43.303986368659935,368.9811684040251,272.3079528656308,56.80234576850353,1548.722197620882,160.02968284855342,212.9307724384489,465.57634207645606,171.73346254597163,19.50629949569702,17.399619298982998,10.689452160847281,120.2368289009064,94.87863955650027,195.6871959455475,224.16639023284006,134.90557445566083,133.26703755931703
2024-09-16,651.9295190075682,205.09265748161306,598.7457964976347,655.6726812482302,114.39959650884248,148.55570653575887,69.55994575868226,42.11028144819261,364.8777912438127,269.2718409855879,56.3809870919838,1531.9563918311687,161.26678107778935,212.18901841042316,461.4194874405439,172.49619343034374,19.53449221924211,17.15604065886498,10.293624581242568,116.9730019569397,95.52795159816742,194.3311478460846,224.1202699646301,128.90425351114663,126.09689670453645
2024-09-17,660.0078052183526,209.76872263277437,600.162937117675,665.384511397293,117.97542807123955,166.6772970418242,70.52031851621632,42.15634302447506,363.51081735389744,271.9512897183231,57.896789328943214,1539.0571744979388,161.84607922583018,211.9505720461275,477.2783887386322,174.07998819996646,20.02621105626963,17.376829648824696,10.753374272383212,119.22219491811757,96.93621152056494,195.97634766872397,226.21048086209885,127.01448771110518,134.72887801228353
2024-09-19,689.6645156594386,223.99094248725123,619.2874122028807,678.2077668248894,122.9845873620643,165.77200720880137,73.18284772465904,42.085981921548864,369.73312764842194,276.1308011092988,60.47911547707372,1547.7508977910911,164.3691387910767,218.14566732360072,485.6254712991031,176.9170008992769,20.653306321496984,17.847573202373496,11.534676471590046,129.8430444459991,101.24016405059047,203.72731894686876,232.79783205838794,131.01209650566852,151.43159761808784
2024-09-20,688.1269756767106,222.5169829748611,614.9418832018891,672.149374753546,123.92364409677884,167.88147618501898,74.82182761914828,41.152005190531554,379.2531224851318,276.91868107677146,59.46776360537797,1574.297997005553,170.2975934434662,219.0876600486008,489.06973922252655,170.2975934434662,20.88775990064221,17.69224380409355,10.132121715834614,128.2882463720489,97.8139493310814,200.77189791731416,232.3373492435394,135.45867182858728,142.62909728512568
2024-09-23,701.8821732263023,231.85719264012914,627.0895429023585,687.7806628300168,124.03113226248934,172.95799105903643,74.48100947188959,41.447590563165704,382.45529349951175,283.1992114873501,60.457387571159416,1568.3861063626246,161.4274474244612,226.4814673203582,469.4017388820648,168.67298701633445,20.879613137591377,17.91907015843867,10.829351208817002,106.89115324158865,99.17815636669911,202.17386692306536,230.8443672885969,128.5498538017273,139.6908435088044
2024-09-24,756.7699517855071,263.96236110534664,677.2697941479491,738.2380438199616,145.0624880389023,192.48227408763887,83.31554826993943,46.25181030959129,413.15169947868344,303.43991361305234,67.43108861366272,1629.7922911992646,167.95480213005067,233.5949993133545,506.12249851226807,179.6345520957184,20.478495830898282,19.621979793806076,11.757614891180992,104.33909672298432,118.27693138498307,214.7516687746811,252.51619663398742,135.09577757320403,146.54192719299317
2024-09-25,742.9212464320772,258.4581411111467,676.224882339644,731.6365874079602,142.18700652181542,184.9909756666366,81.17189295331264,43.971350863698945,397.532149507977,297.2151859742571,65.21768478765944,1608.8066461578856,158.29686162491453,238.53484326551825,484.15179660202193,173.39499307959431,20.390253501982897,18.91157234170703,12.218587964095775,108.95555782318115,111.05684714376366,207.71599260637504,243.90479991455686,136.1166200992493,152.77125061642164
2024-09-26,818.1065577825393,295.801556996239,709.5655142311625,798.5629276915279,164.21307203369906,197.53844216055313,90.86612372198488,45.00481668757061,441.3274967113648,341.5071307499238,71.78968976036458,1654.8223682484968,175.97038709117896,249.55091490360246,552.9830128118738,186.40403052361307,22.813860054055226,22.113091849549278,13.003120970360271,120.14261418973547,125.51516547388474,221.59809606089766,284.51141579136674,143.42364995279695,169.2741641819839
2024-09-27,834.960852972421,310.39726767254615,727.99438010827,818.1573640190036,178.30338663325347,200.55241773715352,98.95371370146404,50.72155643883934,477.0315697008118,352.79486408519006,77.09365307359622,1699.1721314273746,183.82673920073103,256.8751260319732,571.5510466838896,187.6386483820479,26.68327338653239,26.294304765248853,13.224946106881134,133.2607702104051,133.64974810543208,230.11405521168672,293.2048156620913,148.1193993646666,184.83806688981167
2024-09-30,824.9005102034062,310.9312057495117,726.8794428464389,818.4486734508027,181.7392832369933,199.38463272160334,94.67855452294316,51.925510025796484,461.9660413145539,349.9530756294007,78.35466325582274,1745.1790823706688,187.64697792539664,253.56438998596786,589.5255376344721,192.5441527187104,27.82834232152709,27.128747775776674,12.825912051837918,136.3433408378114,134.94414803972177,231.72147693344414,289.166027277588,151.812166544687,178.62997414476922
2024-10-02,895.686105966568,348.1712526156007,810.2753607068662,894.7534830356235,230.5080240025818,232.3732253945618,103.67421076151732,56.033812218539424,520.0808032211062,396.43337754425374,87.04281315390017,1815.4644669902336,199.0327264250518,267.65664433363054,609.6105886225705,209.52448240202648,30.542702440278617,32.25247223583983,14.29989123535995,147.6619176864624,142.92118821728218,257.7089035764038,322.213840636432,161.80637269312138,205.1723458207398
2024-10-03,875.9396589005919,346.21507194493097,787.6004951647155,847.9164745422349,209.9802186630859,223.72014818758544,96.25710553639601,52.00988778826331,501.7013433728316,382.2338858054154,82.28430538660814,1813.6702234381592,191.1169429027077,261.7572432291199,613.5614470788605,205.55549910919035,28.72187951863623,30.662547028668882,13.662299196599292,147.18021685393978,144.07515179911115,247.78442827321396,313.7671088082061,154.865273223053,203.45957464488674
2024-10-04,889.3689511206758,364.7399036499846,794.6313399691862,857.7638572742799,214.09152163036197,227.40914935354158,99.47451985050884,52.57162181348076,531.3849493169037,391.4527998614685,90.46667293915561,1910.5940198628668,204.69541905388178,264.4111798645936,625.8896085504457,209.58760187750704,32.76990157281534,31.294482649215297,14.288299285686776,160.12214017251426,149.0176445375564,257.4999964881317,324.0492999101807,163.15063359612577,219.9932121360489
2024-10-07,912.7308214393306,365.65154843508935,773.1650668412403,889.0427265894396,205.5042323818816,236.9589718046036,101.58712913386535,52.735214599929805,530.8471071705244,388.95134883105493,90.94688784185792,1887.4391972583471,204.64991644062047,263.59839781388837,617.910687539581,207.9895568675538,31.92072757942583,30.833402746198658,14.057545794490807,158.59397528775025,147.4877347288284,252.41450428962708,321.92558139637003,162.7879316559447,212.6495050958556
2024-10-08,851.7847443820465,338.13556206268913,733.3518731595505,823.2832086096205,178.93071877998955,217.7611683611358,94.20267157261924,48.46039929975359,477.45920449474033,365.70517534024657,79.680084318029,1828.3704920973105,192.9096747041458,253.2521969082809,588.5142843717622,201.99600049863966,28.656872235265155,26.404706455811493,13.280014053004834,146.934421807563,134.12037640831295,241.68072471061623,314.1383430365295,160.05911791352992,192.44371345671152
2024-10-09,838.8123960344237,333.06815624613955,692.5703049158328,809.035280167358,178.662606228012,217.06962919423677,97.57248855108264,48.902863739978784,485.0635385362548,361.83455278750625,77.82475042908482,1869.0378721636953,191.56860731524648,253.14424804264854,581.0033694142767,198.64358327888476,28.29990941545202,26.35623437425329,13.294737578380591,140.79982472973643,130.38172532258614,245.21405031558243,314.25336642510956,156.11597871591948,185.85421277788555
2024-10-10,849.38973752124,335.93178900616476,684.6883208591607,808.8944977309875,174.1839687122192,208.8497731970674,98.40111701620481,48.3455714512138,496.04734072949213,367.6439822978209,79.28052029178616,1860.605067592347,196.87996181315611,253.23132789935335,583.411350080627,199.67810261979685,27.670456174510946,26.42684133268358,12.980241956933014,143.9485587795716,131.66785109773264,252.37633713620016,318.7543200876462,154.75246827734372,183.20018372799677
2024-10-14,837.9251928787853,343.06667600227956,660.7181527660541,770.3067271892869,169.59027796066584,206.89703963238844,90.46887815285345,45.00127024088897,494.6253591592467,363.97402101297484,75.39072808795163,1764.6871524774251,192.1297714652892,251.58740573891737,576.0784621468083,201.5341897698563,26.34789496416704,26.814228929149635,12.668751426829147,142.2319890329436,125.13306957139594,256.2507676253008,304.82726863714925,151.4809589764236,192.751550085266
2024-10-15,790.5513082421385,311.7492297725403,636.9279220968019,729.4590541231446,157.66002774515073,195.15377181232907,86.63150821492309,43.62626101348724,450.3907002697815,343.03282091306755,72.5810614634247,1727.9726273356937,192.43684563844,241.7298521345947,540.2825198933715,192.28158848389285,24.995829995041277,24.685323089015583,11.9545269865921,130.80116186625673,117.37172152374114,242.97187975869747,293.42930010781856,146.01600766458432,181.56908171833493
2024-10-16,793.6360968883746,314.90661320408617,635.8721008123321,740.0382660411306,159.93900018486784,194.66106019976814,85.83418987136838,42.80057897498318,461.79570726322163,342.32693720751195,72.16286034992982,1725.6944440730585,203.28332277910613,242.43302634040083,541.027271703224,197.37979311194613,25.711417073184975,25.012315753015514,12.35080202758121,127.93565826624308,119.39108287130739,252.45349526405334,297.895112558861,153.88011096480568,190.93251982553102
2024-10-17,777.5909447750564,301.8827531740644,619.539610535674,715.7380095559129,151.21334185633532,184.54866588115692,79.4142069299046,40.017921974226965,450.6872682571411,337.0052817745909,68.30243225496406,1650.370148794078,204.82959769544686,230.93836729551458,530.567691835211,192.47454898340766,25.25402796268463,23.389115054412173,11.966523722821421,117.8003261725662,115.70230308758664,248.8881491744978,286.1864295714404,150.90253075755845,189.9880009092103
2024-10-18,796.2498607659836,310.78852849833675,640.7001061293486,733.7501088332137,156.63803907924648,196.28340256214142,81.54506328519437,40.57819089871214,476.1330062150955,340.7169066813585,70.66202610852815,1702.1852237083513,213.69626501020048,233.13026526387785,542.2863596848147,195.66151514710236,25.963823671699515,24.564576987861642,12.282288493930821,127.95345055326834,117.77003857189175,259.4050270829848,296.79605424647525,162.4682391553497,205.2230397134399
2024-10-21,784.0646637073223,308.3112175811584,631.6184215394424,711.8819149278897,157.10817943157508,196.2686836383682,84.07074734079288,39.937490045746245,470.0813639163971,338.38087669281776,70.00716027239378,1708.7651684586672,217.55831718444824,233.7197915824936,528.3559131622314,194.17079630872195,26.18469657192918,23.542917673017314,12.276505374572082,130.14649331569672,116.31600236948316,258.7389927235108,288.1870720559982,162.00324986741634,201.78533385338142
2024-10-22,780.945918719528,313.66879271228754,629.9806743457339,715.0249739202736,159.28311608248896,202.81584037665561,85.8216503229637,40.656452389215474,470.54206587282533,339.08879604669164,71.82898841315455,1715.1115213073208,224.03803846589653,237.02011845523066,521.8484755771096,195.66403556527712,27.907583184592227,23.709785353007305,12.515657493215087,136.73938835982517,115.98360813321688,266.71566581642946,293.0685048760988,165.42434638697068,208.25743647361014
2024-10-23,761.6657972335815,310.8839988708496,622.1566264588546,699.1003687422563,158.47311368070223,210.3907438639908,86.7366344990387,40.337199298215864,477.51781159226994,341.1174630173264,70.80382807449723,1717.7117720677415,224.92457733380888,226.40126565509036,477.8287027067108,194.14705373706056,27.590954529185296,22.46136973374462,12.279918288940905,139.8200767132721,114.71619736223602,263.0855721851731,298.44865077529903,165.93433736213683,192.82579614889528
2024-10-24,748.6594002842103,305.5705209372027,612.9279707074966,695.2059487994084,155.07721927774037,212.881560318222,81.3456213287659,38.69161274470139,482.1689821032869,338.0465861710127,70.23537678644561,1663.816988230552,257.7886983453827,222.59331046794887,475.2541911008375,191.28263746936045,25.250550389289856,21.9097078191204,12.1979585955782,140.2376662344741,111.10242319477084,259.96412089479054,295.00413203223434,159.66116653392783,198.1197030544281
2024-10-25,756.9689922821926,310.0294037649692,619.5925576065456,697.68269131122,160.4538051289901,223.7029192203081,86.48188389532015,40.871044421041915,480.58439640306824,339.01209774740164,72.02938859431924,1653.5677728113078,251.52007731668527,223.3921056985855,472.03723204135895,188.2709780457717,24.553706893267076,21.52334360084228,12.354554974513633,135.27848786523282,115.69768801904456,270.55697573046564,297.67484786418026,162.0078430967942,187.80477258359224
2024-10-28,776.5290531317078,323.5731932322815,630.0508041379944,723.6880652907348,172.7433247566696,226.36135892081984,94.25895601509819,45.14794096351261,505.64139993988647,347.3516377607193,74.52130206424408,1687.9579841294617,252.85956192007143,230.16902967285387,498.7254549661957,190.3828854560852,25.2548725605011,21.291800325114536,12.7439971193686,149.50884377958755,118.58134186265488,271.8201324940201,303.83553187068173,160.46557192011642,190.77141602841948
2024-10-29,775.8688089008792,319.73596853826893,639.7828201990051,727.3721091040643,170.43777325344854,220.87740362334443,90.15404501796729,43.52264025002478,504.3185977420653,345.7718519196933,72.12323156725688,1682.84953583905,244.2708249349671,227.40580095792393,484.1893750977324,184.6603499844132,24.403767371090908,20.595536210241335,12.590478323802472,149.842240749138,119.60954639233023,265.17722573802166,301.2388378157193,152.32924643398292,188.54630007291416
2024-10-30,767.0075506520079,311.07712528514094,627.1277498554991,716.6508555669861,172.6738376472549,224.8956394308243,88.20198846668245,41.57538449563026,505.58774990652455,347.36817790687564,71.18327521955871,1600.7689408030856,239.66072655046082,225.36190128326416,489.50160483087166,181.99916362923432,24.55667680683041,20.204859373941417,12.356049329746725,156.74308848542023,116.1779441793251,261.41980074548337,291.4939496163024,147.26235176742557,190.39195108413696
2024-10-31,761.4339465761623,315.6710046635835,625.6689790275159,708.9775374794444,171.90160196186207,194.36071163188626,87.2719185397782,39.633730576389326,500.4730112401121,342.79292404045555,70.33044627119443,1574.780252939563,234.8492810198304,218.37409120419306,486.48461176480123,179.59520685066673,24.324232070501694,20.827137760155097,11.812406048368075,154.80469232721862,113.07270553518674,254.97701548166333,285.12971521787586,139.88375759124756,176.95295691035608
2024-11-01,758.5654538590024,314.37164722991656,615.0614845929013,699.7956377184819,170.24577616738134,194.81091936748817,89.55394765035089,39.64627659094049,506.7727286442532,350.36425632704777,69.6530679234993,1587.4836392568686,236.78932769505627,217.1216741157623,487.33824931693744,179.4965783632324,23.32133960723877,20.289564642795767,11.738407528173639,152.75477146195226,113.96361169452211,253.2697623688291,292.44959037148146,144.82551243693706,176.54253370968945
2024-11-04,765.1770885867154,309.95893033672473,614.6300492335722,703.4341225575045,171.07617568969727,191.6830757041207,93.85860856210638,39.969614554723194,522.8709858144139,375.5899616041643,69.05256635011938,1611.615336894989,240.20649830173352,220.22169287836005,485.23425563993806,174.65321588025836,23.328569412231445,19.90704545348035,11.897570177759462,153.42422127478494,114.77656328800731,256.1476814673297,286.0860300113127,142.9263620728998,176.4417508074439
2024-11-05,771.1295433075029,311.1411648234789,623.2150749752655,714.1556392999883,180.48208478322613,198.5147608488005,99.56828812121194,41.039856748575176,531.808108335892,375.73231110919187,72.20838115128709,1616.9547367534105,240.3318794267807,223.77603530577835,480.8969303603899,178.53890982499706,23.3958264229517,20.442201450084667,12.125411294591913,147.44811049333202,116.90140519055558,261.4736176352235,289.4553548240201,144.72767741201005,178.30573831816855
2024-11-06,751.7294828800186,300.52079724681244,621.7136001586914,706.5774923504578,172.21466605813293,192.0317811340683,95.58846750667954,38.85710000991821,521.1514063598297,387.24987292873993,70.09821197536621,1575.4999437990555,235.47402013098144,217.75519201305542,466.75149599155884,176.3335239953949,22.226260390418815,20.67197787230282,11.734844128881264,142.6055600009613,115.01701751163864,251.40542520592498,284.7448241293823,142.45012804344788,169.10610102190094
2024-11-07,778.691645825711,320.6057159638458,631.1026284408144,727.2920823590102,187.63559890946726,199.14413467565464,110.57514958123056,41.29071919292278,532.1137396271988,400.15449995518793,72.0838022494263,1608.238594713126,239.57948210756604,224.33847030202105,476.6706369678268,177.06020810841983,22.86152883201771,21.850644033849903,12.208367607766775,154.3541997293587,119.20654028217086,257.2310887431886,294.0117073845704,145.41176812250524,185.2250337425903
2024-11-08,731.9505003488157,298.0178346313478,596.5019695730589,691.3081447409058,175.54688911758421,183.78414487037662,112.60178689476015,39.554390719757066,508.8451000918576,383.188016157379,66.98601832149507,1596.7073606747435,237.94802371833794,216.8108944812775,468.5912885505677,170.5734539192199,21.214829898281096,20.126889095888146,11.73420978764534,150.2134276374054,115.71019130474087,242.4552030723571,287.5269966125488,139.48945428543084,217.0440298144531
2024-11-11,741.8752069304537,303.37425560180964,603.4053276833511,686.3628549463319,176.87760722637177,189.16185364056855,118.95505161759183,39.34068933821641,518.426325443219,382.75536363895117,67.0191188593094,1594.1531164027474,241.71977299592436,215.8295567950836,466.4126573359663,165.99283436292262,20.681074743018712,19.670344669108204,11.817756466391756,148.11069374573526,112.89067858879389,253.38203281304777,285.7253655195236,137.14817070398567,209.14318975454717
2024-11-12,713.6720821445924,280.7099740586855,610.1748736316222,659.3963341549679,163.9159690264969,175.8131011930236,106.2965520497055,35.61362088959504,497.81308466799965,372.38784084646613,64.30669562571711,1505.7252493890992,225.1900536109315,208.47187181996924,451.8575471845397,161.89423327609256,19.82854434128285,18.973196169427865,11.508331981199262,137.63343393394462,107.22965914627457,238.64237168741602,279.38808531597897,135.92272646672063,182.18933672741696
2024-11-13,715.5944137573242,277.6039526552122,593.321097911743,656.9467775086669,165.442320741211,173.84277630928045,103.83897496345526,35.85750372786333,482.87067952551297,369.542276049011,63.703455960838255,1520.249195489654,232.95710041290295,208.14463778187564,430.9123001528933,161.7865571760558,19.134372664573675,18.745463027990354,11.51173636967087,139.69646756451402,108.03920274748998,236.1461612873536,280.0152053833008,132.54053766925063,168.16469376069654
2024-11-14,704.8156619165311,259.5010021449816,655.3276077173796,654.0825968458958,144.65139101026762,172.97473531728065,98.27579720376661,34.470448202509715,466.3237136220596,367.503231582692,63.805345290920286,1504.016469484115,207.52300040959472,210.40202868451524,428.35174283989727,162.7814462685501,19.375038302241705,18.130055258282482,11.982955073122412,130.87876991275334,104.9675748038544,228.53208394279773,275.1411098670287,131.11220945115656,161.84770295628368
2024-11-15,689.3559897559608,272.34970808029175,665.2335989137828,658.1525373748082,142.39998428808576,176.79386230218643,99.13529196020045,34.93857505556025,462.9167025950428,367.36084197505625,64.974861896103,1472.4781170408605,210.5652272914931,214.76720134026345,434.98140277888524,163.95452188963463,18.908851680468956,17.975080288042818,12.52808668300753,134.3851309490983,104.58228463761816,239.20085611577906,278.6526691534473,130.26097288366236,162.32043076525588
2024-11-18,695.710340372887,275.09175175170094,687.2232476343379,665.1099833871922,148.64141836244198,178.9303142285844,101.30041233417887,36.36225403586195,477.4589657291108,371.0974290124741,66.26183835384745,1461.4200079803995,195.9824243907051,217.5506168273505,435.8020063224103,161.9560693463518,19.777328127428063,17.752877260598666,13.470385256506916,137.81839692981703,107.29589779836851,251.26551075215139,281.3208256299131,131.04426609238817,175.2707351815452
2024-11-19,678.0224512638597,273.9020659129437,666.8920149714722,669.5383833427513,144.1507980690858,180.49983809830792,97.44967673882456,36.03769951727145,488.3380717744785,369.09451466144674,70.44085949106602,1461.5116252853113,203.53905082854453,212.1009260416031,431.44052826473853,163.7652725908083,19.770141066226188,18.680449274398825,12.375797412322243,136.83428490382994,105.77804100071262,251.91364504003104,281.6077639968171,130.37396371364594,187.97201038512412
2024-11-20,675.3577770640841,273.8168459421722,681.2731092427857,675.2021369934082,149.36172183862072,177.3038056983787,98.38104026984365,36.19239194710826,504.2806579131866,368.7732331059524,71.45078759256285,1511.9857455140445,204.15621607209323,222.05783783338848,441.46934910072014,155.66619873046875,20.158772067548853,18.757777615068335,12.21979700859265,137.76459181465907,104.60768228086818,274.3616752624512,280.19915771484375,139.78823933412787,181.03979090499342
2024-11-21,666.069153598175,275.3625480432129,689.8851145733643,635.3262680005646,146.55388926254273,175.89580279655456,95.65306960933685,36.580098479652406,507.21809525169374,366.50147082832336,69.81351200984955,1514.2604595141602,200.02310574188232,218.31314384803773,449.15692243415833,154.2590574736023,18.523540872535705,18.21221931412697,12.530630099053383,132.23316808898926,100.556360495224,274.0394226058197,279.56534547485353,137.6034422402954,187.72596634773254
2024-11-22,646.9841590504984,269.90751322793585,672.8230533314127,625.1923541240467,141.88044403958884,173.40079374658217,92.69314916587064,37.668754143951446,495.29739982510364,366.3364029259719,69.42257835638429,1482.7012228928288,205.69941159772497,214.80528842269905,446.4214240846559,150.0523931537782,18.445235577644326,18.289579722137432,12.06333993516921,129.81710967111212,99.30853230273442,268.740081322685,278.62424113632187,135.10941618060315,198.46140503883362
2024-11-25,666.0828649937321,268.59684577144435,664.681893780762,643.4338402808498,143.13231150510546,174.6541192613313,90.44032074548795,36.34735877290041,502.2473188281583,370.3227770268131,71.68290582783357,1481.1354116498114,218.62897147684635,212.16894909664006,457.5719958513582,147.80221059993892,19.691395107751077,18.134762694689925,12.530888048884776,131.53540457414238,98.37914772218483,263.45996122068755,273.73373032220115,135.5048180624908,198.39275196270137
2024-11-26,662.8980218985962,274.9493806477112,670.9138020219543,649.9015617107361,140.62652043309936,169.88804549924316,88.640627729068,33.54179885202484,489.50794129534916,353.9399110646118,70.66346521130981,1495.0615042883728,214.40291068472288,210.74522561780395,455.88832117276615,146.2298003492615,20.156208190528105,17.89933568085098,12.45171222167778,135.41236542422484,94.78866025003663,277.6731807807373,257.5947808726196,135.2567154613098,192.4567705960144
2024-11-27,673.9039698499982,289.4386046103591,673.6704983485106,660.1286168666229,146.8595566976319,181.41473428410336,92.69195654846953,34.088227161335,496.5362580049896,364.07469939054863,73.62434288149643,1604.4814732413943,218.9273462068786,210.36638801435856,463.22631124086,149.5056610618667,21.013290537962916,19.53457708089161,12.919281842809198,143.9021223613281,97.90636618364715,294.80868665373237,249.27987347902672,143.43516451403048,192.85531287531285
2024-11-29,680.0531405799557,290.95097083819564,680.9093413145747,661.9951912951656,149.21160978573607,184.31564690661617,93.79237971946714,34.870527492210385,503.209742406616,362.3265672427369,74.72256156295771,1673.4739685058594,224.5568587431335,214.12683375173947,453.9395410816651,147.88839721679688,19.84817925531388,19.069820012264245,13.465627895042417,155.74983485037228,105.07859802246094,296.6329951682128,250.39839303540066,131.93202345550526,192.25492232025135
2024-12-02,668.821610783707,291.57355977091356,691.5436939819119,673.2570747461796,155.0078767991272,177.41864755133065,98.74748413670659,34.238688257362355,507.7441728115082,362.69664681451104,75.94763590580442,1601.04771733284,227.22038671990958,219.98357084763484,466.2686575503176,147.69324394690557,21.55480994641266,18.59783335301131,13.539844682517241,177.5742815112244,108.9412784576416,281.53539198883664,256.63452240454717,135.0871900369384,183.95512544615485
2024-12-03,666.7077979374299,288.6888211725309,695.3432425118226,669.0422327331762,149.6357446717666,176.63710863599408,98.74558410281861,36.10555651722734,529.366602687689,366.7359840918871,77.03556164498514,1603.0400245278433,234.68612292764738,221.92468060975807,496.76267239095614,147.9238485789574,20.465004419102115,19.064357270306118,14.239907732164056,194.68988503938454,109.094813246782,279.8958942605532,256.70741473694943,135.1624062610681,185.3522349071136
2024-12-04,661.0101917272186,278.0865861646271,706.6185764328766,659.064441729126,149.20011044754028,174.49486042274475,99.46673782421112,35.801799222660065,520.5270181130982,366.65713439094543,74.48330755180359,1549.5174399788666,220.3367256274414,217.84616800506592,498.81244100883487,145.23077867004395,19.068350352430343,19.37967005522728,14.165060394349098,184.14577863189697,104.6813484128952,283.6125090336609,256.76118281181334,131.99967274505616,197.06555743164063
2024-12-05,655.0488442944334,283.4263563675995,703.3893392390746,667.4258525497135,149.92561690161892,175.38028097600545,97.61511982786942,35.885623349954585,523.1827858229371,373.6463928222656,74.72928153392786,1569.781936351501,217.96039581298828,217.64901669223036,492.7461745954133,145.0993444614869,18.838006232017506,19.382906701891898,14.556640757485866,191.64946885126483,108.12392759547038,280.54617373745714,256.9597249981234,130.7762315488435,188.84711615393826
2024-12-06,668.6720297766769,289.31951801310424,710.3813568452133,672.5628247691238,148.47273631808548,173.6850860880768,97.26987481117249,35.873130869314764,537.4744178818619,377.64055246788485,76.4152112769043,1600.050494697818,217.65106653428575,219.3630258299736,484.2483411978119,143.88159703962174,18.675816705855368,19.920869916061974,14.39594165758109,188.15884820948486,108.31973318340988,286.59597339215543,255.78085449182436,132.7539209864708,172.75130360152434
2024-12-09,718.2292790131287,321.0715204899734,785.4465726961243,723.83073004588,180.5686846126664,187.49269882384488,109.92829103333816,40.299258603705994,583.9502611291537,396.76877546310425,82.2322712855057,1615.2378671431798,224.9134360411026,225.61361742019653,530.8144094465497,150.8499277266892,22.561362483957282,22.71695793379058,14.781581645493986,192.2383544792283,119.34182502247313,302.9446190520448,284.73993287310805,136.45734676226493,180.17970155261537
2024-12-10,698.3599949565323,307.58779559382856,750.0587029317139,693.5399447934433,160.22709149409638,177.87460506312254,102.2312532570877,37.08312473250885,559.7452812194824,381.4819552586014,80.15241783682404,1457.6700031757355,215.57967211090545,219.00034187024994,489.9326094261505,146.93313335447692,21.534644698634338,20.679479112321474,14.304601890657807,181.45076318157044,109.69452396991119,295.96531507229156,263.235771718515,131.229164961499,170.95553619306793
2024-12-11,691.7367556617028,297.04719940842915,753.3073741326443,694.7686381333551,157.26942821354532,177.32652766849606,99.4303522673008,36.304906494069655,566.0300021442235,384.42775685239394,80.85032280957421,1433.3830251152394,211.14373420348056,216.74105911142215,491.08797415140725,145.14188349907454,21.300951287975977,20.445804427040457,13.915584620511254,182.45741254107452,112.64626942083669,296.8139868046783,264.39610037578313,126.56186145527863,166.1318778526129
2024-12-12,693.7409893628319,296.29573611339583,748.5529429133603,702.2154386444854,157.4386922121048,177.18656492115042,99.59455374325762,35.686104754409826,575.953511474152,388.5820130711745,81.32388773058892,1401.5542576655207,207.74132087915405,217.69300651550293,486.1551225598523,147.87575298488628,21.613805424458974,20.525341429922605,14.227793259490738,192.4250682592392,114.91080636317247,292.2528624333954,260.1431356680296,123.38528530314443,161.01507020114877
2024-12-13,682.8092999286346,289.93349473867056,742.1332933375161,706.1346006221465,154.02473142713916,172.60723106391924,95.63373432638173,35.065703822158866,564.0835454991538,385.3339781342929,80.55003572555916,1394.4642739159026,204.71838849353026,217.23630461125958,474.5143576172559,149.3596683224714,21.14827285123158,21.14827285123158,14.07293097352408,187.22441297339628,113.36096077727507,302.0626321171185,256.81155114447756,121.13606100844572,160.86682793527234
2024-12-16,669.1440247871215,285.4319920308044,725.7483452823362,686.8717450168333,149.36389110154414,169.50197122549434,96.33621812736055,34.36691522791443,564.1772040702635,379.66889242993784,77.98645805636443,1371.0221992002625,203.5578813630127,206.5902514380432,465.0419030537232,150.60795595386662,28.76868456722832,20.21583139654922,14.073328851204678,192.90568636495664,107.37717319597323,297.794752101654,254.2529716684876,115.85226582514952,155.19538114136958
2024-12-17,677.52328397155,289.7451825777298,727.9001962902512,701.0791610505585,156.18408078086395,174.14252480536652,99.82098585498352,35.29495845702286,580.0345581822403,386.2232514646057,81.31834138962631,1392.0518123893708,209.67070778614197,209.59296380686646,461.1667274210449,155.8731048637619,24.48879370920372,19.66877635171261,14.226822914924526,187.98064172530212,108.13939887154083,309.33622051072234,263.2350935988434,115.52490637901383,153.07439575058288
2024-12-18,660.475492477417,283.14971810414136,710.2054237675475,686.505985324402,150.51071580683129,176.85202776419828,96.9733393385468,33.56769695153616,555.6541632704466,378.4913015751954,77.78070389258573,1366.5626074944157,203.19333972156528,202.3386168093566,456.9713484661406,152.91950462960813,24.165631909625063,18.804126378654473,14.763569646589758,183.30137609791564,106.14229560542299,292.62949348139955,255.2543402362062,112.51393916154484,142.58500634014126
2024-12-19,655.2235576006933,279.07814654020694,713.5105558726355,665.093522511932,153.33365989649974,181.4668575846099,98.77703336798095,34.195039727363564,563.9849929076081,380.57525020375033,76.55026069511405,1357.8539212299802,203.77134062237565,202.45016806861895,466.6068572814329,153.2559421200258,23.703378926677715,18.729556111759166,14.14431198829459,181.38913980813595,106.70406127894603,294.6213460793915,257.7839501271519,113.54306996557625,137.71274258084122
2024-12-20,639.3155889457703,276.9227945777893,715.5392697889329,666.666022075653,152.2143008119583,183.061195401001,98.21280242652892,35.275799617004395,562.8588175880432,377.4666133007049,75.83520159225463,1371.4049966335297,207.61439415512086,204.81720423965453,476.0679023881912,154.0790990289688,24.32010082950592,19.1142002494812,13.985999595165254,181.35180074043274,105.82739885101319,297.20249927043915,260.06190884647367,111.18870298748016,139.3161020292282
2024-12-23,661.772774367746,282.0734644096847,717.9698546414838,687.57833491149,150.01426041773993,187.4012462802566,99.56905776502072,34.821964564757536,567.5669028567172,378.22249624858705,76.95032018746952,1381.2194130679782,206.2890552443023,205.04540001866462,489.372957094336,153.90064037493903,23.784644893297582,18.887807110875315,13.913239950265506,187.63441958945623,106.79771944478762,296.9194346601562,261.78655628898923,110.76182878017426,141.30877761581723
2024-12-24,664.4732858374628,283.28690767382795,716.5309826520388,684.1309301026922,149.10246972187815,189.8939206992036,100.85200285958854,35.89647597086332,561.8342324917903,391.7533111591183,76.9987186592407,1411.151071871398,208.92992226345814,205.51122085174575,496.3348441907656,153.53125345683293,25.32954853277397,18.56982326000025,14.063337892353047,192.76873846903982,107.1455442707138,295.2524070739746,263.47392312701413,111.10814414402012,140.24488743225083
2024-12-27,660.7630662855227,271.7316296684876,710.6349548187864,672.7261012753297,146.3528876904602,198.01141419947817,98.1123658868637,34.801535792697905,548.3572039509891,381.4186042507936,75.97299314966585,1412.957878826477,206.7118046299438,207.72166410029604,490.95024091201776,153.34426465571596,22.527780510730736,18.876726325773234,13.827395636514666,186.90288594227604,107.74493201047517,296.58987534124753,259.5355581637268,110.85221642373654,136.48727023522952
2024-12-30,653.1280876842866,265.97132911353765,692.8763072490692,652.5070671011199,142.84508447138978,188.41577920569762,92.15060714569245,34.0033423534378,532.6413878236053,372.56173835129084,74.06207220980377,1426.9758245810517,205.49507425347292,203.16608418566284,488.85626793580013,149.7544493129608,21.42676304089241,18.631968666393277,13.741076197370148,185.38807434871524,106.3574820969925,292.83243871407467,255.18031909473575,111.48127209206086,133.29620446306762
2024-12-31,658.2671902207949,269.1605381909176,692.5818469496153,654.5406840567011,140.59699360717786,186.2463683478927,91.76457015579217,33.84886196793559,533.0419530981453,373.9677910748287,74.14142852087025,1433.9961765814223,203.32607474094402,201.46283646659867,498.2614460795594,151.77642325324996,21.11672080317021,18.554766324982666,13.896665086231224,185.4700153649901,107.1363044287682,297.9631464911654,256.42840257904027,111.87203689369198,143.7800275101472
2025-01-02,659.8856324125518,265.8962413991867,681.7135560990937,642.4077898432006,133.06463490888746,186.58568289623872,89.71959333761788,35.3440831218586,503.1288020199645,361.90786132132416,72.08638861177405,1429.2991256713867,192.72233991619032,200.17956045017854,478.19378336507725,147.82371382037127,21.51716603721752,18.56535358855467,13.516198327712345,195.82950896528928,105.9545682873295,300.5412022249038,253.07917462771002,117.1403842721611,148.0567422389595
2025-01-03,665.2274924332887,274.8321186869507,686.302613735199,652.7068394361268,133.1388251911012,192.4758038520813,91.06633011920167,36.00658561059572,525.7116786547849,346.92305968966684,72.01317122119144,1406.2010611017467,196.75303800445545,203.67440022946175,487.0610020542299,149.9367123406373,22.319415556701642,18.508785260406512,13.531632344978334,214.32860813616935,108.48636068786618,300.7288477788388,247.69108792373663,116.57423255307003,152.34751623562624
2025-01-06,665.1360687475426,273.30311000096117,686.1354899456637,648.492116022735,132.14057646597666,185.88344730279914,91.38621509075165,36.63226183519555,508.1851029245445,349.600888344803,70.8534798384494,1404.9366670821837,197.62754991587826,203.92736144081482,487.3412956291122,147.0734734826965,23.099324377371317,18.355017704457737,13.221835745694648,187.20563143366235,105.77468596555718,284.03613761255656,238.8485601506727,122.96307224952898,166.4395717515754
2025-01-07,656.8582182398713,271.98034162316435,697.6008262371033,642.3183671104416,135.44590148165207,185.75215209846647,99.99048443878974,35.066650057863626,505.39515256881714,348.41165354866644,72.15487509051627,1361.4568353767245,200.68074796755445,204.64615786733702,493.4989376996964,148.43066984086,23.559189197292994,19.04950996758032,12.907014406074666,197.33736227772442,105.19994275847739,286.3646829925492,245.31102581477353,117.95145389273148,156.20597988038026
2025-01-08,650.8119706752186,269.99870662104513,717.6117350636778,632.5372418102197,130.4890070047868,180.33611551267404,94.40622914269034,33.59430927253993,504.6922769473422,338.898148480228,70.92131586725691,1383.2767731432687,188.96797621615588,200.63266647227465,495.9048686482438,147.20839340540624,22.785028819420063,18.741269678956428,12.986688151416104,193.40057097271438,103.58244710114741,291.6950079521466,249.7798923782011,118.43548484067833,152.2630895499069
2025-01-10,626.6933260525693,257.58783621656767,709.0280663686281,602.5687962630036,124.28030219935499,173.0741293833671,95.09738889597975,32.45140018708116,491.44027190339693,329.18325612479384,69.10513959298441,1375.1767482052383,196.88738248282607,197.3543197827821,479.3001692820908,139.5332385161164,21.167340005362803,18.443600317141318,12.607018584166099,188.7161726951599,100.5448645616234,280.85635881913913,237.35436153411865,116.96511444188036,149.5721529740149
2025-01-13,627.0924939390716,259.9778712672196,733.8399165868759,608.5615975366818,125.35621153301236,169.11408471489722,91.9538432129707,31.61156519206429,496.05241818460854,335.81449746649923,69.91917363421635,1437.3919092732467,196.2875716212693,196.2875716212693,459.76919378864295,140.92841135448452,21.100331055110928,17.985890348276143,12.457760042812822,177.44522409406272,103.78871121607972,281.00034696652983,236.61957153501135,112.97631148687742,144.89932409105677
2025-01-14,635.8812436401458,270.45195138135205,747.5964106561296,619.3769588950381,129.6207446679955,173.83971680850755,98.16922421683239,31.762921349713906,501.355936676071,338.2595545797576,72.63432826251756,1564.7131999843332,189.09838311064595,202.48862917271344,464.61058610077816,144.41229848573312,21.33098196778326,18.139119045446023,13.390251630354783,181.62474669666062,109.37967141342733,285.32135727982313,245.30629355755536,116.8533004030296,147.75986371344152
2025-01-15,641.9603137919621,275.42618802410107,809.2250443734738,634.6405146121979,131.05521242336272,170.37955738777146,101.62035382499698,31.926699992465956,506.31072551704347,338.2672770945737,73.43141406711584,1570.7936856721499,191.5602073810578,208.14651122783653,457.79774766971605,142.8914562604905,22.27081969588278,18.92241095551492,14.016599951410285,177.07638229476925,109.0958742941666,284.8484808168796,245.8355932838058,107.84995545368201,154.10474067737596
2025-01-16,641.7208414756897,275.74609906456317,773.1322936346987,628.4862974007992,132.18997396772465,171.89368043632203,107.97850254611512,32.38576480330812,512.3334569266299,336.39156702648324,72.94582298831483,1598.5800649122684,197.58430617252816,206.38140957680662,460.8743681221313,146.43659639394536,21.56456037931366,19.618300403880312,13.779520477580263,178.74450901638193,107.90065036524356,288.357885087622,239.9349273956177,103.69672911528323,152.00290111158756
2025-01-17,662.8890603910222,303.72030687332153,776.9009862179264,645.7560843540341,136.05111673150623,175.92414816954806,110.04020438148882,33.95437380817225,523.021972355622,347.7208247521594,75.77431914987937,1636.040067283997,202.8695836494826,215.32990690223687,473.80367991069033,148.6671975527115,22.428577398799916,19.62500429558372,14.562999366701604,183.40033320888506,114.40131232110207,298.81404744412976,247.64885966285692,110.58534101720807,154.43009390066527
2025-01-21,664.2982081338778,299.54886198043823,783.5731328780457,651.1492205315153,132.65734722672278,185.0978623573974,116.70734882354736,32.52244653655225,536.5425778682038,350.0442546307204,74.14806687494547,1701.5931221031497,202.29273796081543,210.07322788238525,363.4266771132752,149.54101095013357,22.485616689542667,21.162932809271524,15.638784668154813,186.03151283752595,113.28393652288014,303.2834935811661,249.36469605027014,110.56076208230934,160.43370871241677
2025-01-22,672.6844784327695,304.57656959535234,774.8328223746648,646.2130870819092,126.98476030350503,176.1125370134505,113.12621665954975,33.32279696736714,520.62976997644,349.57793489181495,74.74272147586817,1730.1382289177855,207.33318032129682,211.84888563702407,359.15434213636763,146.05973086220547,22.500673366953833,21.644245344571118,16.34996893065454,180.3946659878311,113.74907205309682,307.37942629133613,249.298112580429,110.40122616903682,164.97898386000816
2025-01-23,670.5166624448393,301.382065134163,774.4817795081326,643.0262670688171,127.95109365658573,177.48055309881602,110.89613576027295,32.1629958386593,529.5602073669434,347.7964526500473,72.73665320017244,1730.727402855744,199.67534402456658,210.42230949217992,364.07264256477356,143.76001387010183,22.428433203237546,21.727543505186077,17.054954182871825,172.80796006306082,111.05189232734301,295.85284068705005,248.34815720167535,105.91204444414143,163.46277399155042
2025-01-24,694.3301606225068,317.17663430231914,803.6906739449951,672.9877422931058,131.55974948874064,180.78755331741195,114.34560286764827,33.41570992797051,557.0842618007482,358.06998597639904,76.25636406272088,1729.8277361252622,204.6225461328704,215.44954306004183,363.91189335841045,145.5024422383758,23.75708964876128,22.510817262471278,17.759398218463616,180.63178041167976,115.59187525393827,311.02315139536586,253.772470937045,105.62168873524888,164.27443677070005
2025-01-27,700.8195849232106,313.84630968074816,793.9610650102622,689.2937485404582,132.23598748386394,183.8687767593001,117.51714517692562,33.253691357846265,545.1424837112427,352.31781254428824,76.55357961843492,1754.11280036682,209.02320494274136,218.6800128717232,375.7589262723923,148.20088341920837,23.830513842329992,19.3914969948554,18.145456363658923,177.8722058735275,115.95959670886032,318.98622333885214,254.19214765151992,106.22490949973098,155.05409667869571
2025-01-28,747.9027502499375,319.86219009663546,805.4576907697847,713.4009335888368,135.04773475276488,181.2318813069778,117.68000044941027,33.64511142909964,556.3904507234984,355.6101207579468,78.1158438055977,1765.355796987169,207.78971007559812,223.83343896944734,369.78467865148014,148.05406262795714,24.7665398933176,18.068669714760404,18.691728571722024,181.15399732510832,117.83576841314925,323.52266297024835,256.15454870275425,105.14096903800964,161.4497955576462
2025-02-03,768.6610125243897,312.0322401642334,808.1034912049072,683.6959363907226,130.33172621500853,178.34867876094359,122.30291947385558,33.362430529490666,561.4709608673584,350.6952644721314,78.41730109194032,1741.160182046704,213.42599885982054,216.93373681679077,380.86175143125,143.66111558378907,24.164375324729917,18.474054360012815,19.33150100316925,179.12817773668212,114.74181360491639,311.40865882489015,248.19152828902588,102.97142218761292,153.87250904961547
2025-02-04,797.6340097483444,320.7681114703064,788.7497664866714,723.832396083435,137.62791109379577,188.98510038852692,132.40646648848724,34.21214702983093,555.4213389806137,356.61681965252683,79.17891097363281,1737.1822441109543,208.62396799634553,217.97579909696196,377.50259807376096,146.51215435546874,25.327900052070618,18.93747655918503,23.223736196388245,186.64714632946016,118.84630024433136,319.3653330891266,250.00587078375247,105.36406778405762,161.47509898080443
2025-02-05,773.0834268119506,309.9965014249192,788.5793412638777,690.1529294669417,136.34862154374696,181.9798605513306,128.87318977878567,32.70497869741439,535.8944586164398,354.4596935441132,79.58212052376939,1772.8435186425704,209.701220547493,212.42663853318027,367.853171124405,147.639617695404,24.762342658122066,18.143476507232663,21.02463048872471,174.3486872209396,114.00021931007768,312.2546798619842,239.29143477181242,108.16004427746202,156.82816212309262
2025-02-06,781.568687654526,311.52184435984054,803.6033646586839,691.4835140634386,140.6169602296677,193.2120734431419,133.14231144374844,32.70161814001085,533.5814173782273,386.5798724486922,83.6227112592087,1782.0046485521016,216.53143435934453,213.3391345840073,376.06861974823005,148.7145112652206,24.83765916077232,18.5309186786003,26.472740439043037,178.22382220449072,114.92283646456144,330.8313982758864,245.26214718818665,108.77181783209608,154.86552247228246
2025-02-07,805.9806292646026,312.7836898230744,811.1196883582306,695.4901755793762,144.12811635852813,202.60473296882628,131.82544698875427,33.01475812076569,538.9815379206848,377.1780481981659,83.78274153591155,1740.282744884491,214.36234971645354,213.7394303123474,376.7108772095489,149.7343909954834,26.240504031772616,19.232655166239738,27.408479770917893,180.25747149982453,119.98996345916748,334.66376545188905,253.60630187828065,103.09325791477204,154.0948416757965
2025-02-10,867.2206404944336,328.5186212897752,817.4403729895675,731.1233921150742,142.87483581204833,205.43127093362727,129.7091571415558,33.73217137505799,532.7813442031693,374.48163886269685,84.99260763029633,1711.3039618373368,213.68902711668852,218.12951850891113,389.5169973373413,153.15808216433106,27.421996463959886,20.41068976894303,24.851184875889203,181.04749857932893,122.61994897872773,337.55544415707845,257.782350026564,104.54636267969818,158.3776105230072
2025-02-11,878.4547076797026,317.7952809989165,821.6721603082806,696.6571382332768,137.16605875017558,195.2727388882522,120.88683820607002,31.46796439021682,511.6660091925587,369.748594584511,80.77296787291334,1723.1047491455538,210.7730464440383,219.26316681800836,424.8954083382796,147.4476685977097,26.716614103543293,19.706423207594867,24.379884423915883,172.60645858168027,114.49977101533887,320.6772397422101,256.88452004550163,102.81612076013562,159.32604338586043
2025-02-12,921.995416536447,306.2929141331588,850.38939948396,727.2800428578921,145.93909796711887,204.92249113713842,124.90143608097605,32.80318329016609,530.3051198131288,376.8859682495713,81.65732606884922,1739.9711909896578,217.93468070979543,222.76555980365447,407.2737268543533,153.02957101182255,28.985235551597498,20.492250599868385,24.855618913177295,175.39184244157332,124.20017176784404,335.0443868637085,261.4125331083451,101.95478639285011,156.3800172583069
2025-02-13,931.1484862402467,308.3835404885376,816.4101541081036,752.3810288368113,154.38650302637325,196.29364550737773,124.24140927039525,33.1829741854317,543.2348414246335,376.385262057669,84.82689691466794,1756.438645383947,224.49137429941402,230.645031242595,416.5008391718584,155.2433450962235,29.677728393205825,21.343038661855985,23.991444241376485,176.19691633672574,123.85193627760691,342.8128074508695,271.07216297956074,102.9762685499577,157.11280654731218
2025-02-14,971.3972794664005,322.2674527383424,806.0580110549927,759.1742765557865,171.25812056625364,201.24192394836427,129.74808059112547,34.578720919876105,539.319007396698,382.8580840625,86.44680415649418,1797.9377094119263,225.85200309753418,234.41880618591313,432.0782423608398,156.46092333419801,29.205000400543213,22.42944119888307,23.208240466842653,176.24243588119498,128.42411997879026,344.69687165557843,283.9504767642211,107.47440295944216,159.34247505523672
2025-02-18,987.2972266656798,302.72446396368105,814.0339233429477,701.4556383091549,161.90429087937628,199.4044664034791,135.99649221948857,33.92132378503493,522.5906391641329,383.55990493383797,84.25869787940064,1852.5243531697051,240.63911075557553,236.2044447891967,419.73747432145683,153.89077688377984,28.31963723737067,22.717950689706413,23.340359687805176,172.9520617251801,121.75887340350346,352.3616372098113,284.83019413879083,106.74324704974515,157.6252308723724
2025-02-19,977.9418125805132,304.67873450266234,809.8592581635967,684.3804431283643,158.05355616860197,205.71062307984903,139.8614584342422,34.12961599024197,518.3970099905091,367.65139419405386,81.63120245933533,1840.122810418572,240.7731699156111,234.08719579755416,417.4075378988873,155.48800468444824,27.44363260437774,22.15703992610929,23.78966427186583,171.42551923320752,119.72576064132681,342.384593432831,292.16197503743024,115.2943548803787,152.53373911998005
2025-02-20,1057.5502098947618,320.36839966291336,788.8265013471464,697.2815847582933,171.96760738640296,205.10112283657236,137.66742188668832,33.98907299200209,514.1916922405289,367.7353253215697,85.944913702549,1899.3436472043759,241.03464343864744,234.73461330309146,419.4578409232163,160.14531725831148,28.15570790926131,22.86679156939431,30.177942918146528,176.63428758458394,121.64510919572376,329.93511483820475,287.157104231439,119.23398169782104,150.26748215780026
2025-02-21,1117.7453726530075,329.8417854698273,802.5995042064606,709.7585826179566,177.43964565448914,213.5185176328705,143.07140473342133,34.52375317243309,521.1220252035309,363.0436863595078,88.17553180131836,1985.660037263704,262.66043355675356,233.11308355112305,407.05369428063204,161.57738859982146,29.00306268740883,24.10442120784569,31.569016688788224,155.434641693927,124.40991973876953,326.10949143706057,282.41051543407593,125.26524268283538,145.24858366794433
2025-02-24,1002.580075743208,305.42022787391943,768.3287991070756,682.7086065781077,159.50845252901217,204.8048107838622,140.93926618337719,33.875151050314116,502.37782658099604,363.69170152008337,82.97858084320978,2008.3456871652743,256.00601347982774,222.67472344100497,377.59913737178067,153.9143815746911,25.755991796180524,23.308589458465576,28.902651150785346,151.81661978602278,124.3124771118164,314.2774871259917,274.8859733122572,119.65075625628288,139.9292338272926
2025-02-25,1041.7789586709914,311.49977066741485,774.3571894839188,692.0316633471557,165.58385146225737,231.97287933714142,148.71450952909163,33.1945102305624,445.4438921269302,371.43645559255674,82.48097042694053,2018.8793326909945,263.6126093398834,222.79968674295196,370.11490852383577,152.2905066478943,25.73157551628742,23.477147707483482,27.44183154276209,160.7640479542206,123.52711506233254,312.0439405963043,277.2169168721939,122.36102711130752,140.08550169131013
2025-02-26,1081.099460491736,330.5950397589477,787.1939696104673,693.0603292171145,164.6368032907776,255.85554546574713,170.93310738985747,36.689597062961184,455.58843259321293,380.81006389700633,84.1062387014099,2013.2639961242676,272.6068252111145,224.6460568339462,367.5955838606751,151.81099315330357,26.739877458947376,24.563376063909345,27.750395103334995,160.82792723942111,122.7391444864952,326.78617853383184,287.531423149936,130.04596808324277,145.5924082077545
2025-02-27,1061.4058761345514,330.66426901063824,780.7998142493598,686.046743327679,160.90151559678634,248.11479231056364,173.027422318959,37.23276450069352,444.61673795548995,390.20559942094405,81.84989631991812,2163.853287275182,267.2364287050077,224.95119689263447,363.5441391668792,152.89529987510832,25.262314319610596,24.407282958061387,28.604713348494897,160.43512373472913,122.191873184629,321.8030311935727,282.70472148343833,129.26531259512194,135.7169184283266
2025-02-28,1030.5050728040442,325.84835795678737,775.503519567792,672.3052153961253,158.18032002858126,238.98137294018852,167.12364875656658,36.00663197347376,440.78960276468206,384.2521892745117,77.8458715738625,2113.7369090622233,269.38869951519155,223.50552248341137,373.9090471758609,150.792344434587,24.730256857277595,22.552750232392327,26.441155317002313,161.83541546820288,124.42896270751953,311.69456582210114,279.1097122267165,128.00628826547836,131.66139853818822
2025-03-03,1017.4048407545197,312.9758677757309,751.5620273877503,655.8181902228607,153.9990478304062,212.876476301577,157.49903225898743,32.89979799800358,449.63058129304045,381.2643275769333,76.68841501237603,1909.6660344834381,246.7873689619919,222.6764030319191,356.06446936083375,154.2323850705925,23.799853318535042,22.399863255813216,25.044290784198665,154.62126563606034,120.94370279841041,304.7314633072601,282.4871507941498,123.74368292385407,124.52145888963241
2025-03-04,1009.8655955065624,318.4751248566972,782.3833083691861,677.7803931650851,162.8539477493432,215.19429950921403,157.25437572520968,32.81965653326279,461.6528267072572,379.52589891268144,78.3938748338951,2001.1436403564876,264.4237861633301,230.20424033247764,357.98313395044534,160.13193521914218,24.109226820261938,23.098195660891633,25.431346344429585,157.79879009826982,125.29021636713878,308.59811516637274,284.7999637313551,125.13466940340732,120.77945083846316
2025-03-05,1096.1443731701875,340.1210830693635,801.8028683911252,714.1299217752749,171.8482093852508,222.83527997187957,168.35061448708802,33.81002595210839,497.51261629125656,391.96313941686094,82.93172124080047,2038.0061633006262,279.10759848252565,241.4890848377472,380.5376726326722,161.6663286038056,25.72670952191811,24.172225165399368,27.358918003608323,156.847436549353,133.21927284779667,337.47845910735487,291.8543624230042,130.1880338191986,128.01175090204015
2025-03-06,1087.4674629065703,341.2759558494872,792.5030842249907,725.677655674881,173.12451838940433,214.15222115380857,172.73598949452207,32.946494422058095,493.57581456164553,383.08071640365597,84.0757261404724,1996.7597096406098,274.9944529313507,240.18306427644347,377.5637394840851,159.29320096969604,25.56461585920715,25.176096227363587,26.730176607345584,149.89102402647404,134.7387380058899,321.46144165721125,288.2818298982238,124.48181231478884,121.45135362858582
2025-03-07,1092.9548363164067,328.6947989859618,798.8472524750978,736.8235344616696,187.31484061141964,225.55504872393794,183.42864066024777,34.74262593276217,496.11229999829084,386.2882810763549,84.8746075265808,1920.3269007988274,283.0707902116701,237.29137435543817,382.5575326811522,156.38069255801383,25.95981500671769,24.560784358516685,31.32277323715971,154.59302931372076,138.8150669997558,314.93764760089107,291.5427072911989,128.47777572262567,121.98781409533694
2025-03-10,1029.994819689513,315.82157057421864,795.7709102954104,719.5353962121881,169.48987177670278,214.17427281201162,178.34905006118788,34.65955309948731,483.52408468927024,383.58644563061534,83.38497437460319,1885.7594641508185,269.58292357394384,233.9908421645814,374.7272821685183,155.50171738156132,25.100976729797367,23.15817668478394,29.452848385955804,151.22754838909896,135.29659394894406,298.56949668817106,287.0681239790647,119.90962114981085,117.50054583306883
2025-03-11,1080.0741960868982,316.59489381313324,811.2598339206088,733.9563191409834,176.9046840994033,229.11370174445346,204.6407251864166,40.55522157743076,478.5050198345871,381.5454092858199,85.22812440908046,1908.9701468564672,274.6412027781298,230.97830792978675,380.76847151871516,152.74246782963564,25.327591430957796,24.47298026268004,30.4552639975891,154.76246156838988,141.9432847826156,316.59489381313324,284.7411862904737,121.8210559903564,118.946452935646
2025-03-12,1065.646390368347,313.69508409217815,814.9700378617854,717.9942287757876,165.43395601242082,231.0169668866729,192.16446597114555,39.629550192785246,478.81821298316936,383.31878826080356,83.61058374874119,1941.3817372906487,275.3088238587952,232.49336607135774,367.0007200910186,149.11590266368876,25.564945305995934,24.55478124556066,31.082000732421875,162.86967672378523,145.07523901142122,314.16132477432257,284.94422748626675,120.36504605777736,112.12832001358038
2025-03-13,1074.8827002034377,320.405944379776,804.4333274541168,732.3342330868072,163.07760488545227,223.13429020510102,196.95175755760192,36.74878907240486,472.3734330983734,381.39493739899444,80.95610642580414,1977.8307538254012,280.78249667897035,227.87356793733215,373.23717834332274,150.80211150351715,24.784067393453597,23.929443357902528,30.533349455691337,153.21059034929658,146.52900243983458,310.5389298436203,279.4617299077072,119.41413986462021,111.48945773384094
2025-03-14,1096.5741878397967,335.4226770558762,798.9215094272149,729.1324274855469,166.6233179017081,213.40839753079854,184.42029659712534,38.08088867870424,482.0729453633685,398.68357594748704,82.06820257139998,2014.3235586741648,296.8754996464613,234.46946775124434,394.176057689343,155.19904203361602,26.26804195651357,24.791435653015697,29.454400781760796,160.79461056432865,153.489293217659,335.655815862543,287.6272650308292,121.93655423688097,116.03013643447412
2025-03-17,1147.0203266806493,351.4046577579393,792.7396819249225,794.9160339975606,173.1762038196166,212.58389113816065,190.89799561240852,39.096782526968354,518.2072188390521,414.3637064149061,84.72264350978094,2060.3149102396856,298.08379477372,240.87658668474887,394.8541629617921,161.12847914132544,27.12679238579483,24.794976798403923,30.702243817935937,167.9684809203536,159.10757019867106,366.328295307585,296.60698867451174,117.67898135011592,115.81352295008855
2025-03-18,1109.1326520509028,349.04185779669206,780.6820415935363,796.5334605269163,167.8384810525131,214.61569007669823,175.9195852537232,40.32785698530006,513.5390926952823,417.1873915774995,84.30775700389859,2031.0010288085323,294.6497584161989,239.79146001147456,408.40697401927173,165.50738218666083,27.04064384022331,24.942663012325283,28.827812968074795,163.254002919075,159.75736203063207,362.79529219700635,299.0011370375214,116.16598219484331,111.97002053904725
2025-03-19,1112.6210234994505,348.3156674841157,791.8101605850679,763.2953163489074,164.95072851232908,213.8221489424286,184.91885527061459,40.16934985311127,520.5699033737183,416.6890219994202,83.13578905683516,2068.760411283234,295.32628587277213,235.96579704984288,409.1524034660797,169.06867487404634,27.193950176239014,24.785343605215076,29.83564752648067,169.3017712105866,159.74502888581083,370.3039032143097,295.63708098815914,125.71374918585207,115.22465115396881
2025-03-20,1063.7783872093714,333.95072217029883,776.7578980593535,732.4693762969182,156.56368068889242,207.9616326258256,171.48190821040043,36.59627573089256,501.3922736973909,408.15335539294756,79.01998385581282,2040.300601342722,290.05074925253575,230.68862785448982,403.41370563676173,156.48597981191415,23.73707513703698,23.38742860059824,27.738577676874456,161.53643307601305,157.65147814666125,357.57125525432275,293.0032936581483,125.32863950012143,115.46085783274884
2025-03-21,1050.3891827636107,328.31464439370757,754.3308706019598,734.8216275612795,154.44157197941604,205.1966416272735,169.44267786209093,34.97670078277588,499.2341352649237,406.1960720445859,78.65871287087248,1958.5397586238396,272.740541289917,221.51910495758057,390.18453466232313,155.8406275576781,23.317800521850586,23.395526449464796,27.126374681211473,147.21305144563303,155.2965479175109,348.9120170646056,292.2497546804807,116.51127482850643,117.05536188120277
2025-03-24,1045.3183614890877,330.8983026720307,776.7598713659027,745.2013486827418,154.4503077032805,203.49818480241083,166.26531695867016,34.04591529156187,496.7749735701691,402.7212036353849,79.20727248178719,1968.1336581480718,277.2643160684238,220.21021744552309,369.68578440969213,155.30533200162972,23.47458010152741,23.163658805332943,27.205639362335205,142.63528362199395,155.5385285334869,345.51162583201585,293.4322531223297,117.29517203682553,121.95899147974251
2025-03-25,1031.9985222816467,322.3877964503481,775.3787601339718,741.4841146572871,150.11593908935538,202.43497148803726,163.33174530578617,34.12785969890592,494.97057645217865,398.41750860214233,77.04034047714231,1947.1538315303042,275.19961780395533,216.27268229705805,361.2577972895815,154.08068095428462,22.93330086584092,23.866179996318806,26.509341239604964,141.797761282196,154.7803421556091,343.8440238652038,290.203440500336,113.65588156425474,123.68434148422239
2025-03-26,1028.2718648801892,324.87292403886386,783.7229121110613,758.1405222415924,151.1615605873567,207.38059267717745,161.11457538740524,32.81387533123393,490.7307571425554,406.6743459981535,76.82490714368441,1951.103779001678,263.6773845490188,216.7115588833849,367.8731194707416,154.5829020092924,22.549821403102897,23.793948253108965,25.893414166389448,145.95177384127055,153.41653494130696,360.56384827242255,294.7805854614944,110.57188132021338,119.28077668583683
2025-03-27,1054.6318229075405,333.50406703804765,791.1876732110977,765.2942442135463,156.760131412384,203.25941321705614,157.07117054046648,30.947685056224827,506.8266612417756,413.43928389116627,77.83576206320959,2041.9251873637404,281.3284546263276,219.27757236541765,370.05033404267124,157.14891549132517,22.783095187479034,23.793948253108965,26.670995301538483,151.78362401235972,155.98254842333972,374.1714986716306,296.10248692468303,118.65871326083379,123.79074022489931
2025-03-28,1029.8020848977903,323.33440265684476,783.2188551268919,726.0637983326487,149.45855515588391,198.44862290628043,153.1911423406218,29.160749316215515,487.4122069438781,403.3514762360155,73.01851895754999,2079.278183152608,289.97449831977065,215.71178116198735,365.17033631787126,154.12427801286321,21.773359118642816,23.017551756904595,24.650554015251146,144.48179201879884,151.32484133229082,353.27276008928675,285.930870854927,118.58704721927643,117.49837657505805
2025-03-31,1028.5774512209173,319.86013054643263,800.5837768792117,715.8737399895326,148.65095935665886,196.02324278160086,161.17465606626138,29.636846078184135,494.56975228796364,404.95912616856367,73.66428989223095,2117.128849395842,281.12220873034676,215.62555519040689,371.89965170033247,154.32940670451353,21.235850806783674,23.10273885093784,23.56946039832974,143.8281589060898,149.11767719487761,349.3414101938324,287.8896693129427,116.99164582143021,110.45753673959734
2025-04-01,1032.3396272712707,321.4489379411316,827.3498139408111,712.8355643320465,147.73270336429596,199.4663754473877,163.05831303756713,30.106664139232635,491.4310012372589,411.9245313392639,73.51627358827591,2108.555748543091,290.0975624068451,218.21496927871704,372.9492196822357,154.26748455776215,21.471419946866035,23.027320319347382,23.182910171117783,148.97742217845916,148.27726599071502,344.55406246025086,288.6194384124756,124.93876596782684,114.5142421896553
2025-04-02,1009.9608149320993,319.74183054450987,827.9515972618101,715.353284750061,150.41639175174714,198.58388005744928,164.34528363010395,29.569699107098586,494.7477755169675,414.59830318420427,73.457355438366,2138.2005227658083,283.48004237182613,217.3372935391235,378.1030795145416,151.58361376274115,21.39912462234497,23.500129436845782,23.8892040589285,149.94950591575616,147.84849739074707,356.93739038917556,290.1721370031737,123.72584484806066,114.62148941505438
2025-04-03,1006.6788844346011,310.573636869507,816.8320041337283,698.9852749902348,148.90408986116017,192.8047326624146,164.39386517500316,29.111412542188646,476.3685735960389,409.66140889917006,71.3774477412262,2057.4141060825204,285.587615901306,212.65341704290768,371.9878151058656,148.74842514193733,20.549233146875395,22.57302110517503,21.716802052162166,140.65326588552853,146.8803148934785,338.4396258771667,289.0903318961791,118.70295190811157,107.18293128607183
2025-04-07,823.6649456091436,271.39439027592744,717.7340447330243,619.8859760370578,121.39692346322363,167.17335919404377,137.87332972025524,26.113550133792955,416.1847123217467,352.37750119543307,64.73984446835402,1714.0126044615681,223.86929852915273,192.74287012337481,330.92709738924896,140.04946430254677,18.186222315339933,19.274287753522685,17.64219052273006,125.51602317451852,117.43325770103411,280.40981132700836,251.49837043190928,94.35074925220533,98.43098862326087
2025-04-08,771.9548565037258,256.51553799521935,709.8069378025539,597.0861336630187,115.5951296732128,153.7384209992888,127.55860372684401,24.393058905156977,405.5928473112581,341.8912247156695,60.98264448466398,1626.7994853506098,210.29301753433538,184.96773888554162,320.2171605908079,128.25776899760967,17.090678013252727,19.03280047266435,16.080773445325576,111.16709283650925,109.92412823925406,278.57805031951284,239.4248544255097,91.74586824239304,91.59049488950768
2025-04-09,814.1091617915954,272.5222351939774,728.4870933190614,626.1600986045378,123.38283768879319,164.25145432223508,135.50357302764132,25.71770672208595,425.7018728722687,358.6493531387787,59.59359997899628,1603.0445712960209,210.24807921311185,198.1273512840271,333.55322553282167,138.61145008387757,17.792612818920134,20.04582553713226,16.86024970204926,124.00441310004044,118.48792576789856,285.84727196589665,252.74833315351862,99.29676456879042,101.0837994334488
2025-04-10,808.5513811336059,276.13994564181485,731.8717362742609,609.013511985977,123.55670965279387,172.68447089195251,139.46695835305036,25.456407172362333,420.5739883365786,347.8524913563233,56.96647382905576,1616.7146835914464,188.74994514126593,197.2095451242676,330.39001677174383,137.06102155516055,17.69530735699368,19.790804159111985,15.677421479013447,119.44332882308572,111.0613416146125,285.06519266574105,246.95819375653082,97.24657861413198,89.87353526984407
2025-04-11,835.7187558236183,282.5292361312313,770.7106147651211,641.7805005135597,129.39560631028144,180.20742328299093,155.15060424804688,27.306506199693104,424.56962497366476,344.35676139371935,58.95722887444208,1787.0246644638246,229.15744957659626,202.54911858064588,333.8065155700315,141.57492637634277,17.609593434190174,19.47140075914831,15.670210881089588,122.64655591327028,112.716911914722,282.14136553913704,251.34399071888765,106.4333165856442,90.76310200547596
2025-04-14,883.830525022815,296.0836128249939,770.2206417068664,661.0310718430846,131.91153173559724,184.95532274434663,163.47413530312042,27.99533270545635,440.09284687042236,350.13555432119756,59.17019333895951,1882.5116930007935,244.435713388797,203.64472704046784,341.91530723647156,146.56836366464995,17.603713726903152,19.154702103279305,15.664978718663406,126.56061897127074,112.75682778339615,299.57334175637516,260.56597327432246,115.47105975320665,94.37762079276581
2025-04-15,870.8335563206056,290.3812567438981,760.3118399643281,655.7622073830717,130.14417377877726,181.79853266077953,153.64457136792225,28.076393021860895,437.9762426353118,345.603356674681,59.7980657770504,1852.4214968274173,235.62453685264518,203.670196267527,352.893901348114,145.42331099510193,17.9937104960311,19.855128950734525,15.97717399086514,128.59298587753983,110.90951333158682,300.6966311386459,270.7588141146225,111.52998553343696,95.94060481957513
2025-04-16,828.0490572452545,274.0512853271939,755.5996412053064,639.9442362785339,125.58421244989768,176.31432966870125,145.13158878648392,27.30428726659966,430.8957798428346,340.83816803938316,58.487024450038916,1769.6591233211366,224.4458925448762,197.87851653256985,342.77739299780296,145.51944265523525,17.375455701416968,18.849267113669384,15.125955045552246,121.00764036441797,108.05361705036921,283.43712702429184,271.491494178772,106.57980193933872,93.47064447534558
2025-04-17,845.021767906037,269.4879771566775,766.3176253999336,641.0429223488609,125.81796398040751,179.45167162927646,141.41908370164856,27.321360630764957,425.7319877922055,321.10359836276984,59.066920220036536,1792.8090329431143,223.8488775652695,200.40838834403985,347.88164254783624,145.9985175165366,17.347510930259205,18.31772970791576,15.135413301551353,121.39377612517364,107.8883251145362,274.2226495290379,267.6251440757369,106.80168482095723,98.8070767634963
2025-04-22,899.1592380456241,261.25898011870595,792.0019444961472,660.0145357760775,129.5819840979766,184.51853473355095,147.97175355147556,29.09774959087372,441.27706350753033,347.465917642563,60.6785084788246,1961.3435435744395,252.4132689790422,214.3146314985961,344.439756421074,148.04934932637025,17.69143152925301,19.165717952520367,15.441205856889724,129.11640944860847,107.7004713736801,294.31404022980496,271.19103210689536,121.04664125801082,98.15640565990452
2025-04-23,923.0168531138916,260.37191342553706,804.6236530989991,678.9375973690185,133.75481359289552,186.04642757031252,158.81444192309573,30.490512374008176,451.53888378784177,363.17071294030757,62.45512118499755,1932.8502207593992,260.83739848193363,214.44217025244143,342.06785556921386,147.48718507958984,18.309823099685673,20.32700701617432,16.91331243809509,131.8927993774414,113.35022080133058,304.2844560344238,274.80251249682624,117.92767796356202,101.01437107470701
2025-04-24,925.618820089363,251.9477239294356,821.7980708609539,694.4662902355194,137.1085966641922,184.82890303324893,161.39551181076058,32.4342902119713,447.40699652528383,360.1137477526627,63.62707762538912,1987.6479044686275,262.26771039245614,217.6511610197831,357.863514680359,147.4285979270935,18.777748327972404,22.89023004815101,17.45864975452423,133.61686079333504,113.28724136711116,319.0665152258607,267.9320687608415,122.13295250677493,104.13114712786864
2025-04-25,933.1694982236513,252.3778096622118,821.2946845200713,703.9890184129581,135.07217315070193,182.16511151887062,155.78686101850053,31.265990287616887,446.25798561476586,353.4686070174848,62.91989014817091,1900.0100327461405,248.2659149169922,215.37068296622692,363.0888946469804,147.95096630319676,18.464778309819394,24.205925816538638,17.223448069333358,132.27917687258923,111.40932665539594,317.5476241661636,261.8429571390152,113.34890411568495,103.34068471654973
2025-04-28,918.186625232629,253.6512853675231,816.1831172264647,700.9928691291134,133.96200954754022,188.493146700348,154.59541519376216,33.43232415636521,454.71063395714737,362.4808615462098,63.451606828894,1935.0412805640372,251.5569134542602,216.72834505450737,364.3425353325438,148.5450123760529,18.461470156507858,22.8829139593563,17.22036231299171,136.67693445786426,115.26782646895299,314.0776981851377,264.8212393146241,116.97435090965882,102.0810641850403
2025-04-29,922.1045751771853,255.03701309909047,824.9919704286804,693.9054202305451,136.1283223817063,187.4770202498703,144.8157207827835,32.88798181382754,460.1990864540785,362.0780858441467,63.0611580999298,1937.365990938728,246.9701420984802,211.67761845716086,379.1426115487975,145.5913837320022,19.779329383058553,22.416574533678045,17.064520156698222,136.51616125358578,117.43492519605252,314.4525671733245,265.43085815281665,117.5900533475342,100.37039949140171
2025-04-30,926.6334899213944,253.0920486833038,830.6571122431487,681.3778162452545,135.77900052070618,189.23712799011992,144.3136835131836,31.42314160037995,457.69162677811437,336.0336399437638,62.8462832007599,2015.8138167881698,245.87637708657076,211.66007013925173,379.0173696145248,143.53780055046082,20.250467263729092,22.500520826225284,18.23317932998657,139.89116986402132,118.70964193511963,318.3435557496414,265.66132604168706,115.21818340160371,97.29535207714844
2025-05-02,975.5329258116763,267.3872500983125,845.9893185442197,697.8287183696593,140.63621839881125,194.2377937381898,153.28029985590365,31.26111505180552,466.7446991313627,341.62269573861704,64.77178883823399,1984.0335270708165,241.86638365008548,211.61369619857032,385.3727355978699,147.2297564474029,22.030163633213988,22.495591045103083,18.539470065384876,140.63621839881125,126.90616245703131,333.71045008030706,276.54063058982865,116.35650157928467,105.80684809928516
2025-05-06,989.4161008563387,263.9786369043122,844.5611046939011,707.0690240730364,141.67731853512578,199.0302760697632,152.99289553633116,30.38156885150147,474.4795015244599,338.9249913547592,66.80844768519592,1873.6592160463333,227.70674744572443,205.46310753354646,374.8093519403992,148.49766408914184,23.793727686378475,22.631168785125737,17.980927636596675,144.07993841654206,127.41658123037723,340.8625913713531,281.882042135765,115.09344394222262,106.68425957455065
2025-05-07,955.2296679788888,262.15910248707587,825.3903715187371,672.0636780213172,136.27312369334413,203.7895655408247,148.67568631221002,29.766142523151416,481.5293705923159,336.8070167315291,65.19095303987888,1800.3090509176254,219.83537473776232,198.6734960781023,369.8288188204424,146.42771527669538,25.42524708504868,21.394415342792513,17.75116322034455,136.89325108503726,123.25043368278511,330.52821025750745,275.72440211724097,113.17335987152092,107.28214225793454
2025-05-08,975.9656071551726,264.72649043108686,826.222868786368,680.0491798533476,138.80295722431038,211.26912189085851,152.07032461497874,30.724412222240062,480.80602135765366,341.22717738707433,66.25921128239861,1830.5853093168698,226.08821837848518,197.22589735097426,361.4773627103714,147.1047530285432,27.776109179787454,21.25881034620943,18.69844327762803,143.69094013611902,122.97523756358714,333.62366485595703,285.59738515139907,112.81135056462517,114.90620038397174
2025-05-09,974.4370111827302,263.2604907951172,804.242921432422,675.3339036903199,136.2952303962502,207.04744602968822,152.62265564730296,30.866631339310743,477.77191578862767,343.4204130764556,66.39824396991844,1803.7153456819797,227.3401226177284,195.61824538803558,367.6783410014832,145.54743408395916,28.767389572857383,21.303418023824406,18.03793000769815,152.9336615676857,123.69977238274078,330.90273620219887,292.2611255397751,110.48232477283364,112.73706579208374
2025-05-12,1030.8599493616566,280.3658961327437,830.754107438388,709.8195545191447,146.67686779725045,220.71523066150348,164.25320629490216,32.66398710686872,509.55819590040846,358.6039366267869,68.67214684756163,1814.0179377794266,228.64791716493983,201.73901939887855,384.2684931570602,147.7656626701355,30.25307596252958,22.24261998607119,19.987249641990843,160.44239457236927,138.51086174945976,353.4710253207322,295.14247426673137,108.25779134957429,123.65652526773829
2025-05-13,1025.6837695957802,290.2143728733063,828.9613346725309,709.6812392545689,143.35421074257283,217.8360697943208,161.81886328666224,32.09887739666101,516.0751527292086,359.08672456413115,67.85952211536369,1750.8691215003637,222.97813678366765,203.42275041221,381.2910338220354,143.89957765625695,27.190554740819834,22.515961558350455,21.113582860602946,154.5732403245529,137.66679169967574,358.77507783623514,295.43432182435936,102.37360964275013,137.97842356743786
2025-05-14,1045.1664513825308,278.58109645129844,835.1195576047685,721.2077176570892,142.05842292430407,223.9252449286223,163.0319272017532,32.20095088064272,517.5542304564478,365.74977216482694,67.98844854651952,1714.914976191627,219.40307821275928,202.7958151495377,390.9335624122832,146.26872376560368,26.509257392581958,23.156615590005117,21.987088817807376,155.31305719732973,144.0856031584899,351.4815700816471,294.72055326702866,103.69797602593235,146.1907535791397
2025-05-15,966.8387954572754,268.04609152278135,957.9429470058167,695.9834823671845,138.4319596359146,222.78649340371703,160.90570240685884,31.135486324342537,511.1994412894928,347.64057360391234,65.93855961735153,1761.7691387645173,224.34717535972595,200.93703532218933,381.0390602993866,141.70937983652038,25.595086217783546,22.785870231886292,20.600924051639367,162.07620643198243,141.2411812032242,344.9874232089569,291.1441189831421,102.14624555448609,142.09954288363951
2025-05-16,963.6546638553773,261.8711605126191,933.3697337020567,697.3343980095524,147.75622238896176,224.9516225836487,161.33761641925048,32.00213882394792,507.1168406876677,345.0767221992646,66.34589910507202,1782.5972660671687,241.42102112553403,199.89629606767267,379.4985345439454,145.72681662982177,25.211441808803556,23.572307533161165,21.30874186144638,158.5276676931153,142.448548078537,345.54505691203303,293.32694233547954,104.5143072699966,147.36594346165475
2025-05-19,960.7885172068818,263.24791856106276,930.6271290281984,697.3843184709549,140.57079809158404,221.44394052525786,156.12031780182042,31.567872493216328,524.3079742888185,348.9656420896408,66.1831413296436,1823.5134453374776,257.77826147779524,196.5178189749413,376.7828872601531,148.69718834014657,25.941914742500217,24.22287194120122,20.62851175262574,162.37139066310647,142.5242555662926,343.41783001524345,289.9712323149215,105.33042345939793,144.75119589516453
2025-05-20,978.9014073690487,265.52974236675254,946.2869584612963,698.74596988353,141.95477509166722,220.9488970041275,153.99943008887476,30.971951878402706,495.7076576325835,344.1327953338623,65.85450370378112,1852.529411655014,255.20576089357746,193.26184221901713,377.2164673050156,136.87099814414978,25.184263882289883,23.854659303607946,20.178695129684456,163.3848610109635,141.64193485314172,340.1439965155714,285.16094097294626,103.78732617299647,143.20616588127905
2025-05-21,967.5119440211711,263.42567648929617,943.5570587202528,669.1716698226628,142.63344508509817,227.9630185022279,174.1819030046463,30.843896980003365,487.31790840625763,334.8989482208708,68.73335109524533,1851.3383909383629,255.1275615954819,193.51804596286001,371.92727727605416,133.3176596750718,24.11147181866454,23.01549684496308,19.492716410907747,162.59587438834387,140.1283594309234,332.78527660085274,276.81223355310067,103.4914518756409,140.5980592582091
2025-05-22,950.9977240334265,263.7398018713575,931.7397332419641,658.1361224888824,143.65169671189506,224.44109373691026,160.48281860351562,30.374309977923986,478.00395728391595,332.8648546577897,73.66552675957792,1869.11594576668,254.42398071289062,194.69306504155975,367.6230738875456,132.3787530779373,23.48529052734375,22.702448256342905,19.64935966655321,173.7128697814187,135.04042053222656,336.3093531844206,277.51785570406355,103.88327201618813,146.5482075152686
2025-05-23,945.0961779119425,261.0697855948565,937.4245353937149,656.0797329662892,148.22658101913385,226.31267787217257,156.56359672546387,29.903646451976215,487.9304635287335,333.63701626056536,73.35004417001574,1889.9574005361355,245.17859008310552,194.45198832751157,363.6189593673171,132.68765419725787,23.875948127356537,22.93656744286784,18.944195801023852,143.1774163723494,136.28860975503085,332.8542102217925,283.84978772392606,104.89760681984717,139.96784890289473
2025-05-27,936.666289686309,255.01274079649374,974.0483372864,657.6726533061519,152.27097394257362,221.3140608207168,151.4872809296112,28.91816231271173,483.92858946323395,338.86757928175393,72.56969796262365,1867.6116756844858,243.10064885302745,193.80653920487202,368.8045357848514,131.34644971929174,23.510700702667236,24.686236485185646,20.68941744047072,136.44043188199612,137.77270551972197,333.46009898708326,281.1096030308454,105.09283094510647,144.35570291228487
2025-05-28,915.0547860736697,247.5366678361206,970.8642147985229,652.0765057433164,149.87021241931143,218.69135385955815,151.51626921932984,28.76692818362426,495.1517065146181,340.8136235023194,72.11327746612551,1884.4297455591732,237.3467539631347,194.47069701242071,371.22662343652337,137.40715540280144,23.123280040664667,23.828735357727055,20.06630326242066,135.7610836522217,137.72068362399295,334.4645088293764,278.1848251491392,103.70202691799932,141.56149777459723
2025-05-29,918.0455197782867,258.0680839904162,973.5920239282568,661.1525913295045,149.4037185220368,223.20461324665303,157.47324841861337,28.83092306939534,505.7946438061772,350.75011293464195,72.15565156305274,1932.6118920050794,245.29787215488977,195.1571402802292,384.43841319366766,139.92399300963734,23.425124643654726,24.286917702246683,20.369672791052835,137.26026527457725,138.6704758335036,332.4957373030993,281.5715534575793,108.58602624853484,141.33420356856368
2025-05-30,892.6308198644401,254.1300568012466,954.7323790398259,642.1861196477512,143.49212796890242,222.2167813153992,151.41164098165882,27.757494465213767,491.2449404914478,342.26403638912234,70.96195844957356,1925.6174053811192,236.33075572175585,192.26378088352976,371.3545110114137,138.00336679119118,22.347134867563227,22.974424156071677,18.975463120735185,133.45552926419077,132.98505248312358,322.26920690940824,276.5556082045823,108.91288469104393,137.68971560381306
2025-06-02,899.8809914588928,257.6914154996339,966.1467137387081,651.3648187677609,144.765161468109,218.16722359707637,151.03885055742649,27.604192355306623,499.1496860955813,344.89556071833795,71.99048170993046,1928.6076308371266,244.59510766179665,193.77828736456286,357.9134457598266,134.7272828573914,22.506826514194472,22.663670237189308,18.977882945411693,134.7272828573914,138.4130645400619,321.0555691026457,278.5514006845551,106.65256494220739,140.60885796496586
2025-06-03,901.8936946450121,254.2434913061752,988.8902821424708,656.9852668046951,141.20280361175537,231.49415371675877,153.9894953553694,27.691438483869547,494.60203666622147,340.377197918373,72.01343223597723,1974.6427720843203,244.20239766287978,194.23230276365666,360.14559401499173,134.1426664236451,22.121772042158113,22.592449475624107,19.533054574438097,134.69178604370882,139.32010135908513,319.35366698664075,277.4635007181623,115.31562145336147,142.61483404185492
2025-06-04,937.1043389515762,261.47919741411897,998.0612657278107,665.9756282464004,143.3310769278305,231.11840663780822,159.80591593622285,29.419350028038025,483.4972196403305,336.3220011409958,74.29366736568909,2026.1693889415328,283.0533874346802,192.9909391766205,362.60330512218934,133.75997214209747,22.201802222621154,23.221673921400452,20.711223242728806,142.54655793439179,144.58630133195038,332.87014151139374,277.6402078762985,120.03094961074066,145.84152573607025
2025-06-05,940.9350415897461,259.5493573474869,1008.9403127526748,673.3850658655319,144.95231135845643,229.58627299308318,156.71792133808594,28.39433785319443,486.1550007677124,337.28081941604614,74.35865148067933,2015.8411765098572,286.61026628493346,197.58381444692077,376.3426409578369,133.65733654974974,21.570284962654114,22.90372135877533,20.94278636217041,142.285438566214,143.0698155570053,337.04551679133147,280.8843396854263,119.69547398805389,148.79574215651246
2025-06-06,936.6793331746521,259.8661352655945,996.6242963041077,673.2824019276886,147.1162497997284,231.6198272763977,153.00089979171753,28.481706859153746,475.5581861415558,338.0143099066772,75.71582690383912,2007.5287340560608,299.0186863818817,202.74580892123413,367.75138511872865,134.40539923223878,21.73397382075882,22.7539807172966,21.498588045560837,141.23159980773926,143.11468600932312,331.8550141814194,275.4016076527405,120.43917282913208,146.01778659016418
2025-06-09,953.2414366732482,266.3237747578278,1021.5879283695831,695.7061815186462,152.62221071960448,236.58403159259797,158.19350252580261,28.248839202222825,489.3326879329834,347.14686856321714,76.82115056621933,2069.8552687987976,297.1620940985413,206.05959543538665,371.8645855598297,139.67481376884461,21.971319587378503,22.599072858455656,22.363664212522508,144.7753107333374,147.5217137551117,334.9841496376648,273.9352773232422,125.23652408015823,148.54181913471984
2025-06-10,956.4557007590702,265.1677037464324,1030.6932315879094,686.5794970622592,152.63426754762258,228.16664634038534,160.7172034389405,29.899050273083503,486.2323242439088,351.3334683769317,75.88551778583678,2067.193790734367,313.90079498291016,203.48619274254452,381.54640791967176,138.2733067758727,21.737629902886965,22.7578083846588,21.81610502679291,146.98404365843817,145.25759467449643,328.81109471896343,276.70353760563376,132.15223588524168,145.96387266064448
2025-06-11,944.3245567205013,264.7059451609239,1043.5206145526608,687.0740178231499,165.2744482471826,230.7250160797921,160.33034728173516,29.350733793714426,480.7555877951527,352.4442371219193,76.35899081522075,2059.338540816796,324.89850822111475,203.80709479293,377.3217462422908,137.80718407176755,22.13076661172363,23.072502356402765,21.11055491530169,145.96889261161414,146.28279641858535,326.8604556622158,273.57395597704453,134.58959146583948,147.06757838872
2025-06-12,915.3037431468656,263.791447790245,1041.9800810356755,689.1855390001147,162.77996035226442,226.58908600975792,150.92857269065098,28.411930778663645,478.1366921908266,350.4399979903792,76.05292984162907,2170.373323735039,337.72524457816326,203.43571028507995,373.7503193660432,139.54811180209344,22.525480845611582,22.917912338150018,21.426677906009672,144.10029915151972,143.00148498440558,329.6411962509155,269.9133461398087,139.07718502903754,145.4345617351455
2025-06-13,885.9098675775022,257.13125780664996,1015.4958820214961,675.0088310241699,157.1357803034698,217.88657329916532,142.69372969785763,27.549778958807565,470.7794113469208,341.97830885728763,74.95737750033186,2116.309702383587,321.8065357208252,199.44156155030214,365.05418137156084,136.96400716700737,22.212499305805977,21.977031333497052,19.622349739074707,138.61227735917055,138.53378616373448,327.2222934699312,261.3696925362092,132.64708124201206,139.78961534938207
2025-06-16,910.1931983611757,262.79120476950084,1028.873120470489,684.8426800966263,166.01057218105325,221.3474395555113,146.3875727513505,27.62918304730988,474.4841321986769,343.9519316084443,76.76517167303473,2075.485509077771,318.9129951153791,203.37276489174656,374.7208102842251,138.9308419507597,23.704583161369328,22.52720244702914,20.486410581195855,141.52107727663406,144.18980639676647,334.84686107075504,266.8727922439575,131.78807135604075,144.6607541911544
2025-06-17,902.9394598126528,260.37121226193267,1017.386639827484,675.1440988570248,161.70175966247552,211.46822383477775,145.76706660092168,27.00262389276122,476.23520781399566,336.98332345187373,75.43465175070196,1994.5047941565863,292.1621155619505,201.7347218319701,372.07104431091284,135.17010382489025,22.214366943389905,22.763840279541,20.016479213256844,140.35083852038588,140.03686231225583,335.0994063153994,265.31646854431165,123.31721375845336,140.50783411041266
2025-06-18,890.851068875214,255.11199474334717,1010.0079968154605,663.6051775127562,158.95439672470093,207.38642832562255,146.08105778097524,26.84563204571532,443.8163820415648,335.6488759085696,74.57119846343994,1984.221837532532,289.8857244223327,201.34223285690314,368.53871839492786,133.91416904852304,21.429407708160397,22.449854713958757,19.78099144268799,140.9003230854796,139.33039712905884,338.0037798151243,261.54866421521,121.11932789981074,141.29279708862305
2025-06-20,887.0720320299915,246.78828982898722,1009.6812463898095,656.3752265515905,154.94913174259182,204.16550145996098,143.72434409072866,26.766796285109535,438.39457303600284,336.19410705188784,73.70680937845236,1939.454518672028,271.2002252058028,199.6912887532426,365.86520814769756,135.08989089916213,20.173214936766612,21.900105200786584,18.3678297458124,135.08989089916213,139.8780907994842,336.037113455086,262.09480619556416,116.48658385841372,143.17488147365566
2025-06-23,887.7146142696583,247.96980907529905,1023.0422765028852,661.1743510586712,156.2861296930878,220.41760640337907,150.4774053792671,26.924231008981792,452.2171821200973,345.0697222941926,72.8445631810223,2021.358266797266,282.66515876736776,199.61609021843105,385.0243395760499,136.26957949043572,19.938059593214803,21.900467062964253,18.054148347395426,135.79859091786966,138.78145865619808,338.94702057064205,268.53583097396404,119.3928707589962,144.59018297001876
2025-06-24,918.489895666371,255.74226080071094,1052.2482785167158,680.409392215628,162.4881736085281,223.9510885875343,155.81595117079542,27.47384476661682,462.267057582103,348.52535701701345,77.00526533971288,2094.2918423883675,294.9906104673064,204.9548867500198,435.6566812992096,138.23269231680752,20.566134326972588,22.136068687937836,19.1531950864603,140.1951098001373,142.00053029150695,359.5148769571915,271.20609020735174,124.33877294153899,138.86066531259075
2025-06-25,899.20036181881,258.57405407544684,1045.286078418183,680.1895298812487,163.11989208401883,220.65929328813945,150.71712940204634,27.238980341430192,466.0455966693571,349.0828469875414,76.37903863627616,2096.891228735447,290.13045538343795,201.3486540651893,428.75880832497387,140.04132836911776,20.40960971356867,21.979580123431674,18.368648742211803,140.1983289660493,137.76486463081346,354.81323402393355,267.2873925639342,121.5156771584243,148.44066566374204
2025-06-26,894.2023986974564,261.0477503741149,1043.2491958146056,678.598598838089,163.4099325737152,219.84209009999086,140.88417182346348,26.84255475797272,460.7186987199402,350.1305138665848,75.50449354949569,1997.4157179579852,284.04444390570825,202.731921603302,427.5971749426117,138.5295528273773,20.210402994093897,21.89787283044052,18.36595743524265,139.62838101363377,138.2941014069138,351.54328227019505,269.05342801443476,120.39905991152955,158.70070955175015
2025-06-27,895.4322093490482,259.5717252333343,1041.1910518792865,676.0481459850489,168.12901196282655,215.61642515049425,142.30526773713973,27.158094572035225,460.5102142330288,350.6219715114712,75.90137967866212,1893.2174149348139,272.6798383279056,203.5287262360871,424.9535281339049,139.55807364596876,19.701392013080977,21.50669900750313,18.288542654101548,139.87203226878046,142.22678930975053,349.5230938750028,268.676749861148,118.52232192961128,155.41336586062607
2025-06-30,890.2118440790946,256.2076810610961,1056.3857485018161,673.173152144318,168.37178483448042,212.79995465152751,140.34905661815628,26.923786138978016,460.29468572265614,350.95114582965834,74.80573461259837,1900.1285658923734,274.4970308517077,202.43861681034105,423.4805406614305,139.3286281824112,19.62375044822693,21.900105200786584,18.13234496500968,143.01788787685382,140.03508439628604,340.35433256500255,266.25503170867887,118.13497919549945,155.2631189361955
2025-07-02,868.82552461257,254.81678329003626,1043.752106666565,678.360410890833,163.54732377590335,205.14044685119006,144.16336146929643,27.310205647425846,463.95957467127664,360.6045872003633,74.55372190475464,1917.3648296649917,278.51702268796726,207.5732632906038,404.3166091222047,141.57360120186786,20.404175772880535,21.659818078539274,19.383967919762426,142.04446262274178,139.53318175352797,335.4132841415958,261.40890305592984,123.13135425280143,164.25362339142157
2025-07-03,853.2732479864499,251.74308712774655,1042.8459925067145,677.8302275088499,163.9038197061309,203.66306145483395,147.96873506538395,27.55279831075859,461.097271628998,359.2068398517149,74.96559254642489,1927.0474720905768,285.73273597686784,206.292752277237,404.1077060624084,141.68888599411002,20.48797746326636,21.900942007072445,19.232010643472677,141.53190137086494,140.9039179609681,338.4048875273438,260.8488540574035,124.10534303084569,161.39188606654352
2025-07-07,834.1982313239132,251.3506031111756,1044.2588990328368,704.8335590513307,176.46350287637324,209.90365314106748,140.58991876986693,26.767819048387537,482.4487075654906,373.4935036007082,75.59357595632173,1891.723371596192,278.5109043045959,208.88318571459968,397.82787196344,140.66841856764222,20.095487832080835,21.508452375886918,18.918018938524256,145.3783016280213,139.8049357644195,341.23082035803236,266.5007197187806,121.04391829298402,155.74003537747194
2025-07-08,847.6998970951536,256.6884695814515,1046.2213490603026,708.6799443361815,177.16998608404538,211.787603370758,140.7469183654175,27.474300384521484,475.2269058378297,372.6300207974855,76.69255066671758,1919.040642440552,274.2720050585631,211.39511935418705,406.0701560898742,140.27593455107126,20.409479537029256,21.508452375886918,19.467504422183993,143.88683541490173,146.4772688522644,348.5311368557741,266.6577193143312,125.04731814569095,159.97891965119925
2025-07-09,815.0281244195066,248.04862359986873,1022.4155960083008,695.9491016222164,170.88666405470576,213.35321467579342,138.54614110960392,27.316746975891874,481.57539543206804,370.50300891848747,76.45549075707095,2007.0744432974607,279.91815737157594,210.05636532203062,412.34157397504896,138.93863208743278,20.566055620234692,20.88004278799781,19.859588703642657,142.47096105589299,147.88721677393187,342.8722729033325,263.51240879832767,127.94912426022347,162.0950607873383
2025-07-10,837.1026789246826,245.07075403990166,1001.4775123897707,694.2363408808596,171.4396355971985,213.51456897720345,136.82201831048587,28.965762854564673,485.6671244127501,375.848437644745,76.61405086894229,1989.060845047119,267.5212021175539,211.787603370758,415.41140744055156,151.736635524765,20.48797746326636,21.115962744701392,19.70299820089531,142.0028851852112,148.75371807083138,336.2069530788576,267.3642025220033,125.36130985063937,166.65125273904414
2025-07-11,837.7093043208006,244.1225579641723,1006.9466576695559,682.3657163351745,168.41316393092347,217.1199303284302,136.58303419128424,30.613440117797836,486.0472076118167,373.6409403234866,76.37660283297737,1964.7548634707637,256.9173991128846,210.76175865158075,410.92653955520655,146.70902516915885,20.487454754394548,21.193919937591545,19.310015901550287,139.25189933404545,145.37459259777825,338.23925822824094,260.2142466157529,125.90758859216294,162.95769443884274
2025-07-14,849.4869550872099,241.76859428434,1019.666873371476,674.0477392691937,175.20373650371403,224.89189303889088,138.46746627448738,32.73295719430007,484.00817714124605,372.5434268706849,76.7693781205212,1979.2056728994721,269.08530266997695,209.03563709003993,400.09564451458573,144.51168487459108,20.330540712865172,21.586482167243958,19.781067145354655,140.42987374423683,144.35468868373573,333.6092698574066,255.81943895429686,127.39948934285894,160.83891442402728
2025-07-15,918.192299721486,251.50792354184887,1045.045260063198,732.3873084730076,188.08144337099293,226.9380094709686,140.66859801100236,33.361693024635315,495.2445218858429,368.7840760060226,81.40253008177069,2117.0938861156174,276.2348074639067,217.43974640831766,401.0468004045197,144.9859875899665,21.194487707605845,21.508479813097097,21.272985733978658,141.61058181363842,148.59690803235935,333.06744593328403,254.09834531136767,129.99285145197518,159.03715489764636
2025-07-16,908.4458043488921,248.3645023881836,1040.948718351181,677.5860993653259,190.43372316735076,230.78117624294282,140.74512293043517,32.26226794143486,494.7665797828522,368.93589878082275,79.90994813146972,2191.322273505066,278.42886766206357,219.00662628185273,393.426954315506,142.62904912755585,23.078118372900008,21.508178003785133,20.016734559550287,139.2536757431717,147.41737090280913,324.7420795424805,261.473516915863,134.46535396791842,165.1576946408386
2025-07-17,920.7815768426517,256.6099548113707,1045.5148957972415,686.9360243831179,193.02658589932253,246.16973623645026,143.023352611679,34.53912123201371,489.1995404511108,373.3365040051576,79.51847601125337,2279.1895098101813,282.6712887805479,217.59645365538017,393.74597231295775,143.88683541490173,24.334379591960897,21.743946154598234,19.546002348421098,140.04043515774538,145.45680142579658,329.6916046142578,260.61336963638314,137.528501518158,170.02666918185423
2025-07-18,943.6251542870705,266.22109799469035,1068.3377510411083,689.1767460754781,197.78220031623823,249.58228685493486,143.7060266874696,34.45491296406749,499.2430754738234,367.5452588311382,80.36863589893346,2311.7755128995923,263.4741350493241,219.05162752079013,392.5819623348998,148.96452213546763,24.251863630900402,21.740344226865773,19.621249437332153,139.7032900058748,149.12149572372437,331.8345609034732,258.76504716022464,138.05511223865506,168.1148657778549
2025-07-21,943.9150122680512,262.13323131301877,1077.9640501776885,697.0075020774384,195.81509049285887,239.373149394989,143.15298984185029,35.47431576064491,497.3467613600769,374.2069454493103,79.5817644933586,2291.1541557264864,272.02207611491394,213.4737654482269,366.7510544803772,148.4898362234726,24.094280415171625,22.83855361590099,19.69923287536335,138.4440068598633,148.17589703893282,329.47162957460023,259.38630835662843,139.2288398517685,173.05500857482912
2025-07-22,947.4962371059555,265.93632481697387,1094.9072680066238,725.673307044075,194.19316433539734,242.07426326360473,148.11742958301238,39.32529534229889,496.8644813256378,381.9498558751129,80.06347039234925,2320.19229045244,290.4263195991516,216.79932948821715,373.5510430821396,152.4345715884674,23.312599392395782,23.155612342327117,19.62339997291565,138.54120081449128,152.67005777787017,317.8990795612335,264.9943800593628,138.77668700389404,178.9654017644043
2025-07-23,962.2150097288177,266.3399827546127,1103.3524016807496,730.6491558946655,196.63472752117923,238.7875691966774,147.80966135694962,38.62047520444412,506.69751090431964,385.26279763355706,83.28520778571283,2314.323985644689,293.3429054387543,223.08818927571792,373.8022275336716,152.83345814058612,23.47057305669489,24.88351777360458,20.252199499153903,137.84055151383745,156.13032852287142,313.43812251749114,265.00551989035193,137.9190502100937,193.49485453140642
2025-07-24,950.9584666815645,262.72043450095225,1069.8773444349063,714.2196265957609,187.44438382387307,232.26463739004976,150.15959092378762,37.91274670795974,506.6022248224763,382.4242432854371,81.00611607378232,2327.041975697619,296.472977874495,221.43241548971855,357.30606102726597,158.8724631081932,22.135392313518423,26.29559003358554,19.780563662539862,148.74670608477027,157.7735476873131,283.4429251324036,266.488157348198,139.5628722873589,188.46481811891863
2025-07-25,942.2234596701892,260.459676725357,1063.5043871426096,712.7709229656975,183.4129063019982,232.20003456307222,148.91259322459427,38.621507461540205,505.76904450127404,375.6176919604877,79.990475350422,2288.0102952030866,291.780760033791,220.50368570421597,366.43332360455315,159.2744734963453,21.979718978409778,23.078705769533144,19.467751576421733,150.48257916735838,157.39048437603014,276.0809604961323,261.24465472424345,138.23673972028337,188.94708504012306
2025-07-28,958.8164588777545,260.7604055379488,1035.1921219725045,701.7453280059817,179.24332940767272,229.12691442558298,148.66953758785257,37.91308526710509,498.443261384964,368.45552763626074,79.9079142206574,2311.7563744582003,303.6971511571119,219.70750822174068,371.3598642618945,156.44054096874243,21.821610273852343,22.606561414661428,19.388265667424207,150.00395321720134,155.65558795646666,275.0464934687807,255.8936938674924,141.13400963043205,183.59980440265645
2025-07-29,936.8781560358766,252.90059632010525,1032.4026649599546,681.3088671849982,176.13560836366742,214.91054787895337,144.42491308243552,36.96963914295884,495.51875577076135,364.908401674802,80.14013036152573,2399.8082842868753,317.9702776007107,216.2449091154631,366.9491753578186,154.62885635313432,21.97770424608325,22.44865461024301,18.68104982557452,153.84393533675393,153.76544173800357,275.035282149518,253.92096819049038,150.7827448699827,179.5892368819441
2025-07-30,921.3860074550175,249.22479486465454,1022.9599084138172,674.5946292638546,174.88908978625477,207.62192171066272,141.52829047366322,35.40169706716915,484.55579442233284,366.2623272553101,77.24006360620115,2354.4089946508175,302.7590633660584,212.09619122296135,348.28673643917864,156.83500117510994,22.214366943389905,22.135871019866954,18.44655887130739,156.4425271719665,150.3198339082337,269.319781230377,249.77426445782476,143.72616884634408,177.79343334213263
2025-07-31,946.8598183670474,247.1741369687752,1022.7624971558835,689.7171245536374,179.1207929880402,204.86646923038097,142.93556178539438,38.22604088600656,486.263514928276,366.4048546521881,75.66715727400242,2363.6567041381495,296.7031520085984,212.63726442898405,346.23218201975396,154.5525222068809,21.271575912448498,22.68444861738385,18.75980367033185,149.99993466715387,148.8225292059724,269.4661364370695,245.05482510424736,139.56037970684883,174.80368953481593
2025-08-01,918.9877635412522,242.64040065671543,999.3707204048696,676.1118455288779,171.8343011484758,198.13146836855321,141.69068483837145,39.32799963853449,475.93943136872076,366.5118094264453,74.57404780387878,2347.19860653684,289.0333070926972,212.88928831854992,350.49803665622676,158.80346873001872,20.645237290370915,22.215215746887225,17.97627017116929,145.6941355171739,146.47912848855594,264.14913919910396,245.15236618714152,135.56777260108174,164.61239276225297
2025-08-04,922.3056817054749,248.19835259197316,1022.6211326530029,687.9222926105285,176.10151043828046,201.8868212780235,148.03987846719974,36.10728551393413,487.1343989211564,364.8405758593399,75.51132385069923,2388.5753845477593,298.6700466828079,218.0566167751076,363.03521513938904,160.75591437557523,20.957925451233677,22.60630186264916,18.44611288553142,152.12156031848826,151.41512718718877,261.22835711741936,243.80267218049084,135.63781117589497,172.68702125549316
2025-08-05,918.6750364449217,245.99517735088193,1030.5266440833584,673.9357362685332,179.74758902578742,200.86204835021817,151.41184343363784,35.32157921791077,480.137985796413,342.5408212246766,76.60858250028377,2411.5220380384853,310.1234523585681,216.0110836101867,365.9315523136629,154.78700398306592,21.27144022843322,22.213348109303297,18.681191684635905,153.9235977826247,155.57193095993352,259.41737026749433,239.24482630955208,141.28631687164307,172.05533758920592
2025-08-06,948.7268460692139,246.01273664089967,1033.2692267904058,681.4411283726804,183.21433576199342,189.9651686476136,151.26565171041875,36.18757955453111,485.9026387783815,351.6710389329528,76.53555107116699,2343.322242555907,303.9442698361818,217.83195304870605,362.6607710646058,156.60351818069466,21.194460670938497,22.214933712020866,18.68252515981294,154.71955297869863,157.85948500048835,261.8693364561768,247.34720325846865,140.7076609803771,171.98911920932005
2025-08-07,949.4634220739135,249.21845138072968,1027.6434393207091,686.5870313856431,180.45770520319365,193.4877080776596,154.00523544070438,36.73519085608291,487.91870550546264,359.89498001667016,76.29617051871492,2341.397606044411,267.5075678547364,219.54771382659146,360.1304823792725,162.7180593083267,21.036392640550616,22.135307598630902,19.388018331987382,160.1277578928375,161.14818828255466,263.7398294839477,256.6753874106598,128.02371051725004,173.86420796894072
2025-08-08,944.7441521487854,247.17508295170137,1009.5794916930026,685.7165942989013,178.57202851772308,194.58464837107385,158.55626867242427,37.99070968236083,461.5400061803284,349.76570707609244,77.6297768504669,2262.0169613334874,274.41221773591315,224.80451814311527,357.7720170027678,161.5390036602539,20.800698575908655,22.21357481675568,19.78028608609543,158.08529869693302,165.4636636276764,262.0887878336289,254.55344788244474,117.73979902267456,226.92383811865693
2025-08-11,931.2765200197755,244.7505253523559,1011.6564654826652,674.987073323151,181.56123767123427,188.93986571133428,167.8244379542848,38.54153400808718,466.89419478625496,348.52224479614233,76.37660283297737,2274.421553134918,272.06712919622805,224.10606939346326,357.9417406469729,158.4049271315307,20.64444847293089,21.900383249298102,19.46700774859619,157.54146635830693,165.62655958160394,254.0915383800966,251.89366000741575,121.51180190295418,237.2933995172425
2025-08-12,960.957804726233,252.13171151004644,1028.072592227545,689.4374041093688,179.44368837718503,188.31382012946779,157.62157273485718,35.088067715711986,465.80000924677734,351.5086584400269,79.28177045809934,2261.4928406123654,269.32252975801384,225.67829847335815,363.3616919285705,157.07209753410643,21.27263295553894,22.136096926233677,19.310212968814085,157.3075933224609,171.35851264193116,267.75258777980343,253.07369466346427,120.41409158320312,241.37765836715698
2025-08-13,995.6455028562195,255.15082351384262,1058.7464260772394,714.7519722924408,191.26502935082863,195.4246612173538,158.30182699000397,36.2595151121086,485.50079708381963,357.96462064071966,80.68134521718366,2413.4554377531167,279.63779094713755,232.2335680253418,367.22571154064644,158.30182699000397,21.896980148377224,22.681819279977617,20.013368852215763,159.6360522038849,176.11765338429723,273.5945346860535,257.8977745084412,125.57408142089844,254.91538169172054
2025-08-14,959.8001385240786,247.87772819715883,1017.8057200475087,696.4595221082527,186.9679361708222,186.4184945821762,152.1174849917452,34.928937487754865,473.3852490213849,351.8011313803254,89.79484209666452,2430.8186965169443,274.1725504271926,226.44941641300193,377.23255181584136,155.64963087755586,21.585299372673035,22.370218601303122,18.99506404679869,153.21638314019765,167.34493674111945,261.37834641517657,260.75042600343295,124.56679948148349,250.6249511115493
2025-08-15,950.0236093134918,248.35682508247373,1012.3870179160003,703.9387955089951,194.68981228717803,189.5189775012741,154.34162542121885,37.68442541592026,488.64399187111667,350.598348736763,90.48963116828918,2517.7269321637577,279.93025340499116,222.73767958838653,379.19465058837886,156.06523203541565,21.7018417723732,22.64199474030113,18.646348829414364,154.57665385665132,167.42540797180936,250.31547507541654,259.09021867554475,128.87917551296232,252.82254467545317
2025-08-18,949.9197928614958,248.59103685937953,1019.5597228422848,705.2410810993533,198.3563987540092,188.18426693938454,155.71172387134175,38.10633627990228,492.56549368836204,348.2778241715532,93.42703283036008,2498.586420110485,279.26388530961776,222.14350906580512,378.01174564131,158.13737975910044,22.22217542245494,22.30042244675542,18.544561549219907,161.42375851083307,168.4660093534385,233.95882279407124,258.5284220044341,128.5599859179565,251.4079371964217
2025-08-19,938.3121916564742,244.29430097886961,1003.4521997613774,696.5202776266342,196.04539359343107,186.27049351465757,162.18514031717223,39.646996061883556,507.2000200602997,348.06462887949056,87.66130420474701,2443.8032952604117,277.13795629436027,219.81795774435886,367.22343900001215,154.36522025415343,22.52137067641297,21.582979299355316,18.220413150221248,157.41498430583033,164.76571334135588,227.95066685393522,260.79432216942587,126.76089706218409,246.32748198509216
2025-08-20,931.962236971016,243.11041523834228,1017.9907718293762,676.6846356686401,197.36634959062576,183.28824973106384,158.87582131248473,39.54346628085136,492.7724116571808,347.93569924991607,87.04241868217468,2412.619226730385,261.2832496166229,221.42779991466523,366.10851875183107,152.32424013198852,21.76060467054367,21.448624968528748,18.09483945277691,162.54158095161438,172.21295915225983,231.48916204055786,274.2304184075165,123.85606071084976,246.46420261363983
2025-08-21,922.5426775895612,243.5844005488434,1030.194785009895,684.4268528507309,185.61787543766786,183.27420647648614,177.7275515794754,43.27958808661651,497.012160072647,352.25210232253266,88.12161469705961,2452.796465334526,265.5366934723588,223.9757765865097,369.59519601303873,149.05677672865295,22.34289137903022,22.655380946369178,18.671158985464103,173.19647613523102,183.8991967866059,239.6001767253647,280.692350878624,125.85454788666539,233.97539803958898
2025-08-22,960.6408843265381,249.10712524773407,1030.5752654257813,703.3291551429138,187.37731827671814,188.0024296800766,185.5801248550415,49.54012715361023,507.27837329608155,358.6580216429138,89.70356835301209,2450.986116008484,273.7990629399719,229.41610859002685,372.1760650554352,149.24549286418915,22.816588578330993,23.988672459628106,19.53474998474121,208.08415027977753,178.46947705290222,245.74716076957702,283.1757488941803,125.84285582478333,242.46532217598724
2025-08-25,971.8698379230882,250.0210395996628,1059.795396632995,718.4881028804703,181.71269810199738,187.57439804077148,180.30588773155978,47.59700469541167,515.2825050029678,367.5676546202012,90.27018054782866,2412.1286409672466,265.96485568145,227.59027618191521,370.8502220892715,148.02746662782283,23.798502347705835,24.306514926227578,20.00793534380341,200.15751867960353,178.9772351491547,242.8306870784836,278.62614901538836,124.50250908469388,219.6183606874847
2025-08-26,970.2592065863719,248.5219762991792,1070.7305307155984,722.5185032469781,177.66079154486852,192.58304696075447,190.08298541067506,52.345087134799996,507.2786000586166,363.1342828845063,88.43975929254157,2413.4211222131416,267.8193394277041,227.27143822196194,364.9312002609331,149.76945566178892,23.516226307747843,23.672480154627806,20.625528277775743,203.0520658778687,179.14520867830652,237.4279419945451,285.00728493681345,122.1124986863365,207.34905970591717
2025-08-27,952.6093163141268,240.1981349239868,1052.678915142722,700.3311085204041,174.96587818609623,176.1349122213669,176.91427319990544,49.41129873940736,508.8428489416474,347.5936585715026,87.05428981159821,2339.1652319425484,253.7589773013642,221.80528123680415,365.36304131394354,146.51929909242244,22.05583096171722,23.536611618164443,20.886795068312267,193.8263425143723,178.0833072351761,231.54725630585017,277.7631884118164,116.59195792364426,205.98432323832094
2025-08-28,930.758011845639,236.56214338121936,1071.5744053376839,708.1296118581668,174.52199339173967,181.0607311517815,170.5520444054855,50.67521021672292,584.049282184802,347.0201051956974,86.94962858461076,2319.38320618961,250.8072623098269,221.38294238963863,367.02552304719575,143.54084033885738,24.8316309996153,23.041262503975304,21.87363023085345,191.3358862469322,179.81525870674523,225.81993983098073,288.63852865761146,115.43983674742049,203.3235770894098
2025-08-29,1052.2075295448303,242.1636120137009,1061.4825630931591,742.7805983459621,181.29146205958477,181.99293493523783,163.83261298292382,49.72654932527121,574.8170763254166,348.5534963383543,89.32072836090583,2385.393344984186,257.9856860917971,225.0944634830148,373.9623465622117,141.85316918878925,26.42210100398472,22.914742200515548,20.73238606593293,193.68412970795816,184.097353562197,226.96506772883822,287.21367302359795,116.98989080962292,206.3106117374673
2025-09-02,1080.2065147150352,246.2137921393196,1058.0644542431182,750.7259761806963,174.71979283099972,190.23484638347236,162.08945460286122,51.30103664997023,558.1521380676277,340.3176829809345,87.86667374355784,2588.7533199279133,259.93565191024936,223.99373503940114,383.0425554152407,139.3236441668787,29.5487734347721,24.013250881461317,20.11499577167433,193.27549548115712,185.01118394153127,230.85467236019758,286.7556363587064,119.4425341845672,198.34322414974758
2025-09-03,1065.333335557938,243.59400238609305,1052.763255976868,752.6430008811949,173.95110281124107,188.16075022029872,158.1018726825714,49.34340061697958,556.1282430576321,346.6530068321226,92.20657692461009,2625.349987763213,244.37474046134957,226.49557346706388,381.08408013610824,140.69115151176447,31.464226176881766,23.969024127459534,19.752974487090114,194.01637513446803,188.55111925792698,227.5886186857224,286.066791041565,119.220526826477,199.55969290523535
2025-09-04,1021.2270139725224,241.2660578643081,1038.5438887765413,766.0762718454607,175.5087697505951,187.05334303456584,154.75973416143643,47.81639016251256,569.3504324075002,348.67742852240735,90.0164976100773,2486.218316035738,234.01169300079346,223.1691559860701,380.50300329733,141.88909402200534,30.109503681141973,23.089154006972876,19.344966770179553,190.09550516065883,187.28736008366923,225.43126128181848,283.8561788489824,115.75778532797085,203.90218374037795
2025-09-05,1057.5538435997223,245.3169253494034,1047.3355744266373,795.3104253499878,174.80292929359894,184.4752003239746,154.67836225603332,46.41130758758163,567.7780218631851,350.4638875494675,91.34057664585953,2666.1151051112975,239.93476937489777,223.16429932321626,380.80673863785705,143.05603622249146,27.924787050230407,23.478662163732338,19.656554283137893,191.26139828119813,187.04927233304443,224.4123333350235,293.2882605740051,124.56951568514023,211.07394937694244
2025-09-08,1101.1340456439211,256.17742564445507,1122.9695892333984,847.2961637758635,175.93189814843754,185.60191227081305,160.4910698663025,48.11612813365173,569.4391363617251,346.3269394896088,89.83757070849606,2701.755749291915,244.32386906254578,222.80028348399355,390.6998243547059,146.99984156547544,30.569728301879877,22.771328376647944,20.11987121212769,199.9509693231812,186.69369837484737,219.21302665803523,298.28879714012146,125.63222755525203,214.96289810381313
2025-09-09,1146.3944998999796,263.9590678181685,1121.4558442810812,845.3392769817583,187.9744062024156,188.75372432596578,161.71097815036774,48.941926588560136,564.2349428837588,344.0742135947039,95.62379643038184,2736.4615203635185,245.41101999722287,228.8112972142335,405.64126695667255,148.85203587276465,30.004204841299043,23.53576630986595,20.02878086993121,201.69060138883196,187.03920364379883,221.09593184767164,289.98869151442705,125.08246149097431,232.70794729014597
2025-09-10,1120.8390190676146,259.4758401565887,1135.012126326561,837.9231770898587,192.69897782841053,186.58586283121622,156.52654663558587,44.54387049367347,564.5857918262482,345.4486354483888,94.85041540333259,2444.6953585222655,221.16187962059394,223.49810560218066,430.5648130616137,150.21876470651114,30.915939444181163,22.817053899876896,19.624223236324497,197.0988426151862,188.92208881280294,219.13715637785936,288.67855352691186,122.33990084313928,219.76014700229553
2025-09-11,1210.8154267705686,267.9622482904051,1169.2189918550866,871.0330579350739,190.45572338741295,189.67676042636867,160.30996525462342,47.282872702720624,582.8957744417494,351.46673896374523,92.77413356653597,2614.735101511542,253.0062010393067,229.9489924802856,425.31214240707413,150.6508631671295,34.74161583097839,23.524591535766604,20.48664861655425,197.07687141258248,191.3125692728272,224.18469034053032,287.7478094415437,127.51575682625571,226.44366658432773
2025-09-12,1207.700292016205,262.2421466597443,1190.0980988726806,893.9754948144837,198.21987512672422,190.66492365023805,162.54808786770627,48.44509016657639,575.3439010249785,342.4647500986175,95.41034960746765,2526.15448508432,255.4660730067444,229.1406116515045,418.55937535089106,148.45071122969057,37.151621698596955,23.443685829271317,20.09458732310486,192.6120736422272,191.1322503443298,220.88469984503172,289.4243736208191,139.6495998023529,232.41182423226928
2025-09-15,1229.5827564882202,261.57031584375,1204.6083809547272,893.3225621512756,210.68781553038025,203.6078347133789,165.95166550405884,50.4934962489624,576.668445708252,338.9055228838806,98.8085385741806,2585.126970045181,248.34398473970032,228.815680947464,410.40555024147034,149.92445764970398,35.78891927907944,23.57400579127693,20.30632119577217,191.78192714492798,192.0153384873047,223.83635769319153,286.54478041456605,136.4647152032776,242.97564258146667
2025-09-16,1261.9922619639692,270.04345258828107,1222.0031171038863,963.0849935138613,213.0939267261565,203.13554877204297,166.88079564475265,54.615531029129215,595.7916634727299,346.4429539409757,97.95007775764316,2545.612887176394,251.29367740250382,231.14350160714093,411.0168963123142,150.931806838993,35.16555553855915,23.106571105384546,20.383573423768212,193.02155261345433,193.02155261345433,224.3749184463486,288.5598375652298,135.68303317717982,238.53449822921903
2025-09-17,1292.8806681075075,274.1837721382399,1239.740044482227,1072.382179792883,218.00877000296168,207.66074563700022,168.058152687252,57.96449922934153,597.4622903149138,347.70918889629684,99.27879763346937,2584.6721938991686,253.48772340631695,232.7916598343254,422.94634820890496,148.52917147147673,35.6345515227913,24.430676284648598,20.151416358716688,194.74516679948647,193.81150388252718,239.3272557328346,297.36956886196276,136.002610192656,231.1577534396638
2025-09-18,1263.6052917090274,275.14991227171777,1189.1017138741154,1051.83788895607,210.6008868959816,202.74612527977297,165.57212287512812,57.31641494442101,607.771775429901,340.865483171292,96.43467224998858,2666.6521933599142,256.64066791534424,228.25465761260602,408.44751504226224,146.05187635367656,34.218756463717455,24.96413799388847,20.45348442386512,192.63604429526822,189.36970792846296,235.95387587005462,296.22554788047637,135.70848033103175,226.4659534871589
2025-09-19,1266.1912763601285,272.9765526357878,1182.5096144073032,1052.6318994746252,211.14853624263378,200.26058506965637,168.4522035748123,57.31730054545096,610.6586589284634,340.32632491329787,97.44718747368734,2600.6655699028925,253.92265662515274,226.54721068014442,403.3986925693862,144.6542508228722,32.35277682844389,25.820005012132924,20.220485517777433,194.8166020663375,188.82823856307914,235.87974873335952,301.5963201764098,132.52196322062082,229.89137039644083
2025-09-22,1276.9517390727997,263.78674518377375,1184.4359527649067,1062.2217494345969,208.7437119100341,197.85949913935838,166.06203912319324,53.72137791260684,605.0069037744324,335.0783440216983,95.47011881175695,2626.3224039722118,257.7226916209256,228.72401985354918,410.41268477770063,145.92623882458793,33.818812439495105,26.588584749179063,19.824821149137506,189.85182079501647,184.72069170557552,238.7530394997957,301.49276640769676,129.52216607674563,234.0883874756255
2025-09-23,1267.0207216425842,255.92139049737852,1188.2398214716522,975.5935114277054,200.21538024356232,194.46608521357575,164.63189518529816,53.84138634350052,595.9845309414413,330.66227034360963,93.38723009040223,2556.6501929696824,249.16209038621673,222.66871033373718,395.3030104652771,143.88781016280518,31.388052548625183,26.49338190482979,19.03483439776039,182.81210519686738,180.01514525084076,244.73358035087585,297.17649042606354,124.23142519985504,235.8765602801941
2025-09-24,1371.902140164544,270.819277900584,1167.4075245797212,1033.5140979109929,204.26133162233418,197.7299442321273,165.38403279039449,55.361272646851376,595.2114688458169,335.0445625200973,97.34875983450002,2564.657620870814,252.6247008607952,228.05423435493776,396.39293533113414,147.1894557506057,32.26815877203558,26.436563947244622,20.06068560406038,180.0018906257783,182.6455481327912,242.36108151153257,310.785136354054,123.47430198007123,231.55319718201736
2025-09-25,1364.7776184183458,273.5466233935804,1173.5982935973952,1053.119507142852,212.6461505455536,200.74604979458763,173.0569430589676,58.10046419513242,588.8602696879134,333.5137934028444,96.36744197370763,2556.65376513057,246.01307702112263,225.09069773253486,394.80315232372413,149.64564246494137,31.733587167523183,26.600213863589488,19.60015699810333,173.36806378529218,182.7792432308197,237.37968455635382,304.50245325045034,122.81209547413482,224.46847111493844
2025-09-26,1337.9239961248095,268.5031521320343,1148.8821451211697,1022.179797615463,203.0506457998581,189.58657825558475,177.36774153365332,54.79020813817215,590.862574441162,336.60177767276764,95.96069116819763,2537.6271631491545,246.0889824855576,226.0096169198914,399.64163629787436,150.28393403691098,31.5977618055706,27.93989255386066,19.37892322809887,173.2429051569443,179.0021014213562,231.53532683849335,305.31531986170194,121.72143163850023,230.83488264538573
2025-09-29,1399.6938764147199,277.2934440999452,1177.6413183779296,1049.2647216887053,212.63832592255403,196.2994833759385,180.42747550203694,56.09668285009002,592.3996359734956,339.3032399982985,97.25499749183655,2589.550360743495,256.2085677668838,225.7872057386321,417.0294173730472,152.2624216988297,31.432814892562874,31.588422740150463,19.373195574573515,174.74777237016315,182.37257545187367,231.46689403057098,309.8155176356049,121.84105967057803,229.05497424795522
2025-09-30,1391.0555553838349,272.2493361703491,1182.9382115937042,1025.5659422472381,218.62447097328186,197.2212209942627,182.27786041511536,59.30645905117035,585.2815756744385,334.04634542144777,96.50919693641663,2651.6681924079894,263.7658649910736,222.20464384422303,413.04380721992493,149.43360579147338,31.52115145359039,31.598979523677826,19.22401020382881,175.11749982833862,181.81088457214355,223.994745124588,304.3931344519806,122.58224987983704,221.03719681434632
2025-10-02,1473.252641535757,279.96002109062647,1192.281083418049,1091.128211809315,224.79279992596275,200.98297430278853,185.2653706909614,61.39201103750361,584.974839878003,333.0263713600234,99.8301026940544,2685.7644654954347,263.3865038160475,222.84755239502556,416.0495514151262,148.85033453724736,31.43519980312385,33.92511797841894,19.763714617500682,170.014637172123,182.07516592750926,238.6429676890175,303.8476583959655,125.4295673248971,211.56512562022635
2025-10-03,1463.3378671488172,275.49945788569676,1179.5890691989625,1105.1107721328735,221.87822793273244,193.0052556743849,179.54158574543908,59.92501925802799,570.6107146164031,329.276325961835,98.13694688159057,2676.1579987132573,262.65837013721466,221.25563090838477,407.72361040517717,147.78910781594004,30.662933136890615,31.129880905151367,20.078772590067274,168.41265094682603,182.65457086717743,229.66069815902028,299.6251037120819,125.21994712848209,217.75351336900167
2025-10-06,1456.7775133607938,279.4192924976578,1175.2572609911513,1127.559199976371,222.61726992121112,193.67156918058026,183.86738165629595,59.058548641181915,555.4927097083055,336.0656895162738,97.34156023260493,2680.8223033191607,259.1884449003064,224.17348097570812,410.45301425457,149.78617107868195,29.879422549916285,31.824699354148834,20.23085872830393,170.2504570127794,189.3141574502106,235.5338943957595,298.09394388178225,126.13162057413501,223.3953680278246
2025-10-08,1409.691293783253,272.25597471625224,1198.0663448382402,1073.3018222690444,221.97657590478047,191.77779127002577,188.2753647790778,61.09803898017981,556.8872520505975,329.92940975070815,98.30168773077276,2732.6000690961373,262.21565278263733,221.5095738297823,415.5444972598634,148.65892764403907,29.65395259190427,31.054927270728967,20.080629021973436,168.81739034517886,189.75416014746952,221.97657590478047,294.0489001441165,127.56647563815932,228.9814437319328
2025-10-09,1351.5082307408447,264.34096144718933,1180.001819019104,1030.2837923028565,228.38996292366028,183.72358071348572,178.27645477766418,58.050736285461426,553.3495806410065,330.1732903100128,96.25839109059143,2613.0611844973755,254.4583258869934,216.4841095827942,416.47123548046875,148.47292737719727,29.025368142730713,30.58168851348114,20.93250444116211,171.5064710906372,182.16725477690125,217.10663698898315,291.18745769436646,124.66123553768921,221.3865258934784
2025-10-10,1237.4634795226593,247.86625782291412,1143.2977208271332,947.0281054427032,207.00918284694671,177.43643395820618,163.5839494662323,52.21923326615524,545.3835979290161,331.8372670548706,88.64039961970138,2491.114276034088,235.33675008034515,206.23094987869263,400.2436911395416,144.36165897766114,27.082404132505417,28.1719250928154,19.611395840028763,165.37387490272522,168.72026627572632,210.1220998764038,289.34591620477295,117.35708333722687,203.8184410363083
2025-10-13,1298.1654432366486,258.7614748477936,1162.4421123167267,978.3907649243774,211.98985009407807,180.0045923629532,169.10937533807373,55.876912631212235,550.5977246761322,335.96187655256654,90.35250027501297,2545.0455580030975,243.04122529458618,208.02087531518555,410.04937607144166,143.97254991531372,27.54934168692398,29.417093760043144,19.300104137083054,174.5569912722931,177.1251496770401,210.1220998764038,290.35762351657104,119.76959960139084,207.7874158152008
2025-10-14,1266.9107444273468,254.45566213324128,1135.6766906860794,933.0300700613006,204.5913759486084,177.2866076211685,165.6178976278061,52.89815345366287,545.7844905776001,335.047557235408,87.67091131113739,2496.637209171866,228.70671290239716,208.71432548777466,411.36093127502136,144.8475932461197,26.99361600720806,28.393861725725174,18.436560899260712,172.46353429539795,170.5965424769638,206.3027962436554,288.3727172619583,117.54280266238175,212.75948184648132
2025-10-15,1289.734634834298,257.6204211185759,1153.772574982162,945.1264890818638,208.95705585398082,176.6184640530928,168.22286838992295,53.016636952653926,542.6819945853495,342.3537655665896,88.77565730275728,2457.655282567328,228.46904522879777,213.23259988077552,454.2173072362748,147.6225657265777,26.74152926103784,28.296269679171587,18.579144382578875,176.85168039798737,171.02140522003174,203.5154745841828,287.5491848246693,119.63724932053765,217.74134542530828
2025-10-16,1283.5747372713085,254.55351617240922,1155.365061626435,939.9197567834854,212.1797597208024,175.4817497797012,166.15175856304177,53.103250058174126,545.7272756757739,336.65749819755547,87.15775136566162,2472.6054449100484,224.2310039367676,215.2897567930222,431.1237612199784,147.56949825096126,25.81299979758262,25.735249870777125,18.03799970221519,173.77125509738926,167.16250205039978,196.62975953006753,289.152242869377,119.73499850273129,210.3137466478347
2025-10-17,1298.1105099358829,256.98002623877255,1151.7088529075263,932.5725365129183,210.19986627899925,174.92048693179095,164.74075605071266,52.45283317565918,545.0432128779357,340.51601981482236,86.87743569054874,2458.8335078170057,219.83565904613351,218.436914456659,441.61401561729144,147.4895925426681,25.56589913288917,24.866528690852647,17.717401205898568,171.34591577851097,168.43186949097435,195.9016113090911,293.65816499706125,117.64976478336757,207.09155320328136
2025-10-20,1347.358821732414,262.21727814665246,1187.201260599555,948.5182559101559,213.98359514362346,174.9927651188964,166.68195582731641,54.835724548315056,554.4155664832615,348.4321043404998,88.00124079096986,2474.520315102898,223.2264481219254,216.00304288427742,450.4917917251587,148.3516102379226,28.427586144484508,25.16540361182308,18.641040398321138,174.75974678993225,172.50728072031416,198.5270682052842,299.0333445072174,117.28321080860132,210.7990853872834
2025-10-21,1294.665863342998,255.01819842267287,1179.624173261087,925.4604419694733,226.51021054949342,170.89247798919678,166.85319768088993,52.82131286007689,554.2353656258165,349.63046124801804,87.23283861774144,2452.5788197550573,226.43253037248996,211.2075712633041,471.58555373942727,147.66663844040067,27.109761355093383,25.245479702949524,18.48745987142638,169.88266532010948,170.81479781219332,198.07991766929626,297.50826257298286,118.07116512911989,212.6834501784333
2025-10-22,1288.9312666068727,252.2531507297972,1126.901695421111,909.4635475853574,223.11115005459578,169.8784406791383,165.06029004565426,53.155010417358426,549.9678106549982,349.704008102417,87.34828824511715,2436.582170858339,226.0642144235535,206.4030726319579,467.5154016462402,147.4973758600463,26.732929064056407,25.02326480210877,18.029183898941028,169.5675855571899,169.48987177670278,203.45002308538824,299.42433345114114,117.42283205258173,209.9001186419373
2025-10-23,1335.731720704498,257.82187594082643,1143.1035557013092,936.1778237836916,224.9530872977448,172.73598949452207,166.83048368006894,53.53805528845214,552.3200495902711,353.63089311036674,88.42715342755127,2409.0571171797637,217.7266128824158,202.9628557567139,467.5449566181487,148.80315794166563,27.351808018295287,24.942984448257448,18.260439370117183,170.7933894826965,172.26976964152527,205.99330703248597,300.7144877589417,116.86681641500854,215.93942442854313
2025-10-24,1357.7334434797667,257.9460326944427,1140.200836223099,954.0661896599122,228.95722209841915,170.35785749601746,168.0263234130707,53.62542102544785,565.709332114151,348.17663591629025,87.97677409460448,2415.553151830856,204.55377471258544,201.98908129193114,467.08517061721795,149.29627167613216,27.97847940713882,25.646939765367506,18.18601142934608,171.83450365443423,172.0676481686096,209.76088133312987,300.0692043342133,114.71177038691712,220.2528143534546
2025-10-27,1394.2170308475033,265.7131475596543,1134.6416789469658,999.6097595161991,232.9263118273666,167.5080465403953,178.85136380129552,54.69650605127754,572.3709548976622,345.19400478954776,89.50337757998204,2450.698664294323,204.64573658285371,205.57805509699392,470.74734772024385,150.41539719811408,28.43596845554839,25.71668080695781,18.41345366256064,172.40277060590597,173.87894405645056,193.14704278222052,300.9861857548967,115.453134310741,221.8937772838035
2025-10-28,1372.6708263992186,268.21141711484233,1127.6064960302538,985.0730680316956,245.3750074460968,165.68055919036942,181.2932156875595,55.071504648016344,562.0555746375976,338.81790158311014,87.61728411207469,2461.1292254323344,197.37191743106996,201.72170763245322,454.864219803987,149.29115073910452,27.263889510464764,23.147120080327795,17.865226422906403,167.70010834483946,172.67129714642033,166.22428111362842,297.10648906230927,113.94907757415695,225.41256074752346
2025-10-30,1351.6273737792508,259.32160017620845,1080.5714848685457,946.5976774177398,236.16372560166928,159.22983812802886,178.34675194442752,54.47541308885957,548.2511318373872,339.59707786262516,85.01583122321699,2395.2084651250916,198.31847668659975,195.36545036935422,466.7322793296662,145.6304130505905,26.033184407129283,21.75907975334644,17.718107878558158,165.99070168829348,173.60637617433167,165.44672705674748,301.1301267147064,112.13697601008607,212.69501473290256
2025-10-31,1324.0944335346285,256.6923850044004,1088.4565287327714,939.0559449387765,235.01647794246674,161.98656709924308,182.4970913414063,56.326263308525085,548.8897363716351,336.092973266901,84.52824155072858,2412.162600117197,203.00761558356953,195.78232804804975,462.8076535309556,144.42830944830166,25.482778212476546,24.239715182975033,17.71363844578343,165.56036427906201,172.16413604444278,187.6247224019471,299.88878313958776,114.05097414600823,217.38052711564342
2025-11-03,1303.0804525024141,254.72583350507193,1096.455704720429,942.050482028113,234.59955265200733,159.14536753657376,183.4678861649445,57.659114534055334,555.6100602149963,341.75846425059353,84.00202774919399,2423.3922411164967,207.86809945106506,195.4348643700523,458.5531289610335,146.24589040122373,25.79895612339601,23.07918733894644,17.950478423837467,165.67281558356626,175.61940661269,182.84622515197225,307.7224830310515,118.97049307741054,217.8923999595063
2025-11-04,1276.923222799378,247.30186126040644,1075.5532607517089,971.4097865209042,222.89809944821172,153.9613383557662,176.3444191668168,55.64680408143613,544.266159908264,348.33656356143183,82.69302055157095,2402.9938347015996,201.21449083898915,193.7534737844544,449.06038273999,145.41224519631942,25.258675575256348,22.149914763269408,17.253618615300184,163.98709669948585,167.48444288490282,172.45846907831583,312.2749514837342,119.99813547169106,206.577106111763
2025-11-05,1281.292609780765,249.07544330876772,1081.3481490162812,958.7538702114762,222.64420538397826,156.02197029815216,169.39307061952059,56.67165793804588,547.9814907946457,341.04054680656736,82.40323716121293,2498.450626909209,192.79246652687834,192.94794788585205,434.1717456691513,146.8487777039627,25.03192608186407,22.15558581124401,17.413513715495014,166.9831540379837,163.01846834926528,174.52383684550477,316.63053689339904,121.03946521506805,212.8491021814125
2025-11-06,1303.1342032059401,248.40486030086504,1082.796404672721,987.7105767286375,220.95981158445738,156.81771303842925,185.73996304428874,55.66756555178836,544.1582230562672,334.93839064370695,82.33513131996915,2584.032355536532,179.98661295421607,195.92496149047838,429.5576902627945,146.94371370323188,24.8793598067665,21.924934983982098,17.104559983005515,160.70511295030974,163.9705294694595,175.55497942735292,312.9356929063797,120.12065579418186,197.94639639491288
2025-11-07,1293.3932682911836,247.1863297363052,1080.7306806683118,979.414563403534,216.39494619651032,155.4342413509903,174.32895161824035,53.34061673983001,546.3913828419572,338.93840329084014,81.1772602832184,2487.958727576988,170.2856360814667,189.25810412797546,423.38142356441494,146.49230436715698,25.19294393325424,22.00494728369904,16.795296573451992,160.79940947360228,163.90964649005127,173.2403723701782,319.3438878410416,116.24521786678315,257.45011930597684
2025-11-10,1290.0451996403062,244.2601704318604,1091.122065693984,1028.9878286395979,214.6316723924674,156.92996936653435,202.5003213171476,52.18038079839744,572.4288883132613,348.3098793510908,83.9863069108028,2560.0271085160493,170.22779393962264,194.7238115553373,429.03002931985975,147.13156528675154,24.573771514783743,22.474114027420114,16.952791799884494,168.90578668681428,164.39541161826492,177.926536823913,346.9101052207625,117.30865005355872,262.6127382161376
2025-11-11,1249.916097711517,245.70800909022364,1106.4244365322666,1025.661829281853,210.96219829102483,158.72690501389388,218.19119288216098,51.53571961190528,574.1996506133619,357.7962398008531,83.2500074633831,2671.229174115273,171.00841808319092,193.08405142183074,431.64078397314006,148.77731898804632,24.71849004184503,21.997900460387427,16.789918078975575,168.90967484846806,164.09035500506434,182.90128158725656,351.34457399224084,118.4621932930504,248.1565280380364
2025-11-12,1227.1928671955538,242.85843968391418,1106.4241559029324,1002.0533697843202,211.30627535059284,155.58483435659946,212.00570884271474,50.125980468469606,579.6739240527677,359.50819238873737,82.14443626702268,2933.4968167662446,170.03975860701212,193.66503473445664,426.73142035156707,150.45566529630742,24.091556475499146,21.29382806560011,16.47551565878257,169.96205695046774,165.84317247718354,180.60896264538496,353.2133206054459,118.74806059264029,249.61961034388878
2025-11-13,1242.0239162460202,238.62959337272332,1101.845590272278,937.5011938406678,201.1761709851562,154.86447445538943,204.983675043135,48.487419486140425,579.0516778641904,360.3143705531402,79.95762226980514,2862.3118248046376,168.8512246610626,193.09494181458285,420.69053808873286,147.71568739404756,22.92273959018803,21.213246951492692,15.929360782126423,165.35454452009435,162.2463646335891,180.97309064827277,349.59121219247754,117.9549791016907,243.29184838158108
2025-11-14,1195.1798096343991,227.76800316642766,1088.9502551150508,901.4359893798828,203.44477997467038,153.6326717472839,194.35270948890684,47.86935825027467,559.7451139193727,358.78705154388444,78.17626233982082,2842.787243424682,169.01924800872803,187.2033889802551,413.9611686802673,147.1827424161529,23.07986995041847,20.593150498485556,16.16367921669007,166.14397152091988,159.7717539675141,174.38124209571833,340.3697900611878,117.18667802650452,236.39381780784606
2025-11-17,1225.6449138655007,229.5704161840913,1070.3700562034937,886.807025016562,202.99185096638575,146.33753504589004,174.31497445762943,47.25078096225661,550.9223479616485,360.4426478615678,77.32652425355718,2926.983896026737,162.57999239132005,184.96193502692404,408.8591523778596,146.57068568588875,22.615095128475105,19.972780500406543,15.698450302667425,164.28971928237297,159.47139130623327,172.6052327435973,349.251654309297,114.47434057204737,232.3681497491798
2025-11-18,1241.647322607605,228.94136187469485,1082.049164439377,910.6346450087585,203.75391272264096,145.2164549709778,175.84562524893954,46.48792233989525,563.1413373004762,369.49345903340145,77.27256305645369,2829.0778040471196,159.20946909764098,186.18491169845583,415.4372070365753,147.15992997898866,23.010744391399385,19.823444711022375,15.62553899026966,164.49572349183654,161.61938878340152,174.2908393115158,351.5357689386292,113.96537328355407,244.41142115915682
2025-11-19,1236.8156530982742,224.765889108181,1038.554615177658,898.9856988035353,197.0155682524719,140.65868563088225,164.78939877293396,44.758575320243835,563.9580252798842,371.37940653063197,76.05066110741427,2753.9368252187123,159.5740511417389,184.0939633477783,414.8146990945206,147.66437271160885,22.10684349005794,18.993204581304553,15.879563816677091,160.19677855231475,163.46610116958618,149.68824050772855,343.12314470813,113.10297173066328,248.93551621783445
2025-11-20,1193.4810126815428,221.05248885324545,1042.9722030247722,859.9946193779979,188.11652736110227,137.4278417687301,156.42636950569613,42.04591358053972,543.5601986237743,368.83608263432143,74.28111238341216,2719.669861936636,157.3607148076735,180.71955527321916,398.501820718393,147.55001488115704,21.879446790526572,18.45348307671202,15.650423037659834,152.5332294281052,158.68438302810046,141.47671101370088,344.15358879949963,110.40945497666326,246.31897449131702
2025-11-21,1190.3306277444062,225.17666300365454,1039.7199702399448,863.5793228319162,192.25246074371353,140.2586770687867,158.47206871170056,43.43193049175261,543.677476712608,373.7636829052735,75.03294454771049,2706.478697150116,155.82567745788583,182.75658100502005,402.01779692516357,149.5988683947371,22.10513988445757,18.75823613692762,16.57885630514147,152.32309643199915,159.09474813343058,140.88135649051674,341.8513142926022,108.96900272369385,271.4884950995638
2025-11-24,1250.8506544973861,226.1539247054161,1083.2975295034485,927.7291690482925,205.29733150631637,141.01546389430314,162.88375086339875,44.74828255176544,546.2403585316788,370.04883499064636,77.20051588304977,2589.2522965960525,155.10144085439606,184.28510338815613,395.3413425199051,153.07803847082596,22.724345820030976,19.53359804837885,16.654144235662557,149.8094676733017,163.4285101890564,141.3267485760025,353.2390465586868,110.66445040611916,270.9022221007599
2025-11-25,1221.7936897113905,226.7566945931976,1089.194766087996,917.2985276497893,211.50470684063112,142.55945994365538,168.23884797843402,42.79896521568298,547.048615504471,373.8295142081879,77.81630039215088,2608.169044733382,154.85443481192397,186.44784861529843,394.21737659925384,159.83468812977299,21.39948260784149,19.920972455122183,18.131197397679898,149.56292401049268,169.25045335292816,151.58614960176237,359.58911698783413,110.96604614028092,286.2083433432708
2025-11-26,1225.3936441060796,228.75050575449677,1069.809013168997,904.5830364634458,205.34673033327635,143.29952005205996,164.37068455103145,42.453357134832004,542.0967198871949,375.3934095836303,76.66485052192456,2648.5919588367688,155.27353606391443,182.48722634482874,395.45380122777715,162.27135400037696,21.537691874020766,19.593856853955458,17.183501873983005,152.08564781743007,170.43545515253754,153.40745622428585,362.01984481476757,111.34286757649534,290.17568942250364
2025-11-28,1223.5895140570065,232.03861667414094,1073.8495414656063,909.2522236267396,206.99120841824333,143.0502859512635,169.8090176751175,42.78284931182861,543.88668100824,374.4666072288819,77.32027349221426,2649.5028504363727,158.76326325932314,184.82191080750272,397.8027068535157,160.63014944889073,22.247080826132787,19.446749687194824,17.502074718475342,154.5627730419692,171.90927020214076,151.9180138975753,358.5980523625185,112.16885278920745,288.58975348861713
2025-12-01,1278.7279242226286,232.68707021020964,1128.4038409363784,931.9160097232925,206.60806900347598,139.65895781467134,166.2050565137024,40.32515919565162,547.1143306879821,376.00486929147337,80.02753658319625,2612.5722240663454,154.7614203733383,184.88852560520172,410.3357480159866,161.92341859071348,22.49801509029942,19.77334096775894,17.593602783348274,154.06080383147128,173.60058862893675,153.67155592122344,363.4713686989944,111.71159633532716,296.60010709223934
2025-12-02,1254.9126881700358,234.03540110057838,1108.2608697626492,926.7178896517107,201.09131908204654,140.96642118957516,153.11600887669374,39.174647138980845,546.653770106117,376.4037155040205,80.99727600547794,2571.5467654893,152.0256656440124,182.55540985240168,411.7621204778825,160.04750203556068,21.729077428314213,19.937791302402502,17.60133170329857,154.67365479893488,171.49616539796443,152.57083726035307,367.6809102233201,111.05973237911985,302.4936853657837
2025-12-03,1230.5579640827636,232.52003412272643,1097.0554330499726,912.9544208869629,196.2447165269623,135.75993991781615,146.89163427378844,37.28727563726807,550.51277653125,367.73506841711423,80.41285126423645,2630.0372653309023,153.74189972877502,179.89748843385314,397.86068804933166,160.74785674690247,22.185539218482973,19.850219593791962,18.449027076599123,151.09520254563904,168.3765651700287,147.74790817593384,368.0464218482666,111.00554558587646,306.8610332049866
2025-12-04,1225.39802925603,231.4744445152428,1087.6341760937066,924.0298099161009,200.03004191075888,136.90771841556852,151.7737627029419,38.994183891281864,553.546175399606,362.7003646342928,80.0120123106808,2579.3755914564827,155.27624008809653,181.9728433139062,399.04825042340235,163.52650200651624,22.804981274441616,19.84733782848025,18.524183210365663,149.51660731130687,163.9934940427338,145.85847581101916,367.3703443781051,110.21110034434969,311.33079528808594
2025-12-05,1232.0099197044328,232.67492688874427,1087.735833157858,977.8572755165078,200.76966597994215,138.51550414522535,155.635404586792,39.220121659020606,558.3420139551163,359.751234140158,81.08604638342058,2512.7335595576005,151.7445194721222,185.82866654590816,409.55457548197046,168.70878094689033,23.73439882842206,20.388237110316823,17.820253528336707,150.03253536498505,169.4091414549348,152.28924101336816,372.74680585940587,110.65677473916594,311.7377260739795
2025-12-08,1230.8776115502114,232.89607977172545,1065.3127519528716,1012.3818011122348,202.38295650482178,139.7220855256728,159.72686000471185,39.69819457207109,546.0447964471205,358.13998034976066,79.70774724183048,2541.3849804947386,148.28442950041972,183.62361441653593,419.63327516514437,163.85234923155986,23.11836102344398,20.62749438609694,17.513909697532654,154.97863973576204,166.65457953411715,150.15259293327472,366.702354017958,109.28679621566926,306.8436836479159
2025-12-09,1213.4312049427172,231.0778799765776,1064.0474338196727,964.3027701261744,197.38874943900282,135.30114776186383,154.12971586988078,39.13541262310787,545.5616552997126,357.97618170880924,77.72619221468358,2479.535631048988,145.49348218376144,184.00645228656776,414.8509149267884,162.53254705957806,22.563160160102825,20.462452362678505,17.894919167499552,153.1960762043227,165.64471885126477,149.85050191621394,369.41337891140756,106.74708732463068,312.0718407005843
2025-12-10,1235.9881229860475,230.43450061863405,1058.940342472284,981.1170828720642,197.20399055974121,133.9337204637268,152.9225854750366,39.14507134638825,551.221741449408,365.3020911726562,79.61313026856078,2511.1989678876707,142.26081535651247,187.39826555005493,417.6771013621765,162.41702540249025,22.023965070166014,20.623148802024843,17.743689428835296,153.31171038232424,163.11742054841307,152.76693551212156,378.68769111140136,107.2403678330902,298.4519609911804
2025-12-11,1220.5313065186929,229.79284457958056,1059.9719285609535,998.128585415514,193.85367389900512,132.32146979519803,149.27977906347496,39.90647537086943,545.5440440000202,370.43786981341873,79.34620508593753,2495.8271201214666,138.62248792715764,185.60789580210258,410.57771430285356,163.59321359244223,21.7035209120163,21.003407992317193,17.50283968448639,152.15801550267952,157.60334933945614,150.99116249118197,372.46043679478134,105.79494506036372,297.08152156179676
2025-12-12,1211.5017130987544,229.1020860652161,1082.7874842734527,972.8278447310258,191.43720456390383,132.916560513916,147.78017945034026,39.14346195892335,550.9656283401491,377.73829027244574,79.68767888290404,2482.9249216919707,138.28614471469882,188.71350157260895,419.44981536979685,166.84608554641727,21.47832010477066,20.700120840435034,17.431680219478608,152.0602883918,155.32871416976923,154.1614171286392,373.38035954917905,104.43444146400452,314.12044567949306
2025-12-15,1168.3380213579949,224.57560919637672,1075.7832961944587,925.0024159152599,190.86980823177328,129.52991163070692,142.52960936147701,38.843404633312275,555.7175872259904,373.7996781219863,79.08797660305027,2418.3329844734544,134.97889241741177,181.3730139947893,429.06783970035576,163.8584519840242,21.017474784100045,20.083363845119493,16.891822622051222,156.46342359895698,155.91852848974213,149.5354311963274,371.8536156763457,103.76404900766374,300.86126597385373
2025-12-16,1161.7747374341197,224.5107048395157,1055.5504840464782,928.4704087382124,189.80297683193203,129.8037634565735,143.7335358543014,39.14346195892335,551.6659798474502,368.7111713846589,79.22076303504946,2368.1404207354353,132.2940011024475,181.08714507137302,426.2201471141434,163.81109542789454,20.85576069330216,20.23319942646026,17.042580587310795,157.2742141859817,157.19640724716191,148.63620420722964,371.9795971626281,102.64457758991239,311.20219565517436
2025-12-17,1144.3454733945691,222.50514508434298,1041.1840411495286,929.6980588436127,188.81817835746006,125.64538322738645,140.7383935258713,37.81031539839364,558.985808446083,371.64583009658054,78.34359137099455,2381.038322679786,133.96987393233485,180.02688296400447,429.21707283744036,164.62268437882994,20.694534864607817,20.072141597373957,17.193579460330966,156.29819367388154,158.00976634812923,146.96230764948268,370.16765976658644,103.1614767619858,310.80701389209753
2025-12-18,1146.037713131489,224.0421098486022,1052.9201992627495,937.3206268115064,192.1472371801301,125.86810769973454,144.69386941117864,38.351652512299324,554.2708593606949,375.65951306635907,78.80370342112428,2388.3822196704423,133.6473478311127,180.789538872702,430.5809294016035,166.55353002578886,20.92615639853898,20.381608253947434,17.425497968475725,153.09544815955815,166.2423681361497,147.6499741325042,375.5817040467955,103.85285872144323,312.3365031450121
2025-12-19,1165.5159583299246,224.2484215832519,1069.420677871094,963.4434346295166,192.81318874580393,132.27700233459473,154.53066747650155,38.82718890434262,561.9438394161989,376.6782154608154,79.21058377258305,2459.1849984199507,140.36924960113538,179.4298590113067,431.68988405715936,165.50187648284918,21.242130523319247,20.7752709603119,17.66287016332626,152.58541744216927,162.0004204846191,147.76119082695004,382.2027184346007,105.43255334491732,314.11896723297104
2025-12-22,1174.6363891401415,226.3524855565811,1075.8940866559715,968.0478999418847,195.8505345082176,132.1232410097764,155.77782195561667,38.90554904937744,573.9346761986599,377.6172495748324,78.43358628989336,2438.2884560414823,137.8034476090761,182.15577946188205,434.5749710085147,165.5820220970145,21.398051977157593,20.69775276212681,17.585308096112158,154.53284557333973,163.63674464454562,151.3425917385939,378.6288021612381,102.5550296687652,314.9015235040861
2025-12-23,1176.5693984895697,226.2424055076599,1073.9511767280565,963.3974402261738,194.0332093875886,129.84820765666973,153.2660100688936,38.044199987220736,563.8944413238532,377.407797119331,78.42240152130125,2429.849722509767,135.9944001060485,180.7294013124465,435.99121888046284,166.8810104360582,21.161600793266302,20.694801225852984,17.193800760459908,152.33240351448057,163.53560797157297,153.49940057811727,380.51980907459256,104.87439926681509,313.1450084447861
2025-12-24,1167.0015671931615,226.852168185379,1066.6796070511773,959.3583658764037,192.63381196776572,130.49638422905718,152.19392699851232,38.18457690305331,561.8032259938664,381.3013884168322,78.39114953789522,2424.293064646612,144.49479796204378,182.83491642137142,435.1175505604933,165.41466261664573,21.153167718226427,20.53101632638834,17.18694888694381,151.33846327226274,163.4704376629943,153.98261039588942,378.03510473462666,105.14368905345145,315.1199840478057
2025-12-29,1153.8980468990994,227.45366766454936,1082.794421720333,985.4253020205942,191.47448393500963,133.34830342927853,159.3030445575714,41.496501572933994,564.2436176856645,377.0431119442201,78.8744312921981,2411.304038126691,138.47708319026788,179.5073360999604,430.42905077136675,164.35411373772422,21.059085698924264,20.048870380715925,16.62968449096377,149.82257602218033,161.5566069364977,151.37674317357778,375.7220468917767,104.1297920147399,309.2033311605883
2025-12-30,1145.4336766955748,223.1636785630144,1091.722012282662,1028.9937234381796,190.82787576348892,134.2402282772582,165.4100795713248,42.75166392326355,562.1455130697541,371.6285656148557,78.89624954775627,2368.597651433447,137.03850892518403,180.64521087119374,432.1804452544711,164.08866391157062,20.287606973616334,19.9766860779647,16.634284596474913,147.14345656620935,158.95846542684922,152.1181908966355,365.17693664450235,102.60399193324474,307.19014142136984
2025-12-31,1140.489179390781,223.3049523110658,1070.7744121866417,1016.6210840108251,191.32643433561861,131.72657875519872,157.79179323394328,39.68136603539847,559.5073000552511,371.4487287368411,79.5183488355492,2363.842341915617,137.25084034002066,173.19749677406162,428.16971869063855,162.5379858354354,20.696556673297323,19.91848954502143,16.417192105414756,145.88737785816193,158.5698473768416,149.93332469913184,366.0800542359084,103.71619923834533,305.62432128978253
2026-01-02,1212.4888682494711,229.9010905937621,1148.8047266478825,1170.1366005545497,205.299417911624,134.29711210727692,159.05449514990687,40.01664569859736,579.9299474771869,375.0198054667926,82.05748153551713,2421.3963091114856,134.9199386998871,176.57150977259516,450.22621675763367,167.0733856735933,21.876804483298883,20.94256459438361,17.049894678230658,151.73627154971928,162.79145470556796,148.31071786568464,373.61847161979495,106.26988574110419,301.7597588327426
2026-01-05,1217.3528266586072,230.99009416940316,1130.0985810243292,1166.0909291157732,212.91599788356325,135.24412233920884,156.97977636697397,37.86212151592099,585.4605785035092,364.9877132750553,83.90433227488393,2495.316198807559,140.93122740410763,177.07941997578746,444.84095090399205,169.13304544550192,22.281000121153284,21.501944887251284,17.606665002912905,152.3833449147096,166.1726392715027,151.60428596597922,378.3095930656491,104.15978321564944,304.6108750678104
2026-01-06,1174.8470204564655,230.45376845764167,1137.4762346056377,1139.9675648895718,212.5468791213225,132.27734536786647,156.56842448023235,37.21517051966862,592.4841622286222,371.21741921557623,83.22806271489708,2494.1170669105923,141.69792931411757,174.55315675053407,441.59925201947044,170.03750923699954,21.64396829264831,21.17683272702027,17.517600417137146,153.9991770130464,155.32272963855758,148.23783465783708,396.2870613164523,107.05200254917145,318.8203335318376
2026-01-07,1142.7275813817978,226.05371360928348,1102.2357249193956,1143.1947763734206,209.38973741663358,131.91009089533236,154.80356632950588,37.299250911258696,593.0503358284914,370.189235196518,82.93048249267576,2599.812279497215,148.184713174408,169.98802735523986,442.5295437296372,166.0945773334961,21.881188676630018,21.18036834107113,17.754131876366614,151.45521178676609,155.19292024308015,143.43469939513398,387.78761622474667,114.15595344934081,329.54160746401976
2026-01-08,1202.7033947382733,231.01061391628264,1104.599750052148,1099.8502854372418,222.99102880188002,130.96051383827216,159.76871894577016,36.827779083938594,598.1205003342438,373.72798919677734,83.38805788654327,2494.4007098776638,144.04099583625793,175.96359788360587,458.59539862403835,169.11190976531998,22.812979860324845,21.177919610576623,17.284919723110193,153.15061616695402,153.30633972660053,141.23803116508498,396.5409709134292,114.99922023990621,324.75404348415395
2026-01-09,1176.2803446728503,229.47440055236802,1084.5684735369869,1118.4636014025891,227.29263525329588,129.81471576049807,155.99583990112296,36.15487811004641,589.5427346813958,368.01614778503426,81.81599807739258,2632.8389322711155,144.54159065856948,172.59279297180183,457.2345516333007,169.0864019714354,22.28511865890505,20.49296041015623,17.142399968719474,154.28159042968764,149.68430934875505,136.3599967956543,385.08061668334994,114.69823938537593,325.7055864013673
2026-01-12,1296.2450467891467,239.51422211056524,1136.2311593565828,1186.7372172505347,247.69808839968482,132.81232101667774,169.21098666440594,37.80162615355016,615.4260670448457,379.1074451940003,87.4503636859531,2603.168040850549,143.33441145586403,177.550739518917,465.54456850415045,170.38012103868095,23.772156749050623,20.96626361145877,18.39419288887359,159.23448433792873,150.03738510608673,135.54026158022316,392.6692790598372,116.36666002190395,346.1381947879181
2026-01-13,1302.076732895599,232.9564275542907,1114.183562582184,1164.3923980683903,244.8069592298889,129.73209240942379,164.11421552932734,36.48715099015044,590.0315596912842,375.5525771054381,85.68243498693846,2737.0041896068724,145.94860396060176,175.3410357941284,449.93024091287225,170.58522699276728,23.779019842319485,21.050280561275486,17.697828010627745,152.73147856466676,149.06717588504034,134.79976435140998,382.02360343933105,116.55617956230162,325.4217520157472
2026-01-14,1325.352443718919,232.69726142019044,1084.308394908905,1174.017362833023,260.078000372052,126.45063373208177,160.54004808992158,35.571555530503474,489.7329475450533,368.3528325986845,86.58865897208398,2704.920402407646,152.97329702138813,180.0419976386429,442.3042217165221,175.51754593849182,23.324331734664725,20.28202678672983,17.39573914624748,153.1293013098848,152.81727785408475,131.98919514089812,384.96847218871335,119.35193272605511,319.9099673038745
2026-01-15,1332.8607916294714,229.33035370098878,1061.2670078327938,1164.9763216922001,258.2598132959138,127.80429706523137,162.81596795847327,36.18132662613107,477.99899965461736,375.77114883547983,85.85267799515532,2637.8839753698267,146.7527102706299,181.2185445485611,434.56581343374637,175.7601635225219,22.847261310423846,20.274019069890983,17.232917138965604,153.14682183215336,149.7158445722198,131.7031470293732,375.22531222016914,119.38278917406842,324.2283772960509
2026-01-16,1289.6899120298767,225.3448569593811,1075.8072872025223,1165.9452121394424,253.25954835629273,126.2399101272049,161.01630697826386,36.72575428666687,481.64540142798614,370.7663639422226,83.8220499753952,2637.0027242625656,144.87569136257935,180.04196713694,430.33849516558075,174.03796556933594,21.754745696166992,20.429187101661682,17.54414999485016,150.4118530945816,150.25590152526092,130.68442574632263,382.38450302648926,125.14826401432038,315.09293271772003
2026-01-20,1266.1061083651657,221.27033947840118,1069.3173575173569,1169.6609674255524,236.0061125921402,122.64208744295502,155.9340000152588,35.55295155734825,471.466458563591,369.8754373290558,82.64502298229218,2606.2808667375793,147.43559582474518,176.90712718119812,421.95739571351623,172.6969020426941,21.59685885340309,20.11548540712738,16.139168481093407,148.76103541971588,148.29323758355713,129.0353790642166,379.3094669339371,121.78445311965561,310.1527165128937
2026-01-21,1315.491059499298,226.72274330545042,1026.140808751923,1265.654175889038,249.41841428411863,125.72311148004155,158.6357303694458,36.42226486581421,484.3303117001342,380.2110028266907,85.16726522821045,2664.518822055543,146.9369302824707,178.67967213833617,428.3320529036864,175.01405346636966,22.071735569061275,20.823864749847417,16.768280868453985,155.82801358831784,147.79484704910283,127.04897608493047,388.4001569372558,123.61732389419558,309.160285538208
2026-01-22,1381.4901327879634,233.91300201416016,1035.766744364868,1267.1847362241824,260.6570576239319,130.13360428464512,155.39620671755983,37.19216717153358,484.199902271881,384.94282198643486,84.910422408062,2641.7354547113646,143.2327347769242,179.41127432947542,439.99035916812136,174.03127111904905,22.221734447755807,21.130141479381564,16.99767866687489,156.0199741280594,148.53475033027644,131.22519353507232,390.3228400686494,120.3872217648277,315.860510632614
2026-01-23,1350.6292464309736,232.6547244334015,1031.0409477131107,1258.7057335278078,260.4111297366944,130.28351918232875,150.0872460603714,36.176872814613716,490.2590229915131,382.66401617979136,83.9708939623215,2645.58989259621,142.91424461484985,180.41656011589657,449.63798470045003,170.90454260229035,21.830871782458303,20.81729654191895,16.8409591881815,154.6873238825592,150.16521524545442,128.0224722993271,392.02008045213006,119.36809351498187,328.08683579420176
2026-01-26,1335.781157966645,232.12677210063794,1034.8270073341482,1216.599938855994,261.35695788169687,132.04256389145212,146.46279918473374,35.93366103769381,498.62825897430594,379.13518445146474,84.88450535879065,2632.9785938031127,137.49885909212026,178.03140993800662,433.85412363323667,168.3659587077027,21.591374730210873,20.733956328892532,16.68070198766634,149.1129903656447,148.09968328475952,127.83340786181634,390.9831626823852,121.36379071301417,327.6900432042421
2026-01-27,1346.7255103877687,230.01622438430786,1028.133541956122,1229.1443210695434,270.40551633366704,130.60243248939514,144.7932615803802,36.17882204856642,486.8546689721006,391.18351037926914,84.52121720079958,2621.093384114356,132.94157458522022,177.4633667672333,436.40706303631305,169.04243440159917,22.065962625720204,20.97436124594651,16.919838117382824,146.35269955886542,150.32925301929026,124.75456237792969,393.99049279178143,118.8287188803497,298.24137568473816
2026-01-28,1370.1673271488398,227.997207733104,1043.4986879881471,1229.843307861127,280.1799320066348,133.77188117976766,145.55004885862581,35.80250546266325,486.7268673707731,389.6934816283174,85.09919741819613,2730.0384521484375,134.16189559944905,175.81448345957324,459.81648239144124,171.36840834037866,22.464317298901733,20.826293930062093,16.77023694993113,147.2660676726373,146.87606813048478,125.34776312252507,381.03535491926596,118.71767420199467,317.6984711608384
2026-01-29,1359.463610649109,226.7983170541993,1030.6177977862535,1228.8614395729383,276.4957732824405,134.6590658878631,145.03545899227902,37.214584773983006,483.86762556539907,394.0688934982609,84.49349095903017,2730.6299209594727,134.58104610443115,179.20733545561234,463.89500742938253,173.5120251918488,21.532967302305224,21.14287768561553,16.461796705057168,147.37599297222914,147.4540127556611,124.04861343315133,382.21018403164635,118.97744655609131,317.4552220968326
2026-01-30,1323.505659826129,222.30149285635525,1005.5864533725908,1195.6510391459742,265.7002507718171,129.80595853436807,140.34342710814053,36.68598984612845,479.0253721359313,385.74928182924486,82.58250755840072,2656.8463637679233,129.57180216046527,172.03388991671454,471.2979140397965,171.17527684475863,20.91882111204825,20.76271065950175,16.31355717897634,144.09007796925653,144.55842049279636,121.37599409685708,370.8407205841704,117.08295106887817,311.67481812741244
2026-02-02,1315.0821250360168,222.8118894605759,1008.0812620875367,1160.2931388843572,259.59577291979076,129.173107850409,128.78261190954436,35.30002495174904,484.28196841703175,395.0166668650636,81.7679805819771,2694.3603229522705,127.2987571260528,169.08086946115873,484.8286776301393,172.82954111807703,20.617714594909103,20.30532342817878,16.322356068728823,144.32399285442807,146.8231072923736,121.28526114775923,367.83874521676626,113.70981864574969,315.51351060446177
2026-02-03,1278.1211914686428,218.99493257301947,1002.503165510614,1131.3696515831543,248.6732688614029,132.92773648151706,134.02114432371673,35.53591128541757,472.35424355617215,396.28398300720073,80.05342316627502,2705.259034850751,128.31978215144045,163.46518744395144,496.0188069193282,175.8051291507927,20.540537764750297,19.91572929334211,16.08878508700809,145.18957550012055,142.14364514167028,117.69805489613645,376.2120241304656,112.38719871676676,328.33619348305365
2026-02-04,1243.4244380850068,215.25915830066697,948.6248973259499,1077.8584774228293,232.4486438035965,135.48435358061215,131.03071808379354,34.69149552231215,448.41100927774824,415.20406016294874,79.54041226414483,2750.3167266845703,132.827796459198,162.2061814644012,490.36895781366,178.06738840662365,20.549242346389747,19.61163340269661,16.017469200449,143.61028161450213,136.81263214131923,118.7636753438187,375.35573314749126,115.48204683518225,304.0975055868839
2026-02-05,1232.4526400391842,213.42930351266477,939.8076921930697,1085.5833740977178,235.92844805694585,138.97904638739783,131.86993061567682,36.71733883625029,448.02966206119527,434.9051635604628,77.80951298950959,2710.833424091339,132.6511536027374,161.4781760310898,485.6844640117415,184.60228108431238,19.921109804525372,20.467963287864677,16.171253622194286,148.7442964741822,136.6353774262161,117.49548874617767,394.51610350608826,113.82375262746427,301.31655429372404
2026-02-06,1269.8043764382237,219.33056220494836,960.4600141694027,1140.2532128293824,246.36597264372267,148.2258874122008,138.4587621632918,39.381048705532066,464.13380375091583,452.80393250080124,79.62160175034705,2765.4248793953884,140.64660358428955,163.30633118106834,490.07528602746606,188.2320389892502,20.940717055281652,22.58159439516737,16.877593100770014,147.75706957321927,140.0215081644974,125.64429860582732,405.7654537252274,118.61197140730292,314.5014330148697
2026-02-09,1273.4326033592224,218.827285346978,965.0744045305619,1148.1987194490066,240.3897042226654,143.35882673262404,137.0307302379333,38.2029770576994,457.6545045184539,449.2170226573944,79.53094656943358,2725.380192971046,144.06195022104566,164.2181221198898,469.21695648189234,188.51489356043476,20.937420012352845,22.49991437673225,16.953060407636258,149.14005271434326,141.79632678033067,127.65576032638091,412.42029630181423,116.3276803755657,307.6550753402389
2026-02-10,1301.2156709934934,221.54504826150514,965.2643121456786,1153.9097776872804,241.9412486438232,147.61854568350827,139.25688322001952,38.7606149221283,449.3418025970459,446.37223103294673,80.6470828812744,2761.9281739268918,152.7762069208984,171.3750585753296,475.98972395864257,190.83351049916382,21.255821146430208,22.89689585401993,17.3485011238472,150.27552449128416,146.1337748067017,129.17600531248172,405.8142599303101,116.90701537378845,301.1762344952149
2026-02-11,1284.6209606558841,221.00921085123446,926.4093053340912,1134.5191043594969,248.91875462612916,150.1017668287659,141.58036358679965,39.6362475702324,452.96332387196344,438.5785705962371,79.58520684403993,2746.1585359229503,148.7727402246628,170.19351055864718,478.84025275707245,194.58503834877774,21.10806049431801,22.59344295020867,16.886448768236164,153.38524344412235,143.37845401844788,123.36488262273406,415.90696835922245,118.12695599612425,285.2715367644578
2026-02-12,1240.6336441844178,215.09632315795898,923.6167038853455,1081.5781160525512,236.74664669357298,146.94079375,138.3432056930542,38.689198433685306,425.65935201324464,419.3284111076355,77.8473601461792,2707.618819665222,146.70632329147338,164.37048504592894,470.835852199707,191.17935247100831,20.556080854339598,21.572159883346558,17.03888048851013,149.20744090133667,137.71792629058837,122.0859188671875,416.74911680114747,115.28599977493286,266.6037642500305
2026-02-13,1217.2635407133857,212.1398103022002,942.7480923152543,1070.938647672614,239.18490870151527,144.2925862943266,140.22801752780924,38.69167443437573,425.4521075594712,433.1904260466763,78.24316866012578,2705.056276937219,156.56450411117567,164.1465039253235,458.8285669357301,192.75489341674802,20.948221022753728,21.026385950078975,17.43079556591988,150.62396218006143,135.38178085205072,121.54657939748768,410.6007452772901,115.37154454799656,275.3752980070876
2026-02-20,1207.0112690137103,214.20640565358735,925.3623283140332,1061.732308093582,236.7914616566468,142.856375929573,137.69854317389672,39.62154394310187,426.4590863268204,419.03492543917855,79.63382691997913,2830.087972018111,156.61060157995598,164.50363738353735,470.8477202653885,197.63882616739647,21.56912370858288,22.038017256695753,17.349078049132345,153.17204144092557,136.604447048996,116.754601546711,422.86423951772304,119.48981950035477,273.75593470757303
2026-02-23,1193.7419197642885,212.76078144029088,908.9409662359831,1046.5361757111386,233.07580612652055,144.00225239783322,137.20452703900992,41.33325540300484,413.5669634917358,431.22539232120835,80.24433931395106,2895.984593291185,154.08162080221337,162.67644065827335,465.29212579653176,197.3682511284187,20.940099818175213,21.330772939938925,18.127249615723713,152.20638981774755,127.35955319330606,113.76412483017612,423.88074135780334,118.53033877856979,264.25154918641056
2026-02-24,1197.1518003598176,215.17613456065374,916.2187170811158,1044.8396596553503,232.06495760159305,145.97886561919404,146.44799544995112,41.440172065525076,420.42226240451055,437.85840606689453,80.61286339789967,2885.1741399765015,151.4521016603776,162.39855882937627,469.99409028443915,197.34903694483182,21.032841738828665,21.423786371411325,19.156305638260847,151.4521016603776,127.83901975399021,115.17239501660151,426.5209949444579,117.90901303719329,269.6738778603212
2026-02-25,1191.2133024284121,215.43220188104533,904.4397583569116,1037.6572009667143,230.06030551280674,144.32549589444716,142.21341197319634,40.598878101683795,419.7564101585358,441.4247935277999,80.02437376040507,2755.3262277702597,151.67865374430403,157.3108775343062,445.25781150890543,193.60736453533173,20.4950009263016,21.433704269623945,20.182100433538835,151.36576071167747,127.03771942386174,114.13056477222744,426.48378194313955,118.5893986591309,276.21318414633606
2026-02-26,1157.6918194510654,210.97280726107783,902.6946552449954,978.6229651082613,222.62400962818901,139.97083890167232,138.87609965963748,39.801765729080216,408.7305010828095,433.90962296723956,79.8381173732605,2520.804447759292,153.96793024919134,156.07921094244375,435.86452299356097,188.76514176889032,20.17456767504882,21.11292065713883,18.923432851379403,142.23853009126287,127.61587133190915,116.51203858581539,438.3667926408998,115.10451563786319,367.3648093667907
2026-02-27,1127.4128650588027,207.55161999488973,899.4424947822554,973.5289645839657,218.26950504368597,137.61149388954618,137.37679012199715,38.09937201138155,411.6609777526155,429.5762957890274,77.68517137379604,2479.901405672659,150.3634334919343,150.0505100569244,427.5422561571577,190.7315563635957,19.63643236805649,20.340526883766188,19.949363263927467,140.975506615805,125.79833951390992,113.90695800995172,428.71573022973644,112.1075997630478,346.88423008129575
2026-03-02,1115.1898209134524,206.12551002887722,901.0853001793439,966.5604230443423,213.00939136519628,137.44307764221958,132.9059703040848,36.92266982939532,402.70743864550786,418.50909399986267,77.05261187938686,2459.1123861550004,144.09229053097533,149.88101265753176,427.4268530974732,187.4294861510316,19.321821946790692,19.869403416725163,19.478273795343398,136.03500727513892,126.56966857264706,120.38981495965572,428.75671059564957,108.69502902254862,336.450008046364
2026-03-03,1060.4561635133432,200.5317215104369,903.8005382138363,928.4368581741255,207.88351284438704,133.4271116735572,124.1200652565708,35.898621460311915,404.3482996052171,409.58838889639264,75.31671400406458,2323.164808460817,138.5890035904349,143.5162735494805,410.9961803132628,182.69973667666636,18.926942001041425,19.005152428124916,19.55262541770935,131.7846982988549,124.43290696490476,113.79628142281535,412.7168208972016,105.46685881797976,333.17672518379186
2026-03-04,1040.1337232304577,198.2396287709389,913.7754507112913,928.6044114518918,214.62952256202698,134.47514819978642,126.20215986192397,37.77479716182097,396.9475508546966,408.42048395160964,75.39349655270235,2333.764271945707,150.39676356435848,140.17258286235665,420.5958123588425,178.10347779511721,18.731304531546584,18.887398580910485,19.121539654956337,133.3824935758148,123.86074539988977,117.53893453986393,410.21556365850665,106.49527031303478,346.52913197282396
2026-03-05,1018.9720916796505,199.10408331548297,891.0826322598186,921.8824200692216,199.7294587337874,131.95433254324325,127.73305219721988,36.89718322774502,406.18171439694197,409.4649539806978,74.96695095610812,2289.970640947373,150.87195758460985,147.19787886583708,416.7349525373156,175.18345492768094,18.44859161387251,19.230312750518806,19.386656605094913,130.00003249727615,121.47929055911254,115.06918879396062,403.367517559509,108.26822552860267,341.2989588348846
2026-03-06,1022.67443026806,211.3532530878365,921.2593259981659,930.8769806112978,192.89991259149247,134.17764330761565,135.42871572289732,37.37582569143888,422.23734283447266,405.26967133797007,74.59526360247764,2354.520492826123,152.7873715843598,149.11233331475523,411.8377791472594,178.2779832311935,18.609720819764334,18.92248892358475,18.92248892358475,132.2228407944931,118.38284287921488,115.0987740606106,394.9482866269973,108.29606220978167,334.34940872019797
2026-03-09,1036.7765954184142,214.7184295483985,919.920390587009,957.3612897433995,204.47885783134916,139.36766211002578,144.21388016049968,38.61336296938725,420.0571187753558,417.2431847519365,75.35077489273954,2362.840827279637,149.4509157547891,153.28098433736886,415.6017033599637,179.8569798526314,18.368704098084436,18.603199842430513,19.306681484693627,132.72365950402673,117.79420271752315,114.19862615210604,407.394415669969,107.63279749098365,344.6281699377396
2026-03-10,1070.2368289959559,216.862736240535,920.8650419712067,981.4739937782288,207.86915282665177,138.89225780193556,147.57302857594368,44.57690499868204,415.89471943146054,415.5036999025069,76.87561182437821,2388.3056361513445,152.18711570006417,153.59480987059942,415.3472861243499,182.4524956172554,19.238454678364178,18.691019506698694,19.785889850029662,132.0884076164948,117.5422618677685,113.78842069063376,412.3754840051224,108.62688534296376,333.85755734297345
2026-03-11,1066.3056613258814,219.9270252201386,901.7712147381899,979.148592823105,199.66338180105595,143.09731075367745,150.92111084065255,42.7961848342552,407.61997259323107,414.03548627691634,76.59500255303192,2338.612112649338,149.1998652709808,150.84287104905707,420.9986934244844,184.64168503715518,19.09007265990067,17.916501900718686,19.481262291181565,132.1439786937408,112.50624614606477,111.33267165620418,407.2287885579681,113.99276487959287,342.8389174236145
2026-03-12,1050.1686394297794,218.6416767046203,909.8592172714161,963.7762773413997,194.8524539183045,139.52687918564607,156.35148593312078,43.4309708023834,406.37301793015286,410.7552526070631,75.90637730113986,2232.586488995439,147.66530222068013,146.7262476682663,418.5023817670899,183.81864128771213,18.859214371953954,17.450641871936796,19.250483992591853,131.15370370683286,110.57290113835143,108.69480695928951,400.58220888750475,111.04242095167547,324.2845601000063
2026-03-13,1058.3292952482152,221.66913564230344,919.7860481483003,971.13311750914,197.247967779007,135.64710964566802,156.31117705759425,45.867979465314875,404.82796926397714,412.4987197512055,76.31617569923401,2223.344489822921,143.78750888636023,147.6228841299744,421.6566465028991,188.1683008901673,18.785520918588645,17.611425161361694,19.020339696799283,130.79417703227227,110.9128426133957,108.32983418690492,395.43520320616153,109.42565141954037,320.5279439085389
2026-03-16,1070.0401283098618,222.99350093984685,935.6491232242552,953.3383402315667,200.52979035170574,142.76593326711736,157.2460338328674,47.19729267307048,408.9649181365967,423.28848845290486,75.84439971550455,2267.1136084620375,149.18413629230054,145.58368676264945,425.0104256995546,186.20623496436747,18.78499220152662,17.689200212220385,19.09807509386519,133.29517390775436,112.31859772761527,109.0312236258178,401.450928720471,111.77069706765906,331.32030112075154
2026-03-17,1069.321331175015,223.46364599861772,930.7331240891835,944.9834308332356,209.5265250960938,140.7022227168227,150.01973671648557,46.66584779090272,410.36192280981595,422.81136989593506,75.7145551694748,2249.7478747185232,148.92356386978463,147.4358900533798,427.9790632221466,185.8021039644973,18.556720338267496,17.852035393814845,18.86991551369249,137.10050340095677,113.92417615982822,112.98459623389135,408.32617750429563,111.9667161140137,336.99632865585954
2026-03-18,1053.4606601673877,220.98931071205152,916.8705196380615,955.0342969790654,199.83075428009033,133.61232188301074,147.09111173774727,45.608432322092085,407.1845415467833,413.4537357022855,67.70736414064413,2212.165699343721,147.56129756267546,143.4079470928191,443.07572666458145,199.90912107540134,17.63212537765503,17.710490304598807,17.86722015848636,133.5339700346376,107.28168400949471,103.5201675161934,393.23558081405645,110.29873836774823,333.91327693496714
2026-03-19,978.7289146306612,219.5675284302979,911.5735391524431,932.5742898157732,196.921188973648,133.99731472438816,150.06131395393368,46.15462855143164,405.36145466201015,420.7985814274598,68.80095679845044,2215.422230253418,145.82982767115027,144.18423887783047,445.6390044007949,198.0182531512528,17.239420596890454,17.239420596890454,17.63122522830963,131.56812787786112,105.00373837047573,102.33947061336903,395.9581285617751,108.29490101094052,334.9149314895021
2026-03-20,958.9110101042024,213.62227679264834,891.3070034723205,895.0671577904359,188.6330884678955,130.8211267155457,137.47967480003354,42.53644689555358,399.9836290172425,405.31047943795784,67.83897518789672,2156.4334106187744,141.70982599580384,141.16147638333132,430.6913268469543,191.6098499104919,16.92057676794434,16.058879717178343,18.722304927536015,127.53101409930423,106.77196949961854,104.10854428926086,392.6983785854645,109.20038132974241,315.77242854154974
2026-03-23,987.5086517008604,215.73845548657846,888.178092860333,897.1867909268767,190.04411058432925,134.19024831428214,147.82079523430184,45.59178671842119,402.0224074680664,407.2709618732515,68.6226890564667,2152.136030343565,137.95040691712347,140.4571693580292,431.16355819730234,195.29265004803165,16.842326959003458,14.727243347961235,19.74077289898605,128.3150182403533,104.57909830422977,105.91081771864629,389.7235949039459,109.67096138000488,339.0399339036376
2026-03-24,983.1107010064079,215.22194420713822,878.5944410378725,881.650008164841,183.64771071194446,139.06769585609436,147.76432837893663,44.89340281171417,400.98505444253533,406.07768624574237,68.24110626544189,2159.975966765487,136.87394654173295,135.38534534555038,433.1860862649992,197.98539368696584,16.688124399353,14.416031831949226,19.116911878669725,128.725762555252,103.88944669757075,102.94927162220756,392.9935550941773,110.62737180693057,329.21828977651967
2026-03-25,1016.5716745401733,232.87139797210693,884.989569283789,904.8717058904876,186.21884944391786,141.5231884897148,147.628729676886,45.24358753402157,401.8694994091202,401.16501331329346,68.17848353681984,2218.736154549988,143.1669943566376,137.68766137353668,442.18170293483126,190.3674731971405,19.41247298865528,15.107286920052957,19.177644912128926,129.938329249424,104.57686712461509,102.69824251240425,385.1966817145294,110.76067873855209,349.8158808596054
2026-03-26,980.4629233563901,228.13099088838499,859.5175268308958,859.282994576788,177.31360140016477,137.44149281936188,137.67603998523555,43.46841271487847,392.6229787894408,390.66846380912466,67.00077113935549,2165.211790629546,136.8942310107559,135.1742631963134,436.01320538775326,187.78980288760067,17.04337115026874,14.776133139351941,18.450620594037446,125.24532351748348,105.93471342431258,100.54024790334552,393.7175024066528,110.70372729216615,340.2419713522613
2026-03-27,960.1351283300319,224.5975904088591,855.0359775443721,846.114684541717,174.74787607569124,136.63671145184344,132.48910010740656,41.55446552320291,379.46819673846403,388.0764545842285,67.14450374025728,2214.9078065997164,140.86259651184082,132.41084131818388,426.3441218601838,188.2863331581193,16.394841317912096,14.24277405778264,18.23387995142366,124.3503726074714,102.75143935116193,99.93419010766593,384.24184854400664,108.07291760760108,325.47085613452145
2026-03-30,955.3644596949889,226.66213488197172,861.7703512142762,834.9061087308655,169.87912010764921,137.45405047825625,130.9533749016373,43.15509302111968,385.1063079283631,378.68395554406743,67.66969202000655,2224.9542171892826,139.80370143209075,133.8512732631134,428.3397241418061,190.39931846046602,18.32720685492268,13.941208920512963,17.857278904949,120.22335150991057,104.48074837984313,96.80524732630693,382.75667191315006,111.99960304873275,325.42540973118594
2026-03-31,983.066919229248,231.70164764649962,877.1282810586854,873.0536835627136,176.77338860703276,139.7105310279312,134.06883238301089,47.24927285561944,390.1395119211884,382.22543814688106,68.56237530708313,2326.9678489872895,147.3895134754257,136.10611618558505,443.7357013568726,197.22457048116303,18.72732390587521,14.652759102991581,18.100466632707594,126.93834654670718,104.92002616009904,101.15888625744628,394.057361938736,117.22207282393265,355.58407596205143
2026-04-01,969.8452443420101,226.2946113183898,883.0741599840694,877.1169593252562,179.42096863119514,144.0697833463746,137.25038381692502,48.59807780487063,390.27393755422963,384.78705165304564,68.74277059786982,2417.676080309204,159.433054899353,137.48554119573964,445.9265647920838,194.3923112194825,18.73377655241393,14.814575674461366,18.34185506300355,128.15784114395137,105.66162688977056,101.74242694622808,404.46142221313494,118.67337698156734,359.9001379917754
2026-04-02,956.5180824553681,223.0438596500244,884.1032351370086,869.6046120418396,180.64514968902586,144.75123215416716,138.7166764923859,49.37373167745591,395.6168058759613,385.5069396634826,68.02603064334107,2435.6923849777377,159.95521039587402,136.05206128668215,442.1691692855529,195.5356517025757,19.74949192357826,14.577006166035176,18.338813395176885,125.86382228014372,105.95759597950746,101.80392758283233,409.17498533857724,120.84808304497528,350.9453297314758
2026-04-08,981.7218139774413,227.56956604292282,893.3574596027102,889.2055974555333,190.28107100522175,145.9422008860838,139.44021371176132,49.97913581852572,406.3350587808927,390.35429226946144,69.32842682217415,2445.609130615543,167.5632704509917,141.94701672904375,449.185517877002,192.39616410552662,19.897649027491752,14.962405334300797,18.722592117032264,131.68483249961537,105.67688380232539,105.8335617924622,420.9841370843387,117.34912511807852,356.8259494619597
2026-04-09,1000.02169748909,221.96596954647066,887.0023258924484,847.6844565911488,186.17258889625555,143.25186183353435,135.41961171527873,47.541759562306424,402.1077222663498,392.86566473659514,69.47205765259741,2454.783937233049,162.44086565996167,141.92037871587763,448.0047127397538,191.65515501573555,20.207204707546225,14.724630184973478,18.719078604266656,127.82231953971859,102.83744494902612,107.69343912601471,420.59183732585916,118.7369105976486,364.1996304988861
2026-04-10,997.4013675258102,226.6144777504196,882.9583110680542,849.1972382874374,186.1168332671814,150.4757644034653,136.45434421220398,50.91579985618591,401.99982047402955,389.7800177512818,69.01049509201812,2425.628733834732,161.99057793295287,140.21427661582948,445.630741960289,193.95003324505615,18.95634454408264,14.726415921052933,18.25135535082245,123.92122125947571,102.22326120532989,106.37485510191345,411.0863312531128,119.37796586993409,348.92987867141346
2026-04-13,1002.6075764524285,226.66561239821021,888.2566502341069,877.2914740984561,191.65540004803916,147.08985065386514,136.8295791251876,50.674721409704944,405.47611061047064,387.2269301619963,69.70711218556971,2393.852101424709,167.14043240848696,139.80584634104162,444.1674649057677,196.58973229685216,20.2855530692068,14.881294063752648,18.954070116596995,123.98467728940886,103.15086653383332,107.06699659975129,413.38668019743636,119.67693272301403,340.7033157348633
2026-04-14,1028.4442947251518,244.681254029274,889.4652826998899,925.7172955283131,195.7450032234192,146.730452624176,139.9185348751298,51.52008425103759,411.6125903887405,387.3402219363634,71.64266819293971,2427.238039970398,171.9424036630553,141.95426976659382,442.0705081113738,195.27521939724738,20.514075441764817,15.189812698162086,18.94811690939332,125.27680206298828,105.70230174064636,109.53890201172635,410.5164231496201,119.0912602598114,352.02780662860096
2026-04-15,1044.0595351152588,246.52275775892485,907.6769380957703,947.3931863917969,195.44782740293886,142.2578119150421,138.3410219064972,50.36991816516456,423.9533421577362,386.82218961106264,71.75559176123352,2506.275609792676,182.13073539733887,143.74619630187226,434.52869311044924,196.46618623095856,20.993994968748666,15.197145681395341,19.113935689940263,125.6506306459778,111.47184005726012,111.70685283666535,420.819928080542,119.85377575561142,364.8098190052551
2026-04-16,1085.4964291987126,245.39002772656022,927.2030283761997,979.2886990685365,197.7688546180725,145.05660507160792,142.9418454170227,53.808792419536985,428.35557970171067,380.1861538306548,72.60662862736353,2511.860360007384,184.06210231781006,146.4664448413314,456.8656495840696,198.16047013669595,23.418965433430003,15.899832444216827,19.346102042172333,125.3972042653877,112.39537184998699,108.71412771214636,429.4521449835447,120.3061203578236,377.67977865744615
2026-04-17,1103.059119154983,247.19289372351068,924.6265484502874,986.6594503174092,196.7373768291245,143.85687056404277,141.58833597090143,53.4280830661728,431.72706646968254,379.78527394957746,69.15143012200315,2533.4924150881707,189.2277265507064,146.4383147122926,463.3302153588975,196.3462548055877,24.562838697892744,14.78463797346268,19.478174060083006,125.39563950275715,111.15857553282012,110.53277134295195,435.4818916088916,123.127089989267,405.20859340853895
2026-04-20,1097.6964996711104,245.66412617343758,925.7237919397994,1000.4332572221756,195.54456161170037,146.52137242037497,139.39499972825615,52.15565824223631,430.79320391857436,381.30014810381,68.7577591488548,2490.8635103878623,197.73729741573334,147.93098722748255,458.12403559684753,198.05055178921975,24.5115945956627,14.879241995068071,19.57795023918152,123.02783960175248,110.34132874297029,109.71483493278811,438.9376383877334,122.63627910328978,392.26381218718416
2026-04-21,1060.0159384338767,238.96946195446617,898.9542245105549,966.918017812688,182.9854666665442,144.85370182991028,134.75308518244492,50.34644745408309,427.90567708290837,379.75159668922424,67.57229531726034,2445.365365667705,191.3634891936881,146.41969376940142,441.2948499213744,199.81981281124717,23.33319103870258,14.641968816899919,19.02673000630864,119.17153408277545,108.20962784235235,108.4445311135978,424.3822026862563,116.43105565586893,371.2952581372592
2026-04-22,1068.2163220460207,239.6870158972015,886.9437093993838,965.4038490744933,178.29707131249233,146.03602306161883,132.88103280272298,50.74066764507961,422.44738427570337,379.1455288941652,67.02779861960789,2446.2796478639066,179.0801092917518,146.42754951885217,428.5550476564713,199.9088388899345,22.864622370174402,14.799361240906478,18.792840559992783,117.2986382498093,106.88427345071796,103.90874705178067,407.64802770204915,114.00989815268895,374.05581936699673
2026-04-23,1031.4678158166498,234.80186304155723,857.9118307291719,951.8168967486417,173.63433625846483,146.06586801263802,124.52800499650948,49.184648821858445,414.7017684131242,376.24689418666094,65.24014446586989,2348.0969666482997,171.36306353367218,143.87293152057282,403.03214948780806,199.79305108038716,21.77282129768514,14.567427461127522,18.013485058214656,114.1898331388893,104.39989540428542,99.8573648929596,407.9662864714737,108.6291482068691,372.0176339149475
2026-04-24,1063.788444063539,237.0849282307845,866.1001454049037,1008.100503563568,174.2695597410202,142.0003133416567,130.4867792671448,48.63883023099288,415.9755696274733,382.2965146194165,65.86997621710361,2355.967705293704,178.34238000347432,144.8982856273651,404.9319717558592,201.52609853313152,21.852227641779336,15.038092010063849,18.797616179689385,118.11168303815157,106.67646668445514,101.89874211765436,405.4802331490737,109.652756690979,366.0835736989193
2026-04-27,1038.2809685328975,233.08827209472656,872.4944579070434,1002.9454934606329,170.09566970681772,140.63645922462456,129.74593819852453,48.81142654104042,416.81668078224175,373.95976875233464,65.26471558876801,2341.851532990113,171.42760328797158,144.63224502420053,409.7652589150239,199.16315611533355,21.93771935296536,14.886309627654555,18.41201402331353,117.05340125336079,106.86803735786816,104.20417019556044,390.6481139129028,105.37940219213488,356.01784080290236
2026-04-28,1025.43223793972,232.98508630121614,875.8296045629577,985.5434040395812,168.17557402302555,139.33653071634672,126.56270140678407,49.841412808549876,410.1728772391052,370.9893774260254,63.79074038621138,2336.590489552429,173.50453238917544,143.09814311104583,417.8528396151123,200.7762596190414,22.177860296310428,14.88972974212885,17.86767569055462,114.96438904946899,107.44115678641128,101.64200060775374,399.0447477469788,106.5007536877365,336.8213608058777
2026-04-29,1021.9972374750068,232.71732298706047,889.262215832001,948.1859605519712,168.1519666651002,139.08189821243286,124.27261171263126,50.06948231031038,413.56295311969006,381.51534833596816,63.860136190185585,2278.5923550646985,162.58869791030884,142.68626699240122,417.7941842390137,198.78917602093497,21.626255647319795,14.574215924772261,17.551743849140166,113.85126444438174,106.17238012992857,98.8852698323517,406.35421555975336,104.68361196440128,339.9866748478089
2026-04-30,1033.5304411553661,237.61481270999138,920.9141632649007,991.6029770696332,172.64691754109208,139.73193057827757,127.74146783874494,50.07779145034215,424.8383545223005,379.69782232715625,65.90832977399441,2314.001446060094,169.5905162853087,146.00144478657512,428.60006304727904,200.5462781895676,21.316368861300475,14.96847918578004,18.024870165019024,115.90775416519546,105.95489475413524,102.50665446572111,404.69752331198106,105.32793585945501,348.66370457453195
2026-05-04,1044.1571434596553,235.36040023947135,910.8071136474609,998.7930658520199,169.9389830661239,140.08800367859658,125.20169685292058,47.55784375217627,413.7610746023711,374.82161252363585,65.42141717334744,2328.0622717514634,166.25657054793555,144.3188567989273,416.3465760285035,195.71579597401433,21.545974731445312,15.434753031775472,18.80376051281928,114.46788488334278,107.96491856215289,104.83096158999251,375.52675471035764,103.57737880112836,342.85520657594316
2026-05-05,1035.9991201034863,232.48491968782037,901.5840170546726,988.8441867580113,168.8022166572191,139.27163036326965,123.91884503691108,46.21499441462038,410.4518201187893,379.04127379116835,65.64095800396535,2330.2539008231834,164.33738067639933,143.5798017629204,421.1830899428023,198.7244793444479,21.46255645592737,15.587769125299928,18.720989781985736,114.59751909252736,108.40941006974026,103.82707565304372,382.8011340970843,104.17956349049564,330.08471270260634
2026-05-06,1108.274350489868,240.47610167786024,927.5059081379623,1101.6140001927415,175.28349634206006,138.8477120383568,124.8219063686447,46.23033555370807,426.6511466918182,381.6745027282486,66.3679573144741,2455.0659051111143,164.62700760417556,151.77654644047925,441.1470871748734,202.7866145750313,21.70475025967312,15.828012784277917,18.80556066853046,116.20268841566849,112.59828913185311,107.74018704891205,382.4580856593475,105.2327814506607,352.5259051759185
2026-05-07,1104.6053109169006,236.66755625179576,917.4491392601121,1095.752762016782,172.19307963337087,137.8798148475953,121.81994890386204,45.98604999056852,418.10485293467536,376.897604130565,66.27631895386048,2483.4034295082092,154.8405907523047,151.432770040773,441.5287659395326,198.35890876111444,21.622061330470274,15.276456801132213,18.801793273361227,113.82918349405054,111.55730052930903,103.48819999538728,374.4690285041197,104.2716110057786,335.6119977888611
2026-05-08,1097.1991813235509,236.03177915694596,908.0134466807503,1104.9546663695291,172.81317846592265,141.00803661346436,122.36363976473467,45.827611152288455,412.6835228794189,367.4042851295926,66.50878880967412,2445.079316626594,145.70830748892968,148.8418164253235,419.96894049512775,196.23617831037154,21.54289448261261,15.275871006669036,19.427774082828137,114.60819954400404,109.82959654828483,103.01420153759773,368.8143678864071,102.85752982621534,314.76127523117975
2026-05-11,1074.8791680353243,239.0099126640862,909.7720637793136,1141.2664262287872,172.8574757515953,147.72738785195088,126.43334135391615,47.52014995972081,408.6576266889115,371.3930453173507,65.68271222431986,2432.7654336690903,153.3640393138794,150.0759888947441,408.1096207743958,195.79553999317704,21.137463513788703,15.422519626484586,19.258577826640703,112.02855792963373,112.02855792963373,103.18213727491457,371.3147715570267,100.75524007373542,308.45039999571236
2026-05-12,1055.0847680377046,246.5100119077988,915.9776827432324,1095.4783080007473,167.68004167199706,146.70046364901737,126.50370859860232,47.59545457243348,407.14466175782036,372.77886913529983,65.52203196107484,2466.4309883075475,152.88474870806112,147.32671904084782,409.1800104451522,194.60905338291923,20.979576156591406,15.186708182994835,18.47455085649301,110.45589738545232,111.16043656764987,102.78426510275267,379.9808285380095,99.18329286695098,299.4286447763443
2026-05-13,1141.4268828152271,264.3576366544021,938.2856399536468,1178.1410653591156,174.8815387368286,156.72016390564568,130.57404205800776,51.19629583060532,409.25723228447896,367.29818358411285,68.18344667256088,2478.0102316134435,160.24283587332775,150.30105882887256,410.3531726836154,193.1211971581024,21.605776273458673,15.343232777716821,17.613404631614685,116.4833168596092,115.3873689949387,109.35967440308605,367.37648210527186,99.18303912282408,298.2536398171542
2026-05-14,1104.8566362709971,257.26750990933215,910.379342135071,1121.8459854816756,159.0893373629151,150.8686835556182,126.20670720071394,48.93249869346619,393.6521559320681,359.9866028041688,65.29552745120236,2384.9308020920726,159.16763115278627,138.6551211299593,405.94399721458467,186.883005580612,21.13883980890273,14.95377133939553,16.989364143692,114.54119383764646,112.2707261969299,102.56252024810783,355.6022401694645,99.35254206195077,290.15015500454683
2026-05-15,1038.4793421975337,250.71063367387978,888.0216322356137,1059.939777982654,149.36119832389522,144.97513683294528,122.3399023629463,47.776786057256686,388.55842992081307,356.44614545366494,63.59795137417677,2296.9668428157456,161.26623730961,133.54002927226247,398.66205266152974,185.93785373712308,19.26736022309342,14.64632648388033,17.309295190134435,110.82647787770838,110.19989766471554,100.17460678740463,360.67557309550466,97.98157604192966,282.4313111099764
2026-05-18,1043.444428556817,247.4324305840073,889.5822231114289,1078.288647646128,153.70564386317892,130.68504268157812,117.92191339994588,46.04122476541215,386.1825080245544,356.11476879266047,64.67695913241732,2294.935737287771,147.67644732598274,132.25106174346,400.0418596103882,184.39979370678702,19.575350284576416,14.250855417878824,16.83480199147607,111.34459450954364,110.87478281705626,99.20787583962556,356.3496634377989,93.57017286679456,292.0642202719573
2026-05-19,1062.10050921308,253.54479340546095,896.489867134238,1078.0742479165783,156.60579681396484,126.69409201211238,116.98452693431136,44.945861893396795,383.292693676216,354.94705281654024,64.5998911857605,2325.674462053459,143.84243094506746,131.7837774215477,395.19473781849956,184.40331977440655,20.04554154413472,13.937915692416482,16.443607918711677,110.48538696393553,110.48538696393553,99.83619546890259,359.95843353535747,94.43329876454118,280.55929932990693
2026-05-20,1053.2631483992154,254.24942754803487,915.0159854064332,1059.1376732309873,143.33839991935747,126.73308476110833,118.58707729317848,43.78479294131466,380.3559118643643,356.77946880706804,64.69810194001002,2418.267652257113,147.33307859772503,132.60760959288018,391.16501604167206,181.87528341336838,19.89505713147355,14.0205322997017,16.213688012801185,108.95285268475345,110.20608345368964,98.37871246947088,364.9254837448425,93.28745313336185,292.47301081965634
2026-05-21,1029.5941567270202,246.45415002955633,895.4422378992313,1027.322983832215,137.67600995396424,126.8686846400451,122.40478160836028,43.85583879171372,376.3770907947692,351.94310154226696,63.27771073674012,2424.7580042488407,149.57974141365048,130.62775301556394,372.4613908359679,178.79085952137757,20.126697265436178,13.156751450798993,16.21099730663491,107.6034330753937,108.07332035663603,96.7961002928696,362.98537423110974,94.29005470919037,301.9004608486939
2026-05-22,1018.4082984924316,239.09093643214874,913.042233055603,1001.0953645902191,134.9782655141098,124.48083240528831,122.13065791456756,40.736330445497515,363.25839779474336,349.07903984149016,62.749620800150296,2430.47057390213,145.789069665625,129.96456790297088,363.72844315228576,180.10158884035263,19.5847749710083,12.847612268916464,16.21619315302496,105.99280005121727,107.71626234054565,91.26504837649918,350.8808355527435,93.92857896791611,299.1770116988846
2026-05-26,1014.3029465225845,234.94975552060623,966.278833166507,993.620478503035,139.29332598750534,124.40820850383034,129.65716253050232,41.20826199552994,370.95267256752777,346.5097585340027,63.222556512864685,2369.396638065082,144.5422874855194,129.18711051442642,366.56550049390717,177.9162645379074,20.29075862876482,12.534832187515974,16.29528100324478,101.5321395047863,104.27413699348335,98.63346050117798,337.8920734876465,92.05267250537872,300.83597997172546
2026-05-27,1001.1031259081028,233.82057710049594,971.0135837128109,1017.9501297612296,137.67518254999231,123.64908261868777,128.89908351292434,45.05590856075287,374.63009568077723,345.2458074889819,63.313345692763505,2350.8214899670566,146.45129653268214,128.35056424568847,368.3614236201993,176.3057291507721,19.824599542546935,13.164160698919716,16.455200640124303,97.71255509283719,104.5297090565964,123.33565051022106,352.14129892962774,91.83569745447812,300.5816834592042
2026-05-28,988.2971167767828,228.27343487400503,971.532986264654,1034.437488096024,134.89596685385732,121.73538927712707,128.78570589719857,43.47692634271243,368.80967594210233,337.16160095246596,61.41605359400637,2276.310673639091,144.76640563948968,135.5226606684264,362.3860307242612,174.2210448073547,20.054220743159476,12.92557206550407,16.215717393534078,98.46935713121638,105.51967375128788,120.40366305347288,350.1655088109437,87.97222453101494,296.5831353698304
2026-05-29,973.0525496832124,225.83404167970275,962.0859175713958,1059.9238192574994,135.6727555783691,117.57783649920657,128.85779284633645,43.86647988955497,371.53342678228,332.3669262138901,61.56973993936731,2255.363873913637,138.57108319439703,136.76941281321706,358.6868193769151,173.27260508852396,20.288246622088423,12.924945000808236,16.60659534454726,101.59790456612018,106.29788015207669,125.95946523030852,351.6368373219375,89.69128480752943,282.3121432685548
2026-06-01,982.610609090134,227.94371946213687,965.9202951364023,1037.461220598998,143.86547976962902,113.93267978340873,134.7759411512834,46.8581450526392,378.3912809823778,336.23461382033383,62.60812158051067,2191.5193350038317,133.91399724839175,140.33935920836484,368.909957833057,175.52214514319985,21.235045898849876,13.007444644686359,16.846992643910426,106.01850970361056,110.01477469116935,132.50354902388608,347.67488951577434,89.32823311393349,277.23097269640675
2026-06-02,1025.236383426818,236.28554379005436,977.6657366752625,1071.4746349633788,146.16004501838688,120.92491074356076,140.20392330581672,47.10037115180967,379.8593943894957,340.04742058212287,62.93110704959872,2152.745519793243,134.40454517860417,143.80895102958675,369.82801419708267,177.03782878295897,21.003160236921303,12.69593986433506,16.37932910410882,105.64275497268682,114.89041723831178,129.78071404579168,347.41421961502056,90.2822423570251,270.29813947021466
2026-06-03,996.9320716205366,230.48323469266506,961.1174399417723,1039.799865677458,139.88867217041025,117.47513271726984,136.83227091462686,45.06217634677887,375.70098646627775,336.5164852951657,61.989879656883204,2186.495165348053,134.55957761950685,142.4748486497956,364.9644415161056,177.4274165195311,20.68941744047072,12.225563916955934,15.595431540841105,103.99566969557964,110.5002962920762,119.12088206541057,351.40660769834903,88.63534493754969,253.9939353953323
2026-06-04,986.9114403492276,228.72525739480443,961.6804074781467,1056.2577879661258,141.1216808038498,114.16673071152036,131.71878671835475,44.58536155714455,376.58567945810864,335.7614508751067,61.51055895464515,2193.4586658396875,135.87173434612123,137.51723259106438,362.5596975242188,176.38251120622408,20.92142663656159,12.145396764958377,15.749837504999732,104.29370387814106,111.58093707983244,119.80846566826858,350.72771325025315,87.52521739660187,261.0085131392152
2026-06-05,948.4203438608092,226.2545786150131,936.0421952216493,953.1209717023012,136.78687154681393,111.24705909074783,124.9570841628456,41.9918492668171,373.6177582059936,335.9347941345368,60.32410882295608,2116.04448894455,130.20607325952915,129.50098506040194,358.3408970340424,174.54821029729464,20.76089585631371,11.359735433306696,15.276885453906061,101.45418403924941,109.91522748603438,113.83237750663375,352.54350185394287,85.15884055126571,247.0154856783829
2026-06-08,940.6439639359269,223.97777247282102,929.9111845786902,933.0448484567569,140.70096422122515,113.8299040522038,124.0142742998787,42.696005972074545,369.84926117347277,331.61872921612667,59.85275070497687,2121.482257006777,129.10645568811196,136.07884138015197,354.33768773519296,173.13427179684822,20.995468414677703,10.811099100903846,15.119870123026715,102.62710350384896,106.77919021138723,111.79303597963553,345.8768430801465,85.00031143059914,248.42024911330736
2026-06-09,937.9835554832607,225.1317277084945,946.054809435027,949.0325135613602,137.9940802479905,110.56765232467342,121.30313600412592,41.374715923258236,368.6110980250123,334.75906146071793,59.94631973134233,2101.4124401164736,130.4713971524734,135.25143521372684,353.0955837574129,171.92447980711677,20.687357961629118,10.50040123392506,14.966989184127613,103.43678420331571,105.63089574686273,111.5863488381683,342.51680364830463,83.2979578641266,256.397860174402
2026-06-10,904.2676321397557,222.9711859653853,983.7378475691839,920.7260096047357,141.6983802156601,107.29263129862602,116.4622726903649,40.59721174172023,375.9552821128309,343.1953664577559,60.03371545413211,2065.990491737437,135.2717967519302,136.83924774760453,361.3778996571273,175.8690122307662,20.298605870860115,10.501982025437826,15.047615325280674,103.21723927687071,103.76584787277989,116.2271557884369,349.0733413255766,85.19144818737414,248.5207702361986
2026-06-11,882.9881296291423,219.86552408417901,984.2234191033858,909.7856957051772,143.86069968676748,107.97387458424191,113.30205086080741,40.979925767622944,371.32670172715007,341.47327599931305,59.78524611021612,2039.358468532053,138.21909424328624,139.86456747934335,354.1668583568953,176.3782284980125,21.15598491838216,10.499637035602802,17.23821000268697,103.50761357156944,107.58209559815987,117.53324747085571,351.97288407873566,83.68367459046931,262.09914783805834
2026-06-12,884.0135079790161,223.78501492696614,985.8764368463562,907.1285333096057,139.9439978263763,112.04922324859808,113.53798584409105,40.823527944969555,364.12080221612996,349.7032787808257,59.86405868817769,2072.3621958410513,133.75385882149203,137.6716637779282,365.68790028632066,178.88697371306534,21.547927260398865,10.421361520388075,15.749575850147153,103.11662525778047,107.34785431182672,120.66838966918567,349.9383375132584,85.87828494398536,267.19428607275404
2026-06-15,881.7876318176423,224.69719114978943,986.6149598666016,914.6930539608002,139.84814871201706,112.66198047652779,113.52378708809738,40.74007457072639,371.3614745477753,346.68237805366516,60.09161279370346,2101.2478649933473,138.90798653543243,146.9776608279335,368.69769914805147,179.25632811119613,21.54523253440857,10.655096929091883,15.590913799616146,100.75333927110023,111.25174468333626,122.14188309053498,351.4615071431763,84.84904243777237,270.29473543167114
2026-06-16,869.3944563609693,222.34309876979842,954.3204058920674,883.1048310739134,135.53684118499768,109.99637739812852,108.42947892524717,39.250845971374474,362.18892383045204,341.975929794502,58.75874876976013,2067.681301908262,138.90567850536354,142.43120940879817,364.5392678039934,176.98135248996732,21.388184701623913,10.654919888989923,15.120584272482404,96.52103558822637,103.41539634046558,118.06591013713842,339.6255559347155,82.1839014861298,263.9442887147143
2026-06-17,841.5334998049075,218.60758858374174,946.9601554223482,874.1953861931397,134.56390036242374,106.36657300318984,105.27000769964252,39.55458151485254,366.0169319346969,338.9944901030394,58.11781916294785,2057.464710927685,140.0467044709403,140.2816875522476,358.3409972190857,174.11847440753627,21.461296957326795,10.57399682599521,15.116898488242668,95.16596676536938,105.50499078094981,117.72382715880849,341.73591456651775,79.26581094750327,258.3971606496416
2026-06-18,839.1242023125305,216.00984436303406,950.6157091838104,875.6351445296386,134.76131769940184,103.49982168521728,103.49982168521728,39.33149896936493,353.35668331533816,336.35483449667663,57.43025608368225,2116.6143918097077,142.43957489699096,141.73442730292663,352.7299020583923,172.36911964416504,21.859538055993653,9.793699979782104,14.651375207114029,93.54941891919862,107.33895028401184,119.16974165286865,333.0641357617096,80.543386541568,266.2319366638367
2026-06-22,822.592176557213,211.74088528775792,952.6772362588272,875.6449174273985,131.33890546870043,100.463287889801,104.61661182363514,39.574074499406834,363.7679992904814,325.44776308473956,57.67627378187467,2129.9470415052783,144.8175942597427,144.50414402810293,354.6777183702925,174.2042821345367,21.31514449605322,9.795562624931335,14.419068445468668,90.43263385442924,106.41899175938033,118.64385720359996,332.34384754292296,78.28613470483015,261.1105149386749
2026-06-23,804.3121840068052,204.76252664431013,934.8365435600281,863.4205143574218,125.11523078305436,99.01036186286547,100.02947178023533,39.902038988388085,356.688157081604,321.09772719790635,57.383678484987286,2164.665990254609,144.9486580835037,144.00795043810285,353.0820861871034,172.30781383241265,21.714861281599042,9.95591104813957,14.424312548041826,89.52480837549592,103.0084067365151,118.60861225196459,334.4245434434051,79.64728838511655,261.12709894999716
2026-06-24,782.4719657795722,199.77339399014272,922.3446769734801,845.3519492159576,129.4450094096146,97.14256140474708,97.84819114361562,38.417961820640585,363.0105241562651,321.84842300670607,57.15651729715728,2172.731670395995,144.02815860228748,149.75164717308053,352.5828074175952,172.17518163034038,22.580353527877833,10.035712055957788,13.9559121654396,88.98854547611245,103.0228615689698,119.01727771656806,327.4935207351609,80.5209138378068,261.6341469323652
2026-06-25,745.2461330762344,197.46240191916968,900.0648053756195,815.16928616125,126.52016589459527,92.73442437924041,95.55643292987361,37.07809230020371,317.3978886713976,314.9678126701874,56.51861433845215,2158.3682361493557,145.17680414455572,147.21492516901253,348.3615992087889,170.888452557434,21.63541944657402,9.641871892717745,13.796499330149459,88.57979881075289,99.16233648245998,117.66219274171908,324.4528988343154,80.66248769897766,248.72893170577845
2026-06-26,743.2677180964965,199.04617018002318,969.8307255878753,817.0379124780884,129.1173834185829,94.38818192140388,94.78016091759491,38.10021413568211,320.55919546383666,320.24560628578183,56.44475863656044,2194.2117694620974,141.11190032958984,145.50204415307235,363.28474904473114,171.76453970496368,21.715553401192665,9.956228373726844,14.11118965914011,89.44926451270294,104.18761944429207,123.94328907909585,332.16172590227507,79.72822428432846,251.1007775167236
2026-06-29,748.9713114792394,198.00570821762085,1012.8482375646126,879.694273595218,132.21292520404677,93.23912628464859,100.3751723941441,38.816959125173526,313.3587294691679,320.33793578443874,56.93154403880544,2274.046470985282,144.36772507220303,148.99439430236816,362.29163844437426,173.9313532155793,22.349158397501924,10.508025965178831,14.193676061145197,93.78805060736886,101.70828073092162,122.80274694949185,339.31513208777324,83.98578782431832,254.15306824236905
2026-06-30,752.512028301102,199.77084252992245,1004.6560478708343,896.0679036824113,133.52031579972845,92.04512118180082,103.80557130654142,39.67191797216606,312.3575565094452,320.4330560244216,56.920580398246784,2234.250324268898,148.9657015800476,149.20091596604925,359.94817562155913,175.46590928128808,22.188048637176507,10.349196521011834,13.798928071591376,94.55402229283527,100.90466117302321,123.95514760468677,327.0973290401307,84.36163068930819,247.75348561870578
2026-07-02,754.1029337405853,208.80196439031988,998.0451038836363,888.7025716306307,134.442728376358,94.28248040678409,102.59690428971862,37.57180202603149,321.59580278396606,327.0864688158417,57.73036954701615,2334.7070423361583,149.9734638810578,142.6002876281891,368.8939076184615,181.03490496873474,21.80576396435356,10.98131990805149,13.80508804470253,91.92933889032747,101.96940088272095,121.26514934897614,330.5377300738983,89.73306948540494,260.49259307379907
2026-07-06,767.8905513252539,210.0307294719987,1027.3310568281595,897.1401941781951,140.38647800719446,94.27070200400703,106.3486447628411,39.370957091468426,321.3987668756927,333.24144208275175,59.370150014598494,2427.039062031108,149.6410081983322,146.1117331393416,380.5336381192719,180.62015384371807,21.88146796826095,11.136804301331608,14.273933116297826,93.32955700194543,107.21135228865205,119.75986754851692,329.9474420550323,91.36885196006006,267.2833256704471
2026-07-07,769.6433111485749,207.74252356800844,1025.9297353542934,879.0433713536913,138.02448190395353,94.49971575113295,103.28309078443908,38.2704245959053,320.04427124777976,331.10191296400444,58.58197889298822,2422.95692189502,151.74850679580686,146.41574044454956,374.9403708151931,181.70609016645813,21.801593603831293,10.66552802813959,15.370908178035734,91.75490778116227,109.94904872351071,113.79177389826964,330.4745146092682,86.8926827169571,264.2070741482621
2026-07-08,854.5775879215544,216.66339979590612,1045.1284305980225,922.3290066278532,141.3840523252029,95.04019039059449,104.05803481003568,38.42384045997619,324.4854139448089,334.993159062622,60.06665435346986,2367.2222285547177,154.87159883975983,156.3615070164642,384.86573947512807,182.08194525151066,22.191727235481267,10.899823806167603,14.66379192753601,92.60929859667203,112.05646286138153,115.66359913349152,328.2493783270111,87.19859044934083,264.5755951797637
2026-07-09,871.2042220431977,217.4483089148407,1049.6937304744642,921.1373992766494,139.84419236584472,93.36010624961091,101.74761980760195,37.469465422187795,324.7614844640884,331.6596367958755,60.51553399607087,2373.823684649178,156.6192194818268,160.6953990459442,381.51437938166055,183.819864889183,22.57574476304626,10.660768048841476,14.266616326459882,89.91103755937957,111.78128913050841,116.64134420457458,320.99886407474514,86.07001990068056,273.02541673230735
2026-07-10,880.1954475448001,220.96957079757703,1003.2174863149412,920.9415845205076,138.69366900314344,94.81318505699164,102.10047413442226,37.45512646091083,335.372241336212,337.09612693899544,60.492375675319636,2340.553606699221,160.55554370823666,159.06673749099718,380.42809231887804,186.72711747468566,22.25367181279944,10.499972490551954,14.417872576001173,92.38408371598052,107.82061214503483,103.4325607612991,322.12974980822764,86.74230550054926,269.629882684967
2026-07-13,880.7633073633806,226.40359521987466,1030.3401567248802,888.9163528325516,137.89610076838835,95.48462392676083,101.52100415907671,38.64853594197962,332.0795259830993,344.1523014003142,60.12865800109557,2382.8821630272287,153.8102097403762,159.68980466244193,381.46811734741823,188.38222668591607,21.71530376263695,9.799324870109558,14.189421963341147,89.52663261142425,111.94748522276996,100.34508816518019,320.47712892550953,87.33158593388134,277.5168922835692
2026-07-14,880.3080083198547,226.03350394630434,1006.2566324605941,860.0089117746356,136.99949807929988,97.73362828207019,104.70899858331677,39.26587727165224,332.38837784862517,339.36374814987175,60.03524953460692,2402.664010101318,151.2637458610534,163.49025677299505,388.66163092517854,188.33513267326362,21.31800048363209,10.110374824047085,14.10749979794025,90.36637400674817,111.52762276935573,96.16612975788121,322.9833717546462,88.1718760728836,277.44751533508315
2026-07-15,922.3942268600222,229.48171497630392,1016.9926699600765,873.7234206275607,143.26932407664572,99.77124515343166,108.00061123419073,39.42257675576002,335.9931914348708,338.34443247987656,60.66217143917311,2439.4972393950447,160.1983014573998,169.21141206168977,391.16912878608855,192.41037552834314,20.534223117352667,10.3454873190517,13.950732121348665,98.90912393522376,116.77859922886273,101.10361906528851,334.425687438983,90.83651124381868,293.43561789895466
2026-07-16,920.9171710751507,232.63956435036016,1021.5604628033252,884.3125104157989,148.92694330215454,100.80002314398416,110.04917254111251,39.11291647321468,342.9238826036453,347.47008785673097,61.53034161679648,2488.020649616912,162.64389860630035,170.8740658086699,387.4452027828629,192.74281886970675,20.06594559641303,10.581651421505455,13.716955304145813,101.66223654719624,118.74963864297479,100.72164622335822,334.53694660972906,91.00219792673715,301.0675720795425
2026-07-17,901.4222805364989,232.2356129642867,1029.3791763333138,840.815190160065,141.4426249760436,97.14379617937084,106.08196125474933,38.26164030157088,332.8292257999419,343.962721270218,60.76387405395508,2446.3926857733168,158.37810351600638,168.8059677554702,385.3605809638975,187.5447576782608,19.679654618830682,10.898294718163015,13.64246986237049,99.96637344360352,116.9018519835663,99.80955985694891,327.18405631690985,84.99101987312315,298.0173872000887
2026-07-20,943.431848693348,239.8954280241851,1052.09036952295,860.8796090605902,144.32923981251224,96.97733268664706,103.40590050747232,37.70905165635759,346.4372059734378,344.39889199133904,62.71775817871094,2434.821063993848,160.87105331713246,168.00519711371453,386.02781474867515,189.32922951136788,19.677696553805163,10.66201900252895,13.641112478635023,100.27001558915254,122.22123244700924,102.46513503197639,325.7403505594484,88.74562543038337,300.8100392909182
2026-07-21,924.9614997015306,238.590984376915,1015.7562420035174,848.515161405594,143.09186398983002,95.73433779585457,104.51586498999404,37.556713591932294,342.24438802722943,335.34460758067326,62.72520065307617,2498.6975521234854,160.57651008271023,166.6922225301323,381.8396649575425,188.17560195922852,19.680031630128383,10.898503501310586,13.642731216818333,97.6945003162632,123.7254561945133,103.88861358165741,313.62600326538086,87.65847030545046,301.78663480238356
2026-07-22,913.9900803814817,236.41730569691845,950.4524633381698,843.1040874465725,138.71384135834433,95.03740478423651,100.7616088500481,36.61919899207078,333.8855534605318,340.4722756334013,61.55475458227443,2508.6894804985786,160.74808716773987,168.6678727692879,381.71789914058536,188.97702253966145,19.446598011805918,10.742677082259036,13.722397685050964,98.0171263217926,120.75709663720318,103.34926038669437,317.49708874302996,87.1960346784931,290.9148189580992
2026-07-23,894.2189767740783,235.90259270132447,942.199186409729,841.9268580174103,137.11984949915313,96.97956231042099,100.03712600858307,36.37713503114128,337.27250231089783,337.97809450868226,61.15122162626267,2561.844042353012,154.28923472286988,166.7546769458313,386.8990538655853,188.47120358114626,19.286154340358735,10.583865209577084,12.700638064574719,97.21475721744537,119.55847525596619,102.93788811758805,318.45673030787657,85.92530448302841,280.51161303036497
2026-07-24,879.3009734265288,236.7228197059785,937.4035547414023,825.9814680291893,134.55327850859067,95.0341337195091,96.68076506396483,35.20653817475886,342.18560863656603,340.3037613351444,60.611704818555836,2555.414512507399,150.7059407657698,165.52563034372724,386.0957877925266,188.0295795881957,19.445928685018544,10.820718260569095,12.93781516930818,95.73983393539811,120.90976592758943,103.42410855762091,317.3293353096087,86.33051517187505,282.98530798871616
2026-07-27,901.8047213554382,242.70310273020186,970.5771072596872,825.6610429316606,139.97577930613716,98.9632650461067,100.21794867925792,36.229023560510996,351.07650250344705,350.68441947696556,61.244302801602544,2555.636114657027,146.1707778751952,167.57884914948136,391.3832478716995,187.10488001703197,22.11381960017718,11.44899937026139,12.860519392369554,97.70858141295548,123.35119873137046,106.33454260862663,328.0216795265369,87.2005947675575,307.1625155151196
2026-07-28,903.2808371635911,249.28637930201876,998.6353919299545,822.7469552269104,141.6203758227066,103.58832919947281,99.66749918810501,36.69896756029243,355.3056263990311,357.0307712628128,62.34119568507003,2591.3549041068327,146.01171620431978,180.4365989179596,398.2779197339951,187.65092673714753,22.662398288328745,12.076156135877227,13.095571901440906,98.09916867923585,124.0550591665924,106.88182700729294,336.01512000879666,87.82659075896072,315.7052193533691
2026-07-29,901.9191842163709,252.471518108925,1016.3154089789023,825.3936408096597,145.28873580963682,108.20207812132458,102.39993957512024,37.321877500319715,360.6735887527466,359.4974672602002,62.80425061872029,2565.565258562143,143.563765596572,178.29820273230052,459.30998890323826,187.39344855662148,24.149448387853226,11.996316966798872,13.32924169734622,101.9294924736023,126.2357590544625,107.88844921281361,339.11158072948456,89.30591955915725,326.09596981002505
2026-07-30,912.1791089349426,253.37438393826596,1034.3571115601808,842.8560346257873,146.64503161772154,105.78830814163666,101.78889655671082,37.95518430205993,364.49522590241395,364.4168192651123,63.67687654396286,2525.744806809351,142.80244826478884,179.34608873457182,443.6992416540161,187.1096471203491,23.369100491370773,12.468748430699634,13.33136634073162,102.65151914092712,128.60846868820954,108.61142572097015,331.3236541748047,84.45812797942199,331.00996779603884
2026-07-31,958.7823171615601,258.89081947009254,1045.2100082166144,871.4135283845826,149.79748567306524,106.89736681092836,101.95640182495117,38.27286558259584,368.69002143542457,377.86611315698246,63.91881815231318,2478.4033489516005,143.2879621549073,182.10981387442007,461.8624954801635,188.38406296209723,22.50883550535582,12.234767770225517,13.175903824468605,101.95640182495117,127.68079167062388,108.85806684602358,334.8091272224119,87.29036645997621,343.0440913041384
2026-08-03,998.2624657571723,258.93657726675883,1031.825403953815,886.5950450563105,150.87642696186595,102.88454927347448,97.00319160364415,37.719106740466486,370.9176177278059,379.15151248274196,64.06759014830095,2460.5247085975134,142.56411230981757,182.32208776474,463.1373227426593,193.06537435607243,23.603848706800363,11.841133367139719,13.566331841312604,100.76726440117272,129.0761891478178,108.68748704619247,334.2963783291125,90.57290961109356,352.4109408071454
2026-08-04,1011.5022276670934,258.54119126070873,1024.1273856992193,882.8197363625368,148.91407282637556,100.84438907335698,94.49260808786585,37.32654182625811,367.3057018419968,375.3826536629531,63.36101693407363,2532.9508529559243,144.99321778105696,180.04565650173026,441.331434328662,188.04420438383022,23.681964324155615,11.997816214321801,13.722992658615112,97.1587907152325,128.99613697373206,106.33359211955303,331.78276470381024,90.72858335557248,364.32584363170463
2026-08-05,1007.9579310293047,255.18518874980145,1004.664221471794,871.3468248310164,145.70807173025514,100.45858275944511,92.14584767818451,36.46622982904432,360.42749573849505,372.5044906139374,62.34548693328861,2568.5556917066424,144.06121695149977,180.21374786924753,446.4564371438064,185.7817175070113,23.21291171425628,11.763299703598022,13.645427730962751,96.38063527232362,126.9652189890212,103.04650809592431,332.0387408301849,90.57740921348568,362.623332025787
2026-08-06,994.6088368236087,257.3386793654936,1022.4525752827758,857.507988680969,146.27753950374608,99.53147200484091,91.60974482522579,36.079178634328855,362.674198955734,377.96860975804157,61.80520383948897,2586.7201999719255,163.76809461392986,178.12133276980603,445.73474573052954,188.78822537435917,22.745570358591067,11.686516874726294,13.804207688872339,98.51184960465616,126.19869603627012,102.11976784208673,335.6932282689668,92.78623681310273,410.988924931793
2026-08-07,1007.2865651770699,258.62657375879644,1037.1733282382047,860.5981231350634,147.00217632996373,101.58368082632069,95.15135738975141,37.18197922455602,361.9359876724702,374.3299957091367,62.283740807207096,2731.9342028128303,182.92906878454596,178.22248591623702,442.65383972661584,185.12547811290733,23.219127687236778,11.766449689865112,14.119739253792773,98.44596390138622,129.19561220846572,103.85852746712499,332.3629738611071,98.13219220889277,417.7089639902115
2026-08-10,1038.0756046400638,262.5785204904969,1046.6268330626772,859.0483102798462,148.98015722003402,100.73224141619721,94.14228057861328,37.813817379125794,369.6653466924545,378.0596976498855,62.60461673441296,2816.4232273101807,184.91112704233092,184.283512437014,455.41327631363674,187.73540024801332,22.986407365001014,13.023015218180035,14.513601776246787,98.22178299492953,136.97701105939632,102.22282423338584,337.4216108059554,98.45713660148431,405.204077961258
2026-08-11,1002.9985740402299,250.41622950325927,1003.3123860207779,831.1120269904204,141.1337061616623,99.47612340015257,93.20002594129028,36.24445328577576,362.44454782113644,373.3492597677414,61.741093133531194,2818.516159381121,203.97311878204346,180.59466491285093,435.7964074124375,181.61452392287447,22.829299737034603,12.159935553306582,14.0427644168808,94.45524393672486,131.40575921535492,100.4175368967285,326.3569780805665,97.82864791072234,404.1805835777832
2026-08-12,982.5274444421811,248.0250184933684,973.8179247777007,822.6175744531502,138.17528132601,97.84473227214312,92.19531512260437,35.622700182098015,357.6393729449337,375.8430412809903,60.88814182580791,2817.25334207149,200.0049839466683,180.23202766474242,418.5274998049026,181.56591792897962,22.126875105620684,12.005006765945154,14.045073238509758,93.37227359908684,126.2487348417526,98.62936876215826,323.66440415382385,96.1185200214386,405.34552895028537
2026-08-13,958.5040520189214,229.89658767982473,962.3487223187258,821.3506994922791,133.93634074133297,96.27410612699896,92.42941337874981,35.308350563049316,353.24043522474676,370.65923108052084,59.94573190833853,2793.361384168733,204.23919764455422,176.85561200375378,410.59689991464256,179.83719946642304,22.675808184712423,11.847913114106177,14.280266639276988,92.66480777013021,120.98994852800752,98.00028676689908,317.85360489894083,95.41100832423399,417.65855206849665
2026-08-14,971.5618025457079,228.03962539250188,981.841675147949,813.5192010101091,136.8551707405395,96.20667277653502,91.81223753028871,35.46934347444153,352.96704866728214,373.4482452397842,60.18802396085357,2726.745113315337,203.24247485267642,177.89602271344756,412.29189081507866,179.70087510215762,22.207575165962226,11.7707998752594,14.281904260250087,92.59696051544188,121.71007250626371,96.28514657178494,328.6407408989562,95.73583748870851,407.03425130475625
2026-08-17,978.5444905875229,223.6269600391388,976.1120761437378,816.9838488942078,135.1962252317917,97.3758084197525,95.7280305201416,36.094175258010864,351.9182040886917,369.8868336755768,59.319993161398315,2844.4565427243942,201.18579364605102,176.46913263495026,417.4369980595093,179.76468843417206,21.813436579325867,11.37751237614441,13.966876577952576,84.42898741071167,122.01400951796722,93.68792312384949,365.72816645316925,98.55279690979614,394.52502729072876
2026-08-18,1005.2149507265858,226.06551660528567,978.5452288389206,712.7888387354506,133.2704065250664,95.06988426085854,92.08914438956072,35.53354783124064,349.45241842247015,367.57218453425594,59.53634016995238,2895.6309839945607,200.572354330925,172.3337715885964,427.65760580553433,181.43286831115347,21.41425646007633,12.001396169355871,13.962408651998999,83.77445565232847,123.93599039917945,94.59924545419881,360.19875844900525,99.14879381547735,384.907527699379
2026-08-19,1011.0541641237796,230.21288989780805,998.112090587616,728.4453641985747,135.77461497070544,99.6935537087902,94.04608045340501,35.92419095278092,364.81093640811014,373.20373357765493,58.74938569785081,2955.980415230384,209.58392436268696,176.32659598829196,446.15023008819117,168.7182027268318,22.080043945906255,11.373379795251367,14.118677528204444,87.2220536983059,126.1268553280861,92.47733996033821,381.1258674573837,98.75230941295013,408.42197447778017
