Date,Alibaba,JD.com,NetEase,Baidu,Bilibili,Li Auto,XPeng,NIO,Trip.com,Yum China,Weibo,BeiGene,Zai Lab,Autohome,New Oriental Ed.,ZTO Express,Baozun,Lufax,Tuya,Miniso,Kanzhun (BOSS),Qifu Technology,H World (Huazhu),Hutchmed,GigaCloud
2018-08-08,,,,,,,,,,,,-0.031876181455567254,,,,,,,,,,,,,
2018-08-09,,,,,,,,,,,,-0.0012450784732542797,,,,,,,,,,,,,
2018-08-10,,,,,,,,,,,,-0.04038946967687662,,,,,,,,,,,,,
2018-08-13,,,,,,,,,,,,-0.03930873679090674,,,,,,,,,,,,,
2018-08-14,,,,,,,,,,,,0.011498666936122337,,,,,,,,,,,,,
2018-08-15,,,,,,,,,,,,-0.047879673977239245,,,,,,,,,,,,,
2018-08-16,,,,,,,,,,,,-0.02241389602905397,,,,,,,,,,,,,
2018-08-17,,,,,,,,,,,,0.01921322228704736,,,,,,,,,,,,,
2018-08-20,,,,,,,,,,,,0.024829859075487626,,,,,,,,,,,,,
2018-08-21,,,,,,,,,,,,0.019841352267533807,,,,,,,,,,,,,
2018-08-22,,,,,,,,,,,,0.04072854431390471,,,,,,,,,,,,,
2018-08-23,,,,,,,,,,,,-0.0004547443940159379,,,,,,,,,,,,,
2018-08-24,,,,,,,,,,,,0.020021248569137562,,,,,,,,,,,,,
2018-08-27,,,,,,,,,,,,0.031184007676333447,,,,,,,,,,,,,
2018-08-28,,,,,,,,,,,,-0.0006176162087890846,,,,,,,,,,,,,
2018-08-29,,,,,,,,,,,,0.005899217121401623,,,,,,,,,,,,,
2018-08-30,,,,,,,,,,,,0.004496429467530039,,,,,,,,,,,,,
2018-08-31,,,,,,,,,,,,0.008358559562867462,,,,,,,,,,,,,
2018-09-04,,,,,,,,,,,,-0.005289119772175832,,,,,,,,,,,,,
2018-09-05,,,,,,,,,,,,-0.022281309287736528,,,,,,,,,,,,,
2018-09-06,,,,,,,,,,,,-0.023876387083333506,,,,,,,,,,,,,
2018-09-07,,,,,,,,,,,,0.006382031483568085,,,,,,,,,,,,,
2018-09-10,,,,,,,,,,,,0.013551588060360942,,,,,,,,,,,,,
2018-09-11,,,,,,,,,,,,0.023314602040880095,,,,,,,,,,,,,
2018-09-12,,,,,,,,,,,,0.062046029413595605,,,,,,,,,,,,,
2018-09-13,,,,,,,,,,,,0.0029880016269336895,,,,,,,,,,,,,
2018-09-14,,,,,,,,,,,,-0.010605964399827528,,,,,,,,,,,,,
2018-09-17,,,,,,,,,,,,-0.0023433226218270153,,,,,,,,,,,,,
2018-09-18,,,,,,,,,,,,0.012593284166408258,,,,,,,,,,,,,
2018-09-19,,,,,,,,,,,,0.016993312207977507,,,,,,,,,,,,,
2018-09-20,,,,,,,,,,,,0.009875732310930863,,,,,,,,,,,,,
2018-09-21,,,,,,,,,,,,0.018678127174478254,,,,,,,,,,,,,
2018-09-24,,,,,,,,,,,,0.02315489827867423,,,,,,,,,,,,,
2018-09-26,,,,,,,,,,,,0.018216789890539653,,,,,,,,,,,,,
2018-09-27,,,,,,,,,,,,-0.00238634302958729,,,,,,,,,,,,,
2018-09-28,,,,,,,,,,,,-0.011109686804048224,,,,,,,,,,,,,
2018-10-02,,,,,,,,,,,,-0.01640076478627872,,,,,,,,,,,,,
2018-10-03,,,,,,,,,,,,-0.003375699242987862,,,,,,,,,,,,,
2018-10-04,,,,,,,,,,,,-0.040414470354242615,,,,,,,,,,,,,
2018-10-05,,,,,,,,,,,,-0.07123234642190324,,,,,,,,,,,,,
2018-10-08,,,,,,,,,,,,-0.018221750573735762,,,,,,,,,,,,,
2018-10-09,,,,,,,,,,,,-0.034339489194154194,,,,,,,,,,,,,
2018-10-10,,,,,,,,,,,,-0.08161968095243932,,,,,,,,,,,,,
2018-10-11,,,,,,,,,,,,-0.00831459144684854,,,,,,,,,,,,,
2018-10-12,,,,,,,,,,,,-0.0020680342200185553,,,,,,,,,,,,,
2018-10-15,,,,,,,,,,,,0.009338150224331931,,,,,,,,,,,,,
2018-10-16,,,,,,,,,,,,0.01806787072949545,,,,,,,,,,,,,
2018-10-18,,,,,,,,,,,,-0.04237580223260273,,,,,,,,,,,,,
2018-10-19,,,,,,,,,,,,0.0028072438679540568,,,,,,,,,,,,,
2018-10-22,,,,,,,,,,,,-0.06748194763653503,,,,,,,,,,,,,
2018-10-23,,,,,,,,,,,,0.005245938846244913,,,,,,,,,,,,,
2018-10-24,,,,,,,,,,,,-0.049298508870730284,,,,,,,,,,,,,
2018-10-25,,,,,,,,,,,,0.05018174748137705,,,,,,,,,,,,,
2018-10-26,,,,,,,,,,,,0.0729861745565572,,,,,,,,,,,,,
2018-10-29,,,,,,,,,,,,-0.04249135061732534,,,,,,,,,,,,,
2018-10-30,,,,,,,,,,,,0.027439012210444202,,,,,,,,,,,,,
2018-10-31,,,,,,,,,,,,0.11756079888631188,,,,,,,,,,,,,
2018-11-01,,,,,,,,,,,,0.020508297153979838,,,,,,,,,,,,,
2018-11-02,,,,,,,,,,,,-0.05535570917046562,,,,,,,,,,,,,
2018-11-05,,,,,,,,,,,,-0.019967213759195523,,,,,,,,,,,,,
2018-11-06,,,,,,,,,,,,-0.024691560212172448,,,,,,,,,,,,,
2018-11-07,,,,,,,,,,,,-0.02993901296981083,,,,,,,,,,,,,
2018-11-08,,,,,,,,,,,,-0.005380925091883482,,,,,,,,,,,,,
2018-11-09,,,,,,,,,,,,-0.013337595175308858,,,,,,,,,,,,,
2018-11-12,,,,,,,,,,,,-0.07157754830734775,,,,,,,,,,,,,
2018-11-13,,,,,,,,,,,,0.01450714182099877,,,,,,,,,,,,,
2018-11-14,,,,,,,,,,,,0.0554630534496896,,,,,,,,,,,,,
2018-11-15,,,,,,,,,,,,0.0032775686487724887,,,,,,,,,,,,,
2018-11-16,,,,,,,,,,,,0.01675468960179538,,,,,,,,,,,,,
2018-11-19,,,,,,,,,,,,-0.004857981181463966,,,,,,,,,,,,,
2018-11-20,,,,,,,,,,,,0.04619030227763332,,,,,,,,,,,,,
2018-11-21,,,,,,,,,,,,0.027009981694942953,,,,,,,,,,,,,
2018-11-23,,,,,,,,,,,,0.06418228202473464,,,,,,,,,,,,,
2018-11-26,,,,,,,,,,,,0.04532434300289401,,,,,,,,,,,,,
2018-11-27,,,,,,,,,,,,0.03875553672660548,,,,,,,,,,,,,
2018-11-28,,,,,,,,,,,,0.023987110576076498,,,,,,,,,,,,,
2018-11-29,,,,,,,,,,,,-0.013439850771147177,,,,,,,,,,,,,
2018-11-30,,,,,,,,,,,,0.07007809501615347,,,,,,,,,,,,,
2018-12-03,,,,,,,,,,,,-0.035720692751778915,,,,,,,,,,,,,
2018-12-04,,,,,,,,,,,,-0.016857952023888734,,,,,,,,,,,,,
2018-12-06,,,,,,,,,,,,-0.011502623239579512,,,,,,,,,,,,,
2018-12-07,,,,,,,,,,,,0.010550207711987891,,,,,,,,,,,,,
2018-12-10,,,,,,,,,,,,0.03384394381053646,,,,,,,,,,,,,
2018-12-11,,,,,,,,,,,,0.027310313474754322,,,,,,,,,,,,,
2018-12-12,,,,,,,,,,,,0.042938153229702625,,,,,,,,,,,,,
2018-12-13,,,,,,,,,,,,-0.07548746170418807,,,,,,,,,,,,,
2018-12-14,,,,,,,,,,,,0.0345946830191326,,,,,,,,,,,,,
2018-12-17,,,,,,,,,,,,-1.9082852257157334e-05,,,,,,,,,,,,,
2018-12-18,,,,,,,,,,,,0.0018425521604801265,,,,,,,,,,,,,
2018-12-19,,,,,,,,,,,,0.00546722730279825,,,,,,,,,,,,,
2018-12-20,,,,,,,,,,,,-0.03529933091405657,,,,,,,,,,,,,
2018-12-21,,,,,,,,,,,,-0.04188180784242812,,,,,,,,,,,,,
2018-12-24,,,,,,,,,,,,-0.055017116605225014,,,,,,,,,,,,,
2018-12-27,,,,,,,,,,,,0.03767918444934293,,,,,,,,,,,,,
2018-12-28,,,,,,,,,,,,-0.00026061977530500435,,,,,,,,,,,,,
2018-12-31,,,,,,,,,,,,0.004630053853783567,,,,,,,,,,,,,
2019-01-02,,,,,,,,,,,,-0.013638296064046762,,,,,,,,,,,,,
2019-01-03,,,,,,,,,,,,-0.04176732881724421,,,,,,,,,,,,,
2019-01-04,,,,,,,,,,,,-0.006194636861478253,,,,,,,,,,,,,
2019-01-07,,,,,,,,,,,,0.020427134309468187,,,,,,,,,,,,,
2019-01-08,,,,,,,,,,,,0.06451742460647925,,,,,,,,,,,,,
2019-01-09,,,,,,,,,,,,0.029657277208741117,,,,,,,,,,,,,
2019-01-10,,,,,,,,,,,,0.014544787930286018,,,,,,,,,,,,,
2019-01-11,,,,,,,,,,,,0.03540326311038089,,,,,,,,,,,,,
2019-01-14,,,,,,,,,,,,-0.009020512174588546,,,,,,,,,,,,,
2019-01-15,,,,,,,,,,,,0.032941773813205844,,,,,,,,,,,,,
2019-01-16,,,,,,,,,,,,-0.0004911600299468688,,,,,,,,,,,,,
2019-01-17,,,,,,,,,,,,0.02649180547009866,,,,,,,,,,,,,
2019-01-18,,,,,,,,,,,,0.01696382003107555,,,,,,,,,,,,,
2019-01-22,,,,,,,,,,,,-0.03292230324979328,,,,,,,,,,,,,
2019-01-23,,,,,,,,,,,,-0.01934192615770647,,,,,,,,,,,,,
2019-01-24,,,,,,,,,,,,-0.05557778779852951,,,,,,,,,,,,,
2019-01-25,,,,,,,,,,,,0.00034489330417630804,,,,,,,,,,,,,
2019-01-28,,,,,,,,,,,,0.024020512086121215,,,,,,,,,,,,,
2019-01-29,,,,,,,,,,,,-0.02715817185959335,,,,,,,,,,,,,
2019-01-30,,,,,,,,,,,,0.01196398362659612,,,,,,,,,,,,,
2019-01-31,,,,,,,,,,,,0.016425421814680874,,,,,,,,,,,,,
2019-02-01,,,,,,,,,,,,0.014622553791442838,,,,,,,,,,,,,
2019-02-04,,,,,,,,,,,,0.0033361919879530966,,,,,,,,,,,,,
2019-02-08,,,,,,,,,,,,0.026609563887221688,,,,,,,,,,,,,
2019-02-11,,,,,,,,,,,,0.02916813074459923,,,,,,,,,,,,,
2019-02-12,,,,,,,,,,,,0.023081037499027346,,,,,,,,,,,,,
2019-02-13,,,,,,,,,,,,-0.010789444002544224,,,,,,,,,,,,,
2019-02-14,,,,,,,,,,,,0.0020665888528095255,,,,,,,,,,,,,
2019-02-15,,,,,,,,,,,,-0.008558487694592443,,,,,,,,,,,,,
2019-02-19,,,,,,,,,,,,0.05357486625811081,,,,,,,,,,,,,
2019-02-20,,,,,,,,,,,,-0.006682770318964137,,,,,,,,,,,,,
2019-02-21,,,,,,,,,,,,0.0015168125520175213,,,,,,,,,,,,,
2019-02-22,,,,,,,,,,,,-0.0033762875033753748,,,,,,,,,,,,,
2019-02-25,,,,,,,,,,,,0.00333163094383071,,,,,,,,,,,,,
2019-02-26,,,,,,,,,,,,0.00218593944489065,,,,,,,,,,,,,
2019-02-27,,,,,,,,,,,,8.791179202427557e-05,,,,,,,,,,,,,
2019-02-28,,,,,,,,,,,,-0.01140355994419262,,,,,,,,,,,,,
2019-03-01,,,,,,,,,,,,0.09747108700459317,,,,,,,,,,,,,
2019-03-04,,,,,,,,,,,,0.0017971712476574364,,,,,,,,,,,,,
2019-03-05,,,,,,,,,,,,-0.022577702943291866,,,,,,,,,,,,,
2019-03-06,,,,,,,,,,,,-0.06324957289711974,,,,,,,,,,,,,
2019-03-07,,,,,,,,,,,,-0.05607968740261027,,,,,,,,,,,,,
2019-03-08,,,,,,,,,,,,-0.08213441053560733,,,,,,,,,,,,,
2019-03-11,,,,,,,,,,,,0.019916104047360772,,,,,,,,,,,,,
2019-03-12,,,,,,,,,,,,-0.026100455951543422,,,,,,,,,,,,,
2019-03-13,,,,,,,,,,,,0.005281554938075583,,,,,,,,,,,,,
2019-03-14,,,,,,,,,,,,-0.007533717994160138,,,,,,,,,,,,,
2019-03-15,,,,,,,,,,,,-0.004692657227331587,,,,,,,,,,,,,
2019-03-18,,,,,,,,,,,,-0.011951026382979846,,,,,,,,,,,,,
2019-03-19,,,,,,,,,,,,-0.0005310394133913876,,,,,,,,,,,,,
2019-03-20,,,,,,,,,,,,-0.022420035347500478,,,,,,,,,,,,,
2019-03-21,,,,,,,,,,,,-0.0001709482565278586,,,,,,,,,,,,,
2019-03-22,,,,,,,,,,,,-0.09482166796155211,,,,,,,,,,,,,
2019-03-25,,,,,,,,,,,,-0.012083809013389235,,,,,,,,,,,,,
2019-03-26,,,,,,,,,,,,-0.037132938197514065,,,,,,,,,,,,,
2019-03-27,,,,,,,,,,,,-0.005517419264104095,,,,,,,,,,,,,
2019-03-28,,,,,,,,,,,,0.011677812206095428,,,,,,,,,,,,,
2019-03-29,,,,,,,,,,,,0.03243046991765963,,,,,,,,,,,,,
2019-04-01,,,,,,,,,,,,0.04949941766632149,,,,,,,,,,,,,
2019-04-02,,,,,,,,,,,,0.02584149508366984,,,,,,,,,,,,,
2019-04-03,,,,,,,,,,,,0.01564034705537698,,,,,,,,,,,,,
2019-04-04,,,,,,,,,,,,0.01664353361094162,,,,,,,,,,,,,
2019-04-08,,,,,,,,,,,,-0.00046209328812674144,,,,,,,,,,,,,
2019-04-09,,,,,,,,,,,,-0.0034305644419254655,,,,,,,,,,,,,
2019-04-10,,,,,,,,,,,,0.013433665684786211,,,,,,,,,,,,,
2019-04-11,,,,,,,,,,,,-0.04059942846770381,,,,,,,,,,,,,
2019-04-12,,,,,,,,,,,,-0.06557933415611983,,,,,,,,,,,,,
2019-04-15,,,,,,,,,,,,-0.022366618303237717,,,,,,,,,,,,,
2019-04-16,,,,,,,,,,,,0.00033604321306746066,,,,,,,,,,,,,
2019-04-17,,,,,,,,,,,,-0.06441959740494574,,,,,,,,,,,,,
2019-04-18,,,,,,,,,,,,-0.02834790211228233,,,,,,,,,,,,,
2019-04-23,,,,,,,,,,,,-0.007465958696509123,,,,,,,,,,,,,
2019-04-24,,,,,,,,,,,,-0.017656554014394366,,,,,,,,,,,,,
2019-04-25,,,,,,,,,,,,0.0012203850786138837,,,,,,,,,,,,,
2019-04-26,,,,,,,,,,,,-0.0026259184058758933,,,,,,,,,,,,,
2019-04-29,,,,,,,,,,,,0.062380398763079103,,,,,,,,,,,,,
2019-04-30,,,,,,,,,,,,-0.008473149358046772,,,,,,,,,,,,,
2019-05-02,,,,,,,,,,,,0.01851106247734058,,,,,,,,,,,,,
2019-05-03,,,,,,,,,,,,0.02316807353760697,,,,,,,,,,,,,
2019-05-06,,,,,,,,,,,,0.013144815470283788,,,,,,,,,,,,,
2019-05-07,,,,,,,,,,,,-0.033428105265071895,,,,,,,,,,,,,
2019-05-08,,,,,,,,,,,,-0.04203295525807482,,,,,,,,,,,,,
2019-05-09,,,,,,,,,,,,0.030156021049776216,,,,,,,,,,,,,
2019-05-10,,,,,,,,,,,,0.1099668874986206,,,,,,,,,,,,,
2019-05-14,,,,,,,,,,,,0.04911420096989039,,,,,,,,,,,,,
2019-05-15,,,,,,,,,,,,0.014160551714496261,,,,,,,,,,,,,
2019-05-16,,,,,,,,,,,,0.045884078679767404,,,,,,,,,,,,,
2019-05-17,,,,,,,,,,,,-0.028254063013350206,,,,,,,,,,,,,
2019-05-20,,,,,,,,,,,,-0.053586736003553015,,,,,,,,,,,,,
2019-05-21,,,,,,,,,,,,0.050951246803118355,,,,,,,,,,,,,
2019-05-23,,,,,,,,,,,,0.010270452711808042,,,,,,,,,,,,,
2019-05-24,,,,,,,,,,,,-0.007285278690840502,,,,,,,,,,,,,
2019-05-28,,,,,,,,,,,,-0.03589011718014168,,,,,,,,,,,,,
2019-05-29,,,,,,,,,,,,-0.006747865739169967,,,,,,,,,,,,,
2019-05-30,,,,,,,,,,,,-0.01284400886572723,,,,,,,,,,,,,
2019-05-31,,,,,,,,,,,,-0.022068248683482117,,,,,,,,,,,,,
2019-06-03,,,,,,,,,,,,-0.002487691574499351,,,,,,,,,,,,,
2019-06-04,,,,,,,,,,,,0.020606101478352512,,,,,,,,,,,,,
2019-06-05,,,,,,,,,,,,0.009100287397642903,,,,,,,,,,,,,
2019-06-06,,,,,,,,,,,,0.003598153609874588,,,,,,,,,,,,,
2019-06-10,,,,,,,,,,,,0.011169186808185128,,,,,,,,,,,,,
2019-06-11,,,,,,,,,,,,0.040489604689536884,,,,,,,,,,,,,
2019-06-12,,,,,,,,,,,,0.00992190224489864,,,,,,,,,,,,,
2019-06-13,,,,,,,,,,,,-0.006782420196319694,,,,,,,,,,,,,
2019-06-14,,,,,,,,,,,,-0.05996092567138589,,,,,,,,,,,,,
2019-06-17,,,,,,,,,,,,-0.034507262374537384,,,,,,,,,,,,,
2019-06-18,,,,,,,,,,,,0.008146276377421158,,,,,,,,,,,,,
2019-06-19,,,,,,,,,,,,0.012496518654344424,,,,,,,,,,,,,
2019-06-20,,,,,,,,,,,,-0.008457053101908363,,,,,,,,,,,,,
2019-06-21,,,,,,,,,,,,-0.006701367539794556,,,,,,,,,,,,,
2019-06-24,,,,,,,,,,,,-0.010750035913294154,,,,,,,,,,,,,
2019-06-25,,,,,,,,,,,,0.01596422403009412,,,,,,,,,,,,,
2019-06-26,,,,,,,,,,,,0.04166521138431678,,,,,,,,,,,,,
2019-06-27,,,,,,,,,,,,0.012056715926395789,,,,,,,,,,,,,
2019-06-28,,,,,,,,,,,,-0.007104205321547652,,,,,,,,,,,,,
2019-07-02,,,,,,,,,,,,-0.004474135112417454,,,,,,,,,,,,,
2019-07-03,,,,,,,,,,,,0.022558747634642717,,,,,,,,,,,,,
2019-07-05,,,,,,,,,,,,-0.003905181439144867,,,,,,,,,,,,,
2019-07-08,,,,,,,,,,,,0.013120572952331377,,,,,,,,,,,,,
2019-07-09,,,,,,,,,,,,0.01819404647456957,,,,,,,,,,,,,
2019-07-10,,,,,,,,,,,,-0.024871086267937548,,,,,,,,,,,,,
2019-07-11,,,,,,,,,,,,-0.009178751834722276,,,,,,,,,,,,,
2019-07-12,,,,,,,,,,,,0.019002105610833153,,,,,,,,,,,,,
2019-07-15,,,,,,,,,,,,0.013471331584739676,,,,,,,,,,,,,
2019-07-16,,,,,,,,,,,,-0.003403436610304178,,,,,,,,,,,,,
2019-07-17,,,,,,,,,,,,-0.005151309484749622,,,,,,,,,,,,,
2019-07-18,,,,,,,,,,,,0.017322514434958247,,,,,,,,,,,,,
2019-07-19,,,,,,,,,,,,0.0021187383289986705,,,,,,,,,,,,,
2019-07-22,,,,,,,,,,,,0.05040789777473953,,,,,,,,,,,,,
2019-07-23,,,,,,,,,,,,0.010439268206719365,,,,,,,,,,,,,
2019-07-24,,,,,,,,,,,,0.0025824657684363483,,,,,,,,,,,,,
2019-07-25,,,,,,,,,,,,0.00907417769947716,,,,,,,,,,,,,
2019-07-26,,,,,,,,,,,,0.036187472685866195,,,,,,,,,,,,,
2019-07-29,,,,,,,,,,,,0.03722828873461537,,,,,,,,,,,,,
2019-07-30,,,,,,,,,,,,0.02414341765991046,,,,,,,,,,,,,
2019-07-31,,,,,,,,,,,,0.014710254745029294,,,,,,,,,,,,,
2019-08-01,,,,,,,,,,,,0.0036280837027671264,,,,,,,,,,,,,
2019-08-02,,,,,,,,,,,,0.02019871685438801,,,,,,,,,,,,,
2019-08-05,,,,,,,,,,,,-0.042215905326608016,,,,,,,,,,,,,
2019-08-06,,,,,,,,,,,,0.013310156172340104,,,,,,,,,,,,,
2019-08-07,,,,,,,,,,,,0.01124880767045755,,,,,,,,,,,,,
2019-08-08,,,,,,,,,,,,0.031968855903971694,,,,,,,,,,,,,
2019-08-09,,,,,,,,,,,,0.014025815398905683,,,,,,,,,,,,,
2019-08-12,,,,,,,,,,,,0.01171265542912181,,,,,,,,,,,,,
2019-08-13,,,,,,,,,,,,0.006854900544784215,,,,,,,,,,,,,
2019-08-14,,,,,,,,,,,,0.03829576975190996,,,,,,,,,,,,,
2019-08-15,,,,,,,,,,,,0.01494314461406665,,,,,,,,,,,,,
2019-08-16,,,,,,,,,,,,0.020305689666885174,,,,,,,,,,,,,
2019-08-19,,,,,,,,,,,,0.02428548408250264,,,,,,,,,,,,,
2019-08-20,,,,,,,,,,,,-0.02471986636950041,,,,,,,,,,,,,
2019-08-21,,,,,,,,,,,,0.000475669416430069,,,,,,,,,,,,,
2019-08-22,,,,,,,,,,,,-0.015601798476577833,,,,,,,,,,,,,
2019-08-23,,,,,,,,,,,,-0.021306743580214782,,,,,,,,,,,,,
2019-08-26,,,,,,,,,,,,-0.0014999280865933828,,,,,,,,,,,,,
2019-08-27,,,,,,,,,,,,0.010717722766859117,,,,,,,,,,,,,
2019-08-28,,,,,,,,,,,,-0.0038539491930800196,,,,,,,,,,,,,
2019-08-29,,,,,,,,,,,,0.04007793259407677,,,,,,,,,,,,,
2019-08-30,,,,,,,,,,,,0.006455272935948164,,,,,,,,,,,,,
2019-09-03,,,,,,,,,,,,0.030448419412299366,,,,,,,,,,,,,
2019-09-04,,,,,,,,,,,,-0.04546243676272199,,,,,,,,,,,,,
2019-09-05,,,,,,,,,,,,-0.07406881223043793,,,,,,,,,,,,,
2019-09-06,,,,,,,,,,,,-0.06173202130705502,,,,,,,,,,,,,
2019-09-09,,,,,,,,,,,,0.011443804082177378,,,,,,,,,,,,,
2019-09-10,,,,,,,,,,,,-0.01097991698994838,,,,,,,,,,,,,
2019-09-11,,,,,,,,,,,,0.007052335150869338,,,,,,,,,,,,,
2019-09-12,,,,,,,,,,,,0.05028804167256262,,,,,,,,,,,,,
2019-09-13,,,,,,,,,,,,0.019875348113843616,,,,,,,,,,,,,
2019-09-16,,,,,,,,,,,,-0.0025019261667892367,,,,,,,,,,,,,
2019-09-17,,,,,,,,,,,,0.019969172878357533,,,,,,,,,,,,,
2019-09-18,,,,,,,,,,,,-0.004793703539817673,,,,,,,,,,,,,
2019-09-19,,,,,,,,,,,,0.039833679753709994,,,,,,,,,,,,,
2019-09-20,,,,,,,,,,,,0.03591044058670945,,,,,,,,,,,,,
2019-09-23,,,,,,,,,,,,0.009328725479330835,,,,,,,,,,,,,
2019-09-24,,,,,,,,,,,,-0.019062027047480057,,,,,,,,,,,,,
2019-09-25,,,,,,,,,,,,0.029546561374129254,,,,,,,,,,,,,
2019-09-26,,,,,,,,,,,,-0.026985642739438043,,,,,,,,,,,,,
2019-09-27,,,,,,,,,,,,-0.06070185899805036,,,,,,,,,,,,,
2019-09-30,,,,,,,,,,,,-0.016578329742779063,,,,,,,,,,,,,
2019-10-02,,,,,,,,,,,,-0.0010866997898912878,,,,,,,,,,,,,
2019-10-03,,,,,,,,,,,,-0.0016006264940918724,,,,,,,,,,,,,
2019-10-04,,,,,,,,,,,,0.0012893425982472007,,,,,,,,,,,,,
2019-10-08,,,,,,,,,,,,-0.04317408118399324,,,,,,,,,,,,,
2019-10-09,,,,,,,,,,,,-0.018026694357592077,,,,,,,,,,,,,
2019-10-10,,,,,,,,,,,,-0.0030822715101038733,,,,,,,,,,,,,
2019-10-11,,,,,,,,,,,,-0.010858654059592299,,,,,,,,,,,,,
2019-10-14,,,,,,,,,,,,0.025774819444051023,,,,,,,,,,,,,
2019-10-15,,,,,,,,,,,,0.019916103051682343,,,,,,,,,,,,,
2019-10-16,,,,,,,,,,,,0.020747269628675902,,,,,,,,,,,,,
2019-10-17,,,,,,,,,,,,0.04851727058891786,,,,,,,,,,,,,
2019-10-18,,,,,,,,,,,,-0.007267247831379886,,,,,,,,,,,,,
2019-10-21,,,,,,,,,,,,0.011814007631466339,,,,,,,,,,,,,
2019-10-22,,,,,,,,,,,,0.03863121874214781,,,,,,,,,,,,,
2019-10-23,,,,,,,,,,,,0.037344904344822405,,,,,,,,,,,,,
2019-10-24,,,,,,,,,,,,0.017243859469074474,,,,,,,,,,,,,
2019-10-25,,,,,,,,,,,,0.0017128577196516837,,,,,,,,,,,,,
2019-10-28,,,,,,,,,,,,0.018345941847534464,,,,,,,,,,,,,
2019-10-29,,,,,,,,,,,,0.011237203830650522,,,,,,,,,,,,,
2019-10-30,,,,,,,,,,,,0.015942572294541213,,,,,,,,,,,,,
2019-10-31,,,,,,,,,,,,0.000268866941879331,,,,,,,,,,,,,
2019-11-01,,,,,,,,,,,,0.03882854949714298,,,,,,,,,,,,,
2019-11-04,,,,,,,,,,,,-0.009861510349548852,,,,,,,,,,,,,
2019-11-05,,,,,,,,,,,,-0.0036771996794182638,,,,,,,,,,,,,
2019-11-06,,,,,,,,,,,,-0.004995565210964448,,,,,,,,,,,,,
2019-11-07,,,,,,,,,,,,0.014207439631511942,,,,,,,,,,,,,
2019-11-08,,,,,,,,,,,,0.04853054247394928,,,,,,,,,,,,,
2019-11-11,,,,,,,,,,,,-0.009875850225297467,,,,,,,,,,,,,
2019-11-12,,,,,,,,,,,,0.030276676574739092,,,,,,,,,,,,,
2019-11-13,,,,,,,,,,,,0.02339002659318945,,,,,,,,,,,,,
2019-11-14,,,,,,,,,,,,0.007363918487772958,,,,,,,,,,,,,
2019-11-15,,,,,,,,,,,,-0.0465217501124604,,,,,,,,,,,,,
2019-11-18,,,,,,,,,,,,-0.02876583792532128,,,,,,,,,,,,,
2019-11-19,,,,,,,,,,,,0.029884478390374447,,,,,,,,,,,,,
2019-11-20,,,,,,,,,,,,0.011677278112538714,,,,,,,,,,,,,
2019-11-21,,,,,,,,,,,,0.041726591121854284,,,,,,,,,,,,,
2019-11-22,,,,,,,,,,,,0.010600683145337575,,,,,,,,,,,,,
2019-11-25,,,,,,,,,,,,-0.020694292994225538,,,,,,,,,,,,,
2019-11-26,0.015220099661422903,,,,,,,,,,,-0.020030032168201317,,,,,,,,,,,,,
2019-11-27,0.017158003883901873,,,,,,,,,,,0.018143658009696972,,,,,,,,,,,,,
2019-11-29,-0.013722273072035773,,,,,,,,,,,0.01828433777836236,,,,,,,,,,,,,
2019-12-02,-0.017408213722399757,,,,,,,,,,,0.005670332484024154,,,,,,,,,,,,,
2019-12-03,-0.009777016017380569,,,,,,,,,,,-0.002641309614661358,,,,,,,,,,,,,
2019-12-04,0.003258015661057989,,,,,,,,,,,-0.03413622705506547,,,,,,,,,,,,,
2019-12-05,0.017255775697696984,,,,,,,,,,,-0.016069526251507704,,,,,,,,,,,,,
2019-12-06,0.0003393996634857288,,,,,,,,,,,-0.01947161415893317,,,,,,,,,,,,,
2019-12-09,-0.010727687215473458,,,,,,,,,,,-0.019298235961721644,,,,,,,,,,,,,
2019-12-10,0.0038336720080822673,,,,,,,,,,,-0.010578985814888031,,,,,,,,,,,,,
2019-12-11,0.013193241929367217,,,,,,,,,,,-0.017882646906875244,,,,,,,,,,,,,
2019-12-12,-0.0029526719832565496,,,,,,,,,,,0.0039305705878303066,,,,,,,,,,,,,
2019-12-13,-0.010256782278495136,,,,,,,,,,,-0.020459013749754784,,,,,,,,,,,,,
2019-12-16,0.003801927090544277,,,,,,,,,,,-0.0726732073027403,,,,,,,,,,,,,
2019-12-17,-0.004982871296869695,,,,,,,,,,,-0.02278229655415076,,,,,,,,,,,,,
2019-12-18,0.008927682864644071,,,,,,,,,,,0.011934123556490706,,,,,,,,,,,,,
2019-12-19,-0.0011514786226042295,,,,,,,,,,,0.010288101183493437,,,,,,,,,,,,,
2019-12-20,-0.0009894651779229768,,,,,,,,,,,0.011787725718857889,,,,,,,,,,,,,
2019-12-23,0.00467693903476607,,,,,,,,,,,-0.025163932438732717,,,,,,,,,,,,,
2019-12-24,-0.00878017529566999,,,,,,,,,,,-0.027430225601311697,,,,,,,,,,,,,
2019-12-27,-0.014298171878003751,,,,,,,,,,,-0.03514078713934454,,,,,,,,,,,,,
2019-12-30,-0.01590666973422772,,,,,,,,,,,-0.006203198018481015,,,,,,,,,,,,,
2019-12-31,-0.0034652315482159857,,,,,,,,,,,-0.006957404312320614,,,,,,,,,,,,,
2020-01-02,0.019379620526745356,,,,,,,,,,,0.00460884918118043,,,,,,,,,,,,,
2020-01-03,-0.0035017051224438545,,,,,,,,,,,-0.019083300291371952,,,,,,,,,,,,,
2020-01-06,-0.0013127218604426227,,,,,,,,,,,0.003729904586980748,,,,,,,,,,,,,
2020-01-07,-0.0057195721501968055,,,,,,,,,,,-0.009418081682389001,,,,,,,,,,,,,
2020-01-08,0.005367261331152617,,,,,,,,,,,-0.019143382909077133,,,,,,,,,,,,,
2020-01-09,-0.00011274510376702018,,,,,,,,,,,0.02725594986463875,,,,,,,,,,,,,
2020-01-10,-0.0032275082066290928,,,,,,,,,,,-0.038699827767104344,,,,,,,,,,,,,
2020-01-13,0.00428062455677769,,,,,,,,,,,-0.010032556408305249,,,,,,,,,,,,,
2020-01-14,-0.01600678963589308,,,,,,,,,,,0.008368475509456852,,,,,,,,,,,,,
2020-01-15,-0.009169055490926503,,,,,,,,,,,-0.01389504645522821,,,,,,,,,,,,,
2020-01-16,-0.008460687008870593,,,,,,,,,,,0.003922254073607689,,,,,,,,,,,,,
2020-01-17,0.0024358709304337367,,,,,,,,,,,-0.00833661835573074,,,,,,,,,,,,,
2020-01-21,0.00022143834478005608,,,,,,,,,,,-0.012658105621527138,,,,,,,,,,,,,
2020-01-22,-0.011069520107218622,,,,,,,,,,,-0.008098228333406343,,,,,,,,,,,,,
2020-01-23,-0.002555439417359806,,,,,,,,,,,-0.004476812887487691,,,,,,,,,,,,,
2020-01-24,-0.032310678094371714,,,,,,,,,,,-0.026990179226921263,,,,,,,,,,,,,
2020-01-29,-0.006419409146017796,,,,,,,,,,,-0.020440650198786825,,,,,,,,,,,,,
2020-01-30,0.004268019827246228,,,,,,,,,,,0.015211276772745475,,,,,,,,,,,,,
2020-01-31,0.0009280374665912028,,,,,,,,,,,-0.005080880103606411,,,,,,,,,,,,,
2020-02-03,0.00906619170841072,,,,,,,,,,,0.008723578009800947,,,,,,,,,,,,,
2020-02-04,0.014825338170769697,,,,,,,,,,,0.03244757130745213,,,,,,,,,,,,,
2020-02-05,-0.008397183258520458,,,,,,,,,,,0.009255865224534476,,,,,,,,,,,,,
2020-02-06,-0.013951772105996074,,,,,,,,,,,0.0024779467476523376,,,,,,,,,,,,,
2020-02-07,-0.024475258420201595,,,,,,,,,,,0.005290175743523529,,,,,,,,,,,,,
2020-02-10,-0.014800887283024311,,,,,,,,,,,0.017878087248756724,,,,,,,,,,,,,
2020-02-11,-0.006305140991329505,,,,,,,,,,,0.003932249796946952,,,,,,,,,,,,,
2020-02-12,0.012681409312452097,,,,,,,,,,,0.010171725561034961,,,,,,,,,,,,,
2020-02-13,-0.0147589694760637,,,,,,,,,,,0.012177407467205414,,,,,,,,,,,,,
2020-02-14,-0.008268357609597654,,,,,,,,,,,0.021123190959204008,,,,,,,,,,,,,
2020-02-18,0.0005579772506603131,,,,,,,,,,,-0.001458283474893296,,,,,,,,,,,,,
2020-02-19,0.008012147416631699,,,,,,,,,,,0.007747652385785564,,,,,,,,,,,,,
2020-02-20,-0.017377695022272266,,,,,,,,,,,-0.0053991077370838525,,,,,,,,,,,,,
2020-02-21,-0.027458266125811814,,,,,,,,,,,0.006669582476703129,,,,,,,,,,,,,
2020-02-24,-0.021450751350688635,,,,,,,,,,,-0.005320359659962692,,,,,,,,,,,,,
2020-02-25,-0.03064739711279496,,,,,,,,,,,-0.029582761230372623,,,,,,,,,,,,,
2020-02-26,0.00123865526203093,,,,,,,,,,,-0.0016007074178658875,,,,,,,,,,,,,
2020-02-27,-0.02674195947355451,,,,,,,,,,,-0.008486360637392276,,,,,,,,,,,,,
2020-02-28,0.013298001289367756,,,,,,,,,,,0.030881967421720224,,,,,,,,,,,,,
2020-03-02,0.004511183439712019,,,,,,,,,,,0.03579430693037855,,,,,,,,,,,,,
2020-03-03,-0.007236391456457825,,,,,,,,,,,-0.03492372977864877,,,,,,,,,,,,,
2020-03-04,0.018144471913017934,,,,,,,,,,,0.016927273162765655,,,,,,,,,,,,,
2020-03-05,-0.008557959859414876,,,,,,,,,,,-0.008906132175879877,,,,,,,,,,,,,
2020-03-06,-0.024656456528781234,,,,,,,,,,,-0.0033637808676173497,,,,,,,,,,,,,
2020-03-09,-0.007958744647822091,,,,,,,,,,,0.03367823159635508,,,,,,,,,,,,,
2020-03-10,0.005931160187232276,,,,,,,,,,,0.00014344346489592041,,,,,,,,,,,,,
2020-03-11,-0.019560485618436596,,,,,,,,,,,-0.050625699966578286,,,,,,,,,,,,,
2020-03-12,-0.047967858425403964,,,,,,,,,,,-0.053287047993688,,,,,,,,,,,,,
2020-03-13,-0.016262127334716103,,,,,,,,,,,0.01644798956747273,,,,,,,,,,,,,
2020-03-16,-0.032027987545067305,,,,,,,,,,,0.027080290969326848,,,,,,,,,,,,,
2020-03-17,-0.020756688926523714,,,,,,,,,,,0.1857626557810852,,,,,,,,,,,,,
2020-03-18,0.009521704877732073,,,,,,,,,,,0.12172773902747269,,,,,,,,,,,,,
2020-03-19,0.008808876830353807,,,,,,,,,,,-0.0066656362573798145,,,,,,,,,,,,,
2020-03-20,-0.03879664762584456,,,,,,,,,,,-0.1599209971848672,,,,,,,,,,,,,
2020-03-23,0.00601578783029888,,,,,,,,,,,-0.022119498743753296,,,,,,,,,,,,,
2020-03-24,0.03200358724525798,,,,,,,,,,,-0.03594407830616131,,,,,,,,,,,,,
2020-03-25,0.016875639227774686,,,,,,,,,,,-0.07790296239699757,,,,,,,,,,,,,
2020-03-26,0.04632253840042355,,,,,,,,,,,0.01227860359252353,,,,,,,,,,,,,
2020-03-27,-0.006261934463364316,,,,,,,,,,,-0.029176740366264498,,,,,,,,,,,,,
2020-03-30,0.027824295728904547,,,,,,,,,,,-0.014352319118990708,,,,,,,,,,,,,
2020-03-31,0.027806688528792645,,,,,,,,,,,-0.038239900435957264,,,,,,,,,,,,,
2020-04-01,-0.0122748935641539,,,,,,,,,,,0.014846238799055556,,,,,,,,,,,,,
2020-04-02,-0.015904637281715983,,,,,,,,,,,0.09142913316286139,,,,,,,,,,,,,
2020-04-03,-0.013069824238344796,,,,,,,,,,,0.04332881109811271,,,,,,,,,,,,,
2020-04-06,0.009423258865176365,,,,,,,,,,,-0.012838679130203201,,,,,,,,,,,,,
2020-04-07,0.0018257347784216282,,,,,,,,,,,-0.06709066871944158,,,,,,,,,,,,,
2020-04-08,-0.0010084911799929097,,,,,,,,,,,0.024137210945769816,,,,,,,,,,,,,
2020-04-09,-0.007444181501220726,,,,,,,,,,,0.06130365675534,,,,,,,,,,,,,
2020-04-14,0.007320080231245418,,,,,,,,,,,0.06640536208658454,,,,,,,,,,,,,
2020-04-15,0.019207284172672034,,,,,,,,,,,0.009346384351344161,,,,,,,,,,,,,
2020-04-16,0.01599417101042122,,,,,,,,,,,0.009038798284690008,,,,,,,,,,,,,
2020-04-17,-0.02228162456866911,,,,,,,,,,,-0.003584824351612226,,,,,,,,,,,,,
2020-04-20,-0.0013565204560772592,,,,,,,,,,,0.01973385616531087,,,,,,,,,,,,,
2020-04-21,-0.01631538734194682,,,,,,,,,,,0.0006556812572455772,,,,,,,,,,,,,
2020-04-22,-0.010716692536181793,,,,,,,,,,,-0.004272260607259937,,,,,,,,,,,,,
2020-04-23,-0.027239933028706753,,,,,,,,,,,0.0029636229463692043,,,,,,,,,,,,,
2020-04-24,-5.518159457895688e-05,,,,,,,,,,,0.008566415494422941,,,,,,,,,,,,,
2020-04-27,-0.01626410950275925,,,,,,,,,,,0.0141415807767864,,,,,,,,,,,,,
2020-04-28,-0.02072423010795499,,,,,,,,,,,-0.00815391241493002,,,,,,,,,,,,,
2020-04-29,0.016489195429758574,,,,,,,,,,,-0.005633549883947486,,,,,,,,,,,,,
2020-05-04,-0.023576942500782794,,,,,,,,,,,-0.020386069104759708,,,,,,,,,,,,,
2020-05-05,0.0026588721514935187,,,,,,,,,,,0.01762540791319589,,,,,,,,,,,,,
2020-05-06,-0.02300963493403474,,,,,,,,,,,-0.01367051181940393,,,,,,,,,,,,,
2020-05-07,-0.0005311718503201446,,,,,,,,,,,0.06875613296767935,,,,,,,,,,,,,
2020-05-08,0.007874577846267439,,,,,,,,,,,0.021776334505174688,,,,,,,,,,,,,
2020-05-11,0.0015536989064968143,,,,,,,,,,,0.04668291919685896,,,,,,,,,,,,,
2020-05-12,-0.028226899022580132,,,,,,,,,,,-0.022514838982278795,,,,,,,,,,,,,
2020-05-13,-0.015591697447123298,,,,,,,,,,,0.008994184507031822,,,,,,,,,,,,,
2020-05-14,0.0027224231211020467,,,,,,,,,,,0.013814628402857299,,,,,,,,,,,,,
2020-05-15,0.0022188932215161383,,,,,,,,,,,0.017736500121184218,,,,,,,,,,,,,
2020-05-18,0.027445003621745068,,,,,,,,,,,-0.006818378996224617,,,,,,,,,,,,,
2020-05-19,0.0030617764601252873,,,,,,,,,,,0.020861904908220597,,,,,,,,,,,,,
2020-05-20,-0.004615415666801903,,,,,,,,,,,-0.015464039895980775,,,,,,,,,,,,,
2020-05-21,-0.003249240594033087,,,,,,,,,,,0.011617801191313282,,,,,,,,,,,,,
2020-05-22,-0.02337680774320061,,,,,,,,,,,-0.005108710613164202,,,,,,,,,,,,,
2020-05-26,-0.027230355297388265,,,,,,,,,,,-0.0003595783577149403,,,,,,,,,,,,,
2020-05-27,-0.01178485894243575,,,,,,,,,,,-0.009594211564228128,,,,,,,,,,,,,
2020-05-28,-0.0008257214231590648,,,,,,,,,,,0.02037669802661135,,,,,,,,,,,,,
2020-05-29,0.03437493072503006,,,,,,,,,,,0.017749311219496855,,,,,,,,,,,,,
2020-06-01,-0.012862986468996196,,,,,,,,,,,0.0021608180699639323,,,,,,,,,,,,,
2020-06-02,0.03834848430316917,,,,,,,,,,,-0.006250437802107767,,,,,,,,,,,,,
2020-06-03,0.010458495103815357,,,,,,,,,,,-0.007090184054186044,,,,,,,,,,,,,
2020-06-04,0.001072244056593119,,,,,,,,,,,0.025540080328738446,,,,,,,,,,,,,
2020-06-05,0.0023177031913721446,,,,,,,,,,,-0.016705009298959572,,,,,,,,,,,,,
2020-06-08,-0.001132083061479272,,,,,,,,,,,0.011429600326435141,,,,,,,,,,,,,
2020-06-09,0.006892165286167762,,,,,,,,,,,-0.005468966749028525,,,,,,,,,,,,,
2020-06-10,0.005185272458552159,,,,,,,,,,,-0.014671361171366692,,,,,,,,,,,,,
2020-06-11,-0.021074830198834604,,-0.018886499023747838,,,,,,,,,-0.03755711452031363,,,,,,,,,,,,,
2020-06-12,-0.005451958370730536,,-0.012123904673090213,,,,,,,,,-0.012888316886136897,,,,,,,,,,,,,
2020-06-15,0.016672186725370297,,0.02391687143347898,,,,,,,,,0.07615185633362054,,,,,,,,,,,,,
2020-06-16,0.011554418431964253,,-0.013687242072671135,,,,,,,,,-0.017394261119600407,,,,,,,,,,,,,
2020-06-17,-0.0025868505095957284,,-0.014196433616759596,,,,,,,,,-0.020862210718275098,,,,,,,,,,,,,
2020-06-18,-0.005732013695690763,0.0066590167516396015,0.0014314489249296347,,,,,,,,,-0.0022988471648234254,,,,,,,,,,,,,
2020-06-19,-0.02399543648985425,-0.02726887115664367,-0.005472870217249404,,,,,,,,,-0.021568562449263307,,,,,,,,,,,,,
2020-06-22,0.007001024347537355,0.004272133519778398,0.002646276112079571,,,,,,,,,0.003508683260481593,,,,,,,,,,,,,
2020-06-23,0.007279829545454586,0.009521708281143848,0.01713192833570809,,,,,,,,,-0.002240744265881167,,,,,,,,,,,,,
2020-06-24,-0.010146956574839328,-0.012423366095939414,-0.002835682336498224,,,,,,,,,-0.009147600977395198,,,,,,,,,,,,,
2020-06-26,-0.02605073540077485,-0.013700924479049248,-0.0013103954498066006,,,,,,,,,-0.04101255540901483,,,,,,,,,,,,,
2020-06-29,-0.005250070628375014,0.0046671193617762174,-0.006530371771918397,,,,,,,,,-0.030160766007944373,,,,,,,,,,,,,
2020-06-30,-0.003030758945691936,0.006054831479546108,-0.003658498634182994,,,,,,,,,-0.010411661110763748,,,,,,,,,,,,,
2020-07-02,0.010384760872030663,0.008912630456577864,-0.009705511496090113,,,,,,,,,-0.022843273685677512,,,,,,,,,,,,,
2020-07-06,0.031516910346962135,0.0010584952267453929,0.003049237717518416,,,,,,,,,-0.014476006599624336,,,,,,,,,,,,,
2020-07-07,-0.01402858119325634,-0.012426333430077374,0.01281134349213553,,,,,,,,,-0.018354551898075777,,,,,,,,,,,,,
2020-07-08,0.04980488314818765,0.02327881550864097,0.0037229699144059047,,,,,,,,,0.0023299446758207054,,,,,,,,,,,,,
2020-07-09,-0.03130911656050561,-0.018706581000857092,-0.03033706498123978,,,,,,,,,-0.027597180005891064,,,,,,,,,,,,,
2020-07-10,-0.00995546800999203,-0.02364554427660015,-0.015180813658936754,,,,,,,,,-0.02040363194156314,,,,,,,,,,,,,
2020-07-13,-0.04146769381633664,-0.055331186309690694,-0.018617235516473762,,,,,,,,,0.044492802890903294,,,,,,,,,,,,,
2020-07-14,0.0018167429847812944,-0.004224122314179901,0.004018603460132608,,,,,,,,,0.0311915035384025,,,,,,,,,,,,,
2020-07-15,-0.008010559999269917,0.005014059271523985,-0.016775663475198432,,,,,,,,,-0.03200715633081119,,,,,,,,,,,,,
2020-07-16,0.007669680163721271,0.01784736748530591,-0.02077472084446952,,,,,,,,,0.008783547217864562,,,,,,,,,,,,,
2020-07-17,0.00306183746175015,0.001116715216477715,0.00940480867193716,,,,,,,,,0.05039908021668893,,,,,,,,,,,,,
2020-07-20,0.03061920682313679,0.016392731291024143,0.03346524043083554,,,,,,,,,0.01506680424363327,,,,,,,,,,,,,
2020-07-21,-0.027631717786492205,-0.045357568191105924,-0.01870843981765169,,,,,,,,,-0.023787701224881608,,,,,,,,,,,,,
2020-07-22,-0.01669664851721664,-0.01051018127252945,-0.005525485427291477,,,,,,,,,-0.04903967480105087,,,,,,,,,,,,,
2020-07-23,-0.010150420494595136,-0.02897465447673031,-0.030671179080633326,,,,,,,,,-0.032145926708936456,,,,,,,,,,,,,
2020-07-24,0.00949181348210093,0.004934832367841979,-0.007773134605474907,,,,,,,,,-0.004993379758106986,,,,,,,,,,,,,
2020-07-27,0.016938128905597205,0.02744978016533417,0.00942367263446564,,,,,,,,,0.0011516242058711157,,,,,,,,,,,,,
2020-07-28,-0.01347282038167319,-0.020909356601779727,-0.014760623466794853,,,,,,,,,-0.035087658081624395,,,,,,,,,,,,,
2020-07-29,0.006449544515315653,0.011436614186566274,-0.004630044252787013,,,,,,,,,-0.03717060071916778,,,,,,,,,,,,,
2020-07-30,0.00018657482718120733,0.002398226595334174,0.0005748988019440571,,,,,,,,,-0.011132377718682807,,,,,,,,,,,,,
2020-07-31,-0.011493954765335657,0.026507710064476386,0.009292314041096539,,,,,,,,,-0.022787890427073076,,,,,,,,,,,,,
2020-08-03,0.017424149654919008,0.011544289469108238,0.011035406968767258,,,,,,,,,0.016534015271790548,,,,,,,,,,,,,
2020-08-04,0.0009030779042336068,-0.007018459449162573,0.011872352165352984,,,,,,,,,-0.021049903937755854,,,,,,,,,,,,,
2020-08-05,0.003276696403611723,0.0035436058031179662,-0.006259044930678415,,,,,,,,,0.01072723216770255,,,,,,,,,,,,,
2020-08-06,0.0016109961348060864,-0.009598556110757106,-0.00366328135304983,,,,,,,,,-0.02344162026432184,,,,,,,,,,,,,
2020-08-07,-0.019925798572630993,-0.023965400411287363,-0.019508678176000327,,,,,,,,,-0.01602767355949275,,,,,,,,,,,,,
2020-08-10,-0.008355173482354927,-0.008849704311903017,-0.019562943021749102,,,,,,,,,-0.057901823921355566,,,,,,,,,,,,,
2020-08-11,-0.013710259839093797,-0.02198695155153063,-0.014707508349960707,,,,,,,,,-0.02221382222163293,,,,,,,,,,,,,
2020-08-12,0.015661983801304347,0.01134587818129873,0.02940799749338585,,,,,,,,,0.025130964597726013,,,,,,,,,,,,,
2020-08-13,-0.009577087403061069,-0.00829060010387106,-0.026160189605434425,,,,,,,,,0.005608362226040775,,,,,,,,,,,,,
2020-08-14,-0.0031600516776792986,-0.010413704449463101,-0.01022043783715354,,,,,,,,,-0.015558532145074078,,,,,,,,,,,,,
2020-08-17,0.02532510089049045,0.0699392435023023,0.026712464031779293,,,,,,,,,0.040973177648735426,,,,,,,,,,,,,
2020-08-18,-0.003545693744478995,0.0259676857661586,0.007777937974973614,,,,,,,,,0.030457662105749073,,,,,,,,,,,,,
2020-08-19,-0.011538476702441236,0.011428917602649635,-0.0008333915693904403,,,,,,,,,0.00357288778423559,,,,,,,,,,,,,
2020-08-20,-0.019865725633666065,0.024114020266760017,0.004700801936878163,,,,,,,,,0.009405539254311535,,,,,,,,,,,,,
2020-08-21,0.018645828526131503,0.01032682766657067,0.002369601548998679,,,,,,,,,0.004187821524316293,,,,,,,,,,,,,
2020-08-24,0.011323846581256403,-0.012718662992374119,-0.007175352976047433,,,,,,,,,-0.015165056893549966,,,,,,,,,,,,,
2020-08-25,0.029273289983382078,0.02694129266297307,0.02507966876797707,,,,,,,,,0.06213691007068922,,,,,,,,,,,,,
2020-08-26,0.008727510145557948,-0.013665118408763055,-0.01696937865477366,,,,,,,,,-0.022348320789051246,,,,,,,,,,,,,
2020-08-27,-0.018836210665210906,-0.02932640309189527,-0.008762487970245592,,,,,,,,,-0.011507844637834719,,,,,,,,,,,,,
2020-08-28,0.010730568252315553,0.004698463080062609,-0.005125953030853947,,,,,,,,,-0.021328284289036437,,,,,,,,,,,,,
2020-08-31,-0.016715414327689304,-0.018854624641509332,-0.029293592114819078,,,,,,,,,-0.010855860411921547,,,,,,,,,,,,,
2020-09-01,0.02081468685825949,0.03378877772408129,-0.0035665901995064475,,,,,,,,,-0.016266671652638953,,,,,,,,,,,,,
2020-09-02,-0.01501061941143289,-0.02876137029017012,-0.004371349421892323,,,,,,,,,0.011305462155143609,,,,,,,,,,,,,
2020-09-03,-0.03703237406553339,-0.05233926563572566,-0.019203045140405384,,,,,,,,,-0.0017510754796900008,,,,,,,,,,,,,
2020-09-04,-0.005121982880752496,0.007147538318003521,0.006877582836128937,,,,,,,,,0.008297662951964435,,,,,,,,,,,,,
2020-09-08,-0.02972834470145702,-0.03161861998115889,-0.02873906826919448,,,,,,,,,-0.006425354251112347,,,,,,,,,,,,,
2020-09-09,0.005398427267441663,0.011904480255882754,0.02469796736891139,,,,,,,,,0.037809622957079236,,,,,,,,,,,,,
2020-09-10,-0.012912771306208715,-0.020928477644140964,-0.012051124119382028,,,,,,,0.006266979752502566,,-0.010141829580380124,,,,,,,,,,,,,
2020-09-11,-0.010793396273980793,-0.025576570947188126,-0.016199628932190402,,,,,,,0.002645506775055706,,0.030456222116269194,,,,,,,,,,,,,
2020-09-14,-0.009923617037551846,0.010179883529968903,0.0006361620763035702,,,,,,,0.0057804843555500085,,-0.005719206678063138,,,,,,,,,,,,,
2020-09-15,0.0070332450919803335,-0.011323047821643506,0.013853557028130847,,,,,,,-0.003928859988959088,,-0.007912275370958177,,,,,,,,,,,,,
2020-09-16,-0.013034648451139219,-0.024910802860569237,-0.017860352750109,,,,,,,0.0008887988090642285,,-0.007225769053869069,,,,,,,,,,,,,
2020-09-17,-0.002509750732342164,0.004215296273474056,-0.0026266089520398106,,,,,,,0.0012764225550898622,,0.05084604819480254,,,,,,,,,,,,,
2020-09-18,-0.02116552179517206,-0.010679293975329962,-0.021802089717643636,,,,,,,-0.020763898717757856,,-0.022034776336683493,,,,,,,,,,,,,
2020-09-21,0.012428601601863543,0.01365327887556922,0.018918218494656802,,,,,,,0.0032411641554448423,,-0.013459960902477364,,,,,,,,,,,,,
2020-09-22,0.00711390586668581,0.002142223818548894,0.008226129985244857,,,,,,,0.023194665935401204,,0.007824377790432546,,,,,,,,,,,0.04087883249030355,,
2020-09-23,-0.009674502558155385,-0.011516732975542454,-0.022744858354603936,,,,,,,-0.0038668349899391163,,0.02151849772496628,,,,,,,,,,,0.035989594747127596,,
2020-09-24,0.001140122372001784,-0.022932143703511598,-0.00773844534899415,,,,,,,0.024350210378559556,,0.02662600859493347,,,,,,,,,,,-0.02667673794755998,,
2020-09-25,0.01790090679198264,0.025323282737454766,0.0004333501218252156,,,,,,,0.00652147061897046,,0.009921089365605429,,,,,,,,,,,0.01238520889669581,,
2020-09-28,0.015113526441370428,0.01683897552848057,-0.0012544512937235908,,,,,,,0.01714856086746952,,-0.00233632454745325,0.05093589820214417,,,,,,,,,,0.035033548876568954,,
2020-09-29,0.01084929502752141,-0.013384941562664454,-0.026220166196331496,,,,,,,-0.003503307618062279,,0.023144051594359727,-0.006085828154740569,,,-0.03644762940761015,-0.019858341935747648,,,,,,-0.009734739111430746,,
2020-09-30,0.033330142879172575,0.023590918393585625,0.022074471922217453,,,,,,,0.031034991908529097,,0.008611363393251414,0.005539600970432268,,,0.034228482997237464,0.03617704393303778,,,,,,-0.02586814238986679,,
2020-10-05,-0.009710809017749567,-0.004539300643608968,0.012696520170920378,,,,,,,0.013709087138271903,,0.07384893893622668,0.008811545738807158,,,0.01062780003911179,0.010015815741477141,,,,,,-0.011333817451814165,,
2020-10-06,0.011625080692309497,-0.004768730038386848,0.0018479402262072675,,,,,,,0.0028051300652665034,,-0.038771646000432036,-0.00546742749239626,,,0.012005613318511354,0.012761828746300496,,,,,,-0.018809857358245252,,
2020-10-07,-0.003363457491951327,-0.00815502217918962,-0.02351258968996839,,,,,,,0.0024530813279395325,,-0.0017823256176690006,0.057420409013356766,,,-0.0076012999612929955,-0.007728787161093598,,,,,,-0.008173505413168969,,
2020-10-08,0.005322423073419458,-0.007133667234964225,0.023508770713529525,,,,,,,0.012944896214825974,,0.007456582493611252,0.00414048878767681,,,0.0014512897937248859,0.020213768393655185,,,,,,-0.006496332349674394,,
2020-10-09,0.014560098580880254,0.004483021250030639,0.01611503327544539,,,,,,,0.011638918525312514,,0.02187289807928794,0.022319290485787846,,,0.040384665814484855,0.043818114745111325,,,,,,0.010424998201332247,,
2020-10-12,0.016322275898259297,0.031373633403927625,-0.0019378788791523105,,,,,,,0.004144068176856308,,-0.03653898386383836,-0.018229087406204436,,,-0.002725988915606492,0.06110512128923906,,,,,,-0.01202553534268025,,
2020-10-14,-0.019647445107250694,-0.029653529995930183,-0.02327124980379791,,,,,,,-0.002172497084082181,,-0.009487164490390887,-0.0013571271178048905,,,-0.030515795922410827,-0.01902303000491745,,,,,,-0.011879435988269682,,
2020-10-15,0.018588572700936945,-0.0014118897403017083,-0.0006730192426734893,,,,,,,0.008228804890624275,,-0.002928526368949691,-0.017878031864056565,,,-0.013381490245117589,0.00982119097732892,,,,,,-0.016152936532249584,,
2020-10-16,0.012603422304025669,0.0028214683534315554,-0.006477502595836793,,,,,,,0.004041671826275239,,0.036504791548958915,0.017281983329057837,,,-0.00040640113351098073,-0.02229801533877629,,,,,,-0.001381581902929141,,
2020-10-19,-0.004858075864866862,-0.014603742838494083,-0.02523054342997655,,,,,,,-0.012526572625853993,,-0.04232151106164406,-0.01752550789208629,,,-0.007978236728821586,0.030374645529021915,,,,,,-0.00419882779541747,,
2020-10-20,0.0024291178623707665,0.007422866614094525,-0.004556924117533168,,,,,,,0.013646287090908205,,-0.0039785971803207865,-0.003038432176351691,,,0.038884878775677034,0.04854219685674055,,,,,,0.01547194906972571,,
2020-10-21,-0.006022219470780077,-0.007928012104893689,-0.0007802490775739024,,,,,,,0.0018482191794990666,,-0.01578720803438083,-0.02288948658075507,,,0.004894761048110263,0.018837786762637476,,,,,,0.013000091760439814,,
2020-10-22,-0.010996334417559428,-0.02455691057755638,-0.015021790163385451,,,,,,,0.022465197535253223,,0.004999534892714541,0.017924543502819912,,,0.01099963439461571,0.007126793761969674,,,,,,0.021329769494745632,,
2020-10-23,0.00795504168747252,-0.0021049677773969933,-0.018727958793847255,,,,,,,0.016451474150829926,,0.00017104092410580307,0.015172958705614858,,,-0.013042703635692043,0.01861271775733986,,,,,,-0.0028926171229685105,,
2020-10-27,0.024652956574961138,0.017187372726987782,0.021036980793491145,,,,,,,-0.005767906266019862,,0.027746774071755853,0.044397521594253364,,,-0.005931502314817316,0.02043121922916824,,,,,,-0.02555550695079467,,
2020-10-28,-0.029473085738301208,-0.033227334778402895,-0.03408707377832065,,,,,,,-0.02520153586035867,,-0.009950710305787425,-0.035455561783543366,,,-0.010662728455505088,-0.0341438928495319,,,,,,-0.024602598673218457,,
2020-10-29,0.0006490543067148025,0.011899877944226755,0.004608810030192201,,,,,,,-0.01819990929013504,,-0.014078531858967347,-0.012653645376292655,,,0.009050998206664662,0.01310086350170292,,,,,,0.012025217088940554,,
2020-10-30,0.006899359587337672,0.0023739307274577293,-0.0025994807396904074,,,,,,,-0.012898044987013302,,0.027333780537443397,-0.013945956593038655,,,-0.01991081218819768,0.012222774862849839,,,,,,-0.06401833208868968,,
2020-11-02,0.011507388250234563,-0.004067987885069013,-0.019826126026375013,,,,,,,-0.010247597434102973,,0.013122580268166262,-0.004314630364753103,,,-0.0018285060341510784,0.041058175874411074,,,,,,-0.02795970166789863,,
2020-11-03,-0.07711257663532145,-0.004766765636598391,0.013528863148803083,,,,,,,0.014693738854224758,,0.006013644693603659,0.039199045797285725,,,-0.011747519615742053,-0.034036868897347805,,,,,,-0.023474325990452627,,
2020-11-04,0.033851465389684865,0.04913535572841554,0.06575258467563083,,,,,,,0.04663059561969063,,0.029978281401579432,0.032383393685333495,,,0.031026259468346362,0.0264362707159449,,,,,,0.010139473734281257,,
2020-11-05,-0.05324046849884312,-0.01631072504939146,-0.02852781103741442,,,,,,,0.014954167798529205,,-0.02693180028888753,0.0114904446966273,,,0.019472959559324376,0.03963820634516391,,,,,,-0.0003707499899664457,,
2020-11-06,0.030947897990738493,0.0010738255104425498,0.00873502134701809,,,,,,,0.029071837961184066,,0.025378471972993033,0.016740860757963993,,,0.00366861986916156,0.061419233438356535,,,,,,-0.011864332912303821,,
2020-11-09,-0.029731681723063286,-0.09173442029803913,-0.05736678329096612,,,,,,,0.00046905296484456294,,-0.029099971109298184,-0.000404540631757655,,-0.004392883974475459,-0.021181606522129304,-0.05376776022848451,,,,,,0.07613349851598472,,
2020-11-10,-0.06214133218452178,-0.060529925820937525,-0.016360461494522194,,,,,,,0.009168192926772623,,0.002790263755088729,-0.0069710339516603215,,0.006464522338914147,-0.01771864944717727,-0.03594528035731248,,,,,,0.04134291051002292,,
2020-11-11,0.036505573323788676,0.07051367598561531,0.017794881179551858,,,,,,,0.021544617198670846,,0.029574594727131975,0.13197959409493953,,0.009822334526863541,0.008979365104808235,0.07137691867930318,,,,,,0.060327123590428355,,
2020-11-12,0.012573707369882614,0.03682206649690922,-0.0283631574787101,,,,,,,-0.01885196147640944,,0.006457083433491828,0.030392017620521905,,-0.016714673188179208,0.04369794601628163,0.0606305794207036,,,,,,-0.03160613084885766,,
2020-11-13,-0.016294489507338028,0.02463978308988879,0.0013562895048042645,,,,,,,-0.0069647633932545805,,-0.014021207974569627,0.05386374097008817,,0.018448584108211374,0.07443498396801917,0.01938452620431108,,,,,,0.013254624608905585,,
2020-11-16,-0.014387216337341857,-0.10183455823882626,-0.019860860727099583,,,,,,,-0.004244761978992928,,0.011946356664482183,0.015808272172045612,,0.006858909796850332,0.02027324092125471,-0.048453815673860645,,,,,,-0.0014254793568152513,,
2020-11-17,-0.003672885908543755,-0.013591480392757038,-0.01046526604829845,,,,,,,-0.017228922305775995,,0.03527275197704971,-0.006769152085069452,,0.010529357319629007,-0.012775839089426477,0.024151581544715306,,,,,,0.04094353453172617,,
2020-11-18,-0.0083658467128771,-0.016713245826609047,-0.024546276265833944,,,,,,,0.014139215948941075,,0.007087758051576687,0.0038852821369155244,,-0.0234989651513422,-0.016937257379441406,-0.018291808073429006,,,,,,0.009330836272627652,,
2020-11-19,0.027090257434692733,0.003922597880783307,0.03155618281171835,,,,,,,-0.009595254174505019,,-0.00994594987669506,-0.006960736293810776,,0.02159328487380363,-0.054146136714850024,0.013262751704855802,,,,,,0.041676200929278595,,
2020-11-20,0.03702514849320426,0.012221911271662389,0.022490331465473856,,,,,,,-0.006801384888195594,,0.008725504098624492,0.023637604059561612,,0.0007953271534231199,-0.00634755608462001,0.03565643925104123,,,,,,-0.008045368223646654,,
2020-11-23,-0.008547981699214668,-0.015115188420625425,-0.010328542623151082,,,,,,,-0.012996474975520922,,-0.021215042252651584,0.029311684735632948,,-0.029036900340433935,-0.027983135097734535,-0.07547836987003298,,,,,,-0.005031092238615753,,
2020-11-24,0.004771241302970131,-0.00013987851940322482,0.0026452453951388843,,,,,,,-0.008053570423453338,,-0.046999119987715554,0.012161526215966889,,-0.04304809005233534,0.010094061771040552,-0.038480777849702164,,,,,,0.016507256392860548,,
2020-11-25,0.007827160939648747,-0.0030524089177523805,-0.02274015030768306,,,,,,,-0.02718106365909556,,0.03965973636667686,0.015343051269420815,,-0.02428315952864113,-0.007146796854035742,0.027310251686585296,,,,,,0.005724634626085523,,
2020-11-27,-0.006438440377301902,0.01077908370518843,0.0020087810389459726,,,,,,,-0.0029936307303810583,,0.07471512774718692,0.028418028146418584,,0.0025348387210675227,0.0005387251843103069,0.020076993182912783,,,,,,0.005708202880656321,,
2020-11-30,-0.023927048659218242,-0.02317985155289537,-0.03057438093224485,,,,,,,-0.018041537122990947,,-0.08554392008711831,0.03196767610123974,,0.0013049127718405273,-0.0167418257693831,-0.019882664660030747,,,,,,-0.008178971616010111,,
2020-12-01,-0.0054446992477724665,-0.014238235318157821,-0.016285040974017617,,,,,,,0.008697726801580874,,-0.04936024854225973,-0.018210080423590957,,-0.025708361336861274,0.014787283340487845,0.028727136258406505,,,,,,0.03275844394733829,,
2020-12-02,-0.007774960697839561,0.003229014192662305,-0.009891386972610605,,,,,,,-0.02809438686929233,,-0.024783137985207815,-0.00143281545714391,,-0.0358344826635395,0.016998871348471,0.01440781755329068,,,,,,-0.010353911554408124,,
2020-12-03,0.004801067774063306,0.009233685739961306,0.0012620021509279766,,,,,,,-0.009912017768222703,,-0.03035381673193005,0.01635244011808079,,0.02573194131837231,-0.00862525339109943,-0.022399247659905197,,,,,,0.005834788903000598,,
2020-12-04,-0.019172228590557117,-0.027217478252414273,-0.016981368489472626,,,,,,,-0.01575366824982649,,-0.01048886020253259,0.006165447369555155,,-0.015871116798142793,-0.014689800463771552,-0.01137383277305748,,,,,,-0.01289635487507712,,
2020-12-07,-0.00866079330444336,-0.024884326358947995,-0.0022036055182586,,,,,,,-0.008890842810154842,,-0.05182046050131972,0.005405634994666508,,-0.002892469320080693,-0.0018441051293760502,-0.026415538110347914,,,,,,0.019020872141923384,,
2020-12-08,-0.0007701652424615402,-0.02448870586151508,7.1556186020727e-05,,,,,,,0.0027662963768482207,,0.009582556077906812,0.02246594074627084,,-0.00458821384698338,-0.009975875544189994,0.012598013110409534,,,,,,-0.05621423765678868,,
2020-12-09,-0.019931922779260813,-0.012736795750797891,-0.0383967283653085,,,,,,,-0.012195060775538336,,-0.032545377780572315,-0.01577869579581115,,-0.004546609956487813,-0.002987608422599708,-0.02721512050346042,,,,,,0.005864691059997762,,
2020-12-10,0.004853161656614979,-0.007260651074761704,-0.013487693240861076,,,,,,,-0.000851948854034057,,0.025796161131443895,0.054796043352484336,,0.00830390551755844,0.004468460440046007,-0.006101631139253105,,,,,,0.015806274386543473,,
2020-12-11,-0.008055571750484769,-9.267309581806327e-05,-0.001261418066834108,,,,,,,-0.01034100985366182,,0.004399768270080484,-0.004844766839519954,,-0.021848080619842336,-0.00532373178796719,-0.01760714466719182,,,,,,-0.008907601530612874,,
2020-12-14,-0.014039003798214988,-0.016835759028211994,-0.0023331526063783414,,,,,,,-0.008830122419122621,,0.007259818909529203,0.0037817112814255704,,0.0034691661161383447,-0.028399806530733596,-0.004772511142505875,,,,,,0.002438121604940724,,
2020-12-15,0.004832635578112754,0.005633478255104629,-0.020115282110298005,,,,,,,0.0006388973544333432,,0.028502477302886575,0.04327844818041715,,0.008393911019718425,-0.010670538763999482,-0.026189355663416403,,,,,,0.020359183936381253,,
2020-12-16,0.010937217974299474,0.017034020936136818,0.01500530499243835,,,,,,,-0.004056904115431137,,-0.018947230688717065,0.03449052144304199,,0.008811121542741773,0.03099940393203915,0.008572657607506917,,,,,,0.006980852080250344,,
2020-12-17,-0.006927013753343925,-0.007556832200372177,-0.0006741266465639661,,,,,,,-0.006968982987154426,,0.02989549327355867,0.05075474304803973,,-0.02242630101320442,-0.010261059072777079,0.020083047286098665,,,,,,-0.009381854152825109,,
2020-12-18,-0.014307831592701103,-0.013689297092240982,0.035688016418369495,,,,,,,-0.00903922906242316,,-0.06451327397392803,0.01510638177007051,,0.02547194868280256,0.0040357632754466355,-0.025684699579435644,,,,,,0.0061001606088997296,,
2020-12-21,0.009444887592108042,-0.0026602095002956627,0.001955996487354783,,,,,,,-0.01238217452971413,,0.0005749555669574136,0.03297669962609184,,-0.017772599089139307,0.003848563255169468,-0.025991784749025193,,,,,,-0.00840759335611374,,
2020-12-22,-0.003539297341315306,0.018147587712565638,0.006481819822077073,,,,,,,-0.002859755512471418,,0.015047869943440872,0.03236555663906793,,-0.007569947700731494,-0.004249327773347855,-0.035472958085784434,,,,,,-0.01009990142764372,,
2020-12-23,-0.0005731131908172094,-0.005199391294164579,-0.008652313620439056,,,,,,,0.003062381830400529,,0.009973799397259064,0.03601538865304588,,-0.0036106894680439927,0.003716583483129865,-0.005744908494705214,,,,,,0.0014149455555185764,,
2020-12-24,-0.05893271842478709,0.006448802851661384,0.012450633647133946,,,,,,,0.0062723227413648,,-0.010908392059084115,-0.001818403921344136,,-0.01257600074205345,0.010330823371056619,-0.06533700062650605,,,,,,-0.01204136503812514,,
2020-12-28,0.02622713183347436,-0.006343123442520526,0.00010428795586792106,,,,,,,-0.0007261220182149808,,-0.058251614461596546,-0.011091110858159392,,-0.0010198780505060734,0.011936532252794674,-0.010862470058075835,,,,,,-0.015664052687638375,,
2020-12-29,0.03158883150821534,0.03723795560140197,0.009881320450648046,,,,,,,-0.005479567294356502,,-0.025704096525143383,0.0013079416603432037,,-0.012243842482188794,0.018655895751594764,0.03394662468034526,,,,,,-0.004434226218166248,,
2020-12-30,-0.021792326657019245,0.02740893757561924,0.01962875606665837,,,,,,,-0.013596153778004494,,0.0153082457306557,0.046661397667099314,,0.07256541299932051,0.030519383627430896,0.024105771536757414,,,,,,0.012297669435792802,,
2020-12-31,-0.02876568413836722,-0.004359120008498696,0.007362676861078166,,,,,,,-0.009906122902418324,,-0.022312645505388584,0.01370050847853177,,0.031089904671354196,0.00023703769097793703,0.010961903313850385,,,,,,-0.005468160706112779,,
2021-01-04,-0.02980926955233487,-0.026022499988649694,0.00877762812285443,,,,,,,-0.007385105708221484,,0.024095730062834386,-0.0371429647088416,,-0.05794432033654584,-0.041973925697258774,-0.005667776752743436,,,,,,-0.007396334789416259,,
2021-01-05,0.04474546801384971,0.09269985021514082,0.039569927006628536,,,,,,,0.0069238369797359756,,0.00663091620016254,0.02735148672802734,,0.0119968292367707,0.011049902941991485,0.026245138375198707,,,,,,0.017855808663117312,,
2021-01-06,-0.04097640543566583,-0.06351028725757346,0.02066385651846958,,,,,,,-0.016153670404241205,,-0.010108924196126634,-0.02511048276927208,,-0.027885342364654564,-0.014293240314381284,0.004922063127545728,,,,,,-0.028593936213153648,,
2021-01-07,-0.005015276739802732,-0.029010021836762045,0.0591843393593563,,,,,,,-0.00632805337089859,,-0.0016718337095452673,0.0732777743219366,,-0.024824243359621967,-0.010715885066036268,0.010174180422634738,,,,,,0.00026450375658781944,,
2021-01-08,0.020952867137159048,0.02087110864790942,0.032261651621155574,,,,,,,0.017029129948199495,,0.08213389070984367,0.04985839548345572,,0.04595650839806242,0.01352852509550595,0.04550637370399202,,,,,,0.012619417517771403,,
2021-01-11,-0.0027677806617302236,-0.008995847906167809,-0.021069344993459693,,,,,,,-0.009497767912156063,,0.02069063607056587,0.027191491668577816,,-0.03740042524254994,0.013272620724959383,-0.020270374611785713,,,,,,-0.00928303849680756,,
2021-01-12,-0.005937183969325077,-0.026875616786593448,-0.00503230210639527,,,,,,,-0.022380331027672118,,-0.0632604846444681,0.029387503957887473,,-0.01783718820488933,0.05208077811139589,-0.0019208694558311423,,,,,,-0.05143019148615069,,
2021-01-13,0.019066876857474213,0.011655930489489652,0.01849734995331498,,,,,,,0.008722463077523113,,0.027715185545578835,0.005414223971809573,,0.004553754768280349,-0.012095941615448358,0.005530367380602863,,,,,,0.01557403985048067,,
2021-01-14,0.002085671366411912,-0.021061972402229512,-0.009361370554165083,,,,,,,-0.020345120155452423,,0.006892982990726937,0.032505927054100825,,0.005543971170687945,-0.004902318942588302,-0.027525729165205126,,,,,,0.0029044375090756525,,
2021-01-15,-0.02095739769612681,-0.028969242892676994,-0.009475652415099844,,,,,,,-0.016482672191910464,,0.014585790637494433,0.027148714678800978,,-0.019875265293917033,-0.019389566695096505,-0.015939993934957375,,,,,,-0.007860677809635064,,
2021-01-19,-0.0012962881255522696,0.0026888218347882464,0.0192433303662658,,,,,,,0.01519724746159179,,-0.01699996441986773,0.04291333650706308,,-0.014168288744293434,0.01334961241293886,-0.05157845666676153,,,,,,0.018573600994592043,,
2021-01-20,-0.029210826037188053,0.014334368074643056,0.012238263470494948,,,,,,,-0.005050225792966434,,0.000646917606572428,0.024212296578804304,,-0.028104041713467476,0.030171119515436384,0.008893164182201208,,,,,,-0.010385513727127815,,
2021-01-21,-0.025779211087876064,-0.003788954184351878,0.002163065772410766,,,,,,,0.0016541878436220347,,-0.027989101575199737,-0.06076426250628786,,0.0781191698036976,0.02657245758432536,-0.01514820137923345,,,,,,-0.0036059961220635817,,
2021-01-22,-4.05772800330384e-05,0.007262239510010149,0.01694023357732477,,,,,,,-0.008335622978526858,,0.0013708592119114904,0.007818815630108666,,-0.05760389110483399,0.005942097307680028,-0.007521444905173591,,,,,,0.011078254265956433,,
2021-01-25,-0.018342063247346663,-0.016236854481737506,-0.0015958183450238694,,,,,,,-0.014232460121527013,,-0.02028800923019436,-0.018281004615242624,,-0.005245411826870328,0.0038523729834529785,0.0061090659816145365,,,,,,-0.03663246076936111,,
2021-01-26,0.016797770377378507,-0.01616064545772211,0.0011951147715179022,,,,,,,0.0313185578936932,,-0.011728212967355156,-0.042629151158359635,,-0.009774605822871929,0.01696967456302323,0.34733727094618905,,,,,,0.004602206183075275,,
2021-01-27,-0.030105814738915493,-0.06337092184179238,-0.017402931768044305,,,,,,,-0.01972735130212422,,-0.08148686433946051,-0.06407163677804839,,-0.01730877913421569,0.0058821854096509085,-0.07345656031284309,,,,,,0.04168916141664991,,
2021-01-28,0.0042343275062797225,0.011100555736535567,0.016559922936590032,,,,,,,-0.010743819561030543,,-0.037789594473898624,0.008938012984680332,,-0.017063607963929472,-0.03497373559221839,0.003703832621736458,,,,,,-0.005756093825781017,,
2021-01-29,-0.0033315625602622356,-0.0058255501986000935,0.0005188363731978285,,,,,,,-0.005327133738442846,,0.003846699045454205,0.037580236220948304,,0.001965318656423687,0.02581351434646062,-0.001646824249993295,,,,,,0.044436733590232036,,
2021-02-01,0.021149445213008322,0.002269969628104107,0.006891255747393243,,,,,,,0.00619868479650898,,0.017440683105494736,0.009457708615448812,,0.01449231506143911,0.018453383157542858,-0.00014296748887965283,,,,,,-0.013121600664897093,,
2021-02-02,-0.051422189405331276,-0.006773604539658362,0.02347866141405852,,,,,,,0.0020509871072673658,,-0.009684378127933657,0.055861449027891474,,-0.0010873006232261506,0.03918092408488327,-0.05982951459462682,,,,,,0.03919902934211583,,
2021-02-03,-0.02206663561049227,-0.019797239827144097,-0.011548465935331764,,,,,,,-0.019879809250450187,,0.025078471967085347,-0.01199420756570091,,-0.012221737292329227,0.003541694792290162,0.08625741927575281,,,,,,0.011379779561905723,,
2021-02-04,-0.013502977382028769,-0.0033944375795232906,0.012091856807211476,,,,,,,-0.009325296194269694,,0.011529871947107084,0.03340470572876808,,0.0043151473756237735,-0.01321600284083746,0.07923351724142935,,,,,,0.04813937315709005,,
2021-02-05,-0.002128491133589705,0.0135302873726173,0.0030934234510635594,,,,,,,0.03228764165227749,,0.006239508474979116,0.016413519436475177,,0.004667394543707237,0.03836517710252263,0.0500221929241671,,,,,,0.13525796702208703,,
2021-02-08,-0.007547536939094379,-0.0022453017311727663,-0.005875197800800258,,,,,,,0.03702188921532046,,-0.01924950388943003,0.0543345954441099,,0.0042739160867784065,0.026093850958368803,0.026699284768491705,,,,,,0.0024910871397263445,,
2021-02-09,0.01110078156644767,0.025211296879692036,0.05017391363450763,,,,,,,0.0223514880127913,,0.0016216101044155273,0.02303308791056269,,-0.019646919820814235,0.011572946217386582,0.035647307180000753,,,,,,-0.0008985679006519032,,
2021-02-10,-0.0096331019781003,-0.0030879528270872925,-0.006016493998219907,,,,,,,-0.007253152543705399,,-0.010312941750683091,-0.012819997999366062,,0.009038222173261667,-0.0015534134865643479,0.07297236686575714,,,,,,-0.004307505918911603,,
2021-02-11,-0.0015329869345672709,-0.006899812809327166,-6.427385023821675e-05,,,,,,,0.012047268119473209,,-0.00426191916279961,0.011781456094160703,,0.007471915157231557,0.02097553183868217,-0.022720343055795955,,,,,,0.06271766901081,,
2021-02-16,-0.007105039540129643,0.023791906096038096,0.0004101294249940768,,,,,,,0.03671829505477642,,-0.008382386039388012,-0.02089068194952448,,-0.006770456001036984,-0.025215359411211558,-0.002400549799506546,,,,,,-0.027585373983032957,,
2021-02-17,-0.017090022251081805,-0.006067287076815586,0.00228114511120614,,,,,,,-0.01087774466204483,,-0.07148012937331139,0.0048151191831848905,,-0.017130849340054044,-0.015384500113248989,-0.010790433581614911,,,,,,-0.028640915681178103,,
2021-02-18,-0.015642322432924516,-0.011912389582915961,0.013449863524489958,,,,,,,-0.012609159542521287,,-0.031594380797474564,-0.015317633870301384,,-0.007524948983637536,0.019862371498493347,0.0037427354465005003,,,,,,0.0028690860969349252,,
2021-02-19,-0.006050330549247529,0.0015763639638097793,0.003127295828446286,,,,,,,-0.022934762597277114,,0.011350046065371266,0.0299477352964459,,-0.013526543385883993,0.008847492002092894,0.050534420447061246,,,,,,0.04544261901439439,,
2021-02-22,-0.017758164559368628,-0.041603056243027736,-0.010176088595017063,,,,,,,-0.014073378710297901,,-0.05203235905170611,-0.006850124887653575,,-0.04342989814441933,0.029599566898978802,-0.03369795183497504,,,,,,-0.034288815177834664,,
2021-02-23,-0.010628245677448134,-0.00866256229707607,0.01401025495516528,,,,,,,-0.029657726093202497,,0.002517125062653669,-0.00899753078145138,,-0.014950979207504655,-0.01871569461253375,0.020267555454192898,,,,,,0.01052323974667968,,
2021-02-24,-0.0007021203739492332,-0.0005156643736772271,0.014530048110212634,,,,,,,0.005967117139164646,,0.0253832697702705,0.008739491692657753,,0.028404675679955194,0.009656094955663441,-0.0037451492772221373,,,,,,0.04195642871498628,,
2021-02-25,-0.04351079558597015,-0.04238079822520102,-0.0730429321012438,,,,,,,-0.016630017832101718,,-0.010644133256055954,-0.0403562116051035,,-0.03646566591937339,-0.011243272550541805,0.009407327523850872,,,,,,-0.007594447601569798,,
2021-02-26,-0.008408303583432364,0.010914748743152902,0.026223986486365813,,,,,,,-0.0038785049341447664,,0.007204390646406322,0.03236041260276812,,0.0074965032662066555,0.010102705557333724,-0.009080070556592101,,,,,,0.016257299451288842,,
2021-03-01,-0.0011382812201268244,0.014802659426936593,-0.00024581785470778605,,,,,,,-0.012031099557696434,,-0.03364707112672494,0.09755891519157656,,0.03288610717244289,0.0418887490161175,0.04745071193091066,,,,,,-0.003483574616901297,,
2021-03-02,-0.009322551066010099,-0.010727395994992173,-0.0068194977143933855,,,,,,,-0.012895741937072214,,-0.04426725966149525,-0.06748891542456015,,0.002111079684647521,-0.00031302736714255985,-0.009550755029062885,,,,,,0.005271441788494702,,
2021-03-03,-0.014190335271096699,-0.03885857409400473,-0.04553611043067374,,,,,,,-0.01781507271343097,,-0.032838389238037724,-0.05929365281320098,,-0.02692679587818214,0.00131314722563447,-0.03307495017910178,,,,,,-0.020330320674149083,,
2021-03-04,-0.01641833534034487,-0.029751762044949226,-0.011214641733511832,,,,,,,-0.023404074786734008,,-0.030600543818527393,-0.05312753909130241,,-0.041456045958965904,-0.002138515311853273,-0.03995188667000127,,,,,,-0.0027999650062966452,,
2021-03-05,-0.0006482783529475622,-0.016301314581117166,0.00661700467860693,,,,,,,-0.002517221689947502,,0.0382492474664502,0.046133521520063114,,0.03328960091793354,0.015974265934632692,0.02153826062187325,,,,,,0.028853402183987464,,
2021-03-08,-0.0027271221441212967,-0.014392869154345234,-0.04109639535970311,,,,,,,0.004161992019174665,,0.039577768656269274,-0.03567989919268133,,-0.014502740873747588,-0.05610718522838187,-0.042342461226414496,,,,,,0.01230217922896415,,
2021-03-09,0.03236878216166672,0.0634849561044466,0.07478026965372475,,,,,,,0.00439183593609993,,0.07805080259139996,0.08231256140691379,,0.0466726749202202,0.01319442434140683,0.03437072155446552,,,,,,-0.0030764919671786295,,
2021-03-10,-0.0047327380021002785,0.015447179595242222,-0.02448829156358623,,,,,,,-0.002826590633896786,,-0.013219287022384285,0.014322155511626855,,-0.13654460391370393,0.017404130948973195,0.01401686858313389,,,,,,-0.008495601124597574,,
2021-03-11,0.026402026092092523,-0.03190599418523021,-0.010904674819500304,,,,,,,0.018025139276544477,,0.033280046821340115,0.08948546775304189,,-0.0765495471498403,0.038368627259106836,0.042422237346934955,,,,,,0.030611214968125244,,
2021-03-12,-0.005028951469928877,-0.05088967430010083,0.0006023290112804336,,,,,,,-0.007007666746157271,,0.015267535778441088,-0.012591363424864666,,0.019029743522781528,0.01731027533098506,0.05262700354844574,,,,,,0.015036044030012352,,
2021-03-15,0.009249709118453353,0.02550333526796411,0.005108353417332401,,,,,,,0.02823941806885011,,0.025866656985258585,-0.00047978790092639834,0.01971035061185633,-0.022019387140092994,0.012586372404812973,0.028918327844633662,,,,,,0.03615122804713655,,
2021-03-16,-0.005226133935870125,0.005835254288788727,-0.004888329369774791,,,,,,,-0.008733008497481931,,0.007876057183529017,0.004059962467713785,0.014866118373732196,-0.007803167142215961,0.015540493826006863,0.009708966976306188,,,,,,0.07660167191972667,,
2021-03-17,0.017481874496660277,0.007469843642365914,-0.008070107919644243,,,,,,,-0.009128107378880146,,-0.006088160215483751,-0.02027191279608631,0.014570384530337543,-0.027459595961438876,0.013841214614621178,0.011086839161266848,,,,,,0.014485824492669774,,
2021-03-18,-0.017616217041591553,-0.015885950684907835,-0.023655904916774384,,,,,,,-0.018432701479168978,,-0.011012658438015466,-0.06296679989676002,0.01625267003340869,-0.02642483393023487,-0.030033082587031745,-0.028714691473596177,,,,,,0.006512212849117294,,
2021-03-19,-0.007934088425773811,0.010916204928310691,0.03659891331816856,,,,,,,-0.008110534162561578,,0.07601352261792993,-0.015697184226040606,0.01935058373337739,0.02719221038726438,-0.007374891335503286,0.020075056405842506,,,,,,0.01246244102677685,,
2021-03-22,-0.0044895570753631375,0.005812987015771043,-0.0021676550054667842,,,,,,,0.01090403097876913,,0.031156620861362283,0.02135529189062768,0.02187432266892886,-0.010263754704843975,-0.04226249385909164,-0.011156376882768382,,,,,,0.004057061874141343,,
2021-03-23,0.0031094950408891986,0.003916930134623131,-0.009812924371189302,0.007525340040277939,,,,,,-0.01568684812082921,,-0.038607176903937335,-0.020027967690104065,-0.007941647400428464,-0.004371801905221129,0.04358903084960164,-0.05598002945611236,,,,,,-0.05643977458769256,,
2021-03-24,-0.030864427188174393,-0.038015135633064356,-0.03205575667395966,-0.07407694987764435,,,,,,-0.004531825861458061,,-0.022671471037588486,-0.04131944397432408,-0.01853346560733371,-0.023173696630889307,-0.005041867819740142,-0.07897026320122613,,,,,,0.023892723765223334,,
2021-03-25,-0.02137992287993984,-0.006727354730980628,-0.020619300172147303,-0.1233439824259761,,,,,,-0.010799956080390305,,0.006748515099701091,0.008509486676046008,-0.041722611923500796,-0.010551389186835958,0.04173474344359174,-0.07314602353654209,,,,,,0.013149824564980817,,
2021-03-26,0.021667843546100407,0.017801617066365294,0.014378729653853117,-0.05341016881835614,,,,,,-0.003029945602767037,,-0.0418270974968169,-0.0525970202607966,0.009761784211374414,-0.12266625301511214,0.0008856217289814339,0.01639926814708237,,,,,,-0.027756520035425503,,
2021-03-29,0.04144632072116239,0.013371398656442102,0.026125139321507618,-0.022687077036941172,-0.013938723935966624,,,,,-0.007483581758705449,,-0.008498626276022936,-0.01566280644235285,0.02170257394196584,-0.014420996380914652,0.0008358252572469027,-0.008653418688977177,,,,,,0.005981055558626158,,
2021-03-30,0.005132149400496999,0.011185861306504341,0.0073222928073737314,0.05069547910541794,0.020656621185225932,,,,,0.004220302012434951,,0.008078381586584138,0.005791198210266968,0.01553419748658147,0.04522180973713508,0.015608058888800125,0.06307734408924137,,,,,,0.04306244196754627,,
2021-03-31,0.0016312715178752324,0.018140715795102125,0.015002746843045811,-0.007338755969911848,0.005329566733835112,,,,,0.014029908318473616,,0.034711543969042635,0.008206850349525618,-0.0215962551149258,0.024015007872702387,0.04445656143540089,0.04051269847090899,,,,,,0.019241821742698617,,
2021-04-01,-0.03352159049704151,-0.025173841933170404,0.00032359287936678527,-0.021499297320008992,0.0006841977727287674,,,,,-0.0036633166719900467,,-0.038975666796764785,-0.03947506935830192,0.017314010707905503,0.008328412840311605,0.03637845456405042,-0.0012782080518899397,,,,,,0.02178387087612066,,
2021-04-07,-0.013025951057898055,-0.026202198294011825,-4.8977161350993725e-05,-0.025365823921219444,-0.050242560133508474,,,,,0.010203800687043518,,-0.01753688385139307,0.02129832388750086,-0.02830970306664371,-0.0011094034646995654,-0.01642242874552413,0.006514512625443336,,,,,,-0.019163633476604103,,
2021-04-08,-0.004075235636990526,-0.0034020969831451975,0.0034711098559609965,0.00942734165891368,-0.006226883932673455,,,,,0.0024558244346621905,,-0.03386465899395541,-0.04575485381814759,-0.0038896487965363047,0.009226844163067627,0.00020699172641958086,-0.01517905328307878,,,,,,0.0210441336631062,,
2021-04-09,-0.004214082244756168,-0.01054215166667849,-0.00696946329183179,-0.020445599742751397,-0.03200960374052075,,,,,-0.008847812445343162,,-0.015412304079456929,0.00432818098544252,-0.006466008566001102,0.028755593293077197,0.010633477511991396,-0.0418624129429499,,,,,,-0.02806918751700571,,
2021-04-12,0.021655239404866578,-0.010813489157537992,0.011433696994416431,-0.008626140031191443,-0.013424915045940233,,,,,0.005368044834216601,,-0.03769049324358653,0.017879085311517606,-0.011937192777151773,0.011917404372247198,0.01974556923150783,-0.021726143093073746,,,,,,-0.013423053760109993,,
2021-04-13,0.00794069763318972,0.02643871373641815,0.03336610546190344,0.024527026984077382,0.0034883911119005795,,,,,0.009091329016678973,,0.008885849859131323,0.23409705931532065,0.01831679949195375,-0.0019700933503193907,0.040850340829453824,0.0076719043206492366,,,,,,0.024346109060720655,,
2021-04-14,-0.022600113088317553,-0.007868308359213483,-0.016132606091120882,-0.008919720868664771,-0.019137435579549167,,,,,-0.0014223799790541447,,0.0014099193048471292,0.0063900727833456905,-0.006476834904728834,-0.009551059399844797,-0.0201527620620926,0.012048029637952817,,,,,,0.011613321200925064,,
2021-04-15,-0.007298433163319351,-0.00036613808219421173,0.0048200625775220995,-0.030046815844219865,-0.0013886218362682001,,,,,-0.007690550960475773,,0.021547735729501083,-0.005867543698459876,-0.010797367309746564,0.019101649793758613,-0.023021443169528144,-0.03978621622654055,,,,,,0.007864607275325453,,
2021-04-16,-0.01637890710927048,-0.012578580660527527,0.005486410262043773,0.0016556923724744266,-0.006502448318689513,,,,,-0.004685096857359183,,-0.014836764625458354,0.015968788945840195,-0.0010232864875583392,0.019092412973584327,0.026242793919045493,0.03619712296841193,,,,,,0.034710596823709805,,
2021-04-19,-0.016964997395916726,-0.007978168432228427,-0.005756825794714038,-0.031833798856779505,0.014906804173824728,,,,0.026447575588312233,-0.01863139841245176,,-0.02237743752920296,-0.013110650752725106,0.013195081584507218,0.0347913428086668,0.019497306078391174,0.007232178534877898,,,,,,0.0200091699864009,,
2021-04-20,-0.022141133655710687,-0.02863599241941639,-0.0014058162732141222,-0.016089192693026777,-0.039877113616493376,,,,-0.0169354607890031,-0.0039645827334859884,,-0.04333925388537441,-0.09518187263192823,-0.028860820499001183,0.06440808234724371,0.0032911734791669645,-0.013825429357811059,,,,,,-0.025067048795661795,,
2021-04-21,0.0035866625236098404,0.023136173785964997,0.022920579710546507,0.03292171507313624,0.02331931715806479,,,,0.04574849098569689,-0.0034998701974096047,,0.013502757465237547,0.006737893740641265,0.0040830124228192766,0.035476130476070455,-0.01534117410666369,0.03921433549466524,,,,,,0.017518431742586493,,
2021-04-22,0.005180307141332552,0.013759643562299084,0.03209151302699742,0.0009404509614796552,0.03646422912494063,,,,-0.004868534067772212,0.0017157371525828857,,0.0149917899134131,0.03218181700534695,0.029314481952937843,-0.011302751596640515,0.06396656810191637,0.01642326169587016,,,,,,0.041713506990005866,,
2021-04-23,0.0031772131702936246,0.0026392607576517513,0.0033446828115730742,0.01857124574739566,0.05263135368633898,,,,-0.009721055790457789,-0.0003500039779629205,,0.018400906166828213,0.042698397376687236,0.012345682002186109,-0.026239896999013745,0.02490847936753182,0.02167084723669621,,,,,,0.02422942476499723,,
2021-04-26,0.005098709946571356,-0.012508524861498005,0.011798090344124601,-0.021479250474570666,0.01586321473467911,,,,0.017384377561872943,0.019979694304733897,,0.030002216447034158,-0.00538085382677389,-0.0006454056753377735,0.015995112311521176,-0.001906443521319967,0.01341128026157401,,,,,,0.03735650825738812,,
2021-04-27,0.01090523852129932,0.02167820219951344,0.006259423403669917,-0.006002165390356695,0.0005898872279876954,,,,0.011182991152509425,0.008142902739498359,,-0.00165839309216953,0.007438749888286633,0.0007476871997493806,-0.025275211560032318,-0.002036618350970243,-0.014978358492680699,,,,,,0.0217624310636213,,
2021-04-28,-0.008262294644738377,0.00736606680591767,0.014871831937299573,-0.01125047084369557,-0.006952418864212828,,,,0.019866051732635448,0.012932207214261249,,0.09661751580592148,-0.01553086912837598,0.014227109863609089,0.005713121369859575,0.015911298885377345,0.004581700182206605,,,,,,0.00786316403641596,,
2021-04-29,-0.018042967647665997,-0.01604622490039742,-0.003955099384817529,-0.02284164377676634,-0.054990625016092975,,,,-0.026171606368922684,-0.011147227956035066,,0.019891952899053766,-0.04803102354156563,-0.01983960946605734,-0.03832483266697162,-0.005306594289115285,-0.03669134326718382,,,,,,-0.036448444920567646,,
2021-04-30,-0.003921646763301423,0.004971949029340728,-0.006896399465834313,-0.008223283967940698,-0.034070968993417994,,,,-0.014324360060361085,-0.0023106572495671385,,-0.018397332126027566,-0.0028259741740538358,-0.011135143733389419,-0.01767477799211925,0.0108044172505799,-0.011862221963188313,,,,,,-0.004510802016456594,,
2021-05-03,0.0008257589439988333,0.0010022234350501869,-0.01602708738730263,-0.026585100610515888,-0.0415227268666819,,,,-0.01678329008279955,-0.017681744194574356,,-0.01837322953385312,-0.03769344531644425,-0.01745693805403703,0.0023818708892562324,0.0027471565554777477,-0.01721496328913863,,,,,,-0.027397762470887543,,
2021-05-04,-0.017598717480297954,-0.017877458680739866,-0.023217097312307255,-0.036082002327912255,-0.014502341174651101,,,,-0.005535077702459756,-0.020733902090354195,,-0.07606701820948425,-0.07086712875851231,-0.010266718134478325,-0.004989019982272969,-0.024531680754581453,-0.029675786302894136,,,,,,-0.010710550586690681,,
2021-05-05,0.0009476288430960711,-0.008769736036331799,-0.004693300034188663,-0.022330772886096528,-0.014247996330051138,,,,0.026681070762146986,-0.0016712872339001983,,-0.01248665797440729,-0.038751173075503575,-0.016190855452414832,-0.028977513313293457,-0.005993794211514136,-0.027106564398675537,,,,,,-0.015301136587338116,,
2021-05-06,-0.007702366218491519,0.004576367186092112,0.015200326968867195,-0.015361862552143779,-0.011159891566426161,,,,-0.0024204431838786844,-0.008258323196855488,,0.015479709066014147,0.011516089497034754,0.024671560333517917,0.030349239641268122,-0.010714317056179645,0.009560944491648904,,,,,,-0.0054191414179590724,,
2021-05-07,-0.004633143280061924,0.002352666383323543,0.01055592523876081,0.0026945542506706666,-0.022533574617668917,,,,-0.006298746556893997,-0.003957663310216186,,0.0017134126596667354,0.03667774743539032,0.016026319093456642,0.00851501900900109,0.02085388761311968,0.004632220635560458,,,,,,0.02788076606716916,,
2021-05-10,-0.0097686875099402,-0.03470779442607885,-0.03351247264824353,-0.026966037932682263,-0.06615451256533178,,,,-0.04076592553393377,-0.01716622412204738,,-0.03003546680330227,-0.04871399437788715,0.007169479719412841,-0.01617548885736597,-0.005012651185463013,-0.036711016061361956,,,,,,-0.006837542143550257,,
2021-05-11,0.035100769078733274,0.03813897343085082,0.026222847988520925,0.042783150282183824,0.04230514714148703,,,,0.004038893631924223,0.013200839362008665,,0.05682412548178051,0.004543003806310342,0.010706677761253003,0.0035234519036337897,0.007609088768828487,0.030912958781294186,,,,,,0.04064541551820988,,
2021-05-12,-0.030269195902924095,-0.03369297154833828,-0.0397982052087168,-0.03269325730253103,-0.0623963872332336,,,,-0.03216071511748131,-0.02318883219710277,,-0.02590854805155074,-0.05056868158101857,-0.005024930638930392,-0.05869021050564882,-0.045130450526873256,-0.03546542877554193,,,,,,-0.0547384903105832,,
2021-05-13,-0.06164000876782039,-0.05898218678258482,-0.027327549066773704,-0.02650527584039164,-0.09705205115939664,,,,-0.004051617375273708,0.009841942649175817,,-0.011435593901131802,0.02255492683668403,-0.024174132826086492,-0.11055300900092446,-0.009721086467655016,-0.03353458679273236,,,,,,-0.02116413524727867,,
2021-05-14,-0.005710755313778959,-0.013082826095654476,0.019016843599489297,0.026732438367659483,0.06658609975109453,,,,0.04585035608916588,0.02618219255669363,,0.02181276829192691,0.013604880138374575,0.008358844400885301,0.05650371352498618,0.023437419237511747,0.03829480069504476,,,,,,0.04100178137586252,,
2021-05-17,-0.0023931165008997946,-0.0033846336493886797,-0.005760437494448989,0.00379386270304205,0.005335587263386232,,,,0.04169330390974113,0.013793689999505476,,0.0019967023010891705,-0.0032740253257179663,0.01643341670115528,0.03339708453295098,-0.010835493630745874,-0.023160386629680563,,,,,,0.009807831144822199,,
2021-05-18,-0.0005964839094528829,3.7642498129208946e-05,0.02241902359519643,-0.017879578727776013,0.0023758051719064976,,,,0.004928122291528947,0.005363079819264094,,0.027015954741540726,0.00642307519444274,-0.04965261000688659,-0.02901078928970946,0.017259616279778678,0.0498183807329613,,,,,,0.011215894852560027,,
2021-05-20,0.022394258909911313,0.01900489044808351,0.035348973956716545,0.008758629138658991,-0.013919993786778662,,,,0.02195788757641748,0.008354309732020226,,0.04451622794939003,0.02556119895539477,-0.03583481502220354,0.013750860426160916,0.01569598214100565,0.033620907523420396,,,,,,-0.010522903862675737,,
2021-05-21,-0.015438087675140433,-0.02232107007671824,-0.026478195706517438,-0.025444663444098126,-0.015974761319708097,,,,-0.03166032951583586,0.003009374363797779,,0.008280771382615404,0.010939863547977158,-0.06372633826830254,-0.04477236057619349,-0.01416945679082382,-0.0015746091547185204,,,,,,0.00047426139320361216,,
2021-05-24,-0.0037359608696466706,-0.014918525727021015,-0.019774115187561336,-0.0033283845632468,-0.02170657336696369,,,,-0.025402309489301778,0.0014894446778792592,,-0.03097317035970426,-0.013476582653083824,-0.03900728021366262,-0.15765305086471815,-0.019356130840255448,-0.0019825598317511073,,,,,,-0.01486890179645417,,
2021-05-25,-0.005286868808644707,-0.00820649124737094,-0.017374044440056524,-0.0016449977582750908,-0.0011136879255029264,,,,-0.0006854350608900273,0.0062783128778898245,,0.0031408845602929336,-0.049909395475680296,0.0008246595460514872,0.01912903149203915,0.010368975345100395,4.93515334536454e-05,,,,,,-0.01998538236646219,,
2021-05-26,-0.007281280114454836,-0.012143688647173634,0.00048085921860807623,-0.0016129557274364714,-0.011438268721286504,,,,0.017733206337041896,0.010352257264932385,,-0.01764895631170471,0.030346625145020623,-0.01399416220924743,-0.01058783518580253,-0.006150652992676808,-0.010969430794952828,,,,,,0.01896431171252111,,
2021-05-27,-0.011339717073443945,-0.006039440703506704,-0.0073852330216290785,-0.002985863280630996,0.0022733985526750544,,,,0.0013814828730749351,0.012939704597977775,,0.013547291940673833,0.03247682021170495,0.003039566816632533,0.02735578251979054,-0.0034584136165216606,-0.022981627010922767,,,,,,-0.00367911735239812,,
2021-05-28,0.00071957755649521,0.015928868869644175,0.015166039581255841,0.013787354034222599,0.02685058451675615,,,,0.033636337410104966,0.019236306891224464,,0.03788156648730889,0.05971936208116069,-0.009790842846207348,0.022380829870499497,0.030745144908314037,-0.02462028306405517,,,,,,0.030800038264904073,,
2021-06-01,-0.02418405992650019,0.020683649061223663,-0.027167624100128296,0.001486642204880484,0.005255377390198213,,,,-0.033004441768149095,0.016550404309179978,,-0.0279281890921943,0.004299041592319863,-0.020186450856346738,0.0185738806951401,0.000529561703312309,0.06340150329555572,,,,,,0.02995155933352245,,
2021-06-02,-0.006621519823322375,-0.009524338487136186,-0.01810379224282921,-0.02194329112122162,-0.029080749996878263,,,,-0.013188903261624807,0.011246006593516489,,-0.03048055098020752,-0.018075187640217205,-0.038894022016291996,-0.07012409432743927,0.025840618764666257,-0.00976281486496311,,,,,,-0.004230389147325986,,
2021-06-03,-0.0014847653762375401,-0.009602939954578837,-0.021822981491496862,-0.03289064029331357,-0.04166629278486378,,,,-0.017913331688334866,-0.019671922564401423,,-0.018191865262384366,-0.008447352107078254,-0.021719694049313176,-0.10175347515019972,-0.01174208170744373,-0.002245323668328636,,,,,,-0.03930928744551898,,
2021-06-04,0.010440767873662438,-0.009502459902610894,0.0026261959974582805,0.0138247516491381,0.024959285807288456,,,,0.0027138434119571286,0.011880774772315306,,0.010616947853435477,-0.021864520728419934,-0.01581411598830995,0.043453734477717054,0.0014986969096313363,-0.033085250317670734,,,,,,-0.0048693265353685344,,
2021-06-07,-0.007947239783368532,0.0015602649038739536,0.004502078739471171,-0.010882129365548443,-0.02507086381601198,,,,-0.026353582997206138,0.007914216656304873,,-0.03283094781583629,-0.015091696029416402,-0.058311100018633266,0.010363341698383266,0.0019363760483053216,-0.011431811842297246,,,,,,-0.005651798506078443,,
2021-06-08,-0.004168264813728784,-0.01285733754730245,0.0029386623693958835,-0.0070371928759221936,0.025203936674491167,,,,-0.0050060748536520094,0.008186969626686746,,0.0073124201359118235,-0.01438921342905164,-0.028708367822320557,0.005169103362343552,0.020427232053274347,0.056064168329984065,,,,,,-0.02984420058677606,,
2021-06-09,-0.005190321117179986,0.0015750250815669276,-0.017689950782308506,-0.014000521463622628,-0.02106018667766163,,,,0.00645007510988993,-0.002181810945692031,,-0.00840636042225995,-0.0032994965274248944,0.001459507698666096,0.09882572775529863,-0.020377587683105935,0.0028049966501018098,,,,,,-0.007978412546436608,,
2021-06-10,-0.004441680519902569,-0.0163090744313954,0.02180863216948814,0.010979243585770515,0.036606688783736185,,,,-0.010004038074479582,0.01408089699267312,,0.00528564490848904,0.001671749274950507,0.0061814469309742215,-0.007168947201782072,-0.01091285495450367,-0.015406740356553983,,,,,,-0.023358544648365953,,
2021-06-11,0.0005069627203313498,-0.01061965162442724,0.0007239930935274419,-0.00561973866668275,-0.006209967448443043,,,,0.0019750712986068564,0.009592942600501031,,-0.032280709008080444,-0.02198099150484545,-0.04224477598646237,-0.037879484293559806,-0.007158698324442936,0.0417627441420072,,,,,,0.006738841807027329,,
2021-06-15,-0.012544957064971274,-0.003876707391601286,-0.014181659420079096,-0.015481623603978534,-0.025496232697998722,,,,-0.0006424398454024649,-0.005265293034411145,,-0.017693074296092126,-0.03280702790790069,-0.04298722640140651,-0.023093944541752065,-0.007727850239563572,-0.018550871310717754,,,,,,-0.008776365410570808,,
2021-06-16,-0.0013716590731390754,0.013481749350757077,-0.014776504112593902,-0.008068814179631567,0.0190756839724604,,,,0.0032000299037266977,-0.002634001829708743,,0.018625421894656213,-0.016274083633166736,-0.01051291776454355,-0.1278257954896458,-0.008484335691885447,0.0007041066611979119,,,,,,-0.01627601965197345,,
2021-06-17,0.007506202136836615,0.03141010893304985,0.01059526009458489,0.0014537611246754345,0.03738632459141211,,,,-0.004655462197342919,-0.0049528650028276555,,-0.008346580142667093,-0.006726012920801661,-0.009731476612634737,-0.0901499935024046,-0.007995355629142775,0.012946798912420343,,,,,,-0.046935021911410524,,
2021-06-18,-0.004623200383448545,-0.02920131528980663,-0.03977554540003092,-0.003042434299122543,0.02012027793300608,,,,-0.011923869143851462,-0.00976101765596371,,0.0020869720033889205,-0.007063522691257762,-0.02838199465380331,-0.03708444355449192,-0.023733696227954293,-0.017225960917384153,,,,,,0.0007420579462218413,,
2021-06-21,-0.002705516755631132,0.006876338773918134,-0.006414498288763393,-0.004998586992442933,-0.030900476017995948,,,,0.0041957506521659305,0.015543889336373518,,-0.003625720758022366,0.0070268659270369405,-0.007095105744318264,0.05522888680218396,0.013151125576829514,-0.027053659243188477,,,,,,0.017359867748841795,,
2021-06-22,0.010356846532375563,0.020707822730078984,-0.01318992713873357,0.017262800651793198,-0.024951470637245454,,,,-0.005987841128738514,-0.007024579781752416,,0.015892701026688272,0.02123848329053435,-0.008169024714658746,-0.053686958551406816,0.016161363407684703,-0.023975986470995858,,,,,,-0.010075169553151353,,
2021-06-23,0.006650736145855207,-0.006971076702411261,-0.009194471805375914,0.00514034896105775,0.022015181488001856,,,,-0.011217747945414636,-0.00793858262659164,,0.015122047530831795,-0.0032577992724823757,-0.03263822903673508,0.06750964823292893,0.005740350824090745,0.017241476488517593,,,,,,-0.03607060433380793,,
2021-06-24,0.008364752833701194,0.01603732062926344,-1.549007146883774e-05,0.021851615822688908,0.05842592435926597,,,,0.005042947561102906,0.0049912682536397135,,0.026520367059932992,0.07783897415329699,-0.002128165988945052,0.08124773424694709,0.021394331620421925,0.048602689405757404,,,,,,0.008055218069618286,,
2021-06-25,0.028435443180890863,0.029321215178214954,-0.015918783486023824,0.032214119147553566,0.00846067613091983,,,,-0.03957064203854155,-0.0089787219433074,,0.015776546791860024,0.016210109359439118,0.022772107912046202,-0.04563883707241034,0.013081398489768636,0.005651951544849432,,,,,,-0.015829049667927086,,
2021-06-28,-0.001008954641128934,-0.0030493261157014118,0.03456084318434627,0.012017461461527157,0.005669110136988786,,,,-0.009918096324124992,0.00017207054953161105,,-0.018610805816676068,-0.013438612122486204,-0.01055893349269077,0.01448938688814927,-0.008139518163174486,0.02211499936523631,,,,,,0.013331957767057201,,
2021-06-29,0.014751797620018658,0.024969735287672545,0.02911767874706883,0.021866488774241244,-0.0033796915712700493,,,,0.0016580642180512584,0.013619296333987618,,-0.005477351913653616,0.046034601821729915,0.011779860320010327,0.046695072566552476,0.023883951553443694,0.014838820407953923,,,,,,-0.00919717029624223,,
2021-06-30,0.00031883600786386523,0.014389262936570724,0.017305684324183,-0.007687525547567686,-0.010585317463128407,,,,-0.002584750592770635,0.015436566946890107,,-0.029615761745353852,0.007350851075084375,-0.026390868266924605,-0.006540192035913606,0.00690665043447769,-0.049139975845233,,,,,,-0.01565458444358292,0.011160186182483045,
2021-07-02,-0.0029476595655927307,-0.015980351230432732,0.012008827141317235,-0.012201990194511292,-0.006809432401690962,,,,-0.009317442371368334,0.017379891816162507,,-0.012362413572463149,0.005152665509970289,-0.005127306154851796,-0.003609697940839318,-0.0158406416162159,-0.025569194236889525,,,,,,0.03239330816955399,-0.027860406392455128,
2021-07-06,-0.01887422968289343,-0.041128849768926945,-0.02130760220263317,-0.023591033942690576,-0.05327460527359584,,,,-0.014181878896869171,0.01006541425996943,,-0.02586179760288687,-0.013420757652493176,-0.03838309696569442,0.014922542222623125,0.005822995983842727,0.01903537689319723,,,,,,-0.015944439040374347,-0.017782029228101348,
2021-07-07,-0.01876532134764619,-0.016289249287116836,-0.023712795595852598,-0.024820462970030932,-0.04595736737449907,,-0.02396582194077468,,-0.03160536415345927,0.010145532619759479,,-0.03950766062705069,0.01637559057441451,-0.0029044179394674963,-0.08384216454052218,-0.0055658026022911145,-0.031221970599940474,,,,,,-0.010880140945315975,0.03455558890019117,
2021-07-08,-0.016475656185609422,-0.004592706475504804,-0.00798133649954147,-0.01570556462591921,-0.00786039299774599,,0.025452125977368345,,-0.027809430255545164,-0.002089532946588313,,0.017951602053901894,-0.0011536952587957172,0.024116144389769723,-0.06276544779354742,-0.00047724723669873015,-0.013657072697334183,,,,,,0.01737026055107127,0.027613704538619777,
2021-07-09,0.02281342531123287,0.024000013267160725,0.00654903318182587,0.009711984995159018,0.03900288503014848,,-0.004856959242875325,,0.00146069127900339,0.003353536574412841,,0.019336504307150504,-0.0024762369879987034,-0.043273073109052373,0.05378868820367044,0.017498743635400826,0.025435906734854408,,,,,,-0.03411180132415925,0.01725695903812663,
2021-07-12,0.01063839638469899,0.009816197965464957,0.0006846664994804019,0.0008011352293864071,-0.008433247215169137,,0.016218751856736713,,0.0022370560816420415,-0.003794555614619277,,-0.0058490172372387406,0.009967642433924118,-0.03178407693505103,0.0036156932894035876,0.005821867055669783,-0.0550595892446748,,,,,,0.02357387501746544,0.020907208471155014,
2021-07-13,-0.008822163294477381,0.021094957631270672,0.012371700728857293,-0.008862485107405726,-0.012391480528203713,,-0.02448303132018148,,-0.007913840706979758,-0.006947110138000645,,-0.000741063704180922,-0.014866703236050993,0.02542970525526811,0.028003021829946073,0.008592627236185146,0.026014970709741903,,,,,,-0.010662394724074487,0.023324324547109976,
2021-07-14,-0.005263441737243468,-0.00955935608771441,-0.0014384376322432724,-0.019299182308377127,-0.02338171489147811,,-0.028735709355588335,,-0.010531195787528258,-0.004818508685261125,,-0.015202615611533243,0.005535252013330716,-0.005476556992044301,-0.010819218588270285,-0.013169585632406,0.005100193900932304,,,,,,0.003042270951323589,0.024652393852313992,
2021-07-15,-0.010073495203530292,0.004874610355400044,0.010243594492502561,0.008363748213144895,-0.007320927055801452,,0.039878366857646785,,-0.023065621562087912,-0.0036926048420615754,,-0.0086688043077503,-0.03172364240794123,-0.00563373803474021,-0.018123664193784306,-0.00243999358735536,-0.001979991858698571,,,,,,0.005288533948756946,-0.02267558861351504,
2021-07-16,-0.01649254815504364,-0.014806154692310503,-0.019941933607436235,-0.027496186071132134,-0.023323189719907433,,0.004576339938658469,,-0.052679864909256024,-0.014542930093054629,,-0.01624703803125127,-0.08329422593955016,-0.05655494154846197,-0.06292000997990355,-0.004631247491794777,-0.020713474596132708,,,,,,-0.030573905326515494,-0.028766734604404043,
2021-07-19,0.001240618163931062,-0.004592155616904292,0.0010986284520710932,-0.006766788688306047,-0.0009821061535987274,,0.01695643688253634,,-0.05725737382129514,-0.01892594083092447,,-0.018623912125426356,-0.03480061391807243,-0.01944776098754808,-0.05783879535749337,-0.01270235194884406,-0.02633666990836836,,,,,,-0.028651251734923888,-0.0295199798185517,
2021-07-20,0.008648702698643485,-0.0027420898964730656,0.007210848711523221,0.005184601078069173,0.020172114129227037,,0.01452179907435558,,-0.002242143920254125,0.004596083653930716,,-0.013423520674435196,0.04137687261309875,-0.05091194540682409,0.04739208001313222,0.019860261165577597,-0.007183289543358895,,,,,,0.007923695186671686,-0.03297951326752335,
2021-07-21,0.010207542458670282,0.0224566233007657,0.0052411411747501635,0.01901346485124633,0.04032706571888833,,0.05367977758118103,,0.0037212442127936285,0.011329821868499401,,-0.03719190656889981,-0.0206526338515175,-0.06140795548780298,0.05794134638071391,0.02028968938298159,0.018142575438254704,,,,,,0.020037435009859772,-0.04093410459389546,
2021-07-22,0.0026881001598613175,-0.0006392143309319476,-0.003630009801434908,-0.011301215183708968,-0.06418034348314705,,-0.020608625056563135,,-0.030623759276750206,0.0007775775501472904,,0.02867047139463219,0.028264795179902658,0.024785925645358642,-0.021730106671992044,-0.00559744672270357,-0.016419763065938398,,,,,,-0.023496892291825056,-0.0868894825469324,
2021-07-23,-0.022341651786778383,-0.030782651239748104,-0.06991763702210851,-0.023775058666335447,-0.0977227314158926,,-0.03918309766572747,,-0.04683965201864104,0.0051275804809673975,,0.004499195825765412,-0.05540117383859622,-0.014598345935033286,-0.24606837199436227,-0.032609313731655765,-0.16834435296701755,,,,,,-0.03808311492003735,-0.08091764846258176,
2021-07-26,-0.030597605662237792,-0.03934594085173959,-0.07393875868434652,-0.01449404451409464,-0.0640852476653464,,0.05458199581204193,,-0.05041755747121168,-0.008860812026820652,,-0.09624186682343616,-0.12094305430358399,-0.025634922798481674,-0.058012404487061575,-0.039348049672442986,-0.05602196179154306,,,,,,-0.09551677507367629,-0.0883789498906632,
2021-07-27,0.005698599268657567,0.04097696400599826,0.05371724958030133,0.03483478983875021,0.007105087631559925,,-0.1073929505508251,,0.04697568154813414,0.018494042511776776,,0.04549584182114397,-0.0792440803683534,-0.006465903479435875,0.1652237934338805,0.011244001388549751,0.08484913454647547,,,,,,0.23101398227284253,-0.0634607104981163,
2021-07-28,0.0408363327632264,0.08955135360350641,0.10859245116372906,0.05835530800244859,0.1099369621523354,,0.04381797281365496,,0.05233066486136417,0.011239850309668009,,0.13114969753037187,0.11001941131253257,0.06382583421810617,0.14505750532728112,0.0972388356403715,0.05090772802594001,,,,,,0.12302712455965725,-0.013979558838312256,
2021-07-29,-0.02625451015000413,-0.011915009557553868,-0.004372263131484977,-0.014100215336010802,-0.040136559235419256,,-0.03879039713398935,,-0.015369208827077263,0.01868065801077745,,0.0002447101249074546,-0.11482155009128736,-0.016790498822262467,-0.05522503117152511,-0.003461490187601557,-0.008208486394416625,,,,,,-0.00085414322121935,-0.17823481945774855,
2021-07-30,0.0030649030752929463,-0.004446123997551288,0.021447954841149697,0.006924974780354587,-0.0008113592128096148,,0.055360990566667434,,-0.06289702099905314,0.0164467507897208,,0.030072855898116924,0.06202784671939798,-0.025518284127556412,0.003630252083562935,0.005053930551327301,-0.02992230133301721,,,,,,0.013033035445229268,-0.07441874046536934,
2021-08-02,0.012975185220887253,0.002213899550534748,0.032087741970708406,0.0016317544343433799,0.05077393283765819,,0.021294368759747107,,-0.007873917328168112,0.0019532386556306847,,0.017408107246919435,0.005723564271647774,0.025041460018233153,-0.027366932912587405,0.0021142151156978706,0.037094669356228405,,,,,,-0.005847014331121114,-0.011684547318976501,
2021-08-03,-0.008796654344159993,-0.010101168412915862,-0.00832738819772827,-0.01024632795162439,0.011611131805490782,,-0.01421851251983064,,-0.045172265839511394,-0.00496004421353291,,0.04333438747403018,0.010382033382868805,-0.0856445204988987,0.047192092922832884,-0.009120634394631955,-0.019251175993138747,,,,,,-0.013592509251750151,-0.021422097876492296,
2021-08-04,0.01465274684494533,0.0008741352562418037,0.007556814991716676,-0.01511702448248875,-0.006472424301323332,,-0.020479210867901387,,-0.03365736608476255,0.013001346322632168,,0.012079047165026724,0.01198741072127274,0.024576499760241788,-0.07310389312353216,0.012857255316428562,-0.0361612257720878,,,,,,0.0021249604567934455,-0.02669831491375263,
2021-08-05,0.006176345656318194,0.005194390057611242,-0.013034025077809153,0.012604219529362082,-0.005274443350189895,,0.00850956184059326,,0.034926490999121595,-0.0007736270840131843,,0.0004795030881421525,0.03485251051832661,-0.005977039428736397,0.024610634207405946,0.012809575313522226,0.0028973389406554695,,,,,,0.047343025700077535,0.011889856327971682,
2021-08-06,-0.01343584684554111,-0.021060826431375745,-0.0021472510775112363,-0.008271349803180783,-0.027273771397543056,,-0.04996446742349758,,-0.005479234005058897,0.01375230924985793,,-0.023930399443930384,0.0010480592582964299,-0.026681576444151922,-0.010280175642533695,0.02243508250501791,-0.009601545426460967,,,,,,0.02138748698281856,-0.011929701491736111,
2021-08-09,0.0062825089170823745,0.02061774854550369,0.03419041713721005,0.01666405559015982,0.03065654341739288,,0.03662599334529659,,-0.011058961219104657,-0.006007400509170702,,-0.009160590039538175,0.03391408297616172,0.008491874074332495,0.03736000061035161,0.004105117630552213,0.00785173876831502,,,,,,-0.00935069808867417,0.0002447971543730887,
2021-08-10,-0.01283942260518911,-0.020835803087528637,-0.015254550021250535,-0.01791749239991325,-0.04713462858020068,,-0.01359687821293376,,-0.026815959231481834,-0.009688892406093386,,-0.021451163634523485,-0.02460499377283132,-0.019282659902303823,-0.02600062949720139,-0.01162463263059832,-0.02583877645990451,,,,,,-0.024093655317951268,-0.019931571231685763,
2021-08-11,-0.008769480095200621,-0.01813112793288707,0.0029434301291815235,-0.012115548227511708,0.002968651954314394,,-0.01867753712098985,,-0.02470370282821699,0.004240848471222192,,-0.05358375743833976,-0.012969787097874219,0.008395074456956753,-0.023966809630389108,-0.00026141824015346593,-0.03193045431554742,,,,,,-0.009149296962404851,-0.031892256384277395,
2021-08-12,-0.0124520215206263,-0.0068638748066021105,-0.0019385472993751485,-0.02385123766799102,0.0029079178727471344,0.0008834296746407233,-0.013392878705500877,,-0.023020459653488756,0.016340451862856487,,0.04621798453987136,0.032013153154393015,-0.040683758315294805,-0.04434454647921671,-0.017109950187709555,-0.044450135064967866,,,,,,-0.0026606860456540593,0.011553226419840579,
2021-08-13,-0.0028690989912201204,-0.007980332234893472,-0.01731877286457717,-0.0377076505072782,-0.050047775863471644,-0.02695296826502047,0.0013899489875210946,,0.023989161539098358,0.015874787113334454,,-0.023482812603918934,0.007859183757356059,-0.02704247864145204,-0.0260564692423787,0.0006566991670977629,-0.03543251892560828,,,,,,0.020442775185802065,-0.0016669788078375047,
2021-08-16,-0.014768682991499915,-0.01585880429109965,-0.026198039239431314,-0.028086985215357352,-0.035590374443659645,0.011539679711568773,-0.02436399811988388,,0.011441802128058232,-0.0010048687603592121,,0.02409661051371237,-0.02862664653319502,-0.0013898143475828961,-0.03492511282269162,-0.03474316269572597,-0.08006501380650421,,,,,,0.002584002493963622,0.008775580989583087,
2021-08-17,-0.016068110838633687,0.0004009899066585998,0.010052142264418196,-0.0011829517657349076,0.01951726335989412,0.026273741844726306,0.03577105251056967,,-0.028109611789346678,0.006478114546541791,,0.034182306308785604,-0.04040538486693368,0.0015214079800867086,0.030072879002328357,0.0028220573231094725,-0.011442514866663145,,,,,,-0.002630434143998439,0.015425327176574077,
2021-08-18,-0.021768113632408048,0.007491432985146096,0.008719037530066531,-0.001151513407429916,-0.00013754005419264193,-0.002943369069044688,0.030040540320228182,,0.021330144202383217,-0.02799758727678059,,0.03571569943399555,0.003158800988616761,-0.0046704739068087475,0.05367614166124235,0.002291576207714696,-0.04010113336272614,,,,,,0.04410123178743319,-0.0034405128761493264,
2021-08-19,-0.03582100783997921,-0.017985651836023298,-0.02363614932035052,-0.016992355442425833,-0.03839612400185266,-0.015248992991816368,-0.018808224156053877,,0.06501542050709674,0.0043188164935759055,,-0.03617036966848319,-0.059082703914184354,-0.01967182483771024,0.011197967641706219,-0.010851605255683183,-0.08194350710106635,,,,,,0.014525446665897723,-0.04401968754804697,
2021-08-20,-0.02592994034994678,0.02645888475578051,0.04679236362926531,0.0039685187907350095,0.04923073719969828,0.06343676912087881,0.056730702521333276,,-0.004914551278279888,0.017462718658296073,,-0.062317732599432074,0.11421169478674065,-0.008691890632061328,0.0501535114124434,0.06683648736265058,-0.01674426342365476,,,,,,0.02846322748105612,0.01886882490555042,
2021-08-23,0.031206179141705315,0.05107426068768817,0.044741513813086,0.03287672959520238,0.043523600116946115,0.02196195372786036,0.0245635540483522,,0.028253583792744674,0.016576140733051803,,0.06227411667311178,0.04022542603075174,0.0239589886284739,-0.05936029653310937,0.015247598965883125,0.10076904552836496,,,,,,0.03501869172723682,0.014252187540128025,
2021-08-24,0.004367669113318984,0.04657889038026042,0.0569425193239268,0.033106534496866846,0.058820454697873226,0.030087422217856208,0.015261474554743915,,0.0021753944781748302,0.008840204749789304,,0.020868388752072642,-0.011197412982340449,0.0425310729840076,0.22098689233065838,-0.008480711917952966,0.06012988514339668,,,,,,-0.014691667996239444,0.012517725732722917,
2021-08-25,0.0031360075296209544,0.008440603229963983,0.022252876351100515,0.007439522726078396,0.026597093160363183,0.01281059429406839,0.0009036822218990714,,-0.021636559382583465,-0.0027181100379124468,,0.01815893405281388,-0.0004031790280369929,-0.044462078880960654,0.02126831646019811,-1.905297101345571e-05,0.032936781066088994,,,,,,-0.0029062288375703016,-0.007563120975644266,
2021-08-26,-0.008827343478757577,0.01085780474466036,0.0032799629438819977,0.009332886028581289,-0.0055343554026460184,-0.006261714246847849,0.007539139222402014,,-0.00946685543538961,-0.022197800431251857,,-0.029610058615576418,-0.024425216671423056,-0.007666255335791461,0.008225441202548867,-0.003051185083870589,0.04001758119958154,,,,,,-0.03616631164313555,-0.01092762528435165,
2021-08-27,-0.0043123442467560835,-0.02366438721407549,0.007446107746744701,-0.008751531656522316,-0.03120019874701041,-0.021097400149933665,-0.032487393754420446,,-0.009885857676064758,-0.007529180130479429,,-0.029253277197519467,0.0017509909148740732,0.0013865586667776153,0.011322096077116317,-0.006200253230988717,-0.012843850759273523,,,,,,0.015421788093480382,0.01118522141950673,
2021-08-30,-0.0014087542830153454,0.0006965809304011472,-0.0353741487349819,-0.017725777691571576,-0.048178197074052576,-0.01880109971761379,0.015152061368520098,,-0.016599970930691987,0.004103585887436978,,0.010617506751880779,-0.006892601339795967,0.02469696683487177,0.10337842277042752,-0.01679634412112263,-0.043560983377262996,,,,,,-0.002272791403044039,0.010307438104299571,
2021-08-31,-0.017850322810805896,-0.0017072947106275826,0.07073859251880443,0.0002690225131813939,0.04126373795756688,0.04847120393568871,0.034869700379732915,,0.04963912544344784,0.0007792490626861159,,0.001484973032725545,0.02294043605977847,0.06375488447472466,0.02796860035731541,0.010459075401028306,0.06845083979545663,,,,,,0.014948940637971475,0.07265173467743957,
2021-09-01,0.019790076683359636,0.008829130552638231,-0.0004263556585868411,0.03877219476072935,0.031685056512234855,-0.004232712894280066,-0.03356870920910271,,0.03476769626643361,-0.0019593385321704515,,0.03542920695490115,0.01755670867557635,0.03414783532151433,0.04685374988475077,0.03963429678310293,0.0235192690355428,,,,,,0.026478178550420006,0.01915580189228594,
2021-09-02,-0.022227775283724216,-0.009520011144680485,-0.008614294672274148,-0.03285633589110126,-0.022307629479325075,0.021182829626441135,0.0012992839387657718,,-0.012422329919737574,-0.0075646514780064456,,0.005598908771836886,0.0022615918347312913,0.016836141363730128,-0.02368599375467695,0.018071488451286033,0.005008081160184696,,,,,,-0.014753413169791174,0.009986620509731647,
2021-09-03,0.003210630203048792,-0.0061351822528599165,-0.010754472343952992,-0.0017732318714823725,0.005168746064402763,-0.007122587392041968,-0.011186897591641376,,-0.007434511178117442,-0.019580102467975147,,-0.0017530438162703943,-0.00941007236532898,-0.037074201075181556,0.04680549327539918,0.006990818229611229,0.032350573450342646,,,,,,-0.010467180113650665,0.014396004565281784,
2021-09-07,0.0012068838449148522,0.01934909197780854,-0.005111872395086148,-0.016008315183696387,0.004957496284365703,-0.004516658785670535,0.03541918415102829,,0.01884015846654208,-0.025244778376093735,,-0.013024862502183931,0.0033264384845788086,0.026516000212713164,0.03791704349572034,-0.0021627497578607935,-0.03399145738589304,,,,,,0.046871731624652524,-0.046298247569612205,
2021-09-08,-0.02927036459527177,-0.017612434228659435,-0.06210329202966813,-0.03365504242160444,-0.04365534590535103,-0.030755849303439664,-0.057362328604527835,,-0.01966000214295127,-0.02095606465134625,,-0.021435613538814846,-0.008604703886651688,-0.03451414393076657,-0.014137155022808101,-0.010491515559290843,-0.021370324308356947,,,,,,-0.005838357474403866,0.0002655562279905155,
2021-09-09,0.010089294625929224,0.022380084485506213,0.032589781536466855,0.019598445095210026,0.025679503963750294,0.027116053862072498,0.019723560805291696,,-0.006673387099554451,-0.010436091230272115,,-0.012876794601025199,-0.07215647815758464,-0.0070402284372914625,0.02910894506117878,-0.003966181731421048,0.009896789992968724,,,,,,0.01874784047830036,0.010046412458694975,
2021-09-10,-0.026686937693996104,-0.023728846746504995,-0.0037700128472801797,-0.015850516261412317,-0.014292442602955924,-0.012637213258232527,-0.023665052140107945,,-0.040724360890409206,-0.014829374405519458,,0.013367335778875278,0.0038778855866534734,-0.033387978356678616,-0.0635204656642806,-0.011454966889777207,-0.044101818097667445,,,,,,-0.013964092659526695,-0.010979502818142528,
2021-09-13,0.0001120457337173697,-0.0045417867208013,0.021379167675868338,0.007794906222053699,-0.013614013335047859,-0.018470178856548447,-0.005579300886881411,,-0.046767363292712805,0.003256428312484738,,0.014520945853465195,-0.0017620017995239046,-0.022329719372967793,0.012193812570543638,-0.01201256707364251,-0.003290486551311367,,,,,,0.01829219491858236,-0.01212518128344986,
2021-09-14,-0.01621825969346269,-0.0337841681385207,-0.017175249673464288,0.0005926733837999798,-0.0016827871955336082,0.012672991246926113,-0.0005421167876956678,,-0.01632572985608871,-0.002824151225166882,,0.0033988703549856503,-0.017803631443935264,-0.0041910583972456505,0.015579627324985745,-0.009574820653040161,-0.04179611004725947,,,,,,0.0031525247786314825,-0.012219474096434868,
2021-09-15,-0.0031755816635031797,0.010424979023612613,0.026327337582431998,0.020599162982946062,-0.013116974515334667,0.005936115152508137,0.004074327023334323,,0.010994405853687717,-0.017313692125019764,,-0.016597974066790644,-0.06689682185310986,-0.029816817131422813,-0.02881451509859201,0.0015574011117251985,-0.014728465970845872,,,,,,0.0098841138279393,-0.017057749763811914,
2021-09-16,0.0032097843616223365,0.021911520526279427,-0.0026347365647407806,-0.0013125072936079896,-0.031909549083439015,-0.013516046978716001,0.003758794651176345,,0.023070443760459636,-0.02331558017884705,,-0.004374482909958788,-0.001557507950611381,0.012611974362717548,0.013064799431124374,0.03715288826698626,0.007096034638917947,,,,,,0.011233067269265762,-0.0214196018697258,
2021-09-17,0.005197264207821295,-0.016513769895526997,0.0023933708584713553,-0.008130678440964711,-0.00965272387639926,0.005338563916249761,0.026395593083170743,,-0.003992541997846044,-0.0067759665498621224,,-0.13369976512245507,0.01694466226288527,-0.022111501463694005,0.015615247313091496,0.003951242408490652,0.051718463457449015,,,,,,0.027857730892621335,0.008270221023636504,
2021-09-20,-0.027322925849388446,-0.020654943687818283,-0.017316594025577614,-0.039075905329039595,-0.038897232225925116,-0.05670389955154964,-0.04063062502355652,,-0.008282767166576166,0.0009610614266564177,,-0.03422638026771796,0.0013987771997763243,-0.005989374817643833,0.02276791768229347,-0.007721863529308259,-0.026611563867704024,,,,,,0.00843153401522212,-0.025855447143124488,
2021-09-21,-0.016954774596124267,-0.015931510954556916,-0.003107406301769755,-0.005639724792261935,-0.022347292126899232,0.006267589732459777,-0.001085002902068366,,-0.002308545390017902,-0.004583394193537371,,-0.03358260538780844,-0.05631804948309693,0.006208277094435832,0.03029486999579145,0.007885357355035927,-0.016066793212417885,,,,,,0.00032880336213780836,-0.017993986758762848,
2021-09-23,-0.008503234964198803,-0.00013877709916543246,-0.0012152423665937606,-0.001925854827649287,-0.005530087164103303,-0.017067960094133583,-0.0076593987888115,,-0.0031712006122974756,0.03101654431278189,,0.009733510962925518,0.001112250842975504,0.01041422394712943,-0.011672469230011862,0.015681634799815214,-0.019140929268142814,,,,,,0.007962837768766606,-0.004664428219964378,
2021-09-24,-0.021618667775214928,-0.014489958297648764,0.007524949783342061,-0.015751973821196863,-0.03903849815100069,-0.034826398324786956,-0.03534073499290147,,-0.009154658704965457,0.0062653448016991575,,-0.014426720495498535,-0.014150585592917708,0.009981879747926525,-0.012354521134653518,-0.0037504083591706205,-0.08149305001378393,,,,,,0.006599801437335406,-0.03026063671664747,
2021-09-27,0.02994742241621995,0.017493975423786168,0.02329780298505213,-0.0030801317698680997,0.020310370814972112,0.0189805915285004,0.017384319373474177,,0.03186112883346004,0.0014059209202741396,,-0.013617966664763226,-0.06675741429187898,0.023826847933630102,0.03448499162190655,-0.007405593312964642,0.010516153760040892,,,,,,0.009323759033171841,0.009180467867356823,
2021-09-28,-0.017556572533052428,-0.019098929708417645,-0.011818714555752785,-0.02259338477906192,-0.08585901282026476,-0.020414546703433012,-0.044524777890408984,,0.0032595686175871386,0.004654076337709423,,-0.048926373033764126,-0.054732752647695615,0.028511642736271936,-0.02846826963484239,-0.04344228850320253,-0.05323850837419086,,,,,,0.0046562504427314355,-0.02923162023893866,
2021-09-29,-0.031848339945518056,-0.05136401635417143,-0.03582849878843586,-0.023783526868672578,-0.03825428381540952,-0.02882352471039562,-0.011387338976299066,,-0.01061861008510534,-0.014647957426987324,,0.001189636360320323,0.00306929962001945,0.013672974601939947,-0.00010066893632332263,-0.005397456834157266,-0.007085709360464154,,,,,,-0.014224421686250821,-0.025947750758158805,
2021-09-30,0.013144373137693233,-0.007096706636339767,0.011147730513053178,0.008193154998135332,0.016027945988767778,0.01118960472485786,0.024722236822250387,,0.019528832051813882,-0.017846359491148656,,-0.01638874574442839,-0.02211018372328466,0.03204773526047533,0.10672848641040567,-0.013699456307838531,-0.00022615303402206965,,,,,,-0.00414202687183074,1.6961590715736108e-05,
2021-10-04,-0.008155614950591694,-0.016063958321934302,0.007855809807024716,-0.02356915916322344,-0.03439224071260938,-0.014118971649132117,-0.027977421986400963,,-0.015312182371670091,-0.006241483775763834,,0.020673908211674696,0.019799651429295073,-0.02662130572299859,-0.06288062641329228,-0.019518037985189696,-0.023159608798024922,,,,,,0.005556659861532864,-0.028069838308184325,
2021-10-05,0.029830352009274197,0.011853375327583793,0.02089189497078614,0.014040754849651949,0.03181449812014092,0.055660027800463086,0.02828417603571398,,0.02323570331730651,-0.005057242409855833,,-0.011997487457215517,-0.003077295239626854,0.043602085640708665,0.0447755108040131,0.025419498131854068,0.038319945987103976,,,,,,0.039314252111438464,0.00711036320861913,
2021-10-06,0.021332380923116068,0.02400148700589333,0.07908644387321706,0.014289094429003502,0.02111776778451424,0.030114055636043968,0.024731075699519378,,-0.008706986747457401,0.009088736460155289,,-0.015464620321721134,0.005145946961039982,0.02928728860888441,0.056193709733777464,0.0319926033727953,0.023678058955804326,,,,,,-0.01634057376367659,-0.010660314138049354,
2021-10-07,0.030770263953737498,0.024298620003825988,0.0761871261831637,0.013757615856307082,0.045098445768780415,0.03744976024328217,0.04600800012955952,,-0.007563223961017607,-0.01578105780582184,,0.03663493190291356,0.0009284612362259193,0.04775691176900998,0.016412537053248633,0.0010476024695167396,0.07224624610613217,,,,,,-0.02600342434027103,0.004690897234943314,
2021-10-08,0.010780258942396648,0.03303145623658699,0.03425893205951125,0.03159581507697995,0.018274042378323196,-4.210826072181817e-05,-0.021435829470690226,,0.006968484114223461,-0.006793863729949612,,0.023146551093845114,-0.013275018143758643,0.03763994124255987,0.0035903618806500948,0.011712736581326544,0.037445191569940084,,,,,,0.025843654601762633,-0.022298033125548233,
2021-10-11,-0.04928790709400421,-0.025713452434153905,-0.01412565229810836,-0.030191982225621028,-0.03384313378347903,-0.021937086084534596,-0.03033125143386306,,-0.005758336305399903,-0.006998496855932679,,0.0068407297662611555,-0.012272918322073334,-0.02150807819522116,0.04662854308489983,-0.028358112664788826,-0.03244267734571982,,,,,,0.030064371752231978,-0.019298393141911285,
2021-10-12,-0.01742603578843427,0.001841111711743837,-0.008227209698838722,-0.0073183362452904355,-0.007903686072160965,-0.008934317846300943,-0.0022742019298638283,,-0.022426243803656987,-0.02365719902378871,,-0.007585286085038057,-0.027991146498047015,-0.009134388860065346,0.00010709258659025167,-0.010282543705297464,-0.004274996975797918,,,,,,-0.02505446246200882,-0.03294610791587338,
2021-10-15,0.00968073424669158,0.0060271146002726095,-0.004159902109626579,-0.011696392545588297,-0.008628001330468038,0.026525738056925707,0.052080883860719185,,-0.013409553950820774,0.019929386826103235,,0.004160261296174861,-0.008752467520510732,-0.04637106208761643,0.029747075150387436,-0.020529071870465043,0.0281946489104139,,,,,,0.014842075102865504,0.014219966097003267,
2021-10-18,-0.004341045215170425,0.008607636113829198,0.020061604350952278,-0.008373435944111995,0.08690620512398661,0.008898463911989118,0.012324380940770485,,-0.02482609500670263,0.006392900438348059,,0.004084524853477323,-0.03751472607690831,0.005997124132418152,0.0008896497490182842,0.0062916645507811175,-0.026320034853441032,,,,,,0.0006308833735766406,-0.010282701395150418,
2021-10-19,0.044110703722051836,0.022225771000889516,0.017924550572721687,0.027842478213640165,0.044193953549481524,0.02034115698439609,-0.00890716193783847,,-0.001357733720873333,0.006086438751011114,,0.02899865447960992,-0.0029092102320666946,0.0056045715964316845,0.06130171652795591,0.022443728801843532,0.029121300479659773,,,,,,0.007531905363495239,-0.010292516202810797,
2021-10-20,-0.02050608476303384,0.0039083219568645244,0.0059268356834452085,-0.00695262245280337,0.0011424759040665755,0.010545377730540428,-0.0028223843329875375,,-0.01101239169513013,-0.008361272107502926,,-0.022626439099856288,-0.019110984893608407,-0.009105485815084191,0.03280022752379108,-0.0028507331326181884,0.03163824493283407,,,,,,0.011973748675669249,0.010426110169377223,
2021-10-21,-0.008618509006316555,-0.001899666034721359,0.012770825347379278,-4.96365394473397e-05,0.007471584242662477,0.04827170168837047,0.014873793315817174,,0.006387773169364008,0.009415797952067706,,0.0009312616704411081,0.01002397022848256,0.01732861629105731,-0.003477732518083365,0.0035254912549771422,-0.04425326544406538,,,,,,0.0091260031838436,0.00737125765722868,
2021-10-22,-0.009721165149088051,-0.006340975311037389,-0.009436503349430025,-0.027892421902822373,-0.01945238082665357,0.01560802841283393,-0.01231382622528343,,-0.027632081255069774,-0.0026285463633397566,,0.0035544004284682185,-0.002111708130806078,-0.05582337056089837,0.0198964187170374,-0.03837442153164372,-0.015152805378836565,,,,,,0.007745858247126813,-0.007439446728173427,
2021-10-25,-0.01631202145440458,0.007444667265965377,-0.016625909452736343,-0.009979010647025,-0.03400611945671239,0.055553252512723805,0.06795113969151956,,-0.027593345200818797,0.008125391795260839,,0.01691171494838062,0.023872482710409537,-0.02657025165561533,-0.009210849113553965,0.001540141805973283,-0.009165355276315457,,,,,,-0.01631019193942529,-0.012136351332852957,
2021-10-26,-0.025409435550948434,-0.02726365677212772,-0.024891116347833364,-0.03263074907684771,-0.0536668384035448,-0.033187198328577305,-0.0738715398915295,,-0.013347112366691838,-0.0014632077983344205,,-0.0153471787426942,0.0017499366904163427,-0.08157145039117264,-0.0158608080284387,-0.00651478542095385,-0.054832956410129086,,,,,,0.005076039249426234,-0.0071553178286482,
2021-10-27,-5.1329292772850366e-05,0.005705941011113991,0.006217356188624068,-0.00028820123740025405,0.004263544430688659,-0.008423519105110966,-0.007457155567849649,,-0.00037651134174554457,0.01329919243570954,,-0.039002837766518694,0.0007248904131771372,-0.10081491500124196,0.018398996141646196,-0.025571995716231477,-0.001768044607082353,,,,,,0.05242603651014055,-0.01812065451669942,
2021-10-28,-0.000698020081615347,0.006749830409594981,-0.006166848606663722,0.0032698875496006696,0.0036303740464231904,0.006479407935935155,-0.012442108331659707,,-0.003728801774515289,-0.0015836559496790192,,0.0174413463218952,-0.0003672680518986837,-0.025524873407101745,0.017676738322440988,-0.016139628711911658,0.013173450081345628,,,,,,-0.004208995082122358,-0.01931459485578857,
2021-10-29,-0.016178436460904777,-0.019230294906582457,-0.012290182596580768,-0.026309611943563294,-0.031219346153240513,-0.03278906163097206,-0.0025078753370386675,,-0.014464603482686411,-0.02638542264436472,,-0.01732496756300206,-0.0005868318472057599,-0.03266659534645444,-0.008401752151193875,-0.025923403932923583,-0.0032637633034028335,,,,,,-0.010732314017500078,-0.011538830355136809,
2021-11-01,0.03758756470677116,0.04743634387218165,0.04701702683516129,0.05436727149904064,0.08052802298013839,-0.009399051760738075,-0.0025720138001161796,,0.020938321331464227,0.01824856381620954,,0.025562683141875375,0.01742219487886354,0.030094356926510635,0.11432976091559643,-0.0022761995156124204,0.07825101034329318,,,,,,0.027946600699261692,0.03851412530042664,
2021-11-02,-0.019385670571219316,-0.0005850261346089791,-0.007012858677381328,-0.024988012647862545,-0.01225501404470386,-0.036019656889749174,-0.023567781657498066,,-0.006433252995719063,-0.02816284833461069,,0.02538427772726104,0.025809730684107635,-0.010710826544928276,-0.015201557585560521,-0.04823088536524489,-0.02935678232118588,,,,,,0.01061634787331367,0.012512613645842219,
2021-11-03,0.006818172132302847,0.0004503177568422334,0.008414467340678744,0.017386300336603933,0.0004502524027636401,-0.002036333767802323,0.0025383877095090934,,-0.016341663868857825,0.01461092667861763,,0.03179816399019719,0.004026806464208832,-0.0027583211116268824,0.026488038782264578,0.009547985693636907,-0.004018860719241069,,,,,,0.005746650582050927,0.0017095987409849744,
2021-11-04,-0.031858851604094074,-0.03491199780498311,-0.015262417378206217,-0.023616793484052323,-0.06601598400476327,0.012005919376980367,-0.013385572267591184,,-0.016442770919976146,-0.017152893191760832,,-0.014909516718898286,0.0032222972101390024,-0.035279867948980415,0.003805286139501929,-0.04742932121806853,-0.016647952982213443,,,,,,-0.045403985074462305,0.0011331284236830719,
2021-11-05,-0.03424358763876045,-0.02561760680820302,-0.003717130582999273,-0.036080088389606746,-0.021304105791620898,-0.03567944561805936,-0.041281574497734175,,0.048726252651316804,-0.013368885790165819,,-0.02967716569717116,-0.13040697066102735,-0.019739277530055555,0.023023145569285752,-0.02308963934222097,-0.02050086241387139,,,,,,0.05826075115187157,-0.01748850595796214,
2021-11-08,0.0030286788728441927,-0.013405859556525401,0.001485368686092281,0.0074176978690301265,0.00319438637857572,0.015059315860274092,0.023707386125842334,,0.008451289625332148,-0.015493260267718245,,-0.062370476289845045,0.03443060238432083,-0.013252548921452889,0.04609503111678981,-0.019446342002893635,0.00536288196259882,,,,,,0.02435735666566785,-0.006394377702494847,
2021-11-09,-0.007303798428462294,-0.003340400662899201,-0.018372019518983485,-0.0009238721972372188,-0.013004456491545802,-0.0592440125560042,-0.06446516825645521,,-0.034075685154878355,-0.020864032884974515,,0.008468051500851281,-0.004167163004070051,-0.019058454221870247,-0.04402560779148468,-0.0029870057267767924,-0.016235622691794793,,,,,,-0.028457686206651234,0.0060129385004326075,
2021-11-10,-0.00951742599564076,-0.016891914946072895,-0.03682177611122661,-0.024680447142817696,0.004607260713267447,-0.014950511403796773,-0.012776659165446458,,-0.014736905452742866,-0.008529093181618985,,-0.05194790967059515,0.0016365500806616584,-0.021049718039636955,0.0008670340083276606,-0.007770061326132227,0.0014448464511320758,,,,,,0.013987619651975702,-0.015343989807129033,
2021-11-11,0.0016092179072060286,0.04657457762687445,0.03257388169195874,0.01487870316971307,0.007471389266789252,0.013212501291387735,0.056098492256961174,,0.003539344429570379,-0.01820521312793244,,0.007790556106928026,-0.04353918140727686,-0.009190628064652318,0.02586364287113474,0.02352291439314569,0.04109382699510511,,,,,,0.0023159077544796514,-0.00237404381953632,
2021-11-12,0.0004106279732503104,0.01592319333979164,-0.0051149639375055456,0.008063017344620782,0.007476782864599407,-0.018775146806905285,-0.028439943186044925,,-0.005786774216278157,-0.006131095538726261,,0.017785738490620373,-0.002826394260413867,0.022693434626867903,0.01071584170085127,0.009648318240109477,0.023337700538403894,,,,,,0.026720990258718436,0.016522198660304355,
2021-11-15,0.0043637655291248745,-0.018258001049144212,-0.016142268866006004,-0.013337499615780901,-0.01768708020129961,-0.022757398714738808,-0.029606374545266823,,-0.010973147021995255,-0.00200063057783606,,0.0051725343963686665,-0.017919576389707648,-0.021607017424353225,-0.027173075757407794,-0.003348582076772244,-0.01575044563492156,,,,,,-0.015614517870224054,-0.00693069759507714,
2021-11-16,-0.007356514265238756,-0.01222044291328872,-0.05402150057426591,-0.012730826671428552,-0.007352502240959402,0.06317931426209866,0.018950758168562176,,-0.04331096646425803,-0.002721199916179584,,0.005475684091576172,0.053289924095528685,-0.03294752798780132,0.0015579756436587822,-0.004069962774744806,0.007305360520785564,,,,,,-0.01209389836383612,-0.009858833440965165,
2021-11-17,-0.04560683957064082,-0.033561170122971884,-0.007372948755747566,-0.07178772578417936,-0.10622532805065144,-0.02719210413684936,-0.047298376406239906,,-0.01924093587012843,-0.009153179142565304,,-0.02855522910664743,-0.018551207379655432,-0.09393714496803329,-0.04821887546115455,-0.015657952676472076,-0.055503419316347724,,,,,,-0.025021639382444283,-0.028456421657989228,
2021-11-18,-0.10377718512143896,0.06223230522521894,-0.014866244573085052,-0.03908676469748773,-0.1701730435204405,-0.051493234747718164,-0.03364487724686682,,0.008720818429564181,-0.014217359230227045,,-0.018299584491865528,-0.04296671869804414,-0.02382161902340907,-0.06353110351655522,0.024036058811039318,-0.02588874728198287,,,,,,0.020974557426683527,-0.0456814916874686,
2021-11-19,-0.019117404348294453,0.011740548487270797,0.005596161021346413,-0.023361808662469175,-0.17017197667672812,-0.015121296356280123,-0.0245139236679226,,-0.017758196810081395,-0.008026656494864004,,-0.0026802648696950815,-0.030418941148564915,0.05323953408489346,0.04648547293259209,0.011132006662380789,-0.01527597897367583,,,,,,0.010776108502324355,-0.011259092527745707,
2021-11-22,-0.02954220356778714,-0.048798301510749376,-0.04294806020392539,-0.02803954547211507,-0.050859100944272484,0.013342008659228632,-0.0032056187237247125,,-0.002063233725982605,-0.012715850681711993,,-0.036632619181124815,-0.1212822328898514,0.04821500705540571,0.04843278356599989,-0.02237241792862943,-0.06263888019492192,,,,,,-0.006339354499490413,-0.02764464970026792,
2021-11-23,-0.021367578663202047,-0.01785625229546306,-0.03540840971346426,0.013465848510074707,-0.010177692939855931,0.011732001996816122,0.0555929980499299,,-0.0013006818241761975,-0.016925710723513676,,-0.02836414516283481,-0.014723326383493718,-0.022825776156318422,-0.004655727968619794,-0.05001074327750776,-0.020848149363679402,,,,,,0.0015620192714336234,-0.07778894134079883,
2021-11-24,0.009100874858483765,-0.011854329855795598,0.0008520245093226464,0.01087073392342952,0.027860717610187047,0.01287048921568279,0.01665903298797944,,-0.005619559049639622,-0.013673343788813686,,-0.0050252050785978275,0.05440911661258219,-0.020742527641046782,-0.0029288501270415823,-0.00554405400896163,0.00604956892782571,,,,,,-0.048460966911555214,-0.026594706317124572,
2021-11-26,0.006619475875320413,-0.0010145940655171826,-0.002405147178477507,0.009903244396759936,-0.045716228426651684,0.01445835249138594,-0.03378055212815345,,-0.015743653040289574,-0.02840850205197587,,-0.010839474537219118,0.012400567064450696,-0.003995751180302043,-0.0308947747316074,-0.023087494186847635,-0.018171691385144628,,,,,,-0.019717237398881426,-0.041838134249838066,
2021-11-29,-0.013188186690744175,-0.022368534251435923,-0.039477648586071945,-0.015499534161957929,-0.012360885919241116,0.03571756370411405,-0.015483776699062868,,-0.01085313338046956,-0.02439006114811848,,-0.027102573826503717,-0.06592650939426192,0.004842272091135635,-0.012690004972030433,-0.008294092727684332,-0.02221263099852888,,,,,,-0.018364678318075534,-0.10046367522849997,
2021-11-30,-0.023297298438689107,-0.03469908903541452,-0.0032700286822396896,0.007484095713027328,-0.005126581844482336,0.05341211873770613,0.056586580323468194,,0.016526425619260987,0.0014260131783609964,,0.0014670440004749263,-0.03893692669665616,-0.027336033504714585,0.06796544697081353,0.01877334291954358,-0.004115566606708865,,,,,,-0.0008511296054990458,-0.05681395874125883,
2021-12-01,-0.050215262280525974,-0.0272663355905004,-0.0070304733434612965,-0.0178680772557116,-0.061160030976149526,-0.03833899454581402,-0.08541506622982897,,0.012719976652173504,-0.024638266983831092,,-0.01069533005686274,0.009834232749675431,-0.09631626953489392,-0.03931549327859207,0.00027888867655834204,0.05487844056516966,,,,,,0.05374452970233001,-0.03227174454398418,
2021-12-02,-0.030581378811764703,-0.037663519580113713,-0.057325394486644865,-0.014835125004809546,-0.04919425759561413,-0.07659947181226201,-0.10222417690549235,,0.009085112600676348,-0.003634701131900009,,-0.032888059050821594,0.0059023580676442755,0.005673433504482794,0.027822642569249822,-0.009668776634755849,-0.05251643841701725,,,,,,0.007825798461904787,-0.07015113837209097,
2021-12-03,-0.08672665306664262,-0.05571677420160803,-0.07853473822063439,-0.06424681588627068,-0.04872004210164349,-0.18057768723181689,-0.12939681358084365,,-0.11898681159735636,-0.04324533144971554,,-0.11686940703502036,-0.07811141543997568,-0.010487550106490717,-0.06599493425724046,-0.07765192510194097,-0.06032678156367455,,,,,,-0.05230025710921249,-0.10395449408931456,
2021-12-06,0.06866844701605346,-0.04226118340020968,0.006631856678470438,0.06731338782304852,0.03286330898181533,0.006933375148154841,-8.004076236822755e-05,,0.07141525202597987,0.01400014325860477,,-0.02647791165962199,0.0020422226645089303,0.0908216543614182,0.004282075816977038,-0.03347801826354602,0.08282374416954852,,,,,,0.026769340704347666,-0.16123239417449597,
2021-12-07,-0.03220817596122838,-0.007781397299057025,-0.018268189786138644,-0.012354045154263416,0.039978621755315524,-0.015580539917266711,-0.003790433984939945,,0.02367669373980097,0.0033305090096815704,,0.008408773063989683,0.09970511638912294,0.025890589186044588,0.06190589745407471,0.03104051514344075,0.02971932588029058,,,,,,-0.002490877074955433,-0.08282254841906256,
2021-12-08,0.01102447580365351,-0.005627724888953689,-0.014519288708331857,0.0012332387690046076,0.009335374472248636,0.009650074254333063,-0.01114357728665416,,-0.006663334924704389,-0.00880490273346779,0.005304266588886053,0.004687107917493494,0.005171440096858326,-0.03327479050925897,0.08172742782100562,0.062186506268721464,-0.007897251030434593,,,,,,0.009831258420169853,-0.04220433503916232,
2021-12-09,-0.02124653307361013,-0.002458281801131834,-0.03357794221523003,-0.015408513413248004,-0.017007604411562904,-0.025588415560113154,-0.04737150563851833,,-0.0403556374439743,-0.01588232917102461,-0.024656104803297163,-0.05413681445825769,-0.05365283211258021,-0.03832999126747183,-0.017495009145703455,0.009278288860505413,-0.03290989445838022,,,,,,-0.04042049566318329,-0.08459400079432922,
2021-12-10,0.0056328064188702065,-0.004678224639228956,-0.014965929387612098,-0.0024274542397109133,0.008800524918954888,0.032147239969726016,0.013101626457597826,,-0.012689984924237896,-0.01764825155533345,0.016339100483476532,-0.0240818122131643,-0.04885455047075249,-0.013280728065046987,0.04868565835594363,0.014799772738302908,0.021204788294058696,,,,,,0.02876272937450608,-0.047733942100060434,
2021-12-13,-0.015993268615511314,-0.02014834799685772,0.0048004133542574046,-0.02953389560012154,-0.060103174466029086,-0.03486442788719046,-0.030624393099997316,,-0.046832905195639984,-0.03325709104699959,-0.04184476629960798,-0.0404725418632107,-0.004921319415134073,-0.05796798727090169,-0.009410634768279191,0.008187900967755235,-0.00909756172174303,,,,,,-0.10395975069592533,-0.061311870163985094,
2021-12-14,0.03992616878301991,-0.004949922953202179,0.007387610343169815,-0.006810153561851773,-0.04913610116185574,-0.010960893976795116,-0.015514433663691318,,0.011200602800510273,-0.020581352781162687,0.023281331996812593,-0.04737671261314769,-0.033446582549749304,-0.020284243802208723,0.03144833446276496,-0.024650088939938253,0.011583815658533059,,,,,,-0.02015385599170616,-0.0798230478523747,
2021-12-15,-0.01304108432486828,-0.04039022546897342,-0.016097438691690558,0.010187999163316697,-0.04540628186630968,-0.014691287834104227,-0.02137463196737477,,-0.006786261345333999,-0.015414332384311558,0.03134161071125252,-0.07930119629952481,-0.10216055746353514,-0.03473716070371913,0.05417562884215621,-0.0318344349581845,0.0022974328683351697,,,,,,-0.005275876027130422,-0.08511507542497754,
2021-12-16,-0.028286303654255662,-0.02357518719718199,-0.023761087251919943,-0.01714734116998573,-0.033718464080756405,-0.0314322447994122,-0.04120823512148275,,-0.09704706205662927,0.013739824594076078,0.007746826789015282,0.01917173124096272,0.12885057884340623,-0.043196576590181945,-0.01894619826944366,-0.0383872890255792,-0.02738204356925511,,,,,,-0.04613285138660128,-0.07457704811852517,
2021-12-17,0.017923924214616083,-0.010808616450613262,-0.04683430342410211,0.005043319154026449,0.015032123072941772,0.0027008766363409986,-0.011335879799145188,,0.027547751966018774,0.022835708511845576,0.03296833511130126,0.047128268377591986,0.12277962288083177,-0.03826612623932024,0.05212356190620038,-0.010380214625441475,0.029140648418133352,,,,,,0.0623957850294945,-0.0340543140203432,
2021-12-20,-0.02046994871447705,-0.011096695730580364,-0.03509605479146005,-0.010631996401288535,-0.07917708502322895,-0.01952271418014584,-0.03294294662240249,,-0.021804062096809962,0.004534681866261048,0.03159708044488552,0.045994179576971606,-0.0072612468575778966,-0.041758668298424007,0.0034158413205553906,-0.02941581548070127,-0.015983706790279162,,,,,,0.029647688808302153,-0.06681850290222457,
2021-12-21,0.052847556164349774,0.04730085783469895,0.04362528309044844,0.03379057660706253,0.07327677287498569,0.03265447623881634,0.06038942795934732,,0.05022399668827604,0.026434191221063275,0.05265161203043922,-0.009147780600598732,-0.008161020376214023,0.02068837235898746,0.05297317164995752,0.009678081509514103,0.0476900702902332,,,,,,0.0716504633406736,-0.003233944064093053,
2021-12-22,-0.0001683743686964334,0.030318126037769844,0.015388630901477907,0.006423580689056907,-0.03462142588567274,0.017823330136605753,0.041510263617347665,,-0.0192928074477825,-0.0057772601362847675,-0.024542133448800407,0.009562435062635544,0.023555479437247895,-0.07577035592385073,0.03292993891012341,5.516504183922244e-05,0.005570692126457555,,,,,,0.0048895741430929895,-0.04341301563801003,
2021-12-23,0.021084721659772043,0.03129565101176701,-0.0024554006424557517,0.013790766621307737,0.008118648177683152,0.006219509414630675,0.0189561086057497,,0.022339541394268858,-0.004084013390178498,-0.0049709533169054465,-0.011217224666829617,-0.03107255494965011,-0.0009743887157369624,0.00435703212001437,-0.007838891497981337,0.018898023452990742,,,,,,0.03394462625911321,-0.043996353420027945,
2021-12-28,-0.014022212768756148,-0.015170160116366627,-0.0004956961389426251,-0.01624939233296141,0.005548383536733814,-0.0021130100490773795,-0.0034518557272953387,,-0.015037529430679708,-0.00652083823630123,-0.007035780419316517,0.015414506974317455,0.0026205260013207887,-0.039530739640532664,0.02960591646324251,-0.006153261225551376,-0.003339098122998263,,,,,,0.002821231071596264,-0.04020572887638252,
2021-12-29,-0.01211823272924184,0.0027090819728383675,-0.009654017925262437,-0.028102205296561156,-0.027078429849754504,-0.012834929140847495,-0.013155750524765586,,-0.014149976044586676,-0.0012237606711513749,-0.026274231666504555,-0.021414246115702196,-0.00231008757884843,-0.061870475918440526,-0.029082600943550085,-0.0019306400746249563,-0.06061833957101814,,,,,,-0.01806044536278162,-0.05219042578076227,
2021-12-30,0.09064789532686102,0.056345541568836754,0.06713985340139139,0.09947412892655216,0.1184114003914869,0.08398506812986084,0.0942919163368543,,0.08207724979889419,0.028960821537303616,0.08681278550032845,0.0524610777186445,0.0691498079921824,0.06205533565544141,0.1471910874588498,0.04639874691439738,0.10073613806337822,,,,,,0.06095344127909508,-0.017634759560938407,
2021-12-31,-0.02620671447522127,-0.0029652520343670385,0.007791325922312575,0.00017149313579434278,0.003346643788188608,0.020806175034677965,0.05271253419801414,,0.0030091178634514826,0.015761620767155815,0.004860307921494833,0.00936117149446769,-0.03146904665415673,0.019840629073937244,0.015811141376530502,0.016853743620238726,0.06104832542792771,,,,,,-0.0011632815504760696,-0.030864754923390136,
2022-01-03,0.02007914735726768,-0.014986625858070202,-0.011239585911585692,0.01181376614529328,-0.033349498914976294,-0.007401375592797965,-0.006336453438559042,,0.028815860400919657,-0.010732877094743909,0.045481496174161196,0.009690130108593431,0.0368799507033315,-0.022314951777974268,-0.020685832806349058,-0.0068457314684147175,0.0059720660099478184,,,,,,0.014418650743742711,-0.03498415444096392,
2022-01-04,-0.003108455710908342,-0.05687203633776594,-0.022407815004476084,-0.014322800982141004,-0.05859310539129281,-0.05700065649074382,-0.05889830012173736,,0.029408576767819827,-0.009623357761898599,-0.0018815983988621499,-0.03597623814708839,-0.056934019197650065,-0.008935416867173473,-0.018866478190888825,0.0030776122926654548,-0.02176998263943153,,,,,,0.018368645826214003,-0.045506273281185616,
2022-01-05,0.03085205466157981,-0.0033555552596997718,-0.008043336311035043,0.0076642354132123724,-0.011486240466572317,0.004136043133881717,0.003233598681550376,,-0.010840240049677763,-0.008681708498821883,0.06148262983438957,-0.07687827781984391,-0.05164486741569618,0.020499967622001902,-0.016301600381203873,0.0033591469173224198,-0.0030766412011663524,,,,,,-0.008099958620393477,-0.08984594659508294,
2022-01-06,0.019737746139030232,0.014348062143022755,0.010465787973856333,0.03444223641089983,0.060288517535451946,-0.021981570364907888,0.014288953161262885,,-0.005766638404209101,0.0278943823945339,0.05235196820499066,0.019779570623230436,0.01019808264214861,0.02834975763399794,0.04720001966377696,0.012725157659911668,0.03629401259937759,,,,,,0.028627395314433146,-0.00019697272676566513,
2022-01-07,-0.017276349550182868,-0.009831990878298114,0.0016739287252012236,0.0034136669485285154,0.01234237936563587,0.014358745446155785,-0.039841725110997483,,-0.024142410257827596,0.021646829864627737,-9.684114749131112e-05,0.010439818151248614,0.03432392577610943,-0.028717732993840395,0.01747218875908274,0.018716074719677955,0.021873905574832486,,,,,,0.013529369645852052,-0.053027678838480696,
2022-01-10,-0.019881212506114188,0.004353445272423873,-0.01377536445548555,-0.021632760421853248,0.04204957584671298,-0.06544121602121,-0.051267108890452384,,-0.0809158700919772,-0.01986117952725508,-0.02522873878479004,0.015303144937458546,0.07957649976305792,0.03826889385239007,-0.0414748597632737,0.0415364160929641,-0.009959086425086916,,,,,,-0.036090458696812044,-0.031541588472900894,
2022-01-11,0.025564441012448036,0.08796832986644332,0.025286247962283737,0.04228224840131678,0.03923447915435552,0.06794043384799764,0.06484196369660888,,0.012950721876221483,0.009899765255672488,0.031492295822302285,0.015419442398711736,0.017572603183491298,-0.002454385119303182,0.07019143495734514,0.06891295592570534,0.023564302367394374,,,,,,0.027340616226627423,0.0008704270126760338,
2022-01-12,0.006812395746223832,-0.024222823780291836,-0.01788002130423383,-0.0006671379007715528,-0.023744125804958438,0.019247462703224194,0.026035044203374547,,-0.004578490544840608,-0.006440371502582365,0.021043239694566784,0.02489505537022918,-0.03450329277105624,0.03461984494541093,0.04305101448322168,0.00881902609809071,-0.0005668785084904648,,,,,,0.0326915761823654,-0.010563715598560952,
2022-01-13,-0.032141226355842156,-0.05074100604006537,-0.03157817429932219,-0.029145546240518683,-0.0811707276356829,0.020227157998832457,0.004519421165906534,,-0.03828191116594093,-0.00844918004701467,-0.04336709363989244,-0.04674182483845368,-0.06469542769864245,-0.004907214764788725,-0.019176965108705812,-0.0007426830083760994,-0.038320502810588186,,,,,,-0.05586722297296132,-0.06320084686276828,
2022-01-14,-0.009423129780546047,0.0002147337426692264,0.006195388441383232,0.0035545985793306034,0.012477975733111712,-0.012074108114520254,0.027563024476394027,,-0.028254926293473148,-0.03594290539425826,0.024029844332683847,-0.010645698862250752,-0.035619041750198144,0.01157914163194218,0.0068629371449333565,-0.012267591002270595,0.018009971735630348,,,,,,-0.006282707340643623,-0.04736321954868972,
2022-01-18,-0.009314524245993216,0.02469293748835044,-0.013634839188520598,0.007600874335873309,0.016970128751616187,-0.028017013443511485,-0.028930317533063743,,-0.02364916301509612,-0.01743971030721081,-0.00027619290375080485,0.00695525593665014,0.09083512526406223,0.01257366687107897,-0.03482917320396128,-0.02090253121519925,-0.009169558979501335,,,,,,0.001140986346174877,-0.040711471216862916,
2022-01-19,0.0018192075027203547,0.001055734666516095,0.0021216847686365004,0.01055883521472989,0.010767654776284274,-0.02561073779983203,-0.045021522817888404,,-0.004957606274620496,-2.748317000222933e-05,0.009408069176250589,0.004758984503644426,0.026809451256978534,0.008320963821383698,0.029079193011300353,-0.009198306377313337,0.002051377099835161,,,,,,0.029135667665171727,-0.05247637524659399,
2022-01-20,-0.029565941011850727,0.0005531231734496878,-0.03958158758826613,-0.0031368280335059007,-0.0005459303559527395,-0.030406115817102397,-0.014822009180886941,,0.02301649068958045,-0.015742569175508203,0.0018237596992831673,0.04548334434906587,-0.0251512702222475,-0.03584416516415312,-0.021769292658912365,-0.04031348265445289,-0.006356631144915803,,,,,,0.014415835668471821,-0.047868896394304916,
2022-01-21,-0.056381532387967837,-0.06603366307713521,-0.06941955665707245,-0.04417709722713725,-0.0902862052426604,-0.05056841516240074,-0.0677735187907138,,-0.031632544308254795,-0.04463326587106187,-0.042205090258328415,0.016877668306493288,-0.03476249213064864,-0.030498878272296248,-0.07533655870888922,-0.02978367274946936,0.0018692765068606398,,,,,,-0.01305852009434072,-0.06986023060302626,
2022-01-24,-0.016238014705149517,-0.0341569351928962,-0.01194547401198398,-0.04801400012835855,-0.03033751880947433,-0.034758527852020715,-0.05059593344541524,,-0.020349858746517513,-0.007290233737698992,-0.007991105244208097,0.004462966235031285,-0.017056188405391248,-0.11271628576511683,-0.07029493536887721,-0.006717236711087482,-0.01721150918633485,,,,,,0.015863334550624275,-0.07848978645624438,
2022-01-25,-0.0072274705299555375,0.0010221142894968338,0.023149968303485036,0.00847730216323983,-0.00012927927258432614,-0.04897782028533637,-0.03283310430094921,,-0.002944892515563846,-0.0022303904858408385,0.015353065472269112,-0.0255471474137976,-0.011531641524977654,-0.004054286221884418,-0.008042084877879274,0.02873989887682793,0.0405656009268045,,,,,,0.0028299964076317075,-0.030281252584871243,
2022-01-26,-0.05621536316330977,-0.02805884804563208,-0.037300440195067175,-0.028139414198724788,-0.06651141609233702,-0.03395185830443015,-0.026828765869140625,,-0.012995919528511757,-0.0020571580789692234,-0.05547300642268416,-0.01930467956153281,-0.02860101207560295,-0.016364596029780132,-0.04083123315213788,-0.025133371515749348,-0.03383993499509319,,,,,,-0.055425458863177735,-0.07271461833825121,
2022-01-27,0.0028245623870164493,-0.055307175749057746,-0.019140921588849613,-0.018287570885168858,-0.02346051253321013,-0.041002093284177366,-0.09958353736433212,,-0.05057067361176548,-0.004141817138451187,-0.038321956695313464,-0.08555950765034392,-0.09387688608051337,-0.03669240672634644,-0.05844744920864264,-0.032220891427673815,-0.0499658497322647,,,,,,-0.05376358503721557,-0.07433339390313587,
2022-01-28,0.019968863355775746,0.015257470784695748,0.01063008176574809,0.008286914530211353,0.022735511456359214,0.011988699541541248,-0.0038614510604974006,,0.0076889728367062204,0.02944104801528291,-0.03382681030159318,0.06320314512338832,0.03177471233932372,0.006187260263591954,0.005815736958110662,-0.0013407908670524105,0.042168044212867795,,,,,,0.015090452553579992,-0.04544089521671468,
2022-01-31,0.06838566863805084,0.04359976920702757,0.04683738297860707,0.0784318224167655,0.13463033858086093,0.08329101957027119,0.09829586826450099,,0.03589597304617187,0.029663421950855806,0.06737754898930737,0.1109828200849341,0.12596161408675122,0.0994118859430051,0.04941401030839332,0.05840078119641201,0.15595612552338478,,,,,,0.03010402699001702,0.03939441146151745,
2022-02-04,-0.01114353664517298,0.009292983031616187,-0.00446882637735968,0.012355082642840687,0.02570730506654839,0.058998763214620276,0.04496442859869609,,0.016843111297021096,0.013821936273396007,0.01725363688309267,-0.006397274532463193,-0.018280695837832206,-0.010658108949146317,0.041434825042291346,0.02071274890094399,0.01790098034332721,,,,,,0.017370114249886992,0.01707835205732877,
2022-02-07,-0.028036225766853606,-0.025179892259872605,-0.017564672660058345,-0.011906996983776508,-0.02166778065396857,0.029397799405153968,0.004415710096769887,,0.005079943208226467,-0.03134839308894666,-0.04482789941535925,-0.019444197665980156,0.003940702243192984,-0.037192138359295024,0.02224593138008535,0.014941456227047123,-0.025601281311930513,,,,,,-0.03173610152965867,0.01041129328950774,
2022-02-08,0.06771986845887423,0.028018809146628465,0.0373305514297233,0.05553234074511826,0.07865099429296718,0.02712592861869112,0.025595796676238125,,0.03144196590019832,0.014699877954651885,0.041398450820123056,-0.03665236973256325,0.0022582585031862834,0.03267750094647215,0.04917873093266434,0.04165168410367737,0.031487432149231775,,,,,,-0.0028650550498423577,-0.00629210991894924,
2022-02-09,0.037302655598784096,0.023720597351266415,0.029498277309975673,0.03106596152853558,0.06057903292784794,0.025380467397764228,0.04072495611914939,,0.03409754565768397,0.061315622806747294,0.0034954875561066245,0.04520072610670045,0.08893512138374526,0.028164130801376697,0.05280161369451086,0.03701169950425798,0.04948178623311028,,,,,,-0.0013459762725165358,-0.0007645630569033113,
2022-02-10,-0.011922712919602452,-0.013846300529370636,-0.022085383059073482,0.0029007510491751987,0.0036031390790123297,0.007154487888111349,-0.03552552866976111,,-0.003910332324451038,0.03661295203610937,-0.012810652066058581,-0.012248910493681375,0.0037857751500181003,-0.03312201224946465,-0.016892128907883497,0.013959005616348996,-0.016833521631828274,,,,,,-0.022587372529797256,-0.02674139492203409,
2022-02-11,-0.026623111592422255,-0.03417573680773056,-0.04077977325640014,-0.014756906929338953,-0.03395115314490804,-0.039424360955536475,-0.04540681095928489,,-0.034868114656825266,0.007024185405394956,-0.00309814610702952,-0.055275434472512486,0.014272468335913668,-0.013351448525662057,-0.03652147964749686,0.009725127832134861,-0.02757494962076612,,,,,,-0.0035114387144450365,-0.03925548919771116,
2022-02-14,0.0015555918691030346,0.0027136551619393323,-0.008556006317478881,0.004400493415063655,-0.02688047805614424,0.009852871008793507,-0.006508276066473639,,0.009398693407539183,0.005581928005445658,-0.0030836326161525207,0.02065543316534968,-0.005962229359039228,-0.024725968867848724,-0.0347458185850249,-0.0023428339194419,0.00765793138728621,,,,,,-0.027007584632111725,-0.03532597466102794,
2022-02-15,0.03990728767675611,0.022747799531953827,0.015405416642120473,0.039225554348496505,0.07271296374387415,0.04380523582079077,0.06898826782181144,,0.02840158849829777,0.015629318895500788,0.054139051651514114,0.04578430468112904,0.09037316451496591,0.053105187383082786,0.10122751082022341,0.009373285593814229,0.08067013722264527,,,,,,0.033249902863879965,0.03190096470880621,
2022-02-16,-0.0004834838120066909,-0.01171790500346559,-0.008542457786043567,0.009855243182621543,0.00544847835744533,-0.003432481046705904,-0.02234524117845138,,-0.012169560250139821,-0.009723721646633376,0.01385051479418653,-0.013870593006401144,0.03459149564465758,-0.031464987572765835,0.007818327331355235,0.006945284790614625,-0.028578715019197953,,,,,,-0.009076321230272466,0.0027518372935226854,
2022-02-17,-0.013727859800579112,-0.01582132707696715,-0.01988410295083287,-0.008376602939928257,-0.01794030070828756,-0.012396674720894563,-0.009075737875271161,,-0.006730368767436712,-0.0053339276915349565,-0.010590160662532266,-0.07577993857705001,-0.021956517102460715,-0.02574909285742244,-0.01248264435668589,0.0033561201143752495,-0.0020999710075406686,,,,,,-0.007938898141421125,-0.00023739127107269553,
2022-02-18,-0.029273134854033267,-0.023617900404076186,-0.01931421427414437,-0.039604932579362484,-0.029218802697425605,-0.03941201942829542,-0.04674873777027733,,-0.04286821531075258,0.009952608618155612,-0.034717348986067154,0.0405964934483507,0.04925312624458145,-0.041433764019424446,-0.020278400064156155,-0.029986934782505137,-0.017541517986615296,,,,,,-0.026280722017224645,0.020836398536700607,
2022-02-22,-0.011495034411710736,0.0060099607209012085,-0.05153927032584882,-0.022502922843683715,-0.014088206108585188,-0.02082085809700085,-0.06340714694637706,,-0.023121021024441024,0.03946199189492683,-0.00910238629270732,-0.0012618669513208003,0.0012082660811736368,0.008315970087211078,0.0503904500049952,-0.010851128515214525,-0.04171679999470723,,,,,,0.006788883160516068,0.02358411639552216,
2022-02-23,-0.04805210448974928,-0.034517772474563335,-0.02880428901630705,-0.03177947868553632,-0.05382851718470438,-0.0395889146366023,-0.0454480603483729,,-0.03303103204268709,-0.025465665180292585,-0.041123474110351,-0.05641902422143208,-0.12176272424541101,0.007643739033502017,-0.01649332679527571,-0.0393992858609612,0.030892475813804943,,,,,,-0.03250825718902495,0.00794800520958816,
2022-02-24,0.013115177276986856,0.02038626832522472,0.0032001985125000854,0.032477331500947004,0.10377160362688365,0.021754630947773634,0.039072499727933474,,0.024034337240977477,0.00848674369858693,-0.0032379102544682903,0.06569223483258524,0.12007821628025606,0.04658892957082572,0.008913828148510161,0.01262299002278855,0.0528860617232092,,,,,,0.042747430634485495,0.023352684041875627,
2022-02-25,0.00040542768823081943,0.02618521892020209,0.06433886791260268,0.031946035090880454,0.028575946870788904,-0.005702433593958722,0.00550261566358512,,0.011972066186025199,0.02414409170478704,0.009479779843502012,-0.010088302358255197,0.00541557679304594,0.12288476795417047,0.0007795578609808285,-0.028757789631377206,0.024269670391082077,,,,,,0.0049280841703198686,0.0038214138575962675,
2022-02-28,-0.014792647050053231,0.001521734172603928,-0.0237834739569025,0.009304865975196863,0.041326764089798074,0.07964473632916036,0.05091791740220253,,-0.03545871980290005,0.024067321123188323,-0.06887315261511784,-0.0028933186185838844,0.04571291041968095,0.06620897348096011,0.11219759054185374,0.020658145273958928,0.0019836645634880856,,,,,,0.015463457408925407,-0.009295355706080866,
2022-03-01,0.00761316062878592,-0.005017352528356667,-0.0363302920413624,0.07399349147610179,-0.025684558827175796,-0.02430473634327135,-0.07487497012135702,,-0.013202803195722201,0.0066341116862531635,-0.027683220596970703,0.013623577479848992,-0.02934558258636677,0.047927105917381585,-0.001106835696079278,0.0048531848863484495,0.018134506371985104,,,,,,0.021771986651312192,0.02073818247169945,
2022-03-02,-0.008719759789324155,-0.01560796962995048,-0.011590997379832602,-0.007749013646760061,-0.012038842324720522,-0.04007988715446642,-0.00875731562575266,,0.09078186618962447,0.05319253445968575,0.0071051286689123305,-0.001690087185281075,0.07647932903546817,-0.08616500397351046,-0.03178262044884872,-0.002525932788630003,0.020642639213242164,,,,,,0.05612966700436672,-0.04346530436113527,
2022-03-03,-0.04527040076168354,-0.07406597720013586,-0.05028176331499323,-0.04668926022478337,-0.08796154095994901,-0.07232854752028484,-0.08311973851963372,,-0.04659896008752584,-0.02234673911160512,-0.01770371825627548,-0.14046755700462676,-0.18147562328493516,0.015223519984604472,-0.04548310669409883,-0.030139138409866262,-0.031117441616804298,,,,,,-0.03790714573710119,-0.08998625847061625,
2022-03-04,-0.007260934517792861,-0.05298397187179704,-0.004864068748057893,-0.03445872395459082,-0.040572938177108386,0.014388842248451716,-0.0043370667931103,,-0.05790740738083977,-0.012869435061966694,-0.04689604030608552,-0.03693332037741137,-0.010219508365674201,-0.029067458411023872,-0.039198005010336434,-0.013289397007572368,-0.08249507773004106,,,,,,-0.0822047651722585,-0.03941598186503692,
2022-03-07,0.00389122879513093,-0.04263239873853675,-0.03354135838940997,-0.03592529768817909,-0.021817603359494342,-0.037223298895237455,-0.06079830243446438,,-0.07368600001507952,-0.022756651105588332,-0.051427782669223876,0.03585661322484235,-0.04610638005931411,-0.0074691932824826335,0.01477043373741882,-0.06660962721060826,-0.02827148803998425,,,,,,-0.12023150287574791,-0.03331465339355466,
2022-03-08,-0.016661228578447762,-0.00421871757621417,0.024420960181748663,0.0046015991642816,0.036050248629179826,-0.017035364916110796,0.030017381329912274,,0.03670564517929664,-0.004729580237475717,0.06752321109937887,0.025780454881883852,-0.005510147810156907,-0.04557889794912873,0.0052099119490360835,0.006431233305864925,-0.0013898568174199877,,,,,,-0.04670857710536991,-0.003544713715383674,
2022-03-09,0.024845867958257273,0.038043963878226394,0.04539112160407344,0.055086656733218,0.12253392077103897,0.09881947936598023,0.0873926801475966,,0.04681641888252619,0.07759959094861268,0.028990667493696165,0.06971496120429177,0.08570027891046039,0.05551100830058009,0.08257539662307156,0.0859599146996084,0.1088643812031651,,,,,,0.03153210917144822,0.11404489436744547,
2022-03-10,-0.0549584172346117,-0.13509359033556556,-0.0560522379523658,-0.044115833421982664,-0.08467905077960325,-0.04860665671162012,-0.0725971515219529,-0.12558287998399265,-0.12304091021808572,-0.09152971462375559,-0.05037513668846327,-0.04594903536121153,-0.048089912323447614,-0.056629253915698397,-0.061711647913360035,-0.06258364616948675,-0.10689627583856565,,,,,,-0.11450457454001994,-0.005188218436225744,
2022-03-11,-0.06619993525079293,-0.11123400437520814,-0.04077075962604437,-0.11569980209745712,-0.10475876070416434,-0.17098079991074844,-0.14981186133066782,-0.14131203100123324,-0.1190286990429762,-0.18329409340279257,-0.14109996385644386,-0.1187586214065599,-0.14728366724363795,-0.07991686675492293,-0.13174910378534033,-0.1092807948189668,-0.1365684474176727,,,,,,-0.11244155520172783,0.016662710271726944,
2022-03-14,-0.05947644021504672,-0.06629118843171056,-0.05495650987563272,-0.19099076285417482,-0.20357998746904704,-0.3426853403590371,-0.2679763298934349,-0.24555650010315044,-0.23500967751340485,-0.01339955679273963,-0.1967770898125849,-0.03910537220316157,-0.02779912472895496,-0.10762234033085516,-0.2593952180398663,-0.03165181534963979,-0.094865242878299,,,,,,-0.13659264097631285,-0.07611498863169675,
2022-03-15,0.05429861968332905,0.11172059199963957,0.06256164139787557,0.060626964655666526,0.1571630265794115,0.11882608175100673,0.1294309744010771,0.06648016830110426,0.1278154954613564,0.06824671128613713,0.06278745027806654,0.01715608684638359,0.10441396369810096,0.16893308383425176,0.22943514409354848,0.07145893762232425,0.07445584894884072,,,,,,0.08182647777142549,0.09364410591898475,
2022-03-16,0.13236913178778598,0.14192839226996523,0.08193981857815147,0.2259283716649032,0.212115024831111,0.09615878771012754,0.10496954959587756,0.03710691836191993,0.06827593046195068,0.003114351282333949,0.069830724271144,0.11433147184906112,0.09911429525056836,0.11713149009658319,0.00689437319080155,0.06872408463651647,0.08680143730013001,,,,,,0.10334964238330357,0.1489233589632981,
2022-03-17,-0.038069172013262875,-0.047962259094147974,-0.0646272694535237,0.02821191416267621,-0.10537996925074233,-0.028254754103443802,-0.038049868248729246,0.015036538140301259,-0.02528736702921719,0.024981238636696768,-0.04390718361613555,0.02543669552988015,-0.018978621037282428,-0.0339880819748124,-0.018024195297739354,-0.004891460723122409,-0.08681315418099322,,,,,,-0.002590960085259719,0.027673064992998375,
2022-03-18,0.07615493181852107,0.04430662571517319,0.01739044524594946,-0.025071128946920984,0.13305276858108606,0.05453129806350332,0.09615809339052794,0.08726080852313323,0.01602484956648187,0.007310483019223879,0.07892128237248341,0.005660306181849428,0.08143429113194034,0.03626985091495216,0.14370125867194083,0.018238481385973504,0.05845112594192381,,,,,,-0.003928135912132702,0.03727549893728632,
2022-03-21,0.022303112684598947,0.005654499128825874,0.03670124010769493,0.02028394628351493,0.0009981627401292048,-0.017154922017267094,0.013994449056108804,-0.00929361159953146,0.021421031208265662,-0.01808165326156208,0.028571506934872426,-0.029598115266533997,-0.007021129149543781,-0.017645944588917883,0.012509847116078054,0.020140296660256185,0.04774070596680047,,,,,,-7.725444310824336e-06,0.024038237706279997,
2022-03-22,0.020644499380913395,-0.002139081228248685,0.018006234701874346,0.016872361030862315,0.12484802658735816,-0.009916364797849964,0.03183689881674656,0.03745984520538048,0.009654377393801816,0.05672728587455489,0.03672102210810224,-0.011834750064591781,0.07311103199104374,0.0521583046781775,0.0651872881507416,0.017411836133028213,0.11505970456791537,,,,,,0.04765877067717117,-0.02044967445214474,
2022-03-23,-0.024661133187364292,-0.001633665904916759,-0.012277335629491293,-0.014669101527484463,0.07761971977684712,-0.0013490899930851397,0.015163117928502334,-0.010582178135305487,-0.016239586301975084,-0.03900939120992253,0.004373102260577966,-0.02368608278766482,0.008719660157219256,-0.023875359913862693,0.028603912338991178,0.015310204489313639,-0.0009558731155420164,,,,,,0.0026681886258104193,0.025169517683787612,
2022-03-24,-0.01044109742843835,-0.003908219626838072,-0.026952038336866546,-0.018065481800125127,-0.02893067052119369,0.02236009672343231,0.028393010313247924,-0.01396762058685419,-0.06770592518206275,0.01599891998486669,0.008601395446004245,0.028888514543578436,0.015517129954869757,-0.012513279633768803,0.03228848122947525,-0.04549872513924369,0.048318730489583794,,,,,,-0.02773654050991714,-0.036515778069171057,
2022-03-25,0.02882441696467053,0.024427685001377375,0.03934705614111089,0.0091910092371148,-0.014738326050123596,0.007501256387477895,-0.014790681648919612,-0.03849448631865893,-0.058675063590369225,-0.009835976323274154,0.007908050543925293,0.022210862495349648,-0.08561309768191805,0.0004408038720291607,0.028964968987267525,0.00989373051448772,0.061952617360717444,,,,,,0.005416885520243886,-0.07125430581166681,
2022-03-28,0.013694540628321539,0.0407119035022554,-0.011492049007166383,0.012543028529558242,-0.0025766392466266552,0.004342554660524911,0.023047950472180334,0.06572893987659101,0.041271813840310534,0.032527689374471924,0.016554164446366704,0.06368037441688279,-0.019788166812235608,0.07275696936306897,0.015094640795712655,-0.017160310357503872,0.06670045433058736,,,,,,0.023666863834343133,0.011839025837290906,
2022-03-29,0.006276722841170201,0.029992964815945156,0.0031116916364140046,-0.010072328030468203,0.03043371774065262,-0.013051714008927573,0.0463136097290624,0.025713424172406185,0.004723634694896894,0.017370331461310284,-0.020433948106862942,0.04940202935912974,0.06625517509588974,0.028477116520544632,-0.001971117974997938,0.012816809795685113,0.04841829020511157,,,,,,-0.03577484024234123,0.044916141001853704,
2022-03-30,0.001421170584283482,0.011122977304602655,-0.010633404348544762,-0.03746049537114404,0.003104359119832756,-0.01870640627626985,-0.02961823766223126,-0.012917974038533564,-0.005855630461614081,-0.010049490768035296,0.007170457421097565,-0.010127602967011429,-0.014617314218636879,0.01098681996605766,0.006818182187204647,-0.028973445686377275,0.026423999025673384,,,,,,0.03373538526631137,0.015226361356541096,
2022-03-31,-0.05042027406116012,-0.03215515547592662,-0.023632632183437474,-0.08523077160515069,-0.07478766452276808,-0.04075899401413208,-0.04022970461388464,-0.05959244407113817,-0.04050158247328606,-0.06462696449781102,0.010221214223662844,-0.06309865805532144,-0.04246548732831901,-0.03322258889874752,-0.06530554169938418,-0.019658069926838828,-0.018185782987609866,,,,,,-0.03471252510709544,-0.016027982222471593,
2022-04-01,-0.016352002020572076,0.010655736638691238,0.02390949120617525,0.020974198736553484,0.015778032372086415,0.039883008512560325,0.02722046562726832,0.011113727831385312,0.030058533757926442,0.023645925930824596,0.003468805663405794,0.007358851980792558,-0.010587945098733287,0.08374878889352311,0.02803803477923883,-0.012000377941956963,0.03869987802842356,,,,,,0.019079063527273732,0.04746332449019941,
2022-04-04,0.012055322550024838,0.005694490461230606,-0.01684043270780433,0.033769324645013254,0.04472149423614091,-0.007340243037772587,0.0016548453230385007,0.02106673396397163,-0.036197869739819644,-0.030705187848598436,0.017209908735213775,0.03749025302511688,0.014922932138253797,-0.03664930617468021,0.03128912938937112,-0.032545598397263564,0.06494903611379699,,,,,,-0.008812735360034574,0.03153501702109485,
2022-04-06,-0.020051965649090286,-0.01460778944397556,-0.018009993730308427,-0.038634008664017117,-0.03540004356466875,-0.02802042428013196,-0.02078002691268921,-0.04155802794655916,-0.021407036620532893,-0.028255005952876444,-0.03561667923662415,0.02868090044548377,-0.06194468820170995,-0.026023096838150517,0.024977934605908247,-0.006574189125368779,-0.0010567564335592916,,,,,,-0.016984900657136093,0.00017364552376220033,
2022-04-07,-0.029021552357586522,-0.015187109411966548,-0.019359218979913995,-0.0331143122774864,-0.06972223825949686,-0.047783921979667854,-0.04743247454761912,-0.061390792646125236,-0.06597676569039257,-0.00013409844693113016,-0.047748999855063756,0.009120041783179822,-0.023761847806783254,-0.0303721683921091,-0.037547878683213076,0.012808037473053702,-0.04705281235018166,,,,,,-0.023788139588456825,-0.039287561992478515,
2022-04-08,-0.022989259585200372,-0.0038803050343436674,-0.010712051572468795,-0.024350843068929873,-0.06464417129830957,-0.03865692914530694,-0.041935104367378795,-0.04141038200541736,-0.025079485545858038,0.003491576177123923,0.004779125859416533,-0.05957570800904066,-0.07472234410927758,0.008680755104228943,0.023591022215520674,0.017630648049886455,0.0003236214286195249,,,,,,-0.020744893324547875,0.001870956014584202,
2022-04-11,0.010198300089753864,0.0340818077117917,0.046025478353475924,0.01692704407053358,0.15632624841515952,0.021844186890667583,0.040487456439087355,0.06647476114863715,0.00812144945337745,0.015898204384850567,0.0033740844726561914,-0.006280203451788258,-0.008233961707728499,-0.004051477459754538,-0.031931963506390715,0.04203482462163777,0.02873178625439854,,,,,,0.011775198083451066,-0.02633100764732299,
2022-04-12,-0.012852837642033932,-0.012758813775937128,-0.025662146383039652,-0.008236556338732881,-0.07270050283261165,-0.027878820703534868,-0.035980514472262026,-0.02851222083394256,-0.013925446191990876,-0.022949199000028786,-0.011701098893729722,-0.04363112616687381,-0.02715026415595634,-0.018073349389483573,-0.008152453469223553,0.008618758678599514,-0.000449959092443053,,,,,,-0.02749198330803293,-0.031120674638351553,
2022-04-13,-0.005103917051584417,0.002557955951453472,0.005313285795464084,0.023532519169422894,0.01507480364579239,0.02568282830442925,0.04928996228551097,0.037874995924275456,-0.010237115463824553,0.0379031792590554,-0.015911139911348515,0.0029815212545405423,0.03379993278325055,0.024921175402376816,0.011512707388920296,0.02034466461844686,-0.0008634418302031488,,,,,,0.04385935135076546,0.0269532652060398,
2022-04-14,-0.020257636094994758,-0.02084743239229403,-0.009764123754691822,-0.03387579854553169,-0.05097730062676609,-0.021677136746237613,-0.03431930200376665,-0.0426871667444777,-0.022162268023253606,-0.0037250813653297854,-0.018001540000663563,-0.031191962052550926,-0.024875858585226007,-0.051009680378658495,-0.0016843564534406719,0.009979294036339237,-0.053410382552973146,,,,,,-0.029445385850259354,-0.018302253958318082,
2022-04-19,0.0016123385377269095,0.0038319650605489475,0.0059677654049490325,-0.0023992333436414492,0.02986456840681395,-0.014367062247986007,0.023585082136107438,0.0013534807414661287,-0.008485903517617355,0.04022842596235976,0.010364337293325088,0.018520124641588698,0.03151157643179947,-0.02949108563012781,0.05258906253389162,0.001017670947121685,0.06341743238064268,,,,,,0.016765626630680375,0.04034546617768786,
2022-04-20,-0.033704079590570535,-0.045511521093927976,-0.023521524186473908,-0.029993157343548127,-0.04494091515665133,-0.06208639552495587,-0.06952265880573383,-0.06729702497096701,-0.024414470240965103,0.01616976787879154,-0.008495418504736896,-0.032085826438079335,0.018428509934175885,0.01525304042778508,0.01612007683914718,-0.020936405396418944,-0.042434717045678805,,,,,,-0.028207602142804045,0.00886549816520854,
2022-04-21,-0.040817761587837786,-0.03661395815809221,-0.027174763583276973,-0.04767891062216312,-0.05168735076671249,-0.06148866172971523,-0.06687331462794044,-0.08736166165787118,-0.024041302633904027,-0.054496929951319384,-0.04680554608792231,-0.03879836924376656,-0.0620650776970213,0.004161283220583067,-0.010775488378228282,-0.039101977549582,-0.027928668721467154,,,,,,-0.09297126893515051,-0.06279923183040037,
2022-04-22,-0.02123565688285678,-0.020554190067040068,-0.01888220969356491,-0.038146597696819495,-0.026697012525948582,-0.038056474404995266,-0.023210138998615015,-0.030429972365454416,-0.003091572355321981,-0.009256093065333593,-0.018839521261869052,-0.04419833928928418,0.020621329810550426,-0.040886614153664014,-0.006803747283953165,-0.03819097150128303,-0.02153375311778849,,,,,,-0.024725361963390924,-0.0363638626761662,
2022-04-25,0.02859732284192229,0.049558535766973666,0.03954529300124188,0.05276478908731175,0.04338962256626844,0.04946477814995842,0.06838398850665572,0.03758047344007087,0.039441188532622906,0.012161553117482349,0.03009948217726599,0.02835890456550616,0.10960320481989139,0.018917004362778878,0.07511742459042203,0.05760155151339563,0.06035026230230378,,,,,,0.0515430212122685,0.018259940983390344,
2022-04-26,-0.029624966075937564,-0.01615289587126023,-0.035185978280531716,-0.03860877279152741,-0.021726993451408272,-0.06917349230481606,-0.056102471552145095,-0.054648614547559315,-0.014471542283465144,-0.043876298198665786,-0.015769972276056476,-0.056887959249559694,-0.07715297473935567,-0.039485804411374836,-0.025358962713338262,-0.005069072896367266,-0.04310530441864857,,,,,,-0.03868735497936293,-0.06713560916869754,
2022-04-27,0.024428409100482273,0.0247823902166584,-0.006075251879533727,0.022274104894313362,0.027741251586864246,-0.020734855229810334,-0.00906482093161376,-0.0053535326828377805,0.024181658892160396,-0.03070914702937999,-0.009250544195211874,-0.002267990690594801,-0.013069643901690187,0.038092730203563185,0.0608273794658265,0.05135097528596644,0.06381011283529148,,,,,,0.024463992309570415,-0.022952816663708964,
2022-04-28,0.010350103553621315,-0.012206862041509892,0.0018024414068475991,-0.0014025635150304305,-0.03466993718903966,-0.024394764996070184,-0.017989020748266027,-0.016015825830982044,0.015644832009148235,-0.03277721218717533,0.008064593782237006,-0.04365674547647358,-0.07031822166849866,0.01957781209415632,0.03848089891321527,0.032852810628897,-0.011170392722489098,,,,,,-0.02180633094821227,-0.030375946700151424,
2022-04-29,-0.06729174309176522,-0.08918011767312439,-0.028537735554256205,-0.06745338545554902,-0.06194165946505792,-0.09043158816579544,-0.06258593931064738,-0.09000070010714956,-0.008683442516546402,-0.015630102035363413,-0.015332735076217574,-0.07672301150598326,-0.04839415718298268,-0.0012978184421513772,0.04761800953491768,-0.015224785267485608,-0.0033451255767633636,,,,,,-0.08736841540412921,-0.07854705391479189,
2022-05-03,-0.018280173028843105,-0.02346067817436659,-0.0007065671419633768,-0.00919880349365243,-0.04399470499356539,-0.014010006049169466,-0.011539042725323911,0.00048492882607131804,-0.027224015113032296,-0.019182098231961375,-0.0730166514938021,-0.03692184580275071,-0.04137884302258499,-0.011282685570880968,0.009732067550001,-0.012517058023986727,0.022834176531746353,,,,,,-0.029675923374456237,-0.03232719095427938,
2022-05-04,0.03028306578704809,0.03461994252735856,0.0147030679732707,0.05657748248019323,0.07137573735238978,0.048226829897695334,0.061127405315070105,0.03620403511757431,0.0026818733829050423,0.007175482984996373,0.023437983917744765,0.020140702794034793,-0.05355001635327916,0.03233703411077227,0.038093973636279976,0.012759815821717035,0.06386506756321508,,,,,,0.029665616170766906,-0.03334250911924996,
2022-05-05,-0.03989821181069764,-0.03540416725926587,-0.0296147204306908,-0.03164291550824683,-0.05736312253515152,-0.055712626818875566,-0.10303022416704688,-0.12407664014704689,-0.0337608137664438,-0.033471744282381866,-0.020229744222048707,-0.021079321264872997,-0.052946253601978244,-0.06058767869525483,0.006958794016911574,-0.03152337338730227,-0.043256302398286595,,,,,,-0.06276143134886902,-0.10673173073665143,
2022-05-06,-0.022107809423200564,-0.03686232932915301,-0.01776678614444871,-0.028336969601975848,0.0021789049574145736,-0.03465459180130326,-0.04070118826340585,-0.040081465612192724,-0.028541875518341198,0.0161503845431179,-0.029460248965724523,-0.0939233012825269,-0.18064115402875547,-0.032196583760476516,0.02089802293718912,-0.03379902862601225,-0.014533660733489717,,,,,,-0.08243194329004366,-0.11094909575699963,
2022-05-10,-0.03513988476410579,-0.025429028309216672,-0.0032508320223179066,-0.03307216045878669,-0.031587246103433,-0.028334138547265297,-0.03101494864938792,-0.03744585073472273,-0.05110762449220785,-0.009662255061870795,-0.023528837962161098,-0.014719170341442434,-0.06590357155955384,-0.0003558356047238531,-0.08638134090111527,-0.007912042165942657,-0.015262322083024249,,,,,,-0.037611459519997004,-0.049069053475561675,
2022-05-11,-0.0637012525515831,-0.060643431963517846,-0.032262148756938225,-0.058804994024333146,-0.07866813136907169,-0.09395956678146145,-0.10121286390077378,-0.10920490529719429,-0.0432042693447251,-0.07091839724810878,-0.05015434185130763,-0.1446953621899274,-0.21093676485497936,-0.04704206476772177,-0.053424537760782154,-0.03459200117645145,-0.0610193107038981,,,,,,-0.0824631709192909,-0.06258707558311849,
2022-05-12,-0.005410915379343351,-0.005083834557581213,0.007977937662487111,0.012957049320406977,0.005003145020629374,-0.024476931072229813,0.023664658158953245,0.019146265281983377,-0.0347519136539689,0.0045441636813083885,0.013740449063507576,0.06780450028068152,0.06673193521141152,-0.010930203057250787,-0.0029785305356344605,-0.0478101703406012,0.020228750770750148,,,,,,-0.0402214897786054,-0.026789944502811913,
2022-05-13,0.050345871229839245,0.013675456164313315,0.012974457692949803,0.033739108068009616,0.05552685116116729,-0.010493911337606354,0.05248738756197069,0.05376376783603298,0.030846893335382264,0.050744911615336674,0.015015958335942825,0.0028925233518328763,0.18802592607114965,0.012606008205561459,0.07113583307989457,-0.0038254274562483648,0.12815613488023714,,,,,,0.09048134230635374,-0.009196944102517812,
2022-05-16,0.0030211144724070493,0.011241445201267242,0.03024249463714268,0.020187770070727806,0.03475989532006096,0.014384182573647486,0.0029226061212028753,0.04019644843483117,-0.004308717083303604,0.02472482648551022,0.014242580523425863,-0.026797786348670027,-0.005499631124684323,0.0349054712384782,0.04130993584893616,-0.026586080804097523,0.1534177161824235,,,,,,-0.022648484981804162,-0.04762919232535323,
2022-05-17,-0.003145430534965188,-0.019298243663588677,-0.017711648163197813,0.01530174204237511,-0.009136813353327278,-0.001291587118851134,-0.00577737897000874,0.07444849239553508,-0.010753830489999672,0.006869086185969264,-0.017607712738202053,0.005781287962252302,0.05312136862722139,0.0006824251977330942,0.005725663138864245,0.0024925435735421164,0.026730117737301162,,,,,,-0.00566668301226414,-0.04821015645545024,
2022-05-18,-0.04815368046947699,-0.053935323980272454,-0.03666229993374981,-0.03856421057404802,-0.020008192963412053,-0.022064976299445482,-0.04362920716409391,-0.047118935003687135,-0.008814327617244766,-0.009009649325088298,0.00573103266853936,-0.06660453504667452,-0.04618980694713071,0.03756172705685534,-0.018174094007279984,-0.025381501699968445,0.015286609241527138,,,,,,-0.03707604574382306,-0.1877122237337847,
2022-05-19,0.032185542518967214,0.036685830119008056,0.008602582466509023,0.046562325650689296,0.03075184565460498,0.00799096093043472,0.019868905933007497,0.057936985877657055,-0.009814664997926381,0.006661719781881903,0.019583824690087237,-0.02218614169288069,0.019487825797563918,-0.016428667344140835,0.13351494294426414,-0.010862996872062936,0.09200698503551541,,,,,,0.00394877616516176,-0.08114049352187347,
2022-05-20,-0.03305051519669422,-0.032549829105190664,-0.025351171533937067,-0.01210747986613725,-0.025161184426766514,-0.030125639079660815,-0.06059341399172158,-0.04712345206942581,-0.016598843778288686,-0.008079991930326158,0.003327384840883685,-0.028159766358184846,-0.009522302601735033,-0.05102801458270967,-0.005667172197867387,-0.02094355907430523,-0.03574910586132163,,,,,,-0.03394880809106349,-0.11653491711810604,
2022-05-23,0.005589745772422994,-0.016567720249337947,-0.010270144211985244,-0.010989111613451952,-0.00998825437719153,-0.001089310168874258,-0.05060433312233026,-0.051567333558757755,-0.05026469734658734,0.022897397148635035,-0.014274301032081604,-0.031981067184319034,0.0014999762600760302,-0.023784104134328854,-0.026066611241127746,0.03177137659420426,-0.010901719222518036,,,,,,-0.022516671003528832,-0.0779710899748638,
2022-05-24,-0.032124240866605924,-0.034825431080002356,-0.008102423155646354,-0.03199450257500147,-0.07677979271779267,-0.04901773691975175,-0.03395695940145649,-0.05643107288620308,-0.03137699475065525,-0.015201580943367543,-0.02667375657837434,-0.0552350510269195,-0.045493382655825254,0.038317619760675825,-0.05284598298176113,-0.011180939475240015,-0.03385871216009462,,,,,,-0.03134147915605501,-0.13225519519785067,
2022-05-25,-0.019344070687606463,-0.008196622722049796,-0.016446248934158136,0.013582082030371367,-0.004925059722920344,-0.015019930989797148,-0.016711153879127694,-0.030293316855920516,-0.00449708416524397,-0.012193084717940117,-0.01815223686881129,-0.007395760983080812,-0.057819352253714484,0.09689205358433362,-0.024219183110627873,0.012263693159096034,0.054291505884410673,,,,,,-0.007966065616006213,-0.06719782880473613,
2022-05-26,0.1430653779948794,0.0481906581292173,0.021995878918175782,0.15495189798886866,0.10611393805686675,0.07292777433216302,0.06722272089705328,0.08565566529142377,0.06629961443989218,0.04895646935705744,0.06258976127977767,0.01871199327655204,-0.06553572123283136,0.07564824717911645,0.07543621394367106,0.01132286967632301,0.3604699762603214,,,,,,0.0782828836453291,-0.06178792039637526,
2022-05-27,0.00713431241214546,0.010904650887974876,0.0028461437019864366,0.03228554531826622,0.05233750884841304,0.007818983075896568,0.04377658423568653,0.03469563231761885,0.004735308203251076,0.005693268179034261,0.003967412682466698,0.032988322190868447,-0.024153523367440033,0.03549760941585256,0.05008376522974012,0.00012699612584454734,-0.029838860287782154,,,,,,0.010215023570152582,-0.021664245548530636,
2022-05-31,-0.02101473091273187,-0.025574325396893527,-0.04336924548802412,-0.06653094012582506,-0.02443246532489074,-0.014257962694960158,-0.001988863757346304,0.0035295321111012967,-0.017974699496775326,-0.009498360824699348,-0.07618950285900239,-0.03617608054988253,-0.08280188526755494,0.0393703571133317,-0.033043784956854116,0.06460338235033314,-0.0709884917398772,,,,,,-0.03016662775820389,-0.015936147390858357,
2022-06-01,-0.031747636578757454,-0.023647605220115664,-0.031615574348363484,-0.011331441453424906,-0.028151952076319042,-0.010939541634149563,-0.03249979763134181,-0.009513972384868619,-0.019997352350658804,-0.057997223994641134,-0.013940772728689987,-0.006899817804410957,0.006491253686987886,0.011105425795450152,-0.0672172572679609,0.012990820787522228,-0.00368623816705993,,,,,,-0.027666320010727996,-0.13262677954158408,
2022-06-02,0.036192337551556264,0.027892876784930243,0.02178141973362524,0.03099768621225807,0.07794371280041368,0.02802889325801461,0.07848561349997962,0.04762086409927324,0.013340106030202303,-0.022999307592235785,-0.04852172219048201,-0.0245350124429613,-0.018643807940619594,-0.02757721487558651,0.045806011829500504,0.016807054035763436,0.07657102892573953,,,,,,-0.012075434926387851,-0.06211321981112028,
2022-06-06,0.0015546047844090527,0.018963286312484895,-0.013747634399068231,-0.014658367701728903,0.008002306800886538,0.00651084536149682,-0.0020643550789395393,0.006562545104224826,-0.014087887521510689,-0.017442579273274195,0.025473766960159905,-0.053315038039044804,-0.10804691830114066,-0.019563929120184675,0.04634447992513091,0.051613578073004485,0.04710903305163261,,,,,,-0.003459863025769727,-0.09041775018132281,
2022-06-07,0.03549212765212184,0.014211387964355948,0.00997462419776296,0.029803462299084815,0.11179056414025768,0.02718603710211487,0.038657266915659516,0.002379951019089388,0.02353007140873764,-0.023233444135464798,0.0013011342231676881,0.07656305021932375,0.016453272680135633,0.035948709651664856,0.0334934495515391,-0.010646757037870547,0.015085009281864181,,,,,,-0.01755647737833599,-0.130748472816821,
2022-06-08,0.07819615667446422,0.02572990144121068,-0.013304011002967742,-0.014300955995260045,-0.014853649496052945,-0.0048815599935985166,0.03143632778511818,-0.01059145948751894,0.05268957340417213,0.009754437571729557,0.018245113296219806,-0.008159931681479549,0.026173072774739348,0.013629165145645938,0.1443358583614256,-0.029747362745973116,0.10574092059595785,,,,,,0.01845988420465816,0.02829292469461886,
2022-06-09,-0.03135940487778466,-0.032414904260168576,-0.027130337569317153,-0.047113561727693654,-0.14791035694945898,-0.012658699297242726,-0.03167783264032298,-0.07516376912083444,-0.053328602506596434,-0.060330056780666164,-0.02414530837200446,-0.07394749781625864,-0.06655652708964321,-0.02009509211999505,-0.11274807706893009,-0.052082673970618165,-0.07394596828829492,,,,,,-0.049248763963650743,-0.10902416595263931,
2022-06-10,-0.04464521280890155,-0.03752057382888707,-0.0385788391410935,-0.06491153320073872,-0.06799961369890717,-0.042727800751827805,-0.06214107169190208,-0.07965589317496224,-0.02842939597017191,-0.0372078234626636,-0.06907643703113353,-0.06963860671875477,-0.03973987290730041,-0.07285052716059259,-0.006023110358431616,-0.05836427123778287,-0.031604846602191095,,,,,,-0.06884688307662301,-0.12594920348373329,
2022-06-13,-0.06874522596619848,-0.03311069825048285,-0.021587935034241834,-0.06976367242865322,-0.06358408344656519,-0.04192249065466458,-0.06472149948837536,-0.10285583044895841,-0.06264631994747827,-0.06891779054359437,-0.05266949226116313,-0.09880599969861592,-0.010782628923218684,-0.03350238417344886,-0.07304415130409714,-0.04659418005590121,-0.040975365978715095,,,,,,-0.034958329052586445,-0.10387827333159794,
2022-06-14,0.020299551410360328,0.017186977405351245,0.01214771629879996,0.014364816620048515,0.0448857298648897,0.025630830746620648,0.015740466477283777,0.1046550687027521,0.015210313891174776,-0.014267867084113095,-0.0067036414832577496,-0.03438286253177414,-0.0523379749003271,0.008666657516775755,0.14359758607990902,-0.030526154509406322,0.01694089777044039,,,,,,-0.010732142819453783,-0.033024604032487304,
2022-06-15,0.003817086526827218,0.008198009270385054,-0.007417355596025521,-0.0013857013035690757,0.006445327451838789,-0.014515963311839242,-0.0011908727308393985,0.05876245929029866,-0.038178818322360586,0.008785282045825626,0.0057827803338319494,0.0038768646345681557,-0.007218506385652246,0.022272324115871767,0.02777494975350092,-0.029112304597042282,0.021589708573503952,,,,,,0.005678855728565191,-0.007046248424427026,
2022-06-16,-0.028026824795846284,-0.01159286489868272,-0.03401066598281821,-0.02474609454588028,0.0006383464368242553,0.009649976758123513,-0.013736162969025578,-0.030675172408396123,-0.028735718274934485,-0.024559138564523075,-0.011274138315479076,-0.00409209311133818,-0.008643012175713949,-0.028489348375412393,-0.013549263061647387,-0.009098698607661992,0.007569818987458232,,,,,,-0.06445950937362055,-0.019647199677974347,
2022-06-17,-0.040069177141837,-0.019901792609364644,-0.032018664681135234,-0.012280717509962846,0.003843209606601672,-0.02253579082325019,0.026517940752578406,0.02275965556761972,-0.01423283456533142,-0.02607320011946379,-0.009440172641240974,-0.04392930728151512,0.16894895956484657,0.02746513826950303,0.028598092959820853,1.2202225668334066e-05,0.04554779946035947,,,,,,-0.01265333204816621,-0.042570144947172595,
2022-06-21,-0.013315747447776527,-0.027193459741483572,0.012264788826866324,-0.001439730264540695,0.0017643253711161488,0.02194744295402362,0.0008367517679506165,0.015843483804769853,0.007749466229463264,-0.0009255050588897751,0.026918995061271156,0.002563032116998043,0.02487091351729842,-0.004541702639714207,-0.012365010556723899,-0.0171589751901432,0.03974091654620859,,,,,,-0.03749475454084439,-0.040864859962429056,
2022-06-22,0.016501383046878315,0.0011013227274843107,0.03377341620310692,-0.003489328312866302,0.0015562783318012752,0.025088967597949097,0.0373584683892052,0.00861199911620747,-0.0031672811112746224,0.00310163677812314,0.03712410479481498,0.04506431151645374,0.15318386576666,0.020345950908129407,0.021446103203811573,0.037179970131718365,0.022933336582989794,,,,,,0.0018775272699622647,-0.02379420954174738,
2022-06-23,0.01852716422597589,-0.002701024422360976,0.0016932888350664754,0.008304785640131929,0.03704259877984728,-0.0012503038055133864,0.018889883831205267,-0.017747143639757157,-0.015890058032002163,0.012372060043126742,0.017982061812188865,0.011960997191996947,0.09562502282474039,-0.00845388161377425,-0.09597382313090874,0.01567278105979608,0.05999342077521286,,,,,,-0.011833517021246354,0.021093253844611803,
2022-06-24,0.013220415172973343,0.0056847626372156235,-0.0024388094071624566,0.0046753630817295555,-0.026352301566932135,-0.0196661696977507,0.016160412761793808,0.0027244161714508053,0.0007455958715474331,-0.01511818799238962,0.015604021953675273,0.03936522559224809,0.04111041477896582,0.011597926339516729,-0.02496496670280035,0.07019089923167865,0.00030902309498626046,,,,,,0.043456733928701974,-0.020424992863625424,
2022-06-27,-0.013629862528009906,-0.029658391632433556,-0.01624740239732969,-0.0012354179204416837,-0.02491477185189639,-0.030508472836762834,-0.021707567413495332,-0.06906137587538885,-0.02452127302869689,-0.009714375959481103,-0.02369070851850441,-0.033563123761331526,-0.023698283485584892,0.017840619038259176,-0.0613714224453592,-0.03569378210587704,-0.027957461899679403,,,,,,-0.031855322599202984,-0.007033731071091065,
2022-06-28,-0.03030371390542108,-0.0238635568734904,-0.028555618964075213,-0.0249445752348878,-0.041870332176345504,-0.08125882481852598,-0.051554607535209906,-0.06025717781262496,-0.07298414155282307,-0.022026885863211887,0.03165060980293122,-0.04497060275524167,-0.007729061521253855,0.09841209517155569,-0.05418601198796136,-0.029990137048333643,-0.00790114238344386,,,,,,-0.08511985116818999,-0.015473787908597547,
2022-06-29,-0.006170135937011767,0.01193342359551175,-0.00014683500080414635,-0.010644581829910793,-0.018898523080822627,0.03523239470965156,0.006595398187924761,0.03630931180805286,-0.005009932467373801,-0.01958388682409984,-0.04361421952400979,-0.022497423922083426,0.019069088211933316,-0.0012604038131291961,0.07346741027792714,0.003937430584172841,0.02941347259412863,,,,,,-0.04340117980652303,-0.03477527478369713,
2022-06-30,-0.0036504088421374092,-0.003422680148647217,0.0166573449801255,-0.01773225076273721,-0.0007096934038794966,-0.017070285786745965,-0.01490615687543051,-0.009215689864895626,-0.02810275035365073,-0.0059285895724430215,-0.046860545595047154,-0.008298665616560008,0.017192306057642437,-0.009682919962960668,0.009762123608694662,0.05990373862298504,-0.011685353766007434,,,,,,-0.01667033659867745,0.025577226460235858,
2022-07-05,0.02272136153465576,-0.024074567437759042,-0.001595168714667472,-0.004732294400271564,0.017849494359926554,0.03920532378139874,0.03656249093193842,0.022469387954450193,-0.0710564690871256,-0.0571596480360238,0.015538902786748743,0.09288788327981656,0.06177406146649034,-0.02113484428350121,0.0987331783778389,0.020353624394915837,0.0013502543100967213,,0.0407129970516138,,,,-0.02883387627532963,0.04780908043153764,
2022-07-06,-0.0014002074560897082,-0.030785513706305223,-0.01594670229333439,-0.023752718408656004,-0.029906107604527388,-0.024856673298721654,-0.03517960179591684,-0.05468420186827949,-0.046922746000745974,0.02617932564768166,-0.017247197853952234,-0.06996360723605721,-0.061932107113114365,-0.05469845616744429,-0.02287372709828328,-0.011685299799925164,-0.07283617981059654,,-0.028320022668384293,,,,-0.0072552503382725675,-0.046203507642358255,
2022-07-07,0.02868692121281935,0.0019717043486746633,-0.0010986464771982618,0.0321743010485771,0.06504522539794344,0.005960274222357009,0.022302910756735406,0.058484691011814194,0.016356682128225497,0.00667743283311828,0.0199655546787314,0.043690637560818146,0.037534631114287675,0.031902608221096695,0.001778775223134188,-0.0037039913926689705,0.043341650765017725,,-0.028285361051277325,,,,0.04510656868537488,0.04251673823306801,
2022-07-08,-0.01987444949939854,-0.010124439824171994,0.018382561059083757,-0.003368831017760421,-0.010565964324458554,0.008814806189883617,0.008559426972154949,0.007116792113714521,-0.022426986401868465,-0.020381796771832272,-0.010835143372839307,0.014545677166271975,0.03468613256333941,-0.017635530141344224,0.030740857658473564,0.003896288799511982,-0.01637307455722603,,-0.03227837093748165,,,,0.026907563433770765,0.05220775654680021,
2022-07-11,-0.05702397941666659,-0.004871062185795472,-0.012234673685678765,-0.02614862556061104,-0.03451623156003303,0.0089397560037201,-0.02721314309007028,-0.0429755408685647,-0.01949876304397813,-0.037571126677036326,-0.0743816734871432,-0.028394115793008323,0.008795257768663856,-0.05926561895763749,-0.055815909442462286,-0.013368691231545049,-0.033378080415038314,,-0.12565060430929276,,,,0.004755225484095682,0.010576453166403432,
2022-07-12,-0.005953498710841165,0.02304580372077103,-0.0045153015139761665,-0.010651006160776078,0.01576964018528426,0.008195886166466382,0.01166985697132561,0.034237697972536285,0.02672406148886175,0.015289228860315696,-0.01612575292045415,0.03929700969331096,-0.002174755316012189,-0.0034515941751613877,0.0017713052318346634,0.013983777701708666,0.050855413445007214,,-0.0821249951187012,,,,0.025529760337493546,-0.056627979760891956,
2022-07-13,-0.003256234840574357,0.019205559652519577,0.010345150069746678,0.00586397289123175,-0.0038163920150050545,0.016079281261614398,0.0038039895090582476,0.025078474617311386,0.05375666382408628,0.009216207757997141,0.0015808077723948877,-0.03217251578527924,0.02059514677384877,-0.01009672548577456,0.023101829285745668,0.012765200596678516,0.02716883228609568,,-0.12548656333261576,-0.024654238983048193,,,0.027189318943517282,-0.007178736769975824,
2022-07-14,-0.06342755513480047,-0.018194111575205008,-0.01811177371232031,-0.03400028431156932,-0.04409108527566341,-0.006345269210820237,-0.004381790489587756,-0.0016449723974955033,-0.017874658249550368,-0.03266559660311763,-0.05585791691259956,0.012632730939282855,-0.03868411926606952,-0.049468277019230844,-0.030743731614519043,0.0018285225114684778,-0.021637260976543282,,-0.1651422702048677,-0.006780227136941153,,,-0.004304102469814608,-0.03612795611956565,
2022-07-15,-0.016488251768877693,-0.0003793715433971778,0.008092241447272164,0.001146035112754129,0.016413217191699303,-0.0005979142292352746,0.002069867466770292,-0.007657387407979055,0.01616838467497206,0.004808873191999297,-0.01252815076231295,0.009119888876053084,0.0520162641123314,-0.0076789510845395315,0.029690648360937155,-0.0015447662434758813,0.01545904972247647,,-0.13101877905179704,0.0652252485975593,,,-0.0011177963899980936,0.01656977498411516,
2022-07-18,-0.025977248993180546,-0.0019105246412556287,0.003468147505120811,-0.021020502690899723,0.023296332389687313,0.00651714018230809,-0.02827603835756809,-0.0019178284390697353,-0.014567369368759353,-0.02652270786279154,0.0031437492979982107,-0.025204946671728568,0.045606961796125,0.005249732280052877,-0.01319316319056918,-0.009939978046691889,0.02044797897338868,,-0.1562729969880211,0.02521907447161542,,,0.0004441175297900113,-0.0676749093880239,
2022-07-19,0.01866519954571455,0.022428301483280677,0.021380130393810814,0.018271321821770936,0.05769223259084133,-0.04037994375836507,-0.009099673532317665,-0.012050042316757104,0.041188724137677823,0.005968945606978027,0.020872992946541657,0.03756507427240807,0.05175149011003333,0.018678574711354257,0.04286319576903397,0.010614347504325439,0.03526354764082118,,0.01243010325226579,-0.011960897497624745,,,0.019454584975170386,0.00880643308742557,
2022-07-20,-0.011460746062212257,0.000810863368015724,0.028426437460772336,-0.017151996311029816,-0.01245693713878604,-0.006083421721871596,0.008272690376115888,0.018564928434093186,-0.00670200208155769,-0.023280889857678067,-0.021489537098225542,0.049743364390326006,0.0011376356735484094,-0.016592136123765533,0.004671934669594924,-0.005452115850441919,-0.012993231310473918,,-0.0801519757206467,0.030652268009893513,,,-0.020953178402742356,0.00856030371976213,
2022-07-21,0.011308035182229892,0.01546538771603534,0.027330437336457125,0.019783616688960004,0.04364742646005215,0.03138655335768337,0.028632888565694348,0.04661195088202841,0.01811144225024397,0.003923453674927968,0.021044322169470497,0.03866028963191459,0.056211093761189046,0.047830242005924894,0.018062599406220903,0.00523195605942095,0.05899792486367672,,-0.010079513761297676,0.046234959875235404,,,-0.0017691529998616895,0.05442249375106112,
2022-07-22,-0.033242343767380556,-0.021625917258413563,-0.012561991617108803,-0.01955533323051628,-0.027852531559436455,-0.04774757733360879,-0.05238800310993952,-0.05855943745475389,-0.00541879318720595,-0.032048005016745096,-0.020882219536835,-0.004410436693728648,-0.02182368682417657,-0.05162744261658048,0.0028766552607217832,-0.017973449534958053,-0.019540868061327488,,-0.13074650347193817,0.004901106406756783,,,-0.028766082282171923,-0.04982655882998244,
2022-07-25,-0.004437237357235446,0.000724157422696603,0.011183315070883104,-0.002822487574556609,0.003457499577031564,0.01948431542540985,-0.005629325411202313,0.010857230659541584,0.0038154154525491535,-0.024240871819343313,0.0008540271820607348,-0.010337509265266553,-0.0004354330162065212,0.0176561818583727,0.0473123985396009,0.01715982388132753,0.01712488253282496,,-0.1035582852402106,0.025262004029370733,,,-0.021027646544308665,-0.018621927303663077,
2022-07-26,-0.046676520219670614,-0.016985387118403916,-0.024494799892582964,-0.03306497631483962,-0.048035575587970114,-0.03961233062266356,-0.030682128319285407,-0.03582293347287979,-0.03304613410605506,-0.005178568320779786,-0.032456287756185476,-0.006956785500215501,-0.011446384626326855,0.023279564308618328,-0.037861538570700515,0.000266830294693543,-0.023153913074595134,,-0.08365102046629036,-0.13957134628639312,,,-0.03169837330870995,-0.013586936741259659,
2022-07-27,-0.0015508438774295419,-0.0011753910305428716,-0.00146612994745976,0.015062421151551986,0.02868691646661814,0.005182791850460555,0.008321761292314767,0.012773984431128982,-0.0028811334053654436,0.01681607247356065,0.014920417060746871,-0.0024278730972329132,-0.00881609150963103,0.0013459067965864158,0.08274356099221403,0.013541466330845298,0.0424718863492306,,-0.007678886879997182,-0.10861136765012691,,,0.004112895883603196,0.012730407653448239,
2022-07-28,-0.005008789509239775,-0.00476612571601065,-0.0007211597197471775,-0.004704658022588126,-0.01264538281438854,-0.006645438171647533,-0.00730761129549562,0.009762108278532411,-0.011496883844305694,0.021945911091561854,-0.040447537395334576,0.0007816977176586803,-0.02809675653839161,-0.0009490677931520697,0.11036050377822493,-0.000300433204834305,-0.04249984982774213,,-0.09471718257644812,-0.04962423268150662,,,-0.03137194802040999,-0.013033998297550031,
2022-07-29,-0.05812316852842059,-0.0011863674689344128,0.008772036507735281,0.011326695261506758,0.016111151869844687,0.022115742287459605,0.042191803127993976,0.03454000067706353,0.021504865104337245,0.04239138296435563,-0.013938640155917725,0.005827540257706598,-0.007362744904939711,0.06116913113348321,-0.00850326658017686,-0.002637949984089505,-0.05349061359605778,,-0.00784949873291918,-0.10565674020312565,,,-0.03516566494451112,0.03420326773002569,
2022-08-01,-0.010716515392359627,-0.018653006442079234,-0.0013373395183268189,-0.014366710738900279,-0.041628582798727276,-0.0019914870422624853,-0.022017312766129837,-0.022814943831109824,-0.025386943657423888,-0.017364854292681864,-0.04341486414847773,-0.0390600590124055,-0.028069289507848483,-0.05250859256788387,-0.04938578844429409,-0.026545770550311043,-0.03740779986364251,,-0.05895287352745393,-0.12716180188084492,,,-0.03911582470323538,-0.061953108844269855,
2022-08-02,0.04400988260645389,0.02731937607151691,0.023297666152185537,0.022058604943208104,0.0470797558745053,0.006142596100788822,0.02527136785558115,0.010261259754701602,0.021604645195466787,0.03060831231702288,0.012788937174124104,0.026605177150848203,-0.003878456062806457,0.061364648999232774,0.0383231249931677,0.014798504033245896,0.0418825872587727,,0.04583857788455625,-0.0020305484580868116,,,0.036389353587705564,0.012300686530964722,
2022-08-03,0.039531410886517016,0.02884256877837088,-0.0021398990544694296,0.028880008312833994,0.051799395678025606,0.00806045114338838,-0.011152873386372608,0.010455970629297928,0.038977467020595125,0.011469254951961716,0.03790482425498953,0.01869636747738279,-0.027924027496537995,0.11648925182218006,-0.028462692554349744,0.032564742393520696,0.03738489125746347,,0.06988505290981561,0.046735886953806594,,,0.00086917555027477,0.056328223247064324,
2022-08-04,0.0062724324111034235,0.010690001580695663,0.0030101774094344336,0.012026414648700134,0.016354949689993514,0.002946392314024271,0.051095356646555734,0.01895936592907632,0.006525909937078245,0.027698535927600076,-0.01323313811828708,0.1093664013922202,0.04224721349033289,-0.025626475832987272,0.006875746729383847,0.01094204812393551,0.03086548146103474,,0.0011446589872159407,0.05960745065677209,,,0.008375201488902473,0.05613000699233628,
2022-08-05,-0.022403517898568093,-0.009856220479076971,0.012978365797229996,-0.01867003969243508,-0.0105604420097547,-0.006852101064308447,-0.016493869036482867,-0.03456877051119245,-0.021763414649125234,-0.015642355316518808,0.006264518963300825,0.01139092924598617,0.0900211452212023,-0.008374272214575873,-0.031353627540675943,-0.010589217352368174,-0.0029757456876515764,,0.023847840913650886,-0.03872061095623813,,,-0.029250080432325354,0.01586069474740226,
2022-08-08,0.003766594492023545,-0.027206715381091096,0.0017733608095733544,-0.010797613707016818,0.003618084288741885,-0.012828145316730488,-0.003213765102966004,0.0052728178719656515,-0.050704461043592275,0.007432947219260688,0.031090565659801506,0.0017944074379816488,0.04693657658149797,-0.052050184964633206,-0.0826947529392783,-0.016324260009329628,0.01448681991242795,,0.007372672325201446,0.017849314336773503,,,-0.0206802848475226,-0.021496948012367456,
2022-08-09,-0.001366400728106676,-0.019980581899098127,0.01096889307197979,-0.010753838955222972,-0.017352257735967935,-0.044470020546124256,-0.025649430595553357,-0.04759434921541328,0.0011584323010400688,-0.009660689337018358,0.009179368429900192,-0.021896896134302457,-0.05614863819050653,-0.011813884732726376,-0.007564775933569523,-0.01858835709498896,-0.02700789094727607,,-0.004558157166769106,-0.0549528330790825,,,-0.003465224069984063,-0.03398329494261554,
2022-08-10,0.0311935704569839,-0.002613643004899968,0.03078952272797686,0.03883326942970933,0.02151325449729269,0.025798299776818023,0.03966531380662763,0.07431043338606402,0.017732054813375475,0.01923909529916279,0.03135128860693559,-0.003796008379159721,-0.002508327738234617,0.0026720608036399085,0.04229729130807236,0.01719349961853034,0.03116514203008003,,0.04662663548186985,-0.022058208445827177,,,0.03557693935063155,-4.723861556055198e-05,
2022-08-11,0.014178431655416324,0.009912754429480808,0.008596687551377657,-0.000676964840412686,0.02070576421742354,0.032430709318326034,0.06276739352304306,0.034618220897893126,0.010629671319006606,-0.007974331089695696,0.02219843893778939,-0.0009353855692466606,-0.02728096438701544,0.01712047246697468,-0.032896825794194506,-0.0060210980370140055,0.05545148507480757,,0.024224300821221734,-0.02243904434902788,,,0.005274551712712849,-0.03329889708435074,
2022-08-12,8.359898827103862e-05,0.0050128700739506815,0.009945999674635386,0.008811841778879614,0.0035623202714509805,0.007961181363925318,0.00865514832354708,0.005841492169720519,0.007374325151063177,-0.014112431035419926,0.0052621427493420025,-0.022384170947745252,-0.025551405697667007,-0.010380253312501697,0.00015510694542730796,-0.005303396829744678,0.017836017762227874,,0.028278229547005873,-0.014690335392792742,,,-0.018852194994710803,-0.00044866893731521085,
2022-08-15,0.005989252080682794,0.022686858358880624,0.023335852867607088,0.012558393592890127,0.007535215914808102,0.02335540568459127,3.8581873635257224e-05,0.02305257672707306,0.001220253053453746,-0.0046714202222079,0.008939017426329077,0.038265660727852646,0.04621315941184201,0.015783196124243837,-0.004036664163639236,0.025047766811821193,0.0026246477299216586,,0.016771663988899066,0.04117060904718528,,,-0.010902211982842247,0.010470187935325281,
2022-08-16,0.009146034717266494,0.014993927751150826,0.02359573242045787,-0.00535824508822913,0.0063274573416916,-0.008623620019841294,0.007667197445137441,-0.005518882577879913,0.010556427718486194,-0.006288426575441708,0.0057158745551215695,-0.029924585504174428,0.011599857933798363,0.024067571149642975,-0.025408505073296395,0.006926422644619956,0.0356807323806172,,0.002242918314474318,0.015272048365617907,,,0.003000449996045873,-0.009376552514738123,
2022-08-17,-0.0261793392828219,-0.013739807668755266,-0.00475451688098949,-0.021068392387737278,-0.017724367467155777,-0.009958279980855411,-0.022835998136727875,-0.03820847148079143,-0.02212774414832719,-0.009494691090801699,-0.03830139301469737,-0.04358250817964837,-0.041471955642055414,-0.01244007434700023,-0.03250860594948901,-0.022466739082957043,-0.026450137622729852,,-0.0610430841765921,-0.014954098759695111,,,-0.024079114470407004,-0.018215292030564267,
2022-08-18,0.007972312017877847,-0.005451370246320031,-0.0488483128827053,-0.01945825960079406,-0.00033916677911383086,0.011977856347950011,3.208346835381626e-05,-0.00035735575364326255,0.009712209515719383,-0.012316654578254593,-0.016013898756244704,-0.030023754408730396,-0.011272521305501715,-0.026719845145177445,0.006973670065809623,-0.03668924785185823,0.008997338473392347,,-0.013280208351351686,0.0231583549928136,,,-0.009460822865599794,-0.01820775821765741,
2022-08-19,-0.01813841373464964,-0.012340079364145162,-0.00098580797697434,-0.00858336409930005,-0.020756159946438424,-0.025583409541434454,-0.030855456446630236,-0.038489848773514135,-0.007781979510786852,-0.001351319182275601,0.002469905913596193,-0.006694498990202469,-0.0019059189982799651,0.0017451654654390136,-0.03539561075614317,-0.011748783478763847,-0.013726550697881423,,-0.09498068422695916,-0.014464851756532782,,,-0.027555839332967236,-0.03201541675630093,
2022-08-22,-0.0022692436998658083,-0.008108375318504502,-0.007999642494330272,0.00025363859068083805,0.016758675884977814,0.01875112140408608,-0.028477630625036277,-0.00144055152121636,0.015570519616281642,-0.013374227582396259,0.027702686998833048,-0.02238970003735019,-0.03149549673335306,0.008138787736235331,-0.016188534516270003,0.006103193196694168,0.00905365598257557,,-0.044810452349704266,0.015188206892706502,,,0.0037991054915631484,-0.01671261369220811,
2022-08-23,-0.003359520303574892,0.01355613764165553,0.008714902204603803,0.0052944050955108235,0.015642269081598936,-0.03774251316417965,-0.11416921268885627,-0.033622862033317436,0.0018248186571223624,-0.010000103759016499,0.004335532615822091,0.009931212350174468,-0.012081438973315817,0.0018018801950885344,0.0025267816105161156,-0.026139575296601603,-0.056760855894544604,,-0.012219472192091074,0.02698952397920862,,,0.0026129153951781614,0.006111680446875933,
2022-08-24,0.05209982852752337,0.05137508109495981,0.02363022445908247,0.048753784957562774,0.06228848746798987,0.02841162090387983,0.02751757321553594,0.05008206035960194,0.03799001157820303,-0.022452417580145045,0.055859730221365256,0.03558849503303496,0.03591587842272492,0.040705033191520634,0.01790086873971397,-0.10662717742613637,0.04832612788200796,,0.014993011087296226,0.058916750591974765,,,0.024508128248256433,0.036550724072506036,
2022-08-25,0.04439888594892305,0.03426260772350331,0.016480426958515926,0.04449287057777562,0.07978414177656035,0.04982344709432107,0.004758574610300048,0.04333550896762062,0.008695445692224801,0.018609627578584975,0.0358507479040604,-0.0149361828042891,-0.00893986594221996,0.039694003750468054,0.018843724022389097,0.00014135484506638818,0.05484495525939925,,-0.001313030726914577,0.17348814921475597,,,0.011543315450951885,0.038952419326292675,
2022-08-26,0.003310787796282133,0.0022669303370530525,-0.0075311792131569355,-0.003630422273335432,-0.016680142185136027,0.003981776778030355,0.005091415255452647,0.020890221162883194,0.01307104210132537,-0.0333842723634965,0.041960396569447056,0.0018236485912337397,0.019471937938906336,0.007214323624187502,0.006256664473490714,0.00567464077151536,0.03765795305586184,,-0.022753230161336235,-0.013348289609967812,,,0.004077361329917872,-0.03591505269482875,
2022-08-29,-0.004088534727496151,-0.0019006754646768709,-0.017775268985740444,-0.008810686888607644,-0.026153244363655848,-0.023732669852623234,-0.005743155846904324,0.012128443939399602,-0.04571964423909469,-0.005215515777958757,-0.02294180974254656,-0.05436458056393634,-0.04653699014210311,-0.05198899266371759,0.011283188035618341,-0.00027291802763651507,0.00019703415146477,,-0.019037485122680664,0.07782873518288391,,,-0.043985070694843476,-0.011530619540519926,
2022-08-30,-0.0331128741274076,-0.022912441875426626,-0.021070245773292973,-0.0768276203268462,-0.036272280735450746,-0.021647828493324472,-0.008374586314376375,0.0013512217760505152,-0.059809645681175416,-0.04365922305676451,-0.03008805854593022,-0.005781100148980145,-0.012323408858225249,-0.017663868406131544,-0.04495059477833874,-0.03573186036014431,-0.02947278261884745,,-0.057175618721349686,-0.014537652819955893,,,-0.05284299398521397,0.02153873323237021,
2022-08-31,-0.007338893998021789,0.009575887230223179,-0.020160611043554155,-0.0017613783265240102,0.030555110800478014,-0.019909470445367505,-0.013828801403746982,-0.01592196700479087,-0.02098107896811907,0.013681381027221384,-0.044742694656237925,0.005254193421780906,0.023124532228961936,0.013413127303673056,-0.051452117025334476,-0.014156987005970345,0.01778257034879216,,-0.009507823667854076,0.042728218315054356,,,0.03451529703921974,0.035249736046385705,
2022-09-01,-0.0029260682749968625,0.010798121759372892,-0.014042048821670705,0.005219587062851527,0.003257140531008451,-0.014577508233978076,-0.034727555966706625,-0.019514208561265733,0.01786962909592149,-0.015653295509886922,-0.02493793102360442,0.016658961609802958,-0.02210849062976461,0.019766989366843735,-0.0007641801389896008,-0.009845093766290614,0.025818985060027444,,0.008366265754039093,0.023166475553158428,,,-0.01040219870872161,0.04240792087772993,
2022-09-02,-0.0065548588311648,-0.01433620855636275,-0.012501843478874064,-0.01371822791073296,-0.03817127629345607,-0.04224133243100037,-0.016650351556887655,-0.043676719678898634,0.000887167850486259,0.009511276160753868,-0.02079998589311982,-0.00548694119454729,-0.01585864281316196,0.05217663747681245,-0.03576615123072524,-0.011302197574268757,-0.0019325119617482622,,0.00880159897203936,-0.02880998450756067,,,-0.004698902837470431,0.028853618658986502,
2022-09-06,-0.014443032205976647,-0.015582699009091927,-0.0184476080201752,-0.037451730279333906,-0.03980166358164061,-0.013677342999601994,-0.03781092643381201,-0.037326337559798306,-0.025355905305258775,-0.025406748355074726,-0.022266827047068616,0.0003402440703919041,0.043987600467480625,-0.0389991439505144,-0.039072082097277194,-0.05346255193456051,-0.05052851749014875,,-0.008827043034211446,-0.05828095856917559,,,-0.029393815431975057,-0.009343083987026324,
2022-09-07,0.01711197347030824,0.005192628282491896,0.0016582743288118262,0.017129861473000663,0.05164604431674258,-0.002537318693332846,0.004736022949218821,-0.0013881685893043505,0.00338810780688914,0.005987370970013783,0.023436970441120364,0.00120522878471796,-0.06816228030003901,0.01545117666698781,-0.0119086685752402,0.006983149293066759,0.02452533563373116,,-0.038836693253580634,0.018719293946147353,,,0.019543076604396914,0.02679050038337416,
2022-09-08,0.00726423902864215,-0.00031810683239208437,0.01606873395430397,0.007561550226848901,-0.133470615169074,0.003520405474959354,0.0061526064171417705,0.018908030782153862,0.014505309430646651,0.0052194194893930845,0.014325977477973373,0.03654882400881654,-0.05262034222928835,-0.013687659498985205,0.019036251642562618,-0.006670527473554455,-0.04600071710773612,,0.06310796793458295,-0.006074048751014027,,,0.028464583053907866,0.05675756051425673,
2022-09-09,0.006691019658986441,-0.025969393365479543,-0.008362467537559648,-0.011520144096239138,-0.0030067647777001216,-0.0025860432317144078,0.00015478513793976134,0.04435304419305597,-0.004260429471662386,-0.01490289761383734,-0.006185101196729548,-0.006080499798588823,0.052283452852125434,0.015941451444198673,-0.0025617244770013148,-0.010006014052526213,0.012052528859123113,,0.03650262945874472,0.029028020730947235,,,0.03970386640341528,0.07500523359383293,
2022-09-13,-0.03752790216216595,-0.034386123531318646,-0.01451953022021657,-0.05344647483656639,-0.047132511150527634,0.01615498455744202,-0.01495053287953263,0.025178702546847953,-0.02846110476557351,-0.027712079983884808,-0.02884908741072645,-0.023519018143152937,-0.060980664432712994,-0.03706226544519242,-0.0035939324051339483,-0.019646947045711904,-0.025506289484229505,,-0.02716198174277762,-0.018917500972747803,,,-0.017812017409010616,0.02147439506145199,
2022-09-14,0.0016899451741270166,0.007516346086523962,-0.0161345914459885,-0.015984988637496533,0.0034748770637131887,-0.01344875875933238,-0.003573696463502807,-0.003367852521730663,0.012008160692305037,-0.03413135745921414,-0.007024380106303019,-0.03133294656529506,-0.03510022639284216,-0.017068104290855368,-0.06671888215412303,-0.011920567846437802,-0.017814298557496944,,-0.07156449384069918,0.02376736028829307,,,0.01130762277449171,0.05644846983527052,
2022-09-15,-0.01077555530770502,-0.0024668711018012157,-0.017300254532530257,-0.020367026729047,-0.01714702876567642,-0.023256988070856743,-0.02299941514580539,-0.005731277291471382,0.010107877609330185,-0.04986712789056369,0.018932263146721695,0.038335000075128356,-0.024881219858790105,0.010870281352759248,0.02705268608404654,0.007099949319615995,-0.01314373683135106,,-0.06193542665825047,-0.01711788470337605,,,0.016310300370003583,-0.02536492029415205,
2022-09-16,-0.02305724860893199,-0.02556251042815061,-0.017865664285741434,-0.009344054763716136,-0.03457867077187138,-0.04600194975955085,-0.040458065285774114,-0.04724490033345041,-0.032162120294061736,-0.005287114506571489,0.022064047337264414,-0.011504856794788965,-0.005513892349958471,-0.008897520727206953,-0.06349345084403668,-0.037203651789183945,-0.04505226437535137,,-0.12884730003179612,-0.02256343906330549,,,-0.015760354696871093,0.01575292879592438,
2022-09-19,0.027564869283683846,0.025734343080574096,0.020267629930582398,0.022870032028101006,0.02997761781364705,0.05225457663550137,0.07590595772888831,0.055646406125058334,0.027257792161188954,0.013613159440978073,0.017587532386343252,0.026097322586852156,-0.017534497851344866,-0.006715500587063383,0.002901717348853916,-0.0116850496001899,0.03208483988588973,,-0.04167238787596217,0.031262402568868364,,,0.00525317629222366,-0.060674249018778936,
2022-09-20,-0.023440176654565992,-0.009294433337571628,-0.0035515951372104837,-0.005805991241945918,-0.01771262004594687,-0.0015505711675066758,0.0067067627984320755,-0.014178187301776446,0.012394356285868602,-0.003609139205349998,0.04633574923426642,0.0067494949597037834,0.04340444887957906,0.0023380949278362095,-0.03238431743166259,-0.015497873943654206,0.01025441531655491,,-0.07028977405369208,-0.0017084779659481963,,,-0.0019705849167668266,0.01019954082807728,
2022-09-21,-0.035970495578258155,-0.03087985764163892,-0.01794732542989852,-0.03043554450536523,-0.01184260881281396,-0.0701622141827708,-0.09272884881133858,-0.09087458338570842,-0.06913635982231237,-0.012496909744502904,0.012513854401104973,-0.01128430353595089,-0.10819706149711139,-0.07525671875433915,-0.03417067723129141,-0.05457065132404526,-0.039777234427978314,,-0.06468867570691916,-0.016869863021038434,,,-0.05503010420582388,-0.07940548946684423,
2022-09-22,-0.020489064185875594,-0.01102167205682092,-0.0068394347789118015,-0.016140328169771956,-0.006713529882108604,0.016013593059305054,0.0005064714327027708,-0.014088815862455917,0.021615723196563463,-0.03301045704765315,0.004193219463700881,-0.011722558418012397,-0.1431913442864997,0.04785820479020009,-0.01945372790407429,-0.012175147671425246,-0.007459593777638607,,-0.043645752956568695,-0.031055216844748434,,,-0.028050852400726356,-0.054898562341186286,
2022-09-23,-0.013881824919510177,0.001404784091893152,-0.006233132005840192,0.0009201502761295721,0.007898427203707925,0.030580369342847913,0.04474191382284065,-0.014558089607862534,-0.01357397452221265,-0.028271183423294932,-0.0459056834390249,-0.015229439630375374,-0.03357969550209727,-0.020969898128057607,0.005754372180388989,-0.026430670396167533,-0.023515367950962873,,-0.00783617121939717,-0.01888751983642578,,,0.005687522353463814,0.008981735245390698,
2022-09-26,-0.016184250859975435,-0.003103361138996008,-0.00758884858498543,0.0002019347617971956,-0.013283278450870739,0.04410490320834559,0.0071291159565995965,-0.0106609453510641,-0.013576662043125909,-0.010354055987266353,-0.029600734776783932,-0.06428380958263014,-0.004034661949721685,-0.001944605513455877,0.05991256243751897,-0.007664074595006287,-0.04029985947855952,,0.01546957202168775,0.02404925733195129,,,0.03007496383779018,0.04315270755515166,
2022-09-27,-0.019217853205019453,-0.02971108612518303,-0.00809018752285151,-0.012464572784231853,-0.027200060798766246,-0.024717521075380056,-0.04002115141643692,-0.043055848665462415,-0.03420339257027294,0.007394209265071394,-0.06933251877010538,-0.014010044294821666,0.009490145878961131,-0.006987055118459762,-0.027319195859852763,-0.002175934161899873,-0.02427793250429411,,0.006317908792791371,-0.026412330462566747,,,-0.04085302017436199,-0.006489741700903107,
2022-09-28,0.06382044863461456,0.03353065132945798,0.020251955228856477,0.04306201598872583,0.04274650735873209,0.02493464135323964,0.03394435178294897,0.04160458070952666,0.038054530064948855,0.05073046881225274,0.10208376938110453,0.029957114206112134,0.002272736589387092,0.013433448044537277,0.06150868643544283,0.019106469857373742,0.03139336929692749,,-0.034127311368695956,0.08972486655215373,,,0.01591384286339803,0.06364394802057594,
2022-09-29,0.009313818436265331,-0.004329184789468754,0.0035251832654159543,0.0008240411929452129,-0.022106198622744655,-0.02897579261523775,-0.007839619147566368,-0.06581885451589087,0.0043804024556739485,-0.007491853048201991,-0.029897589000933866,-0.016970390342640584,-0.05382844962611588,-0.009233136613677084,0.014778112439246094,-0.012530503816573946,-0.05010384436664783,,-0.08145925469108617,0.10290707032681001,,,0.0016564366024824917,-0.018331224121048928,
2022-09-30,0.00687860627903647,-0.005954547479341543,0.0015691743370092048,0.010352191675769173,0.005483851679210394,-0.00320476204802278,0.01959474532583516,0.019672088028631185,0.016947648421146377,-0.010858443342647295,-0.008654606504662543,0.004397160194251848,-0.02023239345010952,-0.001086313518153026,-0.05449795809081437,0.0017306768250919813,0.0853255727281732,,-0.039456842456828345,0.09376395041745855,,,-0.03738361210395813,0.052155075147212626,
2022-10-03,0.01658902797519146,0.004951331660355107,0.019855574916582963,0.024778606918346657,0.01641360295320915,0.020238307648162035,0.003012028369246522,-0.020215698185808484,0.0012838201561993223,-0.013274857280190733,-0.022068182878747677,0.05019499286282403,0.02120048793536977,0.05762013515425113,0.01696167849128294,-0.006392926068808369,-0.04376866741517227,,-0.07043502246517885,0.0659566608122415,,,0.04915979079839783,0.012710207361921633,
2022-10-05,-0.016582118903182397,-0.02377139108913573,-0.01204424301250695,-0.017520910187814098,0.011394619024716945,-0.01930921003230246,-0.049918197421491284,-0.060387533987495856,0.03026394111322883,0.005460468234775417,-0.010288631372667667,-0.015674805579965256,-4.888864460195208e-05,-0.00638390580742032,-0.027825178228188974,-0.020931438445639827,-0.024059439943804994,,0.03148879648872405,0.03533905994279474,,,-0.011026313546249611,0.021000816757697827,
2022-10-06,-0.005013868752322015,-0.01957913860962035,-0.011230688481203233,-0.014239542937484861,-0.0268388655069125,-0.1308362648508461,-0.03728115916829444,-0.07325151677113495,-0.03968232905143532,-0.008387157321630201,-0.0374409660252486,-0.001323227060276655,-0.05620457677587953,-0.008491752873347025,-0.03706164077526153,-0.014577577340145531,-0.04772297230061162,,-0.0009803069978266965,-0.018819987773895264,,,-0.025753863291125723,-0.030891685829752435,
2022-10-07,-0.020089347860631657,-0.017581473779120782,-0.008981939848962672,-0.011043988156275386,-0.03592251995999329,-0.0475974384755794,-0.04035216385086471,-0.03558372664472087,-0.03141265705467089,-0.009107711976754307,-0.04316255627443388,0.0023346210579173743,-0.04850576226775738,-0.0159846384944764,-0.03607015654760104,-0.0363488080481964,-0.04305060078303513,,-0.0417005263941449,-0.008433640829677791,,,-0.03518610840822822,-0.045562870251234844,
2022-10-10,-0.01206372464627481,-0.02738176037547646,-0.015882897508823435,-0.027670162141335886,-0.057224609322831355,-0.041497674481206115,-0.006824042032716471,-0.04451801874460759,-0.02338561835665509,-0.005685859228993895,-0.0554812847364089,0.008159814807875199,-0.06079334002488612,-0.014051259239848846,-0.07736657730508267,-0.03758530466964349,-0.038750012152500624,,0.008459433888363899,0.026462209093495392,,,-0.06317684409532731,0.0006780240516939262,
2022-10-11,-0.02692244427438306,-0.004371792164569732,-0.012794865870287553,-0.02542581357918894,-0.035738618675217215,0.016328294853792613,-0.0018164685088285504,-0.026941820347138212,-0.0817417466415139,-0.06396146353890164,-0.044148795935236684,-0.024636528656559964,-0.06130107184302236,-0.01756986426439555,0.01119888148410575,-0.02290872817921097,-0.041565181617170266,,-0.028449086065275964,-0.04629936857708117,,,-0.003137588226580723,-0.037009090985628434,
2022-10-12,-0.0005625405659578364,-0.01718637054268124,-0.013422871363728328,-0.014464921274202847,-0.03309664595524364,-0.014424720046498418,-0.026420876020456063,-0.01839391928759815,-0.018363561757028357,0.012782577844185683,-0.014842983503345897,0.18957805827729324,0.007333316859734262,0.02670516825697078,-0.017707231933708156,0.008694917993837148,0.01777770808554613,,0.05248069932644661,-0.005280791874920365,,,-0.003444601252562074,-0.017248925837729523,
2022-10-13,0.011665847043951016,0.001186474074942101,0.017572809703724657,0.028708213543353622,0.008369339489538774,-0.012532414177090168,-0.010141530706552326,0.00618211954673864,0.017835474495510706,0.017567278060103275,0.037941610247170354,0.043368788675413494,-0.0012938029220070923,0.0422088598420991,0.016361646171848543,0.02074267116458639,0.029691997478042964,,0.1631069033755439,-0.03805388493732165,,,0.009077804684476831,-0.019747938859083325,
2022-10-14,-0.02188346167964894,-0.04956315224340524,-0.021832569434122262,-0.05743013058505486,-0.055854679237655414,-0.05865392102292455,-0.07483148907180981,-0.07628879128841559,-0.042763787300277745,-0.013189368251716016,-0.024337966032019764,-0.0074014527458651225,-0.008710222507511634,0.016674829691537996,-0.02822884565079975,-0.04152042077453877,-0.030500157238578574,,0.10211273690972389,-0.05141028619073962,,,-0.019689046742937033,-0.0482831647674099,
2022-10-17,0.029027390900552286,0.014622860787111946,0.02221733051149033,0.011051979719876703,0.04227616191887362,-0.007035154990535308,-0.007891048324833339,0.01151635704922227,-0.0001605244020748131,0.02785594114036849,-0.001706225221895119,0.032089725804445024,0.016454145471660686,-0.006277999936063816,0.006299950175719049,0.03477422666277108,0.04466273757786632,,0.13040427699323964,-0.010614333253195274,,,0.031543316043433745,-0.0001358666102501127,
2022-10-18,-0.014460720656619408,-0.016759020088647825,-0.017216236007268404,-0.017024162768007,-0.02391725465582295,-0.00863246156593278,-0.041148869753993345,-0.033883745338262994,-0.023131051083072895,-0.016222417407409484,-0.03131467470047089,-0.0517630776609207,-0.028538358329587066,0.005614571240621258,-0.004818619774686783,-0.030417776872802782,0.015430010581687359,,0.15330603088435502,0.026307456505819227,,,-0.020246104062893844,-0.027989537199737846,
2022-10-19,-0.0381135466927055,-0.03932302274496502,-0.03797107759423546,-0.08071082501002891,-0.05480484853712231,-0.08167532597325333,-0.05485730849637249,-0.07483613818954493,-0.06500537207646662,-0.031695873670376296,-0.0492482619694139,-0.0813593480824174,-0.08019636360091198,-0.063913851764267,-0.06766424513509006,-0.03112628052750721,-0.07620129447335167,,0.06161136020140012,0.0058185374564303505,,,-0.06457531700819519,-0.017360142176565008,
2022-10-20,0.010907240489017145,0.021365003656834913,0.015529504812147987,0.0012019183866252003,0.013893140880915533,-0.011709198710864177,0.025043543090738973,-0.014244704091111782,0.0036965069630072733,-0.014063904374671088,-0.043426096331098396,0.011331349861789297,0.09733748814829202,0.028030201785379294,-0.006175890229573988,-0.02714773003413684,-0.034132796468373305,,0.13120819270503614,-0.010774728030636616,,,0.006403910766236809,0.05420785254528493,
2022-10-21,0.017438556090778157,0.012912510146766865,0.020804623706226266,-0.0027506189599131314,0.02332387681937398,0.03005241114877677,0.0176853774294341,0.04244629089333696,0.01895213177040067,0.0070621132303336775,-0.04238068280648333,0.03601611850961861,0.04247902678243776,0.013713817316490129,-0.028941836145980115,-0.01881433117035669,-0.04674941676597699,,0.06121507154769423,0.024787394017556474,,,0.019470176610048018,0.04764918886069003,
2022-10-24,0.005047876023564157,0.014665014821954703,-0.0016627686651026208,-0.006996146534146819,-0.01989151356741714,-0.07742839370607324,0.027453424675734972,-0.03289658585177979,-0.04985854592210659,-0.05142904581083563,-0.060703075249357585,0.019882069849449957,-0.04733073257478426,0.008194275977436494,-0.047924495666831546,-0.1459202075462228,0.024663724690716204,,0.02598456739199717,0.04477940096016075,,,-0.04174226769331035,0.08262976902780506,
2022-10-25,-0.024658760930955537,-0.004430704244567152,-0.016522880287132002,-0.005819676932516393,0.03036120980513779,0.04355446215724612,0.08581986117721874,0.10299490851326931,0.011483463356877444,0.02662522277521684,0.040478816772706816,0.023626872786203235,0.029940368488871272,0.03965019806782166,0.042327898096393035,-0.01698302732379131,0.010730615634110707,,-0.0007373178492687815,0.03133820806127274,,,-0.0038578205671851995,-0.0074435135573392985,
2022-10-26,0.0789638042312184,0.0853614846585411,0.019758813063039726,0.026137544085828024,0.08451761495385557,0.026592536372125775,0.01879183050380795,0.014963359383685093,0.02661619920806646,0.014970754481181459,0.10642927787474799,0.03379406449955602,0.12780707436080618,0.0999596561229632,0.23307021913474224,0.05029773861868159,0.03585749982506514,,0.03533712463821237,0.14145653613984144,,,0.06421093233665243,0.10015790380602985,
2022-10-27,-0.0038591184717344795,-0.013216631738270257,-0.004556030106675268,-0.010279122160616994,-0.029541055658712567,-0.023885838823183625,-0.05448690979885884,-0.03467642621567035,-0.021999104020199667,-0.012037969667173742,-0.025347566228811402,0.01640405941791645,0.03489996636059134,-0.004314895673920183,-0.011710404988774403,-0.029873902818888798,-0.05120808169527702,,0.01125946869432437,-0.026159612497003493,,,-0.017754265886578358,0.06088187805411449,
2022-10-28,0.012782164555846576,0.013555548851489796,0.023966385665844525,0.01797233617671057,0.020351985963299235,0.04218823919820869,0.04003221761443099,0.034122497020698805,0.026343127315451298,0.034929911827433546,-0.029541092114925505,0.05414579524425056,0.0863687323145097,0.07679355356364637,0.000321895581969045,0.01253053079995059,-0.022458005050016827,,0.14010765730099872,-0.0018231044679002384,,,-0.013533977909982231,0.08605078810289024,
2022-10-31,0.015099478821223533,0.00854415312025436,0.019969448150132685,0.000296337114346068,0.031086314067378495,-0.0018689001070822941,0.022808254917734194,0.014669976973346044,0.025502223008861957,0.02315693160356247,-0.023651257730807118,0.029971803297478727,-0.032799028902699146,-0.020032977953988507,-0.030545812410457174,0.005043378675835042,-0.0011615839482189694,,-0.01032814520394787,0.02742748220002067,,,-0.01142380775584384,0.05125552563311753,
2022-11-01,-0.02237749707999037,-0.04089637503382848,0.013752911147794977,-0.04943520332612472,-0.04292336682007525,0.007834504153035216,-0.08351247397141148,-0.06652233738832136,-0.006569075899390375,-0.01343076442264135,-0.01802686251659258,-0.03940963186414037,0.033652615786855966,0.06888132987181672,-0.018037824030899485,-0.016323957019617974,-0.047900305531298204,,-0.06242316361830369,0.058251339344685515,,,-0.03489996620709723,-0.02869735028387166,
2022-11-02,-0.0581027119469234,-0.03239714181475062,-0.045323973923424576,-0.0541463019828583,-0.05784091978565542,0.02402844758010092,-0.0441410383113664,-0.07576939000849325,-0.03301660910896631,-0.0672271293328659,-0.04137952203550399,0.01258630836544139,0.025311190363936475,-0.026916564152523637,-0.02114928959269191,-0.0649627486205121,-0.057101548440553485,,-0.05490456556306067,0.03581290763809175,,,-0.06720970316303754,-0.049261641291360125,
2022-11-03,0.0156276114674343,0.04078766024383085,0.022703481552779792,0.010960690583460941,0.031113077771436792,0.03284996467884094,0.0335637173616834,0.06301927365553528,0.044520729940476844,-0.0055415346094344065,-0.0041651504065984835,0.008782638511949381,0.05181733964787005,0.018627121131395086,0.0212254183927012,0.00778771108569698,0.0038507789562156614,,-0.06758769673516574,0.11460953446180544,,,0.04387817953166917,-0.003607156104140641,
2022-11-04,-0.020043422119862986,0.015070941895102496,-0.00553795858134376,0.012105849169822713,0.0814198888216624,-0.03924400694678798,-0.04395497598728726,0.04069468141045607,-0.015263062005580585,-0.010058064662216815,0.013766826165543478,-0.011758496571774524,0.03757728577569952,0.02103769889889806,0.0015808672470001284,0.03229725380341031,-0.0562397057702001,,0.007000062934282125,0.041106728003557524,,,-0.011407683715173644,-0.0035978337098541147,
2022-11-07,-0.018670422674238907,-0.013046086131214274,-0.007840889337494827,-0.02829740519915569,-0.0012787237854876565,-0.04650766618863644,-0.05351180073023587,-0.07968374884983609,-0.021891632783560433,-0.030701436572231233,-0.047206913926429395,0.021071906477576174,-0.0023024036352741195,-0.025881453137589938,-0.016942300756824125,-0.008293912226613465,-0.012375358890105215,,-0.03584115766052243,0.05631100341714501,,,-0.030656876496504948,0.05829139241125203,
2022-11-08,-0.0036876227571450704,0.001954306827002039,-0.004652035796885778,-0.0006851481739096332,0.007169852701029766,0.03637955092176659,-0.014654873940174173,-0.02761287639987131,0.003219623163723817,0.009342987967439154,-0.032938987320017876,-0.003443052717570616,-0.05003853882313414,-0.017448157911609696,-0.03461704574747271,0.01456560509521121,-0.022318161935517722,,-0.04626163719846921,0.017480722317329223,,,-0.009064961822595974,-0.020263530618675363,
2022-11-09,-0.03610677542206808,-0.03174674088085705,-0.03262492060616906,-0.028276474574150834,-0.06472934769426453,-0.07972143317158997,-0.0973534766899633,-0.10420514113861623,-0.05840926789880174,-0.013024185014353762,-0.09033605336534267,-0.049967802634585334,-0.022881131260121812,-0.04099844302557221,-0.0456207817251032,-0.01991185479528823,-0.13710208657721668,,-0.10086409222636383,-0.0049126395911041065,,,-0.042439868393115865,-0.04523713746426816,
2022-11-10,0.08660817210677618,0.0895852985355059,0.06430110350388474,0.0790377225154677,0.1590935623495504,0.06348272801633614,0.052563133712499654,0.15369564728526397,0.0782101816481886,0.011925844195577628,0.07495058455064463,0.03164711484366922,0.04853780040700384,0.027023669899647107,0.041375133998416525,0.03769521898050354,0.048826156669771414,,-0.004419007088401039,0.07833271276793052,,,0.06100738648915294,0.027868035974610184,
2022-11-11,-0.019740646926775685,-0.0029209938283946135,0.0186829302674405,0.02669615133362191,0.03489030320698272,0.037846835610802376,0.09371824823819308,0.07075358797709996,-0.03636571499259844,0.02582019426356541,0.047798400260868235,0.0013520136299975949,0.21410774609506023,0.021190391083762528,-0.08582496796654815,0.04687510354473878,0.006800815991673925,,-0.016842298853158577,0.05853009002852683,,,0.019226889952427717,-0.02056169900943472,
2022-11-14,-0.016685101632636812,-0.00786286446844342,-0.013132931729351593,0.009821412766773063,-0.007639660494588862,-0.019999440029922266,-0.02449668010270467,-0.05174327209293217,-0.01717676862509876,-0.020916019974968836,-0.01535700862872691,-0.02358762013021376,-0.042886273507009576,0.0029219683423420406,0.02702852385308918,-0.009508815610028587,-0.01239854000156082,,-0.02525030643982895,0.3233525088932463,,,-0.05689258108103157,-0.10379875328056176,
2022-11-15,-0.015534205998700923,-0.01815711470117687,0.020104701063676345,0.006764397762239804,0.08941149858185105,-0.02230671573821441,-0.06753666976640182,-0.04507819679678515,0.004545054757274958,-0.023814107592638578,0.07780111206801354,-0.020334918374504185,0.01789113846583379,0.0021099275169043086,0.006268376881635618,-0.018512289475150823,0.020674952498380916,,0.07980283045478798,0.19862752181210097,,,-0.02127840793588387,-0.038005925802106044,
2022-11-16,-0.030451472447042827,-0.017184069443461403,-0.01969513371149101,-0.04123247916502948,-0.0273881586122543,-0.04822173139133179,-0.10677393351503894,-0.07322963755107348,-0.02302202518412788,0.017536033240883153,-0.029231183152819917,-0.02614483864518824,-0.058952125132555766,-0.07118867177370969,-0.03412157576541763,-0.025202804246484467,-0.05746310204730076,,-0.11356912492716331,-0.11344156570212782,,,0.025786896467913767,-0.05743023114257506,
2022-11-17,0.053142366830088994,0.06950572589796611,0.0734651418123844,0.04778629798000833,0.01598784270735587,0.03870076949508916,-0.03255634962580589,-0.0019818922852639087,-0.022979824028574902,0.023709709507898857,0.02475105345911599,-0.036589205081664966,-0.008934654335978842,0.010711416150520403,-0.008310698304111686,0.010000068330307199,0.10065202504086312,,-0.07098277289763588,0.06519688510287192,,,0.004969282928611651,-0.030423045161898865,
2022-11-18,-0.01520583532704245,0.0064912036811093365,-0.016184279530336965,0.0014751009151223737,-0.03350971525803126,-0.006127328274507793,-0.015666005663422244,-0.0025180717923275475,-0.017358628868800907,-0.02427790340441771,-0.07773186281995503,0.013186481956152019,0.009643456181090082,-0.01509986869537061,0.06851526852282919,-0.003490187293362923,-0.05256162783352902,,-0.09892619264697167,0.01794172529382143,,,-0.013310431976046422,-0.028904591900959065,
2022-11-21,-0.012596146983130607,-0.006522663026234388,0.003393168485795073,0.0073267783170196665,-0.05442958033906464,-0.002307264266419473,-0.041271271370767804,-0.015731313384153345,-0.02790980200789661,-0.00848910776849865,-0.014046411223646915,-0.03162465751733312,0.03503455832442848,-0.015089065797060153,-0.04264069589360675,0.017954581709724637,-0.011122931009199144,,-0.12549093119321275,-0.005327654855819763,,,-0.02005633367062054,-0.03841994218691491,
2022-11-22,0.014105232378225363,0.018192554643103653,0.007254460997182077,0.031747538465131786,0.0061425471145037935,-0.0033134915523960196,-0.01677006806045611,0.023866841073218348,-0.022819892063945635,0.011266865314984775,-0.003551694682411455,-0.05288305420415873,0.015928150028134747,0.01978123104299212,-0.02614285778846659,0.02872764108744086,-0.007218159465057328,,-0.10808008937416047,0.030042965404894595,,,-0.005484892743306213,-0.017127636509306265,
2022-11-23,0.017350606605153196,0.0003362288636812316,0.0016794982798062907,0.019752316869490638,0.010857572675073923,0.008002583227161297,0.025946007428934603,0.03448300623726874,-0.005024797219576493,0.0055616361617363275,0.020174350920012074,0.020703231974908753,0.013377940337127248,0.0006979753516009879,-0.00814353544572044,0.02062977627212992,0.008459362905319345,,-0.027369998121816286,0.058423338595651186,,,-0.02153644534414778,0.008541042449808023,
2022-11-25,-0.014156836729783295,-0.027781474622299074,-0.014489844869086221,-0.014342526747114781,-0.029459916669935415,-0.018255756046652527,0.001912739723821888,-0.009832503929899206,-0.011570780699566519,-0.025972374554534938,-0.029106448923074568,-0.003838290559952773,0.013016113694013454,-0.06480789006793386,-0.022778693904647263,0.011352776089434302,-0.001020499703300315,,-0.04863173585983327,0.02242580561462204,,,-0.0006446450898400791,-0.009147273623118402,
2022-11-28,0.025758117605952924,0.024991500987972426,0.029192364493265455,0.025760171657482234,0.02828303874334326,0.047636726978381505,-0.021859263561121,-0.004812713945788527,0.06857559439995065,0.0007497562881615405,0.03823568779062425,0.006407218778875512,-0.006388529292975398,0.004645907453976861,0.0010372064052484031,0.02682933346927685,0.05576321715320032,,-0.06661911511119001,0.06315516060127746,,,0.06795497377619242,0.052587284460000605,
2022-11-29,-0.009556013484850912,-0.013129508226083275,-0.020224210474445004,-0.008495754099891784,0.10798033076228886,0.009642125322375739,-0.01119822995174058,-0.025063498388760763,0.0015446076204448378,-0.020021072048996835,0.06147286951073183,-0.03909627802231708,0.014389576989318531,-0.013152486882050285,0.015556275422143218,-0.019756162366611263,-0.04991088269472921,,0.011148469064992561,0.060335186155481724,,0.09916324484548444,-0.051340329423746556,0.033028061187562185,
2022-11-30,0.06994561723710313,0.020609418625674003,0.0164694354718673,0.04361153008082197,0.06935821479753534,0.10081033599637146,0.25459445811703496,0.14605493410504522,0.059225221722796206,-0.002020078421564264,-0.003973185247268751,-0.0015226004958796002,0.10728868592897056,0.01983153820329364,0.002147130600079983,0.010921545651548348,0.0560329230281722,,0.09479307498138145,0.07012719412289226,,0.011144120692665238,-0.03394024753797964,-0.11660237653594907,
2022-12-01,0.012588292947495638,0.004364412803105067,-0.011738769529798576,-0.007326821288047736,0.01093236907423023,0.04160861765783164,0.025206297847992998,-0.002545584889508179,0.009483587060103549,0.015541796921994422,-0.08481688557251321,0.01753304806381295,-0.020343726874000212,-0.04563927611506757,0.02949835264972056,-0.009568161919186746,0.02457736591001547,,0.001774028489407442,0.010449976873321942,,0.054334802570678464,-0.036563625921756215,-0.04649766436122793,
2022-12-02,0.0327560826657014,0.0501608704162777,0.027125799953726437,0.043010293757580476,0.15614442950130858,0.09258334679319424,0.1419906872248038,0.09070832168903631,0.009519915635041176,0.0015880939234049762,0.09647545681376313,0.023709176198370097,0.0022954587664465453,0.06438022124306353,0.06061685364310043,0.0006792465666349834,0.17618631304308874,,0.11654439889249146,0.12916042069235267,,0.07950068369686658,0.03536182688866041,-0.03648391028881637,
2022-12-05,-0.0492298455780682,-0.0465137041431779,-0.053995868883770726,-0.03494640887052036,-0.10878249129761974,-0.05423378581534577,-0.1046299129836743,-0.07388666005108568,-0.03130100079156417,-0.027821441877336595,0.01767744018924522,-0.09082629328397884,-0.12176330015865189,-0.053708262598073375,-0.046690689234087146,-0.04584099704255373,-0.04582125608173249,,0.2078869740319449,-0.07933688428222363,,-0.03452899667248144,-0.0060065814271274,-0.06578320849252095,
2022-12-06,-0.011594482719187282,-0.005824656266013584,-0.014108546479946305,-0.013501037275339245,-0.0016963865195748218,0.004824103736053464,-0.024506570727192423,-0.0071405922212280926,-0.015959116221541003,0.008612624193650165,-0.03362463998828591,-0.03195813580165818,-0.028887537538653585,-0.03303350891242285,-0.011017369287533718,-0.0009187389900714438,-0.035599061183125724,,0.17223039933022743,0.04338134337336497,,0.027537092604102753,-0.015939343770345005,-0.057799172343862226,
2022-12-07,0.009389627993386718,0.024490408070716008,0.023730098387642284,0.0005495028723194739,0.09024304647530834,0.0002455457873664635,-0.02365455276723627,-0.010492955390740355,0.01009520534821795,-0.00528201452688648,-0.0277785312242268,0.0650090893913624,0.005905252996921684,-0.000566470590625201,0.021092543963369348,-0.015291259875119145,0.01060689975613216,,0.14845588106726315,-0.004189410335962429,,-0.01404084262379468,-0.014178217790609349,-0.063949331100291,
2022-12-08,0.02590259624109792,0.005070197018843148,-0.010993352090583497,0.0050935168872332515,-0.035338099629034,0.008459496542515765,0.018755831303961967,0.021349090145880156,0.0037215325058865822,0.006720080494186487,0.06187702265089623,0.00030522359862450443,-1.9901531896349134e-05,0.052414239510019556,0.045052927370279994,-0.0065837295851987054,0.0866981358011667,,0.262574112350066,0.09045427590948107,,0.028384807844180626,0.003980485604024864,0.010009253289801068,
2022-12-09,-0.03242250231854782,-0.04148321148780609,-0.02899190908639382,-0.05083031859417464,0.00655154082410192,-0.1255600472217958,-0.09119305154386625,-0.07254809097019388,-0.053024531501805194,-0.03631084108566962,-0.024857750253633792,-0.050280841676942245,-0.08303507079740535,0.005006045918074076,0.011593956062250665,-0.02720912972875522,0.08264450274363266,,-0.0026276788015258123,-0.008214440187740646,,0.03496249747857094,-0.04277699557572423,-0.051278987933287334,
2022-12-12,-0.014965624140095724,-0.027998018826094873,-0.0181490292271006,-0.00792538990248648,-0.08623699266083384,-0.024525198904711276,-0.021268687432807853,-0.018094382470856152,-0.004880128580595056,0.011085997937703151,0.017749859325113526,0.008848648457026265,-0.02163791243760249,-0.01113899711439481,-0.0052529785616720615,-0.010517137989523695,-0.11601114120520106,,-0.04295697103097651,-0.0603531079702565,,0.008319379598345389,-0.002485806187323858,-0.03541276139911409,
2022-12-13,0.005510034856326396,-0.014339498928321537,0.003056632361782885,0.014948715886324626,0.010220793455452348,-0.02981945029669464,-0.030735279282070205,-0.03031618994758134,-0.02537118264725402,-0.008443870512934826,0.04569362129904997,-0.0004926436365257914,0.0012831868638711885,-0.004988326938515031,0.015130714864206807,0.009961741812088976,0.031150984025521744,,0.034775557845974525,0.02190817318628846,,0.056396561620245755,-0.01737363150144866,-0.024647058953053302,
2022-12-14,-0.012839273114136018,-0.0013815278399115227,0.022351202229844214,-0.019763464032293454,0.01261825085994328,-0.03740572144811005,-0.027911571267624447,-0.020051241319180235,0.032140617862278065,0.010830301625113448,0.024052235016740475,-0.008412046098304593,-0.0362544190586066,-0.016179125062189437,-0.01185783173228716,0.0007428327553109515,0.04194439758179436,,0.03663994582629515,0.02970898444073633,,0.016921238312929576,-0.00048198491910145247,-0.02492467546069288,
2022-12-15,-0.02454241381734168,-0.006119726379226642,-0.0028771297779258687,-0.02461863690071031,-0.04502728200941264,-0.01515495053338134,-0.01909308274187327,-0.0013607743436246933,0.003237857386515941,-0.004766020579583197,0.03431214108289127,-0.006695276402217454,-0.04425519672760314,0.026591122312515036,0.038408738499559725,0.009925611681458557,0.004539955939495854,,0.022513885308950377,-0.004034513951832297,,0.034806633607138426,-0.003128256589069345,-0.026818597745341344,
2022-12-16,-0.02420726369884285,-0.02215495684068125,0.006191904672915305,-0.027252433897568484,0.001232492637561755,-0.030400600691492197,-0.01850082388636276,-0.04500980522320652,-0.029562842728820815,-0.0012785097874632445,0.028388140177344034,-0.0252960762142439,-0.010109291115556696,0.044702498496600906,0.003700434042474443,-0.005649714650245996,0.009711669887686458,,0.16019274976852205,0.06485782626172965,,-0.0015473555036028541,-0.024828208632992288,-0.03971098819851615,
2022-12-19,-0.026452562294332016,-0.007905266864944083,-0.007255527824800767,-0.019104492792796912,-0.05769914908660201,-0.04013449540544978,-0.05720456562045384,-0.053046017105778165,-0.0178655425584322,0.0008162245433298576,0.0008401673996829562,0.011961312482231312,-0.03346697023644052,0.007835073755375843,0.013122011178079651,-0.002863949629084206,-0.001347647839050392,,0.003683859364259856,-0.018421017426308417,,0.01972812800575774,-0.017633016031815663,-0.0535796438035423,
2022-12-20,-0.005824881702089613,-0.004163947753323849,0.007176844997532461,-0.012760266519609043,0.033954857991409515,0.0053927323196258925,0.06848057178545863,-0.0007697594822505538,0.013672081635447197,0.008200241903081995,0.0472343606132255,0.04847871704537443,0.016804698812001195,0.03823853763025409,0.02236108573539264,-0.006509795748382952,0.042828779379759485,,0.07679355130050691,0.07414593143233694,,0.009878502216186913,0.008890147320018027,-0.0015595277053709333,
2022-12-21,0.012219511772056935,0.03340807761787179,0.01976339242316838,0.03361201977534467,0.05495985660006375,0.021363853854768466,0.13260327688865803,0.04649900917606886,0.0024483421868766175,0.004248088875169254,0.04044100780536475,0.024863383752081747,0.036056938093445456,0.007334375160748197,0.021253286826019346,0.004170512637032164,0.10217561622592108,,0.13391826845813748,0.037782953079534165,,0.06946513686381595,0.01574094549741689,0.02905283674964476,
2022-12-22,-0.024711423644007247,-0.03353166599533408,-0.02643162995754389,-0.024275838147254647,-0.02548748254776001,-0.046261507595358964,-0.022780527475135925,-0.024731631258851028,-0.024927405051415774,-0.0236643490379862,0.004435220800471429,0.06680543680409734,-0.0060382417651041465,-0.013059800914992592,-0.013148806598645923,-0.028401909727078678,-0.028279823736530818,,0.06787903867517109,0.004830717706045151,-0.010838755566979552,-0.02144805611622569,-0.02577202911622012,-0.052020380518404186,
2022-12-23,-0.03516263369538186,-0.03431361767285923,-0.021769048518490153,-0.028980537361340875,-0.029983325917905868,-0.08034079771128722,-0.06195307689640417,-0.03264206243412204,-0.04414773214493317,-0.03228954804813233,-0.03260538350215214,-0.014107116281520615,0.003930307086390972,-0.0464030812878643,-0.035989622347698424,-0.01683916908972216,-0.028496121134291674,,0.0038551868967067193,-0.019047834670767316,-0.04057842256937272,-0.037580256945830115,-0.04487538006097469,-0.08286746108616183,
2022-12-28,-0.030509035484427294,-0.04949550527852198,-0.024337442560291023,-0.03873163974766347,-0.07242891094128578,-0.031909964101464294,-0.029857528280499146,-0.0305146377450205,-0.05437260892205431,-0.026607851853065023,-0.05207060302229172,-0.026458955857466604,-0.04449226248040261,-0.05443935338511863,-0.06059428970290637,-0.0313709063426173,-0.052527195986841746,,0.01969774750380715,-0.032580866275289444,-0.01437196741493707,-0.045098230011008766,-0.04603836680432827,-0.05428213418093186,
2022-12-29,0.014994490613397415,0.02052432993575981,0.02446934369882614,0.019394893787020084,0.04017389770160662,0.019472167696636733,0.025337472397505056,-0.00370879712754979,0.011506008087369235,-0.006218086563104963,0.05400438617978898,-0.016279804492321137,0.011544010822131412,0.05057310802589421,-0.010954509257466216,0.005266840010160978,0.07170095439292701,,0.1271048121108238,-0.011340796396713926,0.04472359677621851,0.037474418854160696,-0.0062314156157949885,0.013685461265383614,
2022-12-30,-0.004914947234024969,-0.006585607481954803,-0.011166347216931216,-0.0023237471373042107,-0.011513157157845733,0.0351937180819617,0.010121746421991595,-0.03190570576175766,-0.020002290522651345,-0.029694798061048577,0.013802303775295455,-0.01736762505274536,-0.027284191702800276,-0.011158156821763354,-0.047715743463777494,-0.010229044039271606,0.04795336244531878,,0.18341051200757796,0.00040564912742335757,0.014517181622393682,0.008221088255715658,-0.017419233694942804,-0.03998972417856905,
2023-01-03,0.012337713835186115,0.0006873017954258653,0.00629082831359673,0.012488210450960935,0.06438636779785156,-0.03500654088326005,-0.03917780380997393,-0.06275599691527967,0.02493854996838185,0.015651040660660476,0.03576931717797338,-0.004580187091252963,-0.040949727196412544,0.036213961567792996,-0.030607198331103924,-0.006474481092698436,0.05419106534212803,,0.12064678477866297,-0.008166349391465544,0.05153340408301199,0.003907370216956529,-0.019455495585563143,0.026940449060040672,
2023-01-04,0.05283676935224779,0.07147823210846838,0.026469271322665078,0.03609824272753448,0.023449697745122178,0.06556280328351027,0.09346969626844093,0.07097760919852103,0.011947453822933163,0.01877324183905804,-0.027474937316515402,0.028074881674290175,0.01541657362674731,0.04834178065064609,-0.027629254951537896,0.00861307696741287,0.12447191942111058,,0.13059228586696503,0.07870189119058324,0.08839908312766576,0.03539337166403733,0.013604246009870202,0.030268602769249586,
2023-01-05,0.025811980068153106,0.04093637448914844,0.011604311738650841,0.02759528347035345,0.06644271000553759,0.008252860932512318,0.05689712300859773,0.03636882870659286,0.007206182156381802,0.013911098963057311,0.012489752042250446,0.011618426021447137,0.37958033883633346,0.009553359002504536,0.04237627563596935,-0.011521750337495362,0.009806275824049804,,0.04179658686844956,0.02668429287667462,-0.014356827042627529,-0.016636931770265595,0.008406326612896642,-0.038552778028948964,
2023-01-06,0.03217905057027104,0.004558956998444108,0.021195514317810638,0.020618770282397003,0.017270336803089315,-0.020403206232141202,-0.036899231086591655,0.030601226847674745,0.02891688000485715,0.03664964576086982,-0.0023989764996833474,0.018306362079634653,0.00950300715492558,0.028389463119578906,0.032453304649939785,0.0001470685575684083,0.003867871846721993,,-0.023562490940093994,0.09064586337968072,0.03658477506740221,0.017352748910500093,-0.0006312966617885163,-0.006992587318601862,
2023-01-09,-0.020221155379944844,-0.014184649906619606,-0.029119936949118297,-0.00924169281953302,-0.05887885817459648,0.03727765416198814,-0.006733094479559942,0.03654707140779734,-0.03287757306931194,0.013812743874385802,-0.0002606249519140347,-0.04327752962237574,-0.10933799319798776,-0.01667791074843228,0.00040036375581986583,-0.00011374528439644926,0.01989646392749944,,0.14455535019269172,0.027764010204315737,0.04076310045065901,-0.009688502407897759,-0.0215093112617607,-0.057543703724894146,
2023-01-10,0.023533568972513352,-0.006448931908264011,0.01443977750308223,0.0066010292620857225,0.0010821223567030192,-0.014153713812158686,-0.03136001754516682,0.019476437882012698,0.000853975014773134,-0.007713773631894294,0.03401168626530149,0.00026870666684342126,-0.006533648376519041,0.037446109712855336,0.013629744293962798,0.008686388540383616,0.021023455584397555,,0.058695215905241405,0.022057101541637092,-0.017763323612476456,-0.025248363050709655,-0.02434478740457069,-0.03885082099658477,
2023-01-11,-0.005609377602668553,-0.001930609931095728,0.04237273391299823,0.011224010905829473,-0.03326754028449974,-0.005340575043515372,-0.018051678209960564,0.013827784419562672,-0.011212126271826217,0.013853733260103862,-0.012539994035804414,-0.01171858846164131,0.004709816161820868,0.003509952834713115,-0.010269622172265236,0.00243293837303149,0.13333696807427686,,0.12898916767399138,-0.007011628006352244,-0.007323709819671564,-0.01037808734479373,0.016557178081306745,-0.03220200658703498,
2023-01-12,-0.0029039335895308938,-0.002774484122532672,0.01920809005506352,0.005252033485388052,0.004822356217691892,-0.0005673695856932559,0.02959871606341724,0.03418270746441343,0.01352447245638655,0.017102099863782083,0.0062949281838289295,0.01843375106135281,-0.01779054390018664,-0.002838297093168185,0.004677704881430822,0.014016326745577512,0.10156536354659695,,0.005389034846219554,0.007472517947722412,0.0007446911263824241,-0.025160558687149726,0.02697843946884393,-0.021663275363922763,
2023-01-13,0.013357772978872084,0.0004123510024109933,0.007943025776320223,0.013060674209525835,0.02341495781568592,0.0034716548430306915,5.6605351521632485e-05,0.002037563481314786,0.004261903243141463,0.0028471301349017875,0.02054764705970924,-0.0063095348282493635,0.133624582156195,-0.02342423534815663,-0.007619133559092051,0.005119425014524115,0.099600953327184,,-0.02593255314815679,0.16396271307809362,-0.006640248829438922,0.02825063817685569,-0.0010897615313835152,-0.03684621950074607,
2023-01-17,-0.017814079637948788,-0.022719602885732493,0.04131131375387431,-0.034635711705298555,-0.022223797573219017,-0.014227541747651062,-0.025259615221039033,0.01039562932054272,-0.029177133865236016,-0.02854710007614103,0.030617425124843223,-0.019972296275801438,0.005884060902952459,-0.003961436582700428,-0.14039569634823168,0.007262698580898119,-0.027666232522626233,,-0.08864688006932508,-0.024741626803015615,0.01526895892054414,-0.014388963492641738,-0.044434028943242554,-0.05366111554001696,
2023-01-18,-0.030267196491635118,-0.028209978799590862,-0.027537385506809953,-0.04309617676255029,-0.049637593033341476,-0.027419013815909832,-0.021656147663907,-0.01399838477990889,0.003339728471285497,-0.022127008255671043,-0.02623536333200649,-0.030594941025120836,-0.028726908220219505,0.000388243735146121,0.00869109258758094,-0.018347616152913027,-0.046365352509400104,,0.0007244915652466766,-0.015253643100519132,-0.04435241162972503,-0.029837404322051952,-0.019572271899929494,-0.030548196303822217,
2023-01-19,0.0161059303327431,0.002736817960351301,0.011944966212562802,0.0020068982156999926,-0.049074004140075234,-0.01884858817774171,-0.03287588808532038,-0.009888898954503622,0.013809973588499336,0.010484270221230885,0.06455027155570825,0.010985020611541607,0.040620035394079546,0.026545483664835334,0.05310095834283546,-0.005215198878910532,0.014149646941507,,0.026543907748003193,0.03791920297183604,0.03869032591374988,-0.019232120663809416,0.020637951779002073,-0.021640121439429394,
2023-01-20,0.008684247213254004,-0.009307332214392727,-0.010557638562564309,0.01266710387431802,-0.011935270824512734,0.014241829521786542,0.01377575443626644,0.019716294563113523,-0.012764382897793247,-0.012081166305264457,0.028712387497753955,-0.035100875522683594,-0.011121226471079493,0.01787400849373344,-0.07486940420120591,-0.012235242083571518,0.03023685907062723,,0.07827537044427113,0.03662143681588548,0.022129362398148,0.01859895952420798,-0.00500998300310973,-0.01730337703351892,
2023-01-26,0.00425833673128162,0.006764006901213593,-0.0019550203781752984,0.0072840660916282385,0.010048813189003747,0.03382193521809129,-0.00032315099761526245,-0.007447729047536655,0.009819003654888636,0.005173510226757383,0.12518145709116535,-0.018856165687098914,-0.019217229919003098,0.018160522081623665,-0.023936844517943645,-0.0028981797808624865,0.04649207858837601,,0.10917917402717747,-0.02035138523757707,0.07207726983730889,0.016453858335091942,0.0026875435126141323,-0.014228645484318903,
2023-01-27,-0.012480727003627123,-0.007633540663131599,-0.008371008533575086,-0.006194061521390459,-0.004285353580274598,0.0029100193613129655,0.03824038951425757,0.0641165706116702,-0.01750115097705829,-0.014042189903215596,-0.008334387793970777,-0.01485414870023849,-0.007558667866150559,-0.030771298520259838,-0.011817321502074152,-0.01862436806971468,0.005407450027837601,,0.11170280636535268,0.013397450010951939,0.01737353711358547,0.05762811283523539,-0.015758557663178796,-0.020195529494935527,
2023-01-30,-0.0016841969919461075,-0.013520709189442703,-0.003157306147548722,-0.004322793193323959,-0.007917335058670871,0.024984111840877343,-0.007066174788541213,-0.010007271827236375,0.0019756225557643337,0.030676858901041326,-0.010340682790377587,-0.013734318971878823,-0.006219404120827665,0.013253717083542504,-0.000796222709719907,0.013102578605064696,-0.009725685073135537,,0.027609962969214585,0.012400120871307596,0.029531903564929962,0.03835419618033997,0.001680725895868207,-0.061108340221527224,
2023-01-31,0.003056851756961576,0.006963039344058064,-0.006054533611493107,-0.003743081029309425,0.005535176070991854,0.026814417668131307,0.05127093273730354,0.031297954716487775,-0.00408242951644433,0.018401639893051547,-0.004194344222212654,0.006469614647708344,0.022205542612108387,0.019151656963872776,0.010862194506849221,0.011682794958121079,0.05494234778818474,,0.08217882051806558,0.00042522661795696415,0.0021870784886190986,0.016460674758036475,-0.007968055981604216,-0.01952045975274075,
2023-02-01,0.005080065598605632,-0.004066680860589478,0.0020133101574495438,0.03394684276557758,0.010761656349559612,-0.006272151199793741,-0.0027952164158497883,-0.027078040823676597,0.007803334116610605,0.004658242411335278,0.0858231138687704,-0.018913952975601722,-0.020042479038238525,0.018199784519284057,0.012987251068236283,0.0033671902027667677,0.0727268379304633,,0.041607439959581605,-0.013574087725512496,-0.011224893148632287,0.030449565389247146,-0.016609434621566277,-0.032936644810584226,
2023-02-02,-0.013472628494315741,-0.01664313426855213,-0.001778923880217942,-0.02148325790395955,-0.00025473344897264383,-0.01290777342661742,0.007220395141424696,0.015757745297838355,-0.01702287874534847,-0.013389873765338844,0.020594555483114618,-0.006491258243500719,0.0007986933376920025,0.0341106911356841,-0.041032731023591174,0.008654579258237982,0.03773433449518171,,0.045200053082572245,0.08504047701618922,-0.03352585188328816,-0.059560211324679035,-0.004195528500888335,-0.021991419477917495,
2023-02-03,-0.017324374629352546,-0.02063957904649316,-0.01575498873341319,-0.031232897922562675,-0.03217924630436686,-0.03275538089674568,-0.020615924501651284,-0.03539745149021323,-0.007799854438834908,-0.00023025574705781704,-0.030725354516221492,0.003998791130257029,-0.036808638115448544,-0.021356625539700302,-0.021839527740000975,-0.02047499744903758,-0.029673779849847315,,-0.004572702098451731,-0.054348297595707695,-0.06167468008258403,-0.07167612916299715,-0.019607480478125106,-0.02982485652707012,
2023-02-06,0.00217480197712705,-0.00017454062725841268,-0.0031607364147264727,-0.005843700940750929,-0.018998519917474255,-0.0024635096675897916,0.018560853872050087,-0.00394433650112358,0.011852010614147757,0.00856742881362682,-0.014460363736977344,-0.007499822603602935,0.006601579962298487,0.011342840077521066,0.0004992065535573964,-0.0012793620777153958,-0.01556513911840085,,-0.04040280852176559,-0.01888233534227335,-0.01810549384730964,-0.029138016388351118,-0.0027636942318728375,-0.018671322732399354,
2023-02-07,-0.012603608794507615,0.00622530475309202,-0.01698464850968584,-0.03291702760267068,-0.025645090740716192,-0.001107513870665544,-0.003249435276239332,-0.004801171996630438,0.006774628404197625,0.0069396794600427025,-0.0021243286176203524,-0.005502237710956259,-0.0017316923196831757,0.006590462159605348,-0.0008952045946433174,0.002720565384227047,0.014317442377657086,,0.025260552048969487,0.03907759224887619,0.022550179722768737,-0.018935879036826808,0.031891040286948336,-0.012705614560459821,
2023-02-08,-0.003676550563360914,-0.009091111736538537,-0.02667586680222911,-0.05047611711032529,-0.024475369471273822,-0.01620150930508768,-0.012413785207169736,-0.00846362297578851,-0.002664845099231705,-0.018774045166094266,-0.018937528133392334,-0.016241533199774172,-0.03543435926187566,-0.008757301930720218,-0.02133262984578488,-0.010083173938037926,-0.029010012732466395,,0.02804295103289678,0.006023511158327555,-0.00017708741818411866,-0.016136093417031927,0.0010386202679886214,-0.03439669496769582,
2023-02-09,-0.011071082790613529,-0.031143339844559303,-0.02220106826955015,-0.04175706910664123,-0.056978296428339514,-0.03647285263947364,-0.0505604602668982,-0.045576155175020006,-0.000616574407036441,0.012703924253388621,-0.029457419698935783,-0.014805016652726488,0.0014991790705429775,0.01726167441723292,-0.004240918169436836,-0.01628227294335849,-0.035147945828431504,,0.04530416637806467,-0.04753999980465606,0.0648348573630162,-0.014766319721901566,0.029452668468522125,-0.018578214813463445,
2023-02-10,-0.023029027119438217,-0.024570269160369196,-0.012236649167559843,-0.028641479750790122,-0.014456892946877353,-0.01413715959460482,-0.017200600285156353,0.005971573603555047,-0.003943395222262613,0.0024345157411771456,-0.011778849115990697,0.0021904936868306635,-0.011277405711027089,-0.008458980909855751,-0.029757622433594255,-0.015382406860873998,-0.012346306799485451,,-0.059466464121426754,-0.008723795170630155,-0.020743411801625422,-0.0522978476514101,0.0008367466926575418,-0.024892798827446883,
2023-02-13,-0.011385702897358074,-0.0078633470242786,-0.007714223184454472,0.006941535178086378,-0.005075892008502669,0.025213303575044366,-0.015195209615946004,-0.0184816846905812,0.019545699168098007,-0.022830468788591407,0.007772739641005666,-0.009482797861046222,0.03775064467902922,0.001355535504436567,0.03887659068043292,-0.024007476422914564,0.019844992206703438,,-0.030064864148136028,0.03400485303338763,0.000501942684466794,-0.009698501938265824,-0.0060090901501982374,0.0037576419667053607,
2023-02-14,-0.0023171764145045737,0.008591315268801303,-0.007225252507638502,0.017885202135293543,0.011954388752154044,0.032140151469726375,0.0054483804942044856,0.0199221744520659,0.017020447471347566,-0.0005215298459408935,0.0011011660203752438,0.002791669560182175,-0.04724714337807401,-0.004795300466925445,0.007992311333673952,-0.006714513615257656,-0.007844816227503104,,-0.047972015530880485,0.00036319312053034736,0.003601840130681433,-0.0076829958550544974,-0.011351947235871407,0.003205740734713469,
2023-02-15,0.0022972310856994582,0.01470997507637306,0.003554200858999268,0.00044557191287286635,0.03417875187960906,0.02038417165992823,0.033717733129635,0.05792554942657602,0.018943484861831505,-0.005190673121784228,-0.013443358708070674,0.012974216631549407,-0.0011595686381205006,0.05889139616094696,0.0417030419289508,0.004646414576683799,0.06036968222947792,,0.010718107376526786,0.017662778941142987,0.018091397421521327,0.02965776478116733,0.023499369971297535,-0.024971744788174766,
2023-02-16,-0.009496411462082133,-0.001668048225486829,-0.0029041383625633133,-0.013172322194450303,-0.020275379325797704,-0.018603773491236875,0.021613067661746754,-0.021958256321015335,0.0018653919964737309,0.003316856663640566,-0.009826239530447034,-0.010750516244042885,-0.0025386448679551865,0.013471101670522456,0.015259381071021094,-0.005683782852484942,-0.04191206155983784,,0.013651062896076649,0.028191559672609,0.05222255537948328,-0.0239282210514139,-0.006057488444382142,-0.015411883474399812,
2023-02-17,-0.013354041991335497,-0.011983908930169873,-0.009911064835898764,-0.01603188397257982,-0.022204626504585323,-0.004803595031091734,0.006738604648596214,0.01951565926545551,-0.014962363563267744,0.004489160690779093,-0.03554252886770637,-0.01608036822521064,-0.007125170287037186,-0.025947354642942844,0.02960737969441607,-0.01156730175122267,-0.004013334530375001,,-0.032214418942397294,-0.030245438703651373,-0.020172573819309036,-0.01665033066681787,-0.038989297220135444,-0.030243082381481656,
2023-02-21,-0.021791098300764644,-0.02602779806864497,-0.009604459094537998,-0.0014755584036065805,-0.02303448131311625,-0.010583318865240887,-0.03823486914404606,-0.008529783525581203,0.003356645985692852,-0.01344260920861895,-0.012084255772344954,-0.01707129728660639,-0.066610077769095,-0.06888331976434914,-0.026410153999364194,0.022633809386745307,-0.02835352011543013,,-0.12088400927361498,-0.020130722560144254,-0.06737276624560751,-0.08257332206386503,-0.010770303044605245,-0.037942094047235475,
2023-02-22,-9.39236125212517e-05,-0.008101809209699162,0.010546456148343708,-0.042990269512787394,0.0018825742515493626,-0.005121450508551395,-0.0020634428955110806,0.025161293750585845,0.020712290137336664,0.018302707204033375,0.0012188949257065929,-0.0033702924576509696,-0.0031363839590256015,0.038508172261649376,0.06734537707560184,0.0013869084686746191,0.009464073813328922,,-0.08543036107720536,0.03908057448409985,-0.06260572259298569,0.0001512885620305049,0.019418581845925154,-0.011928799520680267,
2023-02-23,-0.029558219669420627,-0.023019967014030196,-0.06501038145531546,-0.032402211228915845,-0.02598104597668016,-0.004109642554175563,-0.0166384686289216,-0.051801034889767505,-0.020569891546179497,-0.03418288445983353,0.007972495863014739,-0.016557899958157818,-0.016524296460953325,-0.02920762378349928,-0.007523197681602811,0.005643817561458819,-0.020116978439787325,,-0.11451460759192944,0.006386936885213856,-0.07838405623092748,0.02059946472261509,-0.016909462901544492,-0.026458855351720767,
2023-02-24,-0.03058199908599768,-0.014746542111179872,-0.000687473161176233,-0.010859245645937543,-0.038174805611049245,-0.018933883734204793,-0.05160500421779224,-0.03852949744294687,-0.018721942872105823,-0.03889372033339977,0.0034947909274649636,-0.036068269893649085,-0.010519041698530907,-0.002970940201502903,-0.038702110007439616,-0.00023320604089072106,-0.04714690503297303,,-0.12857510776679393,0.016382066302201403,-0.12939859891858452,0.008185312843913328,-0.04127709375297384,-0.020465752907618318,
2023-02-27,-0.02067341531867184,-0.013736796185961686,-0.0027068487406797237,0.020211434064142164,-0.03159157107215227,-0.03609237607413884,-0.03169417637573624,-0.020471051166016663,0.009854045610050877,0.0043593900869787205,-0.0018089404184756797,-0.00751900728783117,-0.002608379619301271,-0.008233594083534301,-0.015072159652225636,0.0006126682990150734,-0.0014815617055548014,,-0.1565845978763628,0.041057067759822985,-0.1411135906204265,-0.016284286440779172,-0.02732898354818991,-0.023456414448115193,
2023-02-28,-0.004763309678446848,0.003532979802571612,0.005909247026731457,0.0016360290866417326,-0.02255279203786764,0.00389212404543704,0.01858097347180565,0.025955596024693106,0.004633240447013964,-0.0010169797893507804,-0.028547681989109952,0.015384589330095011,0.03714607789679669,-0.008003909495388983,0.015901493420419577,0.003980281742866687,-0.0019331938352361577,,-0.1629410790079373,0.0401756248618228,0.002376269566349176,-0.0029826810077692167,0.005718276492225005,0.004511328979855511,
2023-03-01,-0.03969081378063721,-0.020906505110553808,-0.025358614580647698,-0.02793944607090393,-0.06993840913932525,-0.04002251516739663,-0.07646332370920883,-0.13040340410675866,0.014885310339069369,-0.007561214788265436,-0.1228915037089201,-0.006851756391413555,0.0014010741744763244,-0.008135300752363572,0.0022783752118440415,-0.031329679899501195,-0.041758088691729256,,-0.23949906602939308,-0.02798680312160029,0.015895588543880956,0.002752344582765076,-0.00032478168687954945,-0.014416103719614992,
2023-03-02,0.0050899028371875765,0.031295535294254995,0.025524986453886678,0.03860122272201605,0.10570549872771973,0.016439357028814605,0.02409474309043591,0.030913800995063134,0.0013731733894875031,0.034674759458232396,0.007779190759569676,0.010997703143087012,-0.09990579076246187,0.009838552496955755,0.040391930462544856,-0.0023113441231893406,0.01648015425497662,,-0.28736696026397857,0.018711991656460647,0.07721803772113445,-0.038115854714906305,0.03206518034545347,-0.025656261226639554,
2023-03-03,0.000129488560177915,0.008480035281137832,-0.005511142531824498,0.007838882684330306,0.05076936759937434,-0.0034398223211620227,0.024575721123672123,0.0715942604258506,0.025400760877782202,0.007377557244635513,-0.022402276838182522,0.01614408727293104,0.061550263078850254,0.012191753008924389,0.032384089618188394,0.005373905104958165,0.00810925062740564,,0.060895470515557104,0.03143685883868996,0.03441709667366588,-0.015240796986685345,0.016805149617969528,0.00912581130376422,
2023-03-06,0.007833439171712309,0.004126078046708281,0.0024571344710258014,-0.005448099122477901,-0.020290846324340528,-0.011902080796284409,-0.02454449393910907,-0.011117965874435809,-0.022363633575291586,-0.003298572040849712,-0.03228857510938399,-0.0021346425701505023,-0.03581177542458025,-0.03370352264304877,-0.00505071261137835,0.018988236783881618,-0.03196297729853026,,0.049360029276577455,-0.04164882041691775,-0.021276066677133443,-0.03283557562850725,0.009910630280953514,-0.013958156322688375,
2023-03-07,-0.017382786098426695,-0.01945412482782294,-0.026950531475733452,-0.02943715518226908,-0.01582927107938048,-0.035081675071853,-0.05915977627793412,-0.027495875057844565,-0.06301294087617604,-0.010262130623477028,-0.02254592214220774,-0.017666274682074157,-0.0311862833734049,-0.022937079966108054,-0.044668164219018425,-0.008288957151082355,0.010689627446172523,,0.018175151813484502,-0.01031364319036221,-0.06387355831964792,-0.06224173977159919,-0.016296704081975033,-0.020747779942764777,
2023-03-08,-0.005057553777900292,0.03415149870464185,0.005389736768226294,-0.0005009038576381242,0.006192078180921268,-0.026865442514304005,-0.009695389215200745,0.03386168418701163,-0.024991451542728083,-0.0033464813626163936,-0.003846407625566317,-0.0022910088846976873,-0.028335703870601803,0.013234051360748733,0.07301379467410829,0.015538747155034338,-0.021260317414171004,,0.10019276495414298,0.01820776480536712,-0.07678269725200615,0.01301333617980438,0.016873520947291887,-0.1409653738295823,
2023-03-09,-0.03193859145282263,-0.0876589658792376,-0.002303595515895207,-0.06259989556937551,-0.05092886938661778,-0.037126869994180134,-0.025867946650467655,-0.03094442196107383,-0.029757993938928307,-0.02992520854807601,-0.038817916250239226,-0.022840560489308936,-0.05916067895915611,-0.009504542748357103,0.0007107853174450618,-0.008698143056992902,-0.05991415701191927,,-0.010030713582727668,-0.00764960245683044,-0.11549988099854669,-0.05754147568467183,-0.03442542781934188,0.04960475921618057,
2023-03-10,0.00308244254062906,0.0008585716629658791,0.019092034327841123,0.0033217608227293915,0.0514066725800193,0.0014658337358517404,-0.009111694038312246,-0.021246505654874293,0.011474478419144729,0.019993993970929935,0.01045054025969816,-0.024150199634514258,-0.041030764029438505,0.013011072818211122,0.01342340798866859,0.038808136457530784,-0.009169447214484538,,0.030631840191517767,-0.021984757373367136,-0.017189559337554172,-0.01978441820777077,0.013939026690729106,-0.024384858122195374,
2023-03-13,-0.023184069705035504,-0.01017601585264405,-0.0016906168832971913,-0.021622217034339197,0.015844615626235292,-0.006575294352583971,-0.02407529390938068,-0.018342385921238824,-0.0055896695928543405,-0.02211901680578421,-0.03607555366845483,-0.006293841482574947,-0.02635462450307824,-0.005535543603230275,-0.035774520717374525,-0.017722810194787497,-0.024048599170105267,,0.02434436566977949,-0.04535327603490069,-0.01529752255274075,-0.037355819768298826,-0.027818025163585225,-0.041253244542372225,
2023-03-14,0.027765179460703893,0.02005022939386314,0.03594866837953581,0.03910544911768943,0.047570834248702676,0.024971797319720546,0.0037032739279192484,0.006116264322662879,0.01092144011515539,0.03705956986843284,0.013388064772906993,-0.030655461607565493,0.04044171082346071,0.01733592928838168,0.01979795672284057,0.028331622447941296,0.04863050761616727,,0.017524193177095526,0.03027910865450756,-0.032606961148696434,0.04232338430019755,0.021453805662720704,0.016463582780609665,
2023-03-15,-0.02545631167773621,-0.030338162478742436,-0.01806289772039371,-0.02267140084221686,-0.019464933346980073,-0.030914922108909337,0.025303280571968623,-0.02710747648243539,-0.037389601107944315,-0.0047563866025785995,-0.017627905307592395,-0.02969212468249005,-0.024714556944023025,0.0034812517389652964,-0.006010213003619036,-0.017484901177246437,0.001095003211769141,,0.061456148253410614,-0.049440377285511095,-0.07632594763619072,-0.0324303249086233,-0.02072371548184493,-0.0051357573166422865,
2023-03-16,0.0019669103111601416,0.007335230193993736,0.01911434755124275,0.08341991027033036,0.08292432014792639,0.021920230280116915,0.029515856377248628,0.030245961369694818,0.01747085753512745,0.013928162229133845,0.016791395021447553,-0.012425071772957486,0.06727251181104443,0.02496765732729811,0.002551298792021539,0.07507539066308389,0.03436644099132491,,0.022952731709924068,-0.014774357640269131,0.017339830045346893,0.008348240473860846,0.027895445749556158,0.0018500209987846183,
2023-03-17,-0.016800971448790114,-0.014278114047852841,-0.0036769985224560653,0.013167573208619388,-0.031186975544126527,-0.0027341202776431928,0.03717642210193306,-0.03734879279112324,-0.038523041861431406,-0.03443146295376942,-0.045928821397888786,0.009262864423499773,-0.030306270366086574,0.012529041381256434,-0.01967662115065194,0.012286052097522537,0.01430551835844418,,-0.03972308983614026,-0.07438441959070252,0.038028826895669665,0.004509702437740515,-0.040291278842077394,-0.003011378068012216,
2023-03-20,0.003404129013788948,0.008765104243024124,0.015796182516634616,0.02677717899265497,0.09550094634014505,0.039233217520318275,0.05613194753787232,0.07898560676998767,0.01638976960819627,0.010535289068801523,0.028684513290682112,0.025652308407442925,-0.07737845358076045,0.0355262539281036,0.03240295049426134,-0.004865274915013873,-0.017536818584104052,,-0.05813805214198353,-0.007187448559539122,0.03856173304885835,0.08595379030205064,0.016073111194848444,-0.03514825618465922,
2023-03-21,0.019320415862657425,0.032992378818077706,0.015200376608391464,0.004511202105331513,0.0035317682569302455,0.02069186710995985,0.029432426416662105,0.04985936305385641,0.026135511178843274,-0.015707681095312398,-0.007478070287667449,-0.006898127958705147,0.007474356714613828,0.004694335569198849,0.02996486123904485,0.0018201102841750583,0.04207574544612691,,0.026406781158365256,-0.030634338041581888,0.10171293823662753,-0.00040559734748857323,0.014864627857855917,0.031947421423507816,
2023-03-22,-0.009827776022543366,-0.01224202734476898,-0.002669471247645605,-0.006871681899484838,-0.0276211667126528,-0.007784866271342006,-0.024326743457550037,-0.024395487034318264,-0.027404657324768822,0.011357063305053927,0.019638934749492076,-0.024387028011353284,-0.04036006350365906,0.02371006127519637,0.005862619895272259,-0.01599072143451008,-0.09820460836183564,,0.021953228999404883,-0.020418309115666444,0.006286106776473233,-0.014310849363623479,-0.004249024713622651,-0.00893855088158535,
2023-03-23,-0.015479919691694488,-0.009979564903906835,0.0151003448764917,-0.019056164260950026,-0.004315565938665444,-0.011824527836830856,-0.03158076263117027,-0.0249065055064277,-0.021346014194374874,0.0017518993211707024,0.016547081776648875,-0.008219435375213191,-0.004566252691818762,0.0078294528352707,0.0015288426013093659,-0.0064141344491062124,0.0036476097227948756,,0.06719608218630424,-0.030758828843587716,0.07754512733393226,0.01063581848140549,-0.017319631651756984,-0.03525692662236746,
2023-03-24,-0.0004207922735746106,-0.00424329703766646,-0.004629254092169077,-0.006941526213376292,-0.014702394649037553,-0.009611638387291954,-0.033146875859686786,-0.026073085019427955,-0.03297524096290416,-0.028199547942672987,-0.010499909600460322,-0.009993262770104039,-0.0006988306056076032,-0.04286958760514081,-0.03306740532298735,-0.015024647701050498,-0.042219122896694716,,-0.02385665633698819,-0.05230037269906429,0.11427353659162653,0.010645181383723612,-0.035529090495412974,-0.02397508652204483,
2023-03-27,-0.008795360544703867,0.019106751929015786,0.009470180158597685,0.002390231579127322,0.016189190434860112,0.006561266411475586,0.00024857990105520145,-0.0036061296269178644,0.006557297204477619,0.014803890939062647,-0.03442905715444389,0.022021172804850497,0.03518651147823393,0.04660402508300687,0.006586867037680744,0.0025602487235818483,-0.0044594589979169985,,-0.0004931694497145589,0.01364489163113003,0.07390669541022676,0.03223599923094267,-0.005586269957868373,-0.012282352031084631,
2023-03-28,0.1460096282273018,0.044698959579361874,0.018439619845004307,0.031240214955037038,0.03276862453432483,0.037266797610781666,0.009528579861384223,0.017144200903395523,-0.00627910716062996,0.002748341696493961,0.005808187409820587,0.002391906528936838,0.049936191029007926,0.0501453583178495,0.05803794793064365,0.010701535201124601,0.058318600852458546,,-0.0266371957304955,-0.01761587941571141,0.015370788377364608,0.013394601726979705,-0.004458694254248274,0.017291346525589724,
2023-03-29,0.03694074790972346,0.015872517053878044,-0.00178926309700278,-0.000757545006231819,0.008663942247587153,-0.002258639870329038,0.06341575107155606,0.0672551436946276,0.006978986274615684,-0.008776735290990767,-0.012863661491892109,0.0014792065930349096,0.028237361785717452,0.0063560576293468785,0.022233482478775546,-0.018092823628383492,0.0709485674055188,,-0.0266371957304955,-0.024462664142134383,0.02313095445728952,0.036418298154950124,-0.021694767108670354,-0.00459123070479639,
2023-03-30,0.0468557840069439,0.06781730463069557,0.023432852106096025,0.009591672187051037,0.027093536170706756,0.01149852290666531,0.006873400780199157,0.07053396542914281,0.022145386823627655,0.01200407989679464,-0.022299536845568513,-0.004852321308817964,-0.021156661452137127,0.03087569195497264,0.0029580683040939526,-0.015125124394446576,0.07334597063687931,,0.0008884348875661807,0.04545299221282639,0.02470172142771143,0.037533654272907,0.023635293314896,-0.012313073469101155,
2023-03-31,-0.0014080775450356908,0.00150469076155324,0.006110104429408958,-0.004155107783521461,-0.02708394354739152,-0.0007817732817988476,-0.0033289399375384665,0.03707073794628535,0.006444153114793849,0.00807175551205841,-0.08981291360667176,0.005717422824846663,0.0022137655908627263,0.008929020210693306,-0.009568984003626158,0.004324416067212011,0.09082205458237125,,0.017536823226878884,-0.02893045789228943,0.002532339842945097,0.015211007182897474,0.007790064774373162,-0.01015589109072812,
2023-04-03,-0.02039307536924162,-0.019378164098793893,0.015977092650422575,0.005393003040989219,-0.01652446979829969,-0.02051168984494256,-0.026543391301251384,-0.05321747800480803,-0.0034791587031094418,0.012759659274140356,-0.04417800618537837,-0.012747907914838041,0.0018568296083025793,-0.008755563282246914,0.03981036915873126,-0.007888223648320758,-0.08049472799260937,,-0.03629742904211675,-0.04109999800812203,0.04889618511368932,0.015345500353516117,0.0005972690963784721,-0.029220683516295254,
2023-04-04,0.03284198441874242,0.0009467253321251423,0.005661462737929224,-0.00732239889517694,-0.006070757556321804,-0.0048457448885125265,-0.034530064615195255,-0.03705374805462658,0.002203076218430189,-1.6047270976926598e-05,-0.015762101360088376,-0.005561968305628828,-0.0011541993400203676,0.0012385342128429233,0.003889455272007014,-0.0017885681802192188,0.011089392135508636,,-0.05687384159849962,-0.002103041983153142,0.006919538159931626,0.02873323024606833,-0.001351837404948264,-0.012904849696703136,
2023-04-06,0.03131514900047483,0.00615672736603301,0.005132795959229108,-0.004423889379433388,0.000884441104284317,-0.0005122361498371975,-0.0019956137603269752,-0.0017402638000240112,0.007043208897818953,-0.0029192359056463557,-0.006056664842452708,0.07130545858785231,0.010169327755392477,-0.01861713263969067,0.02698233125138194,0.002913439705750198,0.02363264636093665,,-0.05470713608361788,-0.025481822428515155,-0.014823704406942584,0.03805802444472928,0.023230078843252455,0.026781880120240853,
2023-04-11,-0.014279782173954647,-0.00991654956179111,-0.0041388614757564834,-0.008011709202707551,0.003799736169613155,-0.024250362988011642,-0.003145203623740933,0.044392576099768766,-0.02067376840332047,0.01077911950453081,-0.010897717037826715,0.03211302032704588,0.09183382497753301,-0.026033639478722503,-0.005211352937865454,-0.002660370256640121,0.005596649307838986,,0.057720531347071,0.016113009247358256,-0.031204952960788956,0.05864337073680037,-0.014949980353845538,0.031065243283526556,
2023-04-12,-0.04135191286016471,-0.05212379069159989,-0.013424155958366102,-0.0012008516100989741,-0.04798297363713555,-0.0009345634982679263,-0.03723372583129736,-0.03707687236006807,-0.03626766387938818,-0.010113671244141531,-0.03984089232403221,0.0019816760958106805,-0.01740267763681136,-0.03409890858294107,-0.008791771446844843,-0.013357758298749967,-0.018286097041706584,,0.06287838855401162,-0.029133868277825603,-0.08963388397001693,-0.011761526404752587,-0.02691129267858572,-0.025368789612548404,
2023-04-13,0.0019465645366707474,-0.01975306922255826,0.001728811630125504,-0.029119972845370046,-0.005152331270858124,-0.014725634317488079,-0.016141293785522204,-0.004744064664887637,-0.008554387113353101,-0.007526651908800308,-0.005907885195470808,0.0006801912649569974,0.06792043788981461,0.006533717189781685,0.010328355197343209,-0.013562813483296354,-0.010790197825470416,,-0.024458869532695937,-0.01735241809313659,-0.08361443090044551,0.014460220737277707,-0.005465057536735429,-0.015479210779968389,
2023-04-14,-0.01826831150428343,-0.020780507640138723,-0.02348429901073934,-0.02822223878823793,-0.02112935269164662,0.0020199235268567595,-0.004232386439872671,0.012758857316514938,-0.010982438033170228,-0.016170943735333343,-0.03315349749710306,-0.027399037723019326,-0.04009382033618747,-0.009648364689003874,0.02005422057809736,-0.01235619109288133,-0.03737682400553943,-0.08288398717926904,-0.018787503242492676,-0.026988646565565544,-0.09386009702900122,-0.0016710046437169446,-0.011713329200014777,-0.02844552321207361,
2023-04-17,-0.008349659849939739,-0.00045145359129472595,0.00988016273462855,-0.014795588945551108,0.0003803414115215453,0.009358660290473164,0.019514448065861334,0.009266497144959862,-0.001075343138193685,-0.010835313256026047,-0.018148528033536615,-0.006933006905749606,-0.027645282240983615,-0.044668294169856626,0.006357589635388461,-0.012664871774315412,-0.015821088005926298,-0.1613664245845592,0.04693607746520856,-0.006502129355384634,-0.09654263787437256,-0.015093638300164414,0.010275032878859891,-0.021388554573906093,
2023-04-18,-0.011698714537333621,-0.0028507532018743342,-0.006223129876334332,-0.006878444497501746,-0.004312826928275837,-0.0035949237191031935,0.014202426818133995,-0.022581465066423778,0.02470667729916931,0.013386710577193872,-0.029819980847799465,-0.0075212865206850665,-0.005930833050552753,-0.014545403104245125,0.008310780702714737,-0.001821672700473398,0.02982553629410778,-0.08703413442322183,0.08077706463594603,0.018862667635426877,-0.04702366284309756,-0.05126537730183256,0.0008335599625086676,-0.013640404337129097,
2023-04-19,-0.0056654390566927,0.009723331837505178,0.004583649724158256,-0.005269875294644399,0.0013304766722825878,0.005101520168413032,-0.05522793836012618,-0.03974659298637773,-0.008441575736314877,-0.002232132750545013,-0.014088748548046315,-0.003971067558078301,-0.0011598074793301993,0.007082672321488959,0.065939727389843,0.009378175476333128,0.027566107272561036,-0.061434587177691014,0.10163790620390145,0.013159563714920886,-0.06442104234758894,-0.06729741962927371,-0.0072401384958736825,-0.02981953453496744,
2023-04-20,-0.029679134524411177,-0.006108385756448009,-0.0044889830637910855,-0.009238537993128348,-0.02212715669357479,-0.014939419235085682,-0.02097746096562214,-0.03790575808777308,-0.005151181103413283,-0.007234309137898021,-0.010959380422039255,0.008556277262993905,-0.01649819263562491,-0.017863781714199556,-0.002968692967153075,0.0011230076095596342,-0.005962469724686836,-0.05763540612542739,0.07306206319521014,-0.0031451175508862006,-0.07550727251664713,-0.05802024952958906,-0.024745255445630776,-0.035827081305478736,
2023-04-21,-0.00573810338487557,0.0009033937202551634,-0.0035737947062212116,-0.0016441490952552318,0.012394538306373049,0.008815959205728863,0.0013973663593160879,0.016012790323022497,0.0015012141091936826,-0.003117106202744968,0.009905760681462317,0.019869238274016654,0.021903978205040753,0.015807894672543732,-0.05945698523260812,-0.013124879300550174,0.0313699111565493,-0.022905678092903226,-0.0176417664766515,-0.004321446485595737,-0.09817923304579979,-0.07602180257106061,-0.011913969464293683,-0.016645820860240024,
2023-04-24,-0.019125421827559053,-0.016744279596153766,-0.014591961612410276,-0.013218317331940899,-0.025507571817284136,-0.014449798314639106,-0.010759933261376808,-0.013508824921004803,-0.012389763968606471,-0.009355562633807657,-0.020212522910289632,0.007014823180704122,-0.021464957735219392,0.015998005667184678,-0.01850143103315338,-0.008723640110314679,-0.04351059764125009,0.005205020597590648,0.02254407435642003,0.001007630075635868,-0.1230367075783132,-0.009822630867996618,-0.028930207459828994,-0.03036157209897339,
2023-04-25,-0.03262874732533505,-0.00333577288326814,-0.04167301299564019,-0.022706798938162187,-0.01284636298762254,-0.020307757070438304,-0.034964607464263886,-0.03414494411007729,0.005773393266998328,-0.0036151091147423875,-0.03798827349683631,-0.011280202384214122,-0.017377473523883302,-0.0002909303079670078,-0.0067780146497801175,-0.026484698028694464,-0.019435204155001884,-0.028340395392200568,-0.07302024772281157,0.007218329944931989,-0.127643666590595,-0.027693530871578442,0.015752637868231112,-0.08327548895558823,
2023-04-26,-0.024454033025385402,-0.012888365831861592,-0.007912225421569774,-0.022390797160404263,-0.020650196063443982,-0.015287898419990231,-0.014236246034724509,-0.055095201704631114,-0.01682918227948693,-0.015432120718102071,-0.017617824537029536,-0.010241678383400177,-0.04174078987751162,-0.007338217794232604,0.013962602097322696,-0.02289211963637261,0.0035390531286774163,-0.013028261297219124,-0.03664000327865791,0.006717260036108952,-0.08596939471046439,-0.006675389384725339,0.0025338723701759935,-0.0386662538372482,
2023-04-27,0.013239825265443095,0.0035948725147203486,0.023466735647305947,0.0063587140049130575,0.02214425539604914,0.014610803693857477,0.04483691858538297,0.02560831387419782,-0.006442599955933659,0.0019697275310797124,0.009414983449925085,0.025054888572601186,-0.005798789621607958,0.019419014305688487,-0.02295349419465942,-0.009201486182357832,0.035628823584170854,-0.018787503242492676,0.032584891932595506,0.04020573075637235,-0.05698237220636149,0.06653529729226393,-0.02663720973502437,-0.020253232848943314,
2023-04-28,0.012809271572460146,0.03163517997860299,0.009612574349834535,0.022878609423431673,0.016691903226854432,0.008598418389752949,-0.00832379215113832,-0.005173723022195653,0.014373871898935686,0.0055629483147183745,-0.04214810627943333,0.01956724287514744,0.007667854386244288,0.011954457179526035,0.01381569233294444,0.01156994836931613,0.04080858407874555,-0.06842372362957405,0.017388352844254884,0.03988620045253399,-0.02587486624862323,0.05542858499895953,0.022667530933591085,-0.005135347398193546,
2023-05-02,-0.027976472172569933,-0.027884106012503795,0.007218370765116777,-0.022704459643491437,-0.04964848251828491,-0.0210396172148547,-0.007342505383868936,-0.04131571965023695,-0.009615420425980292,0.00023656401806615435,-0.04678833244654257,0.021025499622620458,-0.04483945206509854,-0.031225413437940053,-0.04236781857164751,-0.022036943505404305,-0.03647559461141303,-0.06776711768904597,0.012189148377307113,-0.04789010856533171,-0.06331258631883208,-0.01157180664347146,-0.02841906261305094,-0.04407475729155197,
2023-05-03,-0.0049805727708183145,0.013513309515110317,-0.004754531221898284,0.0017371999006712269,-0.003924878001588916,-0.0038864681570610626,-0.009044623393496987,0.01647738603872506,-0.03821445882414165,-0.02547721373074252,-0.004061706989574532,0.008281932393023883,0.03355180835024263,0.0284504078130412,-0.019731500902377186,0.008465882775682498,0.01756143978128155,-0.06280425426243097,0.020054596942555403,-0.031230465119075013,-0.04011662535588845,0.0004017964686346964,0.004903660412346245,-0.014325658788499673,
2023-05-04,0.002860453435978183,0.02119891875370583,0.0102188923560671,0.032578761701591574,0.012549875327137139,0.014651456952041508,0.04273842444722509,0.03877258569237507,-0.004853158090289966,-0.030858688428865744,-0.009082664959940034,-0.014134850258124665,0.017606499207092785,0.05673259720774282,-0.01830115477397609,-0.0046239974083788216,0.033333198664316166,-0.016610746392858533,0.030283157513022463,-0.0027981751828976,0.006646878627967201,0.036017058289544934,0.01361520461772403,-0.013663333077521211,
2023-05-05,-0.0002516210152069265,-0.000163556737660997,-0.0006752661176743224,0.011617030826205132,0.020576581120996806,0.014484570302662814,0.02912776278308482,0.011128224853999447,-0.002538414490774077,0.029068537518553095,-0.018813070016582945,-0.0247154322638814,0.04581705745041997,-0.016792871192882308,0.0007473619984117441,0.018289553792044,0.012599575483414283,0.03623894381448611,0.09396560739990023,-0.011430928254909767,-0.014636042154656415,0.0356579283747529,0.0016723358413717193,-0.005929989640617417,
2023-05-08,-0.0028240363085478837,0.00972677424129298,0.015176722975920987,-0.0070237108229437295,0.0031135479358415097,0.004228068246514116,-0.00014799176886981513,0.0045848732612028265,-0.0033179106639708023,-0.01183065794813587,-0.02212061384829067,-0.0034230950877177646,-0.005665587904274627,-0.015444909648591687,0.012889853412170194,0.013116733498075739,-0.002404097755081991,-0.036360665931953084,0.10253919731456307,-0.027475992605453636,-0.023874455597263977,0.015450291299413,-0.009251276144907283,-0.011860143085610786,
2023-05-09,0.015288990316180584,0.024064531953307267,-0.0008390944260954214,0.014012901187647975,0.010900376243907717,0.012033073709011965,0.007545586431422446,0.00937975223966614,0.014828030623023292,0.025230465140210212,-0.014499814400264266,-0.000486590894539507,0.00919627707446291,0.003588943610515427,-0.04582425134970336,0.02539077261941447,0.005539768824193159,-0.06570357278985173,0.04062182028959116,-0.0028018225532678853,-0.051265529639971,-0.02969108011594468,-0.0008405643337688895,-0.0397323079447075,
2023-05-10,0.013823288984482929,0.014910207780867601,0.004869961135522516,0.017880077650161974,0.005100392440559487,0.11764025651554122,0.027601957472870975,0.0039846066753359555,0.0031947016406081996,0.00409214182591322,-0.028256540809692532,0.0011124513803921765,0.05427297759893479,-0.010636485938217755,-0.027384170970464083,0.02476762370629748,-0.026016408477938402,-0.05239872741722862,0.024179845542126266,0.05045577397875811,-0.08601806534303202,-0.050383664145272844,0.005426547238088331,-0.018052644017099273,
2023-05-11,0.04108839151357735,0.09156967483452694,0.0004100617033153675,0.05159825023454956,0.028137922010782246,-0.011182651257665155,0.03945200384399028,0.030064838254609594,0.03051353571836235,0.02253983917410496,0.028451199214434952,0.00248243511852686,-0.004217469851204969,0.08098109654334285,0.010182337500124428,-0.0011574370943707724,0.07651197016202227,-0.00041046864832883223,-0.008065449766069821,0.036430269177948116,-0.049028852657034494,0.010692839827818101,0.030192071572640478,-0.01598761898877754,
2023-05-12,-0.012415121611938806,-0.04475472491423016,-0.016155269289274354,-0.012421707093839718,-0.018513558404907204,0.011022796530063328,-0.022142597724792656,-0.04297141708154706,0.0062402619089099165,-0.005581152695060543,-0.027429864757433586,-0.01035280755632395,-0.04159792495335868,0.06209263180548663,-0.03269300779505935,0.000232487069481202,-0.024873042731793138,-0.08369723075984092,-0.05958401310221384,-0.01505670584412766,-0.07652839255585508,-0.014153228320577416,-0.003998723571462581,-0.021851297466502828,
2023-05-15,0.01345467899419539,0.04685748989683769,0.025272577617142744,0.03470705707166455,0.04958434482307261,0.02828670927478938,-0.00959376633622,0.01889449780381569,0.019452535760775103,0.005640015867608206,0.03812628057439804,0.002306914698896101,0.01694322427038264,0.06586235202716773,0.019512019494060118,0.005648157868616721,0.044317362660579285,0.002848826546604899,-0.0014010746945700703,0.023409559947161762,0.008075188644568243,0.021888419272201753,0.03429781305162671,0.02130254610297766,
2023-05-16,0.014182624313415992,0.0123605772043065,0.007350509183432941,0.045844916794894885,-0.0006273998487428267,-0.004931977178230018,-0.015291599839793446,-0.029716638952869245,0.007996069917735937,-8.460210113236943e-05,0.021950577354525214,-0.017433902158578984,-0.0034981789757367876,0.024240570967909436,0.013465266712276547,-0.008027900919775677,0.003079607752511926,0.05313320645010422,-0.0384994230689244,-0.03488524803323578,0.016202063348041307,-0.01709967408368418,-0.005520442901222333,-0.03386504395832979,
2023-05-17,0.039755840348953964,0.019088159031853458,0.014835436484649911,0.03297148025432106,0.02794651532500625,-0.012511071741028834,0.028642679278961358,0.03522285408807768,0.020611960803899043,0.016321991400476632,0.01605433985513849,-0.005138817200293855,0.03993290155240814,0.007021206599832963,-0.0092388990069594,0.01933692652391361,0.032536633400584325,0.09525583448127017,-0.04372734974393777,0.014572907457925277,-0.0019904503956764685,-0.020495298841719745,0.017895428560985138,0.013353490992815686,
2023-05-18,-0.04337130751099538,-0.026724813261826852,-0.022242289226046652,-0.027988881087972928,-0.02529318604673314,-0.016830979889262854,-0.01399776781589901,-0.028122931899025372,-0.0250629806026893,0.0086806441633267,-0.054239783791247054,-0.0053823982298008,-0.048646111826982974,-0.0475860008559591,-0.03998818532217985,-0.03162482106620079,-0.02729858457474066,-0.08280658023326737,-0.023897398367023426,-0.08558248255374656,-0.04453022327979261,-0.09274911853684065,-0.021051728601507835,-0.03547177552589842,
2023-05-19,-0.0034313058994048795,9.16813688405238e-05,-0.011068095608864237,0.013309211831347145,0.010332392035410365,-0.002738874082217735,-0.007000678690134432,0.022108575563999144,0.005632688023017529,0.008086401926509224,-0.017200058043269406,0.021505898784243804,-0.007807048393770666,0.005028009704341807,0.011238845159708521,-0.025823043022320857,-0.048266507383307844,-0.06309586152096003,-0.0346329787138302,-0.024010743721072814,-0.025786728977662432,-0.13750496149535596,0.013288351983891333,-0.001970935985122546,
2023-05-22,0.006319513266750398,0.004020831879683051,-0.011398135914808205,-0.007534323645945862,0.01279000732968627,-0.011996697751482821,0.003493654166950133,0.05870063357664712,0.0017675157865604252,-0.007718618834692936,0.0051012813337369955,0.02427030589771273,0.051659100666666014,-0.022573796336184393,-0.02456582555241771,-0.006999665320697734,0.0012884070547736215,-0.04444531227531889,-0.0619840107498173,0.029514978349434173,-0.023179615849734492,-0.09099162860935905,-0.013084916228284449,-0.006583370524890109,
2023-05-23,-0.022852347250558402,-0.008993309080788658,-0.02845422005309961,-0.025765327867141252,-0.02347197981990823,-0.005344450382896215,-0.013587449164543464,0.012555382890149902,-0.013656957098304945,-0.042025768266018226,-0.00899689117165492,-0.002611195084402218,-0.001681335154388175,-0.00407867058944722,-0.018637003683815823,-0.0020236753671882823,-0.011064054091532327,-0.07648168451999582,-0.01878559749488018,-0.024674893251002694,-0.05363633301646009,-0.0925356116328907,-0.025949265156885337,-0.014882572403730365,
2023-05-24,-0.01846370872882963,-0.018804625881262194,-0.006384038413389859,-0.020315216309747863,-0.021670562122032888,0.002918102523384869,-0.018979846690681756,-0.07979809042657404,-0.008162118543565855,-0.013492770627916206,-0.03482106654537309,-0.007864675841513735,0.006146623756611902,0.02936012158063739,-0.009807159197843252,-0.015428507766281352,0.00381206359449604,-0.09240936818264489,-0.012433243926218807,-0.03271951706954124,-0.1406405629135905,-0.05346636683413608,-0.053514404066211885,-0.02458223536054338,
2023-05-25,-0.019644812832524505,-0.023820421020052995,0.028746873718564547,-0.00303198123019921,-0.030779069006133475,-0.007016795293958822,0.00027908022442013625,-0.034547136076267915,0.001521168901475578,0.003183785864643962,-0.07288657224266504,-0.018871461251235844,-0.03213316640165753,0.02084296119002671,-0.026333730790957355,-0.01765758647226834,-0.08388739589428318,-0.09536385486383592,-0.06104862734853578,-0.08402602316217533,-0.2142096599754928,-0.035047548388730254,0.01481905018427132,-0.05108606929141202,
2023-05-30,-0.023114328650704064,-0.033543114386338835,-0.046386845318865944,-0.022132766913633972,-0.032015233217495775,0.018688388461725935,-0.01744244186739119,-0.04123174687030906,-0.0022638560925118956,-0.014057275405986336,-0.08694828348743278,-0.027221095037308296,-0.026481424288662847,-0.044758080883820606,-0.027720986693149263,-0.0743720572744957,-0.01590855331663088,-0.07356695932395185,0.07916873427271343,-0.0201909313270916,-0.2435173075054139,0.011802734757239364,-0.034807547736866895,-0.050412459788345854,
2023-05-31,4.7587157614437103e-07,0.014260022463566058,0.005313237956050099,0.007553915950319068,-0.03779185705335453,0.006099631161367913,-0.005918266759875501,0.003240664249990699,-0.015127629364880879,0.013081975395108136,-0.03148705428858012,-0.0004729078202810877,-0.015361894096908912,0.010870571580186672,-0.01301199308115586,-0.000344149910044389,0.0002565219140568953,-0.014485557624104084,0.046657184622175274,0.021251005064664596,-0.2227571496108438,0.025890145983014756,-0.01583654779105348,-0.01043323717619249,
2023-06-01,0.051084113294135536,0.04004490942606931,0.02013851405930467,0.052882333487247246,0.0014609629071773433,0.031073978239666733,0.032998514259797496,0.010219390232423686,0.04470154277903071,0.0242606592516581,0.0033295638464165833,0.010694645370931344,0.001666442417660674,0.020716698667013977,0.06164971025229948,0.017978441537502166,0.04416135152181,0.03178974225499842,0.06500220459359363,0.03678974008563318,-0.18158816232635933,0.0892366009756358,0.01968884685804695,-0.002178831058353925,
2023-06-02,-5.9873923215270075e-05,0.0016969288164270235,-0.005445374256833113,0.0010667224398059894,-0.028513534994395795,-0.019730575058321653,0.007589309481336848,-0.024610556648065218,0.04968937037349064,0.012562816198656401,0.010089489488050774,0.009336147024287422,0.014826009524697259,0.031714981057540115,0.0011208415568659813,0.006634289730351295,0.04420007692170835,-0.018037092535168053,0.11423774459710523,-0.002603374167104877,-0.17371514115798492,0.015043791261648343,0.04179557690439162,-0.009172575570242647,
2023-06-05,-0.000781745363287234,0.02753543352951482,0.007774403117055462,-0.00244202625133505,-0.02471383346424527,0.010744892044179055,-0.004110970425340588,0.015428971997055285,-0.007604534804272367,-0.012615659101610999,-0.02779991537712123,-0.002659181390492815,-0.010047864599083356,-0.02560289590765641,-0.04244554928058386,0.010263459968689492,-0.049789224368312346,-0.05672927376165593,0.008421119622494144,-0.006364118036757516,-0.21401050532959565,-0.026233267376933433,0.007287422786967257,-0.024331394048916266,
2023-06-06,0.03148521552155126,0.04624905172125415,0.03500529866291946,0.03747479055942948,0.036958758052191065,0.03952382344468042,0.001440029474819804,0.026805269770170836,0.019502365188586834,0.023083509597103147,0.015550707902494132,0.06351477385167192,-0.03174276658448194,0.015205561414718183,0.006078715327857198,0.008366578960818494,0.03802749714247278,0.09620417183814522,0.07639942485354068,0.05603567230619899,-0.10695897184367908,0.09018750861170877,0.03793384660367938,0.019164547162090928,
2023-06-07,-0.005278107361053719,0.004850415120153162,-0.001382995494300654,-0.016737200960529774,-0.001626229849117089,-0.005239949311221959,-0.02630606882787645,-0.0006292320695141518,0.0012526762681237535,0.005898519346056563,-0.0021732986153712996,0.0035301535537206608,-0.009778108414700837,-0.0007141678173155919,-0.027846595178936395,0.007751492633819579,0.03093513216276156,0.05243679575246474,0.087562617782593,-0.000705495514942478,-0.1058980258043728,0.02042637179453588,0.01528590796344842,-0.01922070122041808,
2023-06-08,0.012770236812850166,0.008818000861925412,0.005318456535362337,0.0009774047926978113,0.004269420922503375,0.012211580519042142,0.011039642462687072,0.009447483289898528,0.003564489517253744,-0.0017130742891939832,0.02338700981823605,-0.008336887098266743,-0.02516044969890019,0.01002990378399704,0.0020720044473059307,0.00932976744277414,0.03991551797134307,0.040934124910138925,-0.017419280954914074,-0.00339422406272627,-0.09842993455995386,0.003969895143243862,0.04108876956880092,-0.018586807570940445,
2023-06-09,-0.0017212695074703133,-0.011484726357894992,-0.011162256452970643,-0.0019473755795783587,-0.028094398281700128,-0.004584815813539311,0.0059658447206518694,0.004615437259768207,0.039584108904499926,-0.006764636465434792,-0.03350857807637175,0.0033530130222356735,-0.05891804507054432,0.015203906303680403,-0.030501456270480065,-0.01311921035166319,-0.0009168597588169458,-0.0014424814656387452,0.025373144725951757,-0.04055424544156783,-0.07767125703843913,0.02041404682608028,-0.005802333748501254,-0.025120981319731395,
2023-06-12,0.0015466797448793201,0.0002919268680103837,0.0012432126707127011,-0.00035953783533859696,-0.008586526452200482,-0.008210322555899152,0.006387523159284703,0.04269065760546753,-0.013040912331915844,-0.004599479924162209,-0.009186659840848432,-0.014894119566342012,-0.03309803650011378,-0.011760879374082767,-0.03926898951388558,0.006362498083484658,0.0408662640950066,0.009849395991898158,0.036103106252054706,-0.0109549409158739,-0.07924247017182584,-0.01122092181309775,0.01484468291916996,-0.013666464449901383,
2023-06-13,-1.436228689044583e-05,0.00959853809413902,-0.00458005762337399,0.011000449423617553,-0.004019001818968304,0.006962818105811008,0.012766145066987589,0.042634657528020314,-0.04626745041980129,-0.008596978839627956,0.0023746386544545306,-0.0017500972548948335,-0.011575217184261244,0.00046759053437561704,-0.011376640103247349,0.001309267251609958,9.089952898611031e-05,0.0003951751852251384,0.05785619135192044,-0.012206325369655158,-0.03937957871616726,0.00043401611406124196,0.005132201873859099,0.0066898537850559325,
2023-06-14,0.02757572696598043,0.02603084249555132,0.014012778368635015,0.029590746808480617,0.04128600893823409,0.025429371834007952,0.016823966004512858,-0.004333410332777343,-0.0008079569271495224,0.006459595264309392,0.01933888698684605,-0.01950535515312224,0.019620503175041604,0.08869145974298664,0.01820537097808783,0.021431173119848657,0.012143727124912518,-0.018619279261596566,0.07865096074727473,-0.004422453683057159,0.054894093997657656,0.031228499636068108,0.0008603787135288421,0.0006950801025291664,
2023-06-15,0.014057547511839408,0.008127482817196663,-0.006432378475105582,-0.0022847250828607057,0.0035396672360563652,0.0031703102449884835,0.048038522198411204,0.0699861961038124,-0.003491490991898938,-0.012538523260771539,-0.033026494477924495,0.08126656736021687,-0.024307573852780484,-0.0007312413627861281,0.01043875816893114,-0.00021935065658862385,0.004301864391878407,-0.03087203704622654,0.08355366536607334,-0.024149377368633984,0.06898991731300064,0.02839535044750585,-0.019088356657354533,0.033678810442161256,
2023-06-16,-0.01684131688905155,-0.0097541024177904,-0.010748885459392343,-0.022111416661148464,-0.04699933281534063,-0.001577814720197579,-0.013072630075806058,-0.05485667487939505,-0.0020818486384424073,-0.02382214106208791,-0.02933939229234994,0.01408749117924879,-0.015236680517398349,-0.016408011079919738,-0.016657701159395466,-0.003674606870629926,-0.042915615693216225,-0.09605862860179415,0.06905022337059785,-0.017982175595858685,0.069705356228287,-0.07629546536582799,-0.026423991741263086,0.0313928285535765,
2023-06-20,-0.027507609672882904,-0.029520372757572355,-0.024782194552911974,-0.0172474979944367,-0.05496529835762409,-0.01069406337502632,-0.0005869454461971957,0.03600120864311429,-0.024969929081188225,-0.013604986169924005,-0.04818034684051642,-0.01795404649391108,-0.038496713064263166,-0.04260603038161326,-0.05563603542621576,-0.0351934808804526,0.009184307924538393,-0.04145491541049795,0.00097010500777861,-0.05631403110816957,-0.03278896077673765,-0.03443081517824431,-0.042405309230705734,-0.0535527338752948,
2023-06-21,0.002132023559922702,0.0040182637322139225,0.0010700400854242176,-0.017870491240933206,-0.004338124749830308,-0.004250253767447698,-0.04381316920427347,-0.03231077624509149,0.003446477309247742,0.0036683969994839583,-0.02056626145590945,-0.008621557344902553,-0.03966253291364408,0.0012420467097116195,-0.008731954797926322,-0.009583458294566971,-0.011677962297494515,0.0019788503487498943,0.01268817047774573,-0.00935311442450859,-0.015982875687547415,0.013282799547578605,-0.0144461289830764,-0.0875522045164494,
2023-06-23,-0.011106397124812317,-0.02556899066120788,-0.009180992642318087,-0.013517900865746224,-0.026774587575073894,-0.016202951816390088,-0.021237492561340332,-0.03638327166102029,-0.02536010736935279,-0.013260152780178114,-0.020320133353883163,-0.009329337254343262,-0.0075073415920133835,0.004734974145524706,-0.0202336744264785,-0.003692718997191702,-0.00677921427634498,-0.06312338012580165,-0.05041472964199367,0.0005841075617056823,0.013105051559314296,0.038491646960915116,-0.022447035754642797,-0.04515299667797712,
2023-06-26,0.004815368698243949,0.005898811768292989,-0.005151101960146454,-0.003508444476293726,-0.005358886307661459,0.0032952648802977436,-0.011800547211887613,-0.02922908785622258,-0.006226478251079248,5.56966891609445e-05,-0.014199684394433087,-0.018408595108156622,0.004620601540458402,-0.0065687708570170145,0.00016752280560505817,0.007806530941480316,-0.01239781309020993,-0.030438818243015975,-0.05576429402656802,0.02039061413459775,0.0068757991392838225,-0.03941381585744175,0.01565018597357226,-0.029983478990046275,
2023-06-27,-0.001981647342051751,0.001895716168604178,-0.007491435740138552,0.013278561433200942,-0.001970372699987344,0.011862380620315083,0.06801980820062181,0.07156148013205099,0.007069981130978453,-0.004217900232614924,-0.004635539789736187,-0.009189528147034776,0.0043738041504277625,-0.01417373275277467,0.03233983980675248,-0.008738194111860276,-0.008676529508426456,0.03488857968121972,-0.05040258580180601,0.030539959751582746,0.051797507887204386,0.12467830379542733,0.01678015020622947,0.0005735888861506666,
2023-06-28,-0.018075361603037687,-0.012630800545093024,-0.014299526569603427,-0.01187135779144366,-0.017008891992347452,-0.004684202002771198,0.03099477103813264,0.019428678824252588,-0.0031625805367235804,-0.020948051199193518,-0.022705192374254723,0.0006840711119417975,-0.002784841345692901,0.004606655264399073,-0.01956598799615894,-0.0032014966859338356,0.0032679995797986194,0.013304411164775098,-0.03813238733583835,-0.02802919401867865,0.03778420472422872,0.016612837468585884,-0.01992133310844657,-0.016020513143291892,
2023-06-29,-0.004802016892171079,0.0025456662188652057,0.005962979194719553,-0.02117352047101384,-0.003868853597210453,-0.00595295661888029,0.022777951051167866,0.016604171315638183,-0.005973620619929676,0.009368101894446923,0.001128679348684436,-0.007319951481237874,-0.01106795169905117,0.01082558298986469,-0.0004042445124678995,0.009436622713584697,0.05222500843196931,-0.07400060777873863,-0.000954709473188764,0.00889717487536057,0.015813041084872248,0.020351305259169283,-0.01631646920031493,-0.015187370448891846,
2023-06-30,0.005794317603778687,0.010340872800671086,-0.006640162093219937,0.01017517476691121,0.014274939013220411,0.015283639872364807,0.0519669597349548,0.0014234645720987427,0.006448981028052803,0.00292615772000393,0.0016244271636343122,0.0010442886169745869,0.03509485295784365,0.0016626139510935722,0.006680401038465789,0.0004941589554259274,0.0005378010255874255,-0.039872947395488745,0.005110721164000243,0.007422182220474749,0.03304679463506566,0.014640214069494784,0.0049211657069689885,0.020234237713763426,-0.8400051668262228
2023-07-03,-0.0142403205783459,-0.004045210827391399,0.004286743695059103,0.010907350117798087,0.003097812119799759,-0.032333409445106986,-0.05952405194379873,-0.041364449517831026,-0.014459572787992703,-0.005718255102516001,-0.0013763045437826804,0.007660856632330404,-0.004507181833384277,-0.011071595953836666,-0.012970680809354929,-0.01740736998690573,0.006469165509075614,0.0029086837158578405,0.015552417518784445,-0.008610179942778351,0.06579043277370888,0.00765283448355536,-0.0040409448313145635,-0.0035192173575286922,-0.8280661057862833
2023-07-05,-0.0015320254611310702,-0.006253463807350923,-0.009032595534713472,-0.0027333393403725648,-0.00988262173423049,-0.017640185774418393,0.05176700076203922,0.01698745047911987,-0.001595998617622607,-0.016530030759879244,-0.022939600875854782,-0.004741220534408286,-0.012879360985711186,0.012309322693783153,0.010511224042242251,0.007124506620697746,0.00938041959841307,-0.04105307131397484,-0.033029275296341365,-0.010036656196738436,0.037557660384708536,0.004656681073434532,-0.0068531612818362175,0.015001367516390696,-0.8170695676309712
2023-07-06,0.005835657943443762,-0.016320339996674593,-0.016796884486416808,-0.018758111374597486,-0.023076748013639348,-0.005988187496024366,-0.03989147644652813,-0.043743174499917714,-0.02238236114908454,-0.017034690217761495,-0.004037570254222578,-0.006276966054198252,-0.05051215542853227,0.01687303468894985,0.004906854669785021,0.014517405434093078,0.02173598706159785,-0.10879350131380383,-0.08193801625115382,-0.029917740286696914,-0.010250885492639417,-0.016224910874935827,-0.01882257971467216,0.00998313135746498,-0.8141547100488342
2023-07-07,0.050025563144777685,0.038075373874662866,0.022056297970228567,0.01497304963315682,0.01149274002029399,0.02286503649063798,0.014073894432371947,0.04167728784057534,0.030600079425257,0.009136635896805245,0.029853279623402118,-0.014455868569079433,-0.006157423408823193,0.039086454179789065,0.06641824069377944,0.0023159640081138466,0.05245072229604397,0.010846523516235163,-0.07206497724538274,0.019294852383165084,0.013501997439008928,0.05860089528979451,0.024237043596619046,0.005953899389567807,-0.8144320668481491
2023-07-10,0.018448671530186145,0.026976071350209185,0.012712212305255433,0.015715818956582916,0.01789083628948518,0.021137947935154333,0.03704391258521422,0.10010816219362284,0.03135493683095203,0.013198536985321807,0.009170724617437731,0.013306921162146157,-0.0052659514977134725,0.035515565752551215,0.053949456301775056,0.013752485512024126,0.047708729054687815,0.013557320615081636,-0.081983299639108,0.042075392994991745,0.02330644117609748,0.02909383844522484,0.03606383514877032,0.033700563847547826,-0.8054803860732805
2023-07-11,0.012042919199328095,0.010651479083700233,0.008820245180773956,0.007557404237072074,0.039735227559936526,0.011551987577758993,0.007636723739434137,-0.013144678617339034,0.0118004801364755,-0.004510465109906048,-0.01873920153304587,-0.022073064694831057,-0.030910793185996654,0.029813204377009628,0.01384187698559125,0.0404569438741178,0.025814277176748224,0.034683795052901756,-0.10335435497988676,-0.011887160119990803,0.07310999631737536,0.004573572488258959,0.016083238610975936,-0.029555481952142082,-0.813764596300728
2023-07-12,0.02353811940856021,0.033900315339915554,0.024309381558874632,0.02540725256561882,0.0566496929449245,0.025219433584025452,-0.005234747704812692,0.02821763964253332,0.021054110659468606,0.024756678468518478,0.041112086284565086,0.013399859584057872,0.004586575673545701,0.021229817231862125,0.0017435474231641823,0.017407832024276315,0.06254738075186972,0.022659988770418416,-0.0643066173300062,0.007588055561505325,0.13963152875048124,0.007834462848820722,0.01712764875560424,0.006302906123471175,-0.7999430185598106
2023-07-13,0.018895678530887805,0.021935293064419437,0.0040160400417659226,0.00463615807668627,0.03202332125549323,0.003984542722595519,-0.058527145290182436,-0.014601788469006838,0.01103619762823338,0.01781749688159473,0.004943047966698533,0.010936987319271951,-0.018538822123835175,0.02617271011786948,-0.004184947478110046,0.01731367129193262,0.020132487405953414,0.02098185670797359,-0.009146568374738595,0.0616398809326546,0.13911093640702443,0.013661820310953754,0.026788470541603715,-0.021813714387369676,-0.7894182192173851
2023-07-14,-0.005390526032283516,-0.008942865313710913,-0.012694673544386248,-0.013665298026027228,-0.019249161189047403,0.004832660158475166,-0.029592620340937348,-0.00015087328181317972,-0.010665212494412657,-0.0005063783927984344,-0.018845695543856178,0.005286748821856868,-0.01880184635826132,-0.005937606394574968,-0.009578538006818293,-0.001335286491171761,0.011586155534804243,-0.032215863414471135,-0.004037516274418618,-0.023364983772519943,0.09392094842457355,-0.0865377053760481,0.025806779546970526,-0.02373849973821096,-0.7969726241702784
2023-07-18,-0.00692018880740608,-0.018216821816351647,-0.02266216613082228,-0.024403635576369154,-0.041880406610749765,-0.017293971602721614,-0.01863109311069011,-0.013669704263264748,-0.023524260309182754,-0.025504918224396267,-0.0312123872789698,-0.003955372515146549,-0.01611927555503545,-0.02240948140155319,-0.031023665545782286,-0.003083800718136631,-0.02325371095756057,-0.06845220500567584,-0.1174148355249075,-0.0178423813821158,0.008297532427594456,-0.06489394676796234,-0.03340026938628271,-0.021621864582306305,-0.7819762755994215
2023-07-19,-0.004452083598152523,-0.0038372146170541077,-0.013944271127883656,-0.012264816108781273,-0.009106860484416224,0.0027301692172461145,0.02318371302793132,0.012049873079521767,0.004058827887048144,0.0022842522943724575,0.01654415677128207,-0.010259887951319602,-0.02199121359525047,-0.0050708765292072355,0.010225642068045548,-0.013746966366246838,0.0070931868068189186,-0.008055758123021173,-0.023262500762939453,-0.022442894254671053,0.0727329612430041,-0.016908620943590802,-0.032305789658949924,-0.051446998746938366,-0.7672555960975411
2023-07-20,0.002223444242637651,0.0018685499775539238,-0.0021409656274077316,-0.007080889021358838,-0.017075258190399012,0.01433447225522988,0.020315721780039153,-0.016684683241492526,-0.009996749843440789,0.0035697356474395647,-0.024672997298205712,-0.006358147069904563,-0.005638238921203187,0.016342469728375386,-0.001225750707351425,0.004486113819454074,-0.020942980160282287,-0.05260115632510476,0.020490743414881996,-0.001829887602050717,0.04380333403632175,-0.0013267791267607132,0.007637956469612739,-0.01957661612521544,-0.780283115163195
2023-07-21,-0.013980409401016636,-0.002569317889370204,-0.0029484326929660742,-0.0170354461413742,-0.01307349778884681,-0.0025120862853671433,-0.025128696202894596,0.01372096158181324,-0.008842663421397723,-0.013380653428780254,-0.016915659943319228,0.003449996435332947,-0.00881454957347616,-0.016040077727861868,-0.018691195407410044,0.00423369156406217,0.005529517152233376,-0.05363952405299599,-0.005169682317647584,-0.00038529150048727256,0.03914152852282449,-0.006907416399232313,0.0014096395130012151,-0.01361709132554867,-0.7700920186486813
2023-07-24,0.05133257622904375,0.06033530125765241,0.04471679200857426,0.07412487302979764,0.10018024779604695,0.04868492222260823,0.08544049691192157,0.101432163453963,0.04540215803146985,0.004681709855228977,0.07409548179293779,-0.014270612462845444,0.005566903037124371,0.057788850489128185,0.0025085474632793314,0.03772961815004372,0.0739668561237905,0.1891739739043563,-0.0016596540432528561,0.09806078584771583,0.1611438643609291,0.04739958943940126,0.044800274348836044,0.021128368909164363,-0.7457061548943267
2023-07-25,-0.025061239917846034,-0.011644848433168375,0.005711983458181358,-0.01047571634902511,-0.02975589346430918,-0.010015675212515007,-0.07680850170465003,0.013708301369435016,-0.0010561102402928402,-0.013035372571099657,-0.02056504494822231,-0.008768998066308376,-0.024597174923223664,0.01316423130753086,-0.013524721751843938,0.00663411838803718,-0.007153581595449876,0.03359285016530911,0.03701317658510117,-0.01654719872015975,0.14651257148315233,-0.02854058118381786,-0.02468710147539721,-0.004320154053849556,-0.7831359003523497
2023-07-26,0.010628648580204958,0.022248394301245922,0.017135863584724964,0.01346392518250017,0.020741743691120806,0.03108898889167344,0.25624750091022985,0.1127475377035696,0.013872618747710286,0.0119820704915512,0.00856989296292654,0.01644908760681596,0.009923107362048267,0.01539081524232011,0.010941994752892814,0.020713568465453136,0.08371599163584653,0.09844997448846682,0.0041108831559451,-0.005285037691811767,0.19785157804978692,0.006082562385660628,0.0183575820008417,0.01891226867648288,-0.7779963842022586
2023-07-27,-0.02485211206905491,-0.020753627923765006,-0.020746035310180266,-0.009154013861594312,-0.043206655153462004,-0.0052321549268123935,-0.026194842170432997,-0.01432752087491107,-0.025786140134950064,-0.024089911467393477,-0.018213908936382195,0.014787973837699475,-0.04977675909525636,0.033273298379593585,-0.0017611200896318069,-0.028588824909466237,0.0026138964699840006,0.009670560367792902,-0.029634341668563935,-0.03281775980270518,0.17029993015957912,-0.06821830670262907,-0.026087510612705977,-0.028779609163053776,-0.7910898514389764
2023-07-28,0.022661128064446423,0.030812114971812354,0.004888994969670879,0.019052430425481992,0.05949737000368427,0.03586579971492854,0.07233115499127862,0.05132843341137794,0.0035250543266747147,-0.007864521621489429,0.030551598575756955,0.033095656880024915,-0.0011602780608218621,0.06561109944489019,-0.004947813426621317,0.0331328859588389,0.06308225743448337,0.05195192684326844,0.02258902400120477,0.005286734528336723,0.2602685746558209,-0.019630609896391094,0.04491542100445578,-0.018296759285644337,-0.7865280848783006
2023-07-31,0.021137718761206292,0.007735253700509981,0.00033999895518577183,-0.005746016634553652,0.039711074629894094,0.00569297589242268,-0.0599299339947571,0.026557643272203668,0.027511718019542997,-0.0026402242082605998,0.0353659922645273,-0.011739734723310136,-0.0492418148860605,-0.01868840224520807,-0.04554876059556834,0.00998070121787964,0.028368736726594568,-0.019242611645213237,0.06618398749103305,0.00988805818966143,0.23947289418054507,0.015780290211993675,0.013646620143736632,-0.04611884481903117,-0.7764398015642537
2023-08-01,-0.002846429482133317,-0.013183504888203634,-0.0032658897385434704,-0.01891964309136207,-0.03955083528963188,0.01822755907799123,-0.05472611624836099,-0.02575939111249126,-0.010301682002382573,-0.05896785687751305,-0.023648855659926915,-0.032857554433273095,-0.02642135892962505,-0.004372689607811564,-0.005521239614142304,-0.0013319878456991008,-0.034831041481798275,-0.025620258660793427,0.11970134923027365,0.006911255865434507,0.14546472258467058,-0.04230672994247764,-0.017376810010533816,-0.0031795248305914736,-0.7641757923303356
2023-08-02,-0.026544174499504858,-0.023810891294416048,-0.010697015038148128,-0.02446142598374157,-0.020654452991698102,0.028111952202002577,0.03941067644677254,0.05638596091918968,-0.037157550920377425,-0.026953817006394654,-0.02910785480890965,-0.07196299724218314,-0.042928446202512016,-0.002999985153981033,-0.018474560846905574,0.009151764975098065,-0.0019093672119778748,-0.033874810695352586,0.01690938941914588,-0.02765900378913999,0.07624908904914873,-0.03676993916900351,-0.019840468071764872,-0.030510865997008918,-0.7445850752770902
2023-08-03,0.02161492321474401,0.026754399905198012,0.006983639164968469,0.009785712218949971,0.06294845621674328,0.03802032464286631,0.038479134085857014,0.04159810109839546,0.01521521229386713,0.004514127488241648,0.01754675146848017,0.04237778294264438,0.006460614703065692,0.02145620150405514,0.018568748320263895,0.020739653240306133,0.03380277153739941,0.024459366275108696,0.044093912409682856,0.022837211363156307,0.17418288764116974,-0.00443612659041781,0.018106769059473393,0.030695059986299178,-0.7503483479928037
2023-08-04,-0.006023951135272543,-0.01541117871403852,-0.019752511704100417,-0.015609122713594492,-0.015982632415469267,-0.00298639608475626,-0.04572231294790219,-0.06250647809116061,-0.012799136911380349,-0.014117997529114579,-0.030358608893589656,-0.03426404226398061,-0.01983707127053136,0.011531647120559319,0.010141835844028835,-0.0010425592256730898,0.0018624792893988662,0.009604666299666942,0.013130069306977799,-0.004027054418189513,0.14650407068900972,-0.013069665755259807,-0.001766754282334193,0.05044188154620777,-0.7483728857194877
2023-08-07,-0.013757269918087234,-0.020794224855589682,-0.016632560775519556,-0.020229939714633605,-0.02658383339499837,-0.011376873937918086,-0.02160043985783633,-0.029619231107336774,0.0033437643837093134,-0.0010801556989783467,-0.044804318135747034,-0.03280783957369593,-0.020415729718760378,0.011914743522167148,-0.02704976449182661,0.0063227018529223855,-0.025155360107466662,-0.05082903936332117,-0.023562490940093994,-0.03438563215002932,0.10988391896724647,0.007437767348891455,0.010070340039465053,0.003199103684087934,-0.7616935435277139
2023-08-08,-0.01180382220012266,0.0009150434079914227,-0.0071326449966918615,-0.0024493945656716143,-0.005074666637895908,-0.06245216901728601,-0.03469171314278785,-0.029592563895911916,-0.009442292185319445,0.004746075612619416,0.0010046849787532786,-0.00032092451282328405,-0.07647428555039304,-0.007344820824887299,-0.038033150592168385,0.01010137568332481,-0.008688728740982032,-0.015452292927465971,-0.04372445002546521,-0.00467920649695186,0.09628913996982646,0.00805131014929339,0.024830968124795127,0.0070669324035652625,-0.7511595943525141
2023-08-09,-0.015452490634988547,-0.012886946072180883,-0.0050570902101980675,-0.009867707835263695,-0.022809343286267603,-0.025217822600742013,-0.042179033891350914,-0.04643897966012478,0.005161799801942202,-0.009933913931781113,-0.009169280840663041,0.018290105067170215,0.046375319207814236,0.025767322248479774,-0.020035057974642,-0.009310703245079543,-0.0221338937042157,0.004221689936383832,-0.05442819298217594,-0.010952669265365422,0.12848623951174432,0.02724043052829228,0.017536316869681823,0.015488704925446184,-0.7332134019026281
2023-08-10,0.028451504420423213,0.009416359685906261,-0.01498531148380211,-0.00019884369322098472,-0.022447526454925537,-0.024723602893995333,-0.03367712467184436,-0.024288463527182724,-0.009030106408701277,-0.00633842866793799,0.007003235829293075,-0.008635438507754833,-0.013247022908757011,-0.01724259299151154,-0.003973774164148236,-0.007670520879761389,-0.007356639159373235,0.007270077690604948,0.007175247237849014,-0.03203131957477445,0.1209268860525754,0.004764811262619517,-0.01074846860068479,-0.030199857873871472,-0.7215599341862152
2023-08-11,-0.018242251239956486,-0.024289525088539987,-0.014806922134216083,-0.021769724896952947,-0.04314354918303687,-0.043351760930606775,-0.03704161859259192,-0.022549986839294434,-0.009843125482177584,-0.005527470409871893,-0.012450916482976249,0.0034264794160365764,-0.011817157582472593,0.007121088230207073,-0.007512272265957964,-0.00022488176142798633,-0.020813856656259788,-0.02575473797461636,-0.01925891252422407,-0.041597688618390416,0.03870351997515331,-0.06789920032077157,-0.0033885850841870457,0.01135879591354283,-0.7288233874485255
2023-08-14,-0.01585015673721113,-0.0035542280489551104,-0.0069431349370292494,-0.0010926119805103607,-0.017404436258101397,-0.029480644005207113,-0.009689379461692793,-0.020256744277286964,-0.005664821403041476,0.0011758765585223596,-0.00899567745925911,0.007835442676351612,-0.01041576103789188,0.01567241047843493,-0.0034914700194217385,0.018728445907134406,0.00887677547851995,-0.06188804939886805,-0.006348866197327108,0.025099390553539713,0.028014352806981835,-0.022948910076053153,0.03169821692065744,0.016112296824114525,-0.7461051464296826
2023-08-15,-0.018407759962311032,-0.011039933665229151,-0.010711621041418873,-0.015018584360438014,-0.03781385613503829,-0.0010585671612417524,-0.02876689629052509,-0.049796385000649424,-0.01362266021366454,-0.007087423975518536,-0.010829143415728604,-0.022973063238753588,-0.04135378068321183,0.01400196499539308,-0.04117122218394742,0.0014191152795388629,-0.017167436350141174,-0.070699525533224,0.027111415427636842,0.027891570937869314,-0.007600515987587597,-0.008984775909714027,0.015183653617399262,-0.023456276034376056,-0.7406864603591488
2023-08-16,-0.023412023734768472,-0.029499981784577134,-0.021698405066378545,-0.022137301999885617,-0.03214865722176086,-0.004070692801061537,-0.02558369973380059,-0.030491986789288772,-0.02136580489904616,-0.0035833106660775327,-0.02549693615338766,-0.040177835348432556,-0.031416565906935534,0.01409778077556334,3.0068254347481727e-05,-0.003166263944803571,-0.0158825277374558,-0.05751075169758424,0.0211113164233947,-0.03937441621252935,-0.011555374398676599,-0.010024510272625076,-0.012439216560638955,0.0020525639446911104,-0.707101669642106
2023-08-17,-0.015111890687731555,-0.01797995929574947,-0.018644720279563542,-0.01904820936972207,-0.030560849693360592,-0.02538519907583825,-0.06156330114860287,-0.031613467842020015,-0.03165681170257839,-0.007390057583959164,-0.023303913145569677,-0.00403315498919532,-0.045968282095023016,-0.003498340700866076,-0.023346500127334413,-0.017248660723076847,-0.028338752547097612,-0.014653300949403647,0.015414258340912701,-0.003511013505931193,-0.004119696144167961,0.015631431402854945,-0.015274412010461536,-0.007799139794411936,-0.7033825253651246
2023-08-18,-0.009700458566369696,-0.012037432997079822,-0.016509623650606264,-0.028583176375963748,-0.03752962757332978,-0.021791258008336256,-0.03861555481157142,-0.04902787734590863,-0.01710608971457306,-0.00841346028883716,-0.02609926353534897,0.013697034259963159,-0.020425220470934424,0.027396337530209314,-0.01934952291622638,-0.02452291089107861,-0.02064153285445669,-0.028295059947646695,0.11954735085536239,0.004894597928964517,-0.0402092733527184,-0.01293828044844092,0.0054982505569403095,-0.030364082898855393,-0.7684636727393022
2023-08-21,0.011868381364462,0.008528356758307654,0.010143995553959506,0.003336119337516541,0.018105050926261246,0.028841824528054838,0.03782484194113245,0.010216806096380093,0.003706757893181978,0.0207450659546502,0.033940493433197494,0.02130004163227084,-0.015099531144155631,-0.015457688566614336,0.028680191625425566,0.028797196831737093,-0.00054340014043186,-0.01101126015522147,0.073829695472029,0.017044359435522738,-0.04898695915098872,-0.014423682314020247,0.000489252013848418,-0.0024468065676849227,-0.7551327549825919
2023-08-22,-0.011935938410302604,-0.006542605264434176,0.0031163103218907473,0.02257527812415039,-0.03743141457057697,-0.018117499446965835,-0.0402944452612618,-0.027224668221793924,-0.0017604927420918903,-0.009651578556280738,0.0113847231935984,0.003003763412099625,-0.03148579240800109,-0.0032886313977368298,-0.023282846597375007,0.0038003539803048714,-0.021447339049201153,-0.09270832330724355,0.11582164561867514,0.04162699880728393,-0.03776275227642145,-0.040059877915065045,0.0037631000885158805,-0.029491713218306792,-0.7204055457064154
2023-08-23,0.008240403740657154,0.011445565320325812,0.013198988374682363,0.011095699911093604,-0.0026347383703373417,0.003970531832081958,0.007817047539703026,-0.007445988675731985,0.014025789620781826,0.009331681131931946,-0.0010839813554143207,0.037073200652979255,0.007845571362936843,-0.03214057896771205,0.019676233864722725,0.026187904241235627,0.014821911232273166,-0.025139305244952448,0.05880136071634623,0.02296178895619083,-0.01503973473732001,-0.030249534457462257,0.026465216108360723,0.005891844779738475,-0.7202651017687649
2023-08-24,-0.024715728767973122,-0.028141069077582404,-0.06072369897700214,-0.022744059724558285,-0.026906562226812092,-0.024172208586302646,-0.03037432916189986,-0.04218009051773186,-0.02298403908420288,-0.0036192932020352453,0.007682527378684245,-0.02636217355952719,-0.03190123645507659,-0.03615209758673554,-0.023025647836719454,-0.005716387026900693,-0.04443478282595914,-0.09830804071617083,-0.1376254831730992,-0.05727670149315567,-0.05126319326095652,0.004446430317476713,-0.07585130631213455,-0.015085485771228369,-0.7129707168449675
2023-08-25,0.006150806523437469,-0.005964457026437664,0.0089990955123056,-0.005495410019804581,-0.01493244225397583,0.010667823668264909,0.05574499073204331,0.017021299609978113,-0.014804552728223341,-0.007679037521696075,-0.08039591231289722,0.004839103382653143,-0.0026197712147983943,-0.009591923933875202,-0.005922557356076941,0.0065752761819135586,0.0036211766144362834,-0.033264394388505925,-0.08214238050519607,-0.013513849767676778,-0.06557840293041861,-0.012021210870530319,-0.030135997947353,-0.007693895967468389,-0.7095547926883662
2023-08-28,0.017252031850456317,0.011378036315601525,0.027874648541468483,0.014255575933818987,0.012441588854600782,0.007236687058508773,0.0026873536228324557,-0.0007675201239264462,0.004293004788749499,-0.001041631503680085,0.07012363629593255,-0.004671563128092804,-0.07206134327926417,0.022104537009931313,-0.010097532439113932,-0.003650750715223694,0.14210040056777395,-0.03678272880971545,-0.05758318902542581,-0.027001853248637797,-0.024809178271806398,0.007114270873658901,0.008641207234578285,0.000701969786842227,-0.7378321063148783
2023-08-29,0.014508941335542591,0.011524257553870099,0.006252351726144134,0.017697279923702514,0.03521512402179394,0.0423157894933317,0.010570039216277083,-0.03509926102006311,0.010565358466651853,-0.0029000816132349616,-0.029814678063559308,-0.003799796302534686,0.012649936698948316,-0.006361092798552348,0.013805611735614898,0.022668137055427584,0.023704490311256654,0.010578700726233459,-0.0010994294619688372,0.06638070640950966,0.003170067206983651,0.043500014897025485,-0.0004358542593808634,0.0035172167865786808,-0.7294132963193865
2023-08-30,0.016597472857911244,0.011135876493014063,0.004081947638369332,0.04242372602307665,0.008704310104627577,0.022051553859024242,0.013937323921727973,0.020962859568898207,0.017346279061280168,0.01694611176963967,0.00682684587043747,-0.02615265340954287,0.07107498813352175,-0.0008943646668013727,-0.0014262353919818338,0.041482037629083646,0.033212437286851415,-0.05060977136154177,0.05342500123896721,-0.024728398837213006,0.01856951737719359,0.026823609366152024,0.015667699888590292,0.028435745567329862,-0.7072934693077735
2023-08-31,0.010089289139831426,0.011494555086116742,-0.008681801624395913,0.004863923837741924,0.012002213780500925,0.011076945587523701,-0.05113629591831037,-0.037886736274687305,-0.0031649203852740504,0.007761274791702855,-0.00578007829070093,-0.015234453960727645,-0.04613822602389661,0.009551847609574171,0.00486298734834123,0.03540638174547417,0.014461426022132962,-0.016218520214200227,0.1139184126183106,-0.006804667352553917,0.012369072811464488,-0.00015272730277904323,-0.003056076357423887,-0.022034697156073535,-0.7156012121290924
2023-09-05,0.003856297417699883,0.015321770981210348,-0.011766193487894316,-0.016398879551148604,0.0015209901908104229,-0.012602617068906419,-0.005285181491780699,-0.008150829579295915,-0.013835953319800698,0.000876637604800834,-0.018095934123728008,-0.014632741481131917,-0.02215931694003126,0.020519913614146512,-0.016347474314040045,0.020172684826052167,0.0174261926069168,-0.038612313280645405,-0.0371385393563749,-0.06832895499025449,0.04589563937212082,-0.02967822940268905,-0.0003658445949443756,-0.015981814908143543,-0.6971316353314846
2023-09-06,0.0035760034156429032,-0.0008761048347518674,-0.0026838512068095843,-0.0046444195123025445,0.007455131977469387,0.006296631700644539,0.013631096062139303,-0.014092391255834502,-0.016815999383816504,-0.01830205516567962,0.013986837588683576,-0.011721381611382142,-0.003904879610736156,0.014234715525566877,-0.017186156920386608,-0.014051597011954464,0.019051301666265452,-0.053532509815568674,-0.01562898078407171,0.006882159057691961,0.0548656798706717,-0.021818057353664932,-0.013420186315457383,-0.03539887608091308,-0.7184362676059487
2023-09-07,-0.028636156315827943,-0.013114081895523988,-0.012719511355618218,-0.01917406801658217,-0.03734609768814301,-0.02170419597939799,-0.06339405344062132,-0.035345832546746836,-0.033159542190657754,0.0028811725808852717,-0.03830210171843762,-0.029059049169953388,-0.0007540970087616117,0.004403167331761937,-0.010723758619686219,-0.009377249248546882,-0.03889705693295531,-0.08384538706796496,-0.02524503943727796,-0.019309896325907072,0.003170820598635382,-0.08913556989573379,-0.013889531145439116,-0.043030443287004894,-0.7060617054566628
2023-09-11,-0.012601353706802154,-0.00371734604206031,-0.006749572511826396,-0.011792352058477396,-0.012036777991701553,0.0018314299918678056,0.009693057472936806,0.0017506140644329982,-0.020899692211591714,0.000574112577080621,-0.025287884437904973,0.0023397419878468106,-0.03471671670027543,0.0010179115121020654,0.023783003490926546,4.515483349409877e-05,-0.023718268201618264,-0.0076456272471533415,-0.04507705548456875,0.02581861176792688,0.00902794852948352,-0.02428265520371442,-0.0088286313738134,-0.025245091278205622,-0.6803471475301677
2023-09-12,0.0016703986474979615,-0.0035889239233285464,-0.002628602975064176,-0.009174895236571223,0.004614025770797614,0.015148759998297345,0.0031880570758333615,0.020120233459524517,-0.001713590334878612,0.01733836560969304,-0.032017279850239166,-0.02322647222183427,0.013939381988272714,0.02411353494183177,0.0020300706536815483,0.006592081370053293,0.009712906135461719,-0.05189074278990158,-0.11737954097699621,-0.013595635327559252,0.014736625980343865,0.002120656822705902,0.02509777330717533,-0.020688383141929,-0.756540576834682
2023-09-13,0.002328060985747893,0.002628629248731418,-0.0006227765384542172,-0.004410929432000166,-0.00555286858174453,0.010373567125192329,-0.0039357791468664916,-0.02023715735254672,-0.017464007356489675,0.004976178553466992,-0.0130490468886163,-0.029301409469277506,-0.03905361772500815,0.009124091945706292,0.0014948017126352742,0.019118201100993604,0.03455171300473925,-0.027754543756887684,-0.14457699331705953,0.003375713714204087,0.019603926309070596,0.001728446166312514,0.0016057170787064923,-0.027860375547545835,-0.7765325512786907
2023-09-14,0.00220372592444229,0.001009012903182338,0.0036601571603771532,-0.006929519244611715,0.0020253707638107077,0.001175761805888298,0.007807793905158178,0.019284811831985493,-0.00877989192515094,0.011287848886798013,-0.006328352033509788,-0.018064207332652238,-0.006467687933260469,0.02378525899774453,-0.005619444050322997,0.024192562456816447,0.07653681987856831,-0.01037294281039014,-0.10671834179175088,0.018312240515888645,0.025585572040258908,0.018430508818914948,0.01592351788747326,-0.016695619637344783,-0.7496574342078354
2023-09-15,-0.012045763175168145,-0.008154743025578837,-0.012840026357899492,-0.010848845924260164,-0.011500863752838653,-0.009779124167568543,-0.015972910746985813,-0.027874330845969797,-0.011439629633502424,0.003765782873946577,-0.012265540251573781,-0.023932425424142756,-0.008942581688610174,0.0028413273387528637,-0.028263186042853383,-0.03155028782338076,0.007573819308076546,-0.08521980210976887,-0.09529250178527748,-0.057348296612385385,0.029369564723935593,-0.04944158616303518,-0.018208700962882074,-0.021931779578459043,-0.7431099944167855
2023-09-18,0.010942180075351082,0.006314085993474938,0.0028242259757020882,-0.00842612693268352,0.008236596264911578,0.004899210834638845,0.0031791582873665902,-0.01669239243393328,0.0004724299797347342,-0.009699684201384118,0.011809531062543677,0.00684532634778634,-0.027758530516456936,0.02374975479046837,-0.005820091236673708,-0.0003696633649400427,0.03133104370768591,-0.1029779252786267,-0.07408803922618845,-0.052314455806748206,0.026154648274662184,-0.08263907169917861,0.014959614798856213,-0.019210301838414656,-0.7852039474576978
2023-09-19,0.003896509383502833,0.001461746226304017,-0.01044346945514596,-0.01063028984595693,-0.005355257440675332,-0.0015279726873267396,-0.052388667589243765,-0.14737740889564,-0.005885025588482362,-0.022293872412828986,0.005737284811889287,-0.010957431837316345,-0.014751221559302086,0.0007161123703818273,-0.01711548686705755,-0.000626537959290796,0.0021018565500536823,-0.05826233055803354,-0.05345694807041057,-0.04049363696303687,0.048318663600888545,-0.010083575536541822,-0.025901155967665068,-0.024093904889713635,-0.793056885559654
2023-09-20,-0.008041499773871807,0.005781003694857567,-0.007704377136073082,-0.001221136407163148,-0.004747830118022933,-0.007861542836615776,-0.06114742841532772,-0.0017317393127470604,0.00026954026519310226,-0.01580868545117875,0.007051672026127331,-0.04120640794850783,0.005940464027897274,0.017403033861595363,-0.012500063123487948,0.00851666563531217,-0.02353894479273977,0.01735288566291837,-0.02238750457763672,-0.009171265903401005,0.019437292704242326,-0.023030685422021135,-0.008179163884899698,-0.004841611229885356,-0.7708113835050536
2023-09-21,-0.004749216664115763,-0.000739149471414513,-0.006110364007037905,-0.007289429767187272,-0.01209242182817405,-0.0063202924890207735,-0.0195569158040374,-0.05284947919492644,-0.01170117408363247,-0.019445510670744404,0.00263698616284902,0.007235164364142177,-0.02487149305559555,0.018897312812404143,-0.023336462825955584,-0.008412209930988457,-0.012437007789976917,-0.010679527938619371,-0.08569946963566155,-0.0005572847498565014,-0.010119193410790372,0.010802112359705518,-0.0114488436657324,-0.022666283615648486,-0.7901588930202469
2023-09-22,0.004939348600486282,-0.01148542897205107,-0.016070844365058568,-0.0016306306772312373,-0.005063883186791962,-0.02037988402542068,-0.03903405923181191,-0.025374262499445854,-0.024960146744796297,0.008164786362573562,0.004914682563750938,-0.0012555792014407041,-0.020573909468687646,-0.009252453820079887,-0.01757572940462271,-0.00828584075376726,0.012457242415627512,0.023644082909116015,-0.04861992918088143,-0.025964309530580376,0.023472274934176918,-0.015511656113605055,-0.016220136220955528,-0.011525471105076068,-0.8040088578805566
2023-09-25,0.010812333197616875,0.009063281557144753,-0.001957327712977852,0.013231085417178434,0.00891553507571241,-0.044472355765350025,-0.006676945354680663,6.455603175359315e-06,0.018471929828874023,-0.004386740809897205,0.01623947032832862,-0.0135495456993876,0.00635039121208214,0.02478968228969647,0.015352999024339953,0.017907888296533114,0.030005216839147808,-0.02797168724157917,-0.03890585357612286,0.030978936510081212,0.03418178567611396,0.019399591451543685,0.008509660125224139,0.02348666165667712,-0.7960341391776902
2023-09-26,-0.00014362662353206712,0.010280186588537132,-0.0014201139460483514,-0.0038703499575380995,0.011440001047411164,-0.013460789465885914,-0.003291219947556323,0.031955817787280294,-0.0009909279115961622,-0.00024971522267291935,0.0014194904301987332,-0.013532094476985113,0.037186818928072185,0.02039392127256323,0.024445944044457102,0.0059713453083651835,-0.016931271867300257,-0.03730708585669795,0.003451595686621234,0.0026817195032011742,-0.011499984919541406,-0.014458949338178706,0.0036206355153809433,-0.004297174116609792,-0.7985189758726576
2023-09-27,-0.0027842179592854066,-0.0016462134839453357,-0.0028850134725966203,-0.003935384653200313,0.006444575722173385,-0.0085835606168978,0.021420176498456733,0.009430899611663213,-0.0017699699266368052,-0.012428132575729722,0.014117680366763752,-0.0006665633403755145,-0.00017187118759764974,0.0016288200377432283,-0.0010570213173110021,0.001043660829574522,0.013138830352628306,-0.006532289746470132,0.0025605465239662006,-0.03691253119185167,-0.008852509089667282,-0.01940938390968272,-0.005484610436402693,-0.025839512016737842,-0.7996003376488026
2023-09-28,0.007553024303822653,0.004913758024924109,0.01974059425725372,0.005339698286018546,0.0226402942898567,0.011467752917490914,0.04321448056666144,0.06471851348478297,0.008235464285118566,-0.00035921426315377314,0.03180477675787685,-0.013351401869246327,-0.020323974516388565,0.03410549624801851,-0.0019215223934445635,-0.0026252495667420384,0.05490515243503702,-0.0426853673391443,-0.0373033165236214,0.02557959607003779,0.014043500235629836,0.004805398795322713,0.02875237617315607,-0.012533976862588614,-0.8401782895537611
2023-09-29,-0.008297584817165915,-0.009257333634736353,-0.01669250891909224,-0.014361630719708418,-0.004523084279798639,0.009097372007255577,0.02749733346639771,-0.009414602154206864,-0.019368313395593084,-0.012559069005302348,-0.02015916542315277,0.006766632313979226,0.004918103600870749,0.004314324576184969,-0.03897604007975197,-0.0066383728700772915,0.03324752972630085,-0.03610791204807495,0.03017762253622336,-0.026031869129039764,0.02389000014065057,0.02347926153169988,0.0006848261310838932,-0.004658949423511971,-0.8203734980774074
2023-10-03,-0.0040480513624205905,0.00043028359780827863,0.006434788153088178,-0.02275253878603234,0.011776570498087668,0.011547363985936698,-0.017350055599459235,-0.0002570734852122003,-0.032940708312785394,-0.01237305039277048,-0.005951104003203644,-0.004064880939390836,0.01047039503547409,-0.003305564821027396,-0.012424842200357666,0.01039094407941299,0.02425112515853911,-0.030162000950555545,-0.03948397023575112,-0.010396939596106214,0.0377267581444114,0.0003381662573038735,-0.020622219294573974,-0.005870820567568935,-0.8021712149305675
2023-10-04,0.006980171493204068,0.008012268272433731,0.017366018019570717,0.008344695916160383,0.005322217052676326,0.033280290535721235,0.05353152911053538,0.043165237551371805,0.0013026820291941466,-0.00923174740011179,0.023907690469122667,-0.002796702167442322,0.019732501660528312,0.003984386487681624,0.010474385524064544,0.00995969619490511,0.04224114658903466,-0.03244355893191231,-0.01407823164466504,-0.019733386091551508,0.018913249625962525,-0.02756280743906092,-0.0034379343566129927,-0.007057904399116799,-0.8028619345313975
2023-10-05,0.006508467738163937,0.0058077254893209584,0.007589994347440676,0.018526953987427985,0.0036140227747480935,-0.011570604870823065,0.0037640684879858277,-0.005173777964809445,0.008383489586410109,-0.006128334172310623,-0.02212755530103483,0.010620494769614242,0.01205830024101795,0.00015509181085660018,0.004128721485967324,0.010549958052020747,0.04313761145754391,-0.046146212934872755,0.004580572898315705,-0.025054503876705603,0.027192596172990857,-0.001844654830354231,0.00937529225042888,0.00172017170593608,-0.8077184426723356
2023-10-06,0.016200894692569134,0.024200007274311153,0.007611577513795709,0.03219773673171922,0.012076423182242335,0.014680921596736951,0.020177767548100745,0.009418956951663837,0.018704126216238404,0.00637327423809686,0.048091044280461626,0.0023347103294621974,0.017275225866222987,-0.0008713456112454665,0.010620536099377409,0.017009896889356835,0.06310655681480681,-0.01886213397803549,0.03259635915095638,0.009132863793172241,0.08622758608831216,0.01784822009512954,0.0019045416295524475,0.022004252674317826,-0.8062339163497877
2023-10-09,0.011722565960089693,0.005771379831019052,0.01760098198739346,0.013688411838697068,-0.006668674995004786,-0.02209102482495695,-0.05570329539991015,-0.022239901145756802,0.003801479014700293,-0.004937381902432869,0.03553814902380115,-0.015211440410600297,-0.018573387150795706,0.01843630350950809,0.016671959877607945,-0.0027124846221605603,-0.001291105026104411,-0.03557848419339815,0.06036578515846491,0.03715011557498982,0.04712022739895794,0.05974367824572813,-0.0013867047949537303,-0.018180699871575223,-0.7818754365586749
2023-10-10,0.022823378146061613,0.0267536890658151,0.007412669155417495,0.015077183429978103,0.05635851757720589,0.027222059756369266,0.028845535857505267,0.05942407635369418,0.023891198951363712,0.012886599480206318,0.0341422629624335,0.017132259474410105,0.011910119538721675,0.010165723404368832,0.0056065430701934815,0.005847048072707972,0.03522739822327714,0.008715002857379917,0.08077623435862291,-0.024602555320826003,0.10371836568194381,0.07707757208368826,0.04289966763348585,-0.0002642652061397577,-0.7942561814995187
2023-10-11,0.014144353159804668,0.012962206289800715,0.024791479273155614,0.006059495934656489,0.024614143615022455,0.007851099300082875,0.004571615611505431,0.017976548199380327,0.013735962485800002,-0.00032963057947787977,0.007728409071848796,-0.007340090974447322,-0.008504536116541783,-0.0053121390949039116,0.02293125196574408,-0.005304738393971609,0.0012442118819375736,-0.0596013288713334,0.06749629187030015,-0.01310561930091636,0.11655233713240687,0.08053537715292158,-0.000695792037343046,0.02943529217043883,-0.7828813956683328
2023-10-12,-0.037794328003396105,-0.075521455033566,-0.019382200855438403,-0.04766169618459959,-0.0525480927728732,-0.029433923183747712,-0.050215327199268356,-0.05242984518118432,-0.024695195564297,-0.03269412631469448,-0.05165344972575858,-0.06438616408021725,-0.07805740077770229,-0.03534853457076681,-0.0431558694098767,-0.01896830277429684,-0.02133816150703427,-0.06929039255490232,0.03659723848467911,-0.03964551429217389,0.07681110347430375,-0.019566564391623076,-0.032932506948931795,-0.020115456331237458,-0.7748651738044763
2023-10-13,-0.005212365031667554,0.015517238876276318,0.008443402032373815,-0.01747260306087517,-0.010434185238308524,-0.003134008746709549,-0.024141154677904342,0.004815646585490496,-0.012611252522362726,-0.0036705454833402262,-0.03501217922951849,0.0009425152216979704,0.030910340195988262,-0.012056209670438411,-0.005157164815565163,0.012023418341489567,0.017325967555684052,-0.05758778809530596,0.05106212609322558,0.015362339920683032,0.05644923869373408,-0.019337419656185628,-0.011965800533185522,0.021470952954072864,-0.777988446142664
2023-10-16,0.014119332216281144,0.042605049082508506,0.020105764463304476,0.0061878663235728215,0.018675731118130923,0.010938155532316918,-0.025261258935866948,0.01996335840451602,0.028722395072688478,0.000984446667445571,0.024837032561171535,-0.008751047139921142,8.913631874851724e-05,0.00545318607052514,0.017516217787903576,0.008253727180280501,0.04177235025436965,-0.045502672214646434,0.09275775808829057,-0.008550397369466056,0.05840811025906012,-0.05450904525859601,0.03002101709350047,0.015003532928631547,-0.7637624194856595
2023-10-17,-5.1123123051999286e-05,-0.01728124968060929,-0.007679558859076119,-0.01986618672434859,-0.0050454566674953405,0.005795491571635836,0.008667413867045948,0.008061562365886843,0.0013529866530994639,0.00570465881764326,0.006861286897309915,-0.012814009209086152,-0.011316106400073411,-0.005711712182419726,-0.005934676480806367,0.01021623495196411,0.003262408620852364,-0.08346550086921412,0.1488555826333815,-0.017053045616920226,0.05559855218416887,-0.01634522618198797,-0.006365877447746859,-0.015534111179483112,-0.7553045982597103
2023-10-18,-0.003230250966648196,-0.01511251670685132,-0.002305839984012681,-0.013274573001883505,-0.03821642192713537,-0.019717579049168488,-0.08184234435937676,-0.0755756065324481,-0.001810949311568777,0.0144096382835055,4.8540273121178146e-05,-0.00456898888854429,0.004404650633431428,-0.006313904841995677,-0.002099613459697225,-0.004065207011790806,-0.04482573614890151,-0.1322640448459823,0.10833251726874349,-0.0008790444649047213,0.03626405110081432,-0.04082988964074785,0.0061903756360195406,-0.03053611562070735,-0.7603668715540876
2023-10-19,0.008988021991334083,0.009582062617135234,0.0067429268221241845,-0.019972450012613052,0.005064425595058042,0.010724668121420589,-0.0037004390817165778,-0.022697103977202926,0.019444001763358365,-0.0028688027858735365,-0.010547364188919661,-0.03532612945897162,-0.03335009520783894,-0.017801899462117188,-0.010167087521866791,-0.004833079552119424,0.00031984567227216765,-0.11869770462269047,0.08913773600808583,-0.02591430111442361,0.03345492350789869,-0.07944574715163688,0.017568124285151532,0.009537634171551845,-0.749573030862491
2023-10-20,-0.004100330849938216,-0.013236901344343965,-0.005409121584161403,-0.0017869928367594268,-0.002301333716146048,-0.00440087021201907,-0.02149317622586877,5.892057487555391e-05,-0.006089137415009049,-0.004047861064512492,-0.0022098868025762775,0.05046949647322774,0.013348835681448401,0.0176722059183978,0.006641262815652471,0.016045570299094702,0.004167648429903137,-0.09470209500477933,0.08185795403762497,-0.0033554356410260278,0.011880575722371889,-0.01424470067885708,0.013806212435802712,-0.02182306800236633,-0.7489021676288468
2023-10-24,0.04981244997494083,0.051931410469665984,0.05781916218739802,0.04987214732711198,0.07896254406732739,0.06963129681268754,0.08810667693239171,0.081043753907446,0.04862851088656739,0.03853254704389042,0.07341559790558216,0.033700007809512655,0.03736874725536343,0.029869147091679427,0.034397982026961094,0.025508974069618384,0.06638115465667438,-0.04285643249329196,0.07892628499796439,0.0812635309335803,0.0605090529771819,0.07148431624389184,0.04882153780514886,0.008852470880281738,-0.7445070185093974
2023-10-25,-0.0007215625335894593,0.016697284519359812,0.013294669978333618,-0.0028482444390423023,-0.013354998829969045,-0.008900005633377006,-0.04589201477410598,-0.03240064734938486,0.01588508236895181,-0.002695717768609218,0.012409711070643814,-0.019671348179449488,-0.04157525423476138,0.011066205825407183,0.05275641736898251,0.013136990244940971,0.057136934575245935,-0.045447268382809436,0.111694519624157,-0.018957458739801925,0.024689328981397418,-0.012116739001629906,-0.0004457043854805276,-0.00864045714146544,-0.7423195700240133
2023-10-26,0.011575198601115444,0.033351931306944804,0.004798562584405808,0.004932857033731919,0.015084966731804261,0.006880184085156893,0.0039023005667848665,0.000521299849714163,0.01533724918376178,-0.011830799195183594,0.003216332370420627,0.002908499920213803,-0.024598076118783285,-0.0182569324885965,0.003963842543388996,-0.00770714632677183,0.03145933753251251,-0.0625662402022914,0.09713121394912316,-0.005599818603034157,-0.007921264965280783,0.012205727135965905,0.012455727021682739,-0.025843942407292042,-0.7259594694482453
2023-10-27,-0.01746733414164181,-0.010881360434638165,-0.013511739139280277,-0.02190183365481435,-0.02428399487485,-0.017818336466477125,-0.03637989047118739,-0.04772864694707435,-0.0035479009482249912,-0.0114366648850307,-0.0057273326090645504,-0.024381749205711234,-0.03881068238885832,0.0010559717553706438,-0.03660437565408492,-0.0034068365913362264,0.027548193778801577,-0.05957214642751529,0.08401585097044517,-0.028612139875005882,0.0026845843169529537,0.016652025801296766,-0.0172013342981866,-0.019064290086723612,-0.7477883994913016
2023-10-30,-0.006894730508010372,0.0014389031536847785,-0.007580818949881052,-0.03079356224104124,0.004286705933244539,-0.0076100457526593335,-0.017526459091622426,-0.0180600309218365,-0.015310224868567812,-0.002205110796982046,-0.02139242832325894,-0.01078741615189105,0.01012033075130736,-0.01552306081179644,-0.009975858765697176,0.0026137751646602148,0.032082942963503,-0.028437327625522646,0.09708493084236247,0.004989464346741412,0.025104764730517815,-0.024774732284137402,-0.00474114585604557,-0.02477440879748849,-0.7361347822960157
2023-10-31,0.007995900168375814,-0.003997030042039551,-0.006311072435982168,-0.0005190578074486529,-0.008196372636985472,-0.011152245788196624,-0.020382903492976445,-0.013970445285514721,-0.010774487320558745,0.004044987128537292,0.008380189623757195,-0.010903673961860982,-0.006644915826897413,0.024504077555561388,0.00034693301442301205,0.006738910119026498,0.029129153185046608,-0.06171250066490663,0.10341565288237486,-0.035370760065205786,-0.001325604286053994,0.011969834707903582,0.006931853526475518,-0.02963542958403509,-0.7239787169668863
2023-11-01,0.01343289666697478,0.0035001982630977757,0.011659232281742593,0.01048736597425326,0.009596072375190223,0.02845493477746075,0.05458898751632035,0.026259772897334832,0.0005762823383834714,-0.021184947025474687,-0.019515236720441753,-0.025715461479449253,-0.0017878401262311217,-0.016128676438370015,0.01471337431066777,0.0058681058738740965,0.008704642353807523,-0.05018093880535501,0.12758931521361516,-0.0011776775451863841,-0.01570913588673606,-0.008778030110234925,-0.02732871783417068,-0.02663342049541295,-0.7153104737972321
2023-11-02,0.013119379692505317,0.015546839361094023,0.014850573888416152,0.015234548010730764,0.02861049793463155,0.01008031458565517,0.04590969907698361,0.048792769456374785,-0.0067680127609145435,0.023142399590620366,0.0037624268515914494,-0.0023611890017073422,0.0035719365511224233,0.012194380853824294,-0.0018254748649637609,0.016757187855520828,0.059036406296717914,0.0064218760958494325,0.0735108209419526,0.0030945442829353187,-0.007209569822226647,0.04249962999776846,-0.0057437983698491735,-0.01971922412208993,-0.6818783856321996
2023-11-03,0.00710592013807454,0.02227244952024754,0.019040884314434514,0.018562297208540635,0.014494210525452633,0.016796170217242112,0.0372178403939194,0.04879145492038073,0.009790112724000544,-0.03668821183154691,0.015389350466840979,-0.018503627464092287,-0.0134967860410804,-0.01553047240889116,-0.01335257294565495,0.01988571215638979,0.05311154958727915,0.06258912387628368,0.017429821871899787,0.026823699426449688,0.038993663593958505,0.09791240284032376,0.023870477439797977,-0.02595226530276018,-0.693038934631024
2023-11-06,-0.01610650588954199,-0.008822900992969118,-0.005855600516039172,-0.02017716184555196,-0.04401088107906315,-0.00954783596259512,-0.021704298866285,-0.052306501175865994,-0.010341913687247906,-0.028036773587132968,-0.006179711486192563,-0.04414643363836024,-0.017853145004793625,0.007187181001035103,-0.02986832207788348,-0.004869728704643195,-0.03417578908452834,-0.020892215180833174,0.059768575649033595,-0.007842797190756645,0.036240242362031605,0.00631767829431773,-0.03184901777668059,-0.03714420088227255,-0.7050024589218049
2023-11-07,0.0041838278037884535,0.002660314010274556,0.0052103810554942065,-0.007594678527399368,-0.0291296854377614,0.0008144088824162399,-0.029891354901904865,-0.01268960533029162,-0.012810268279874526,-0.006196355685410659,-0.008917273319745456,0.003694838618966134,0.006407608120207353,-0.028874004704263156,0.0192886078823451,-0.008281850582180228,-0.0010994806925879175,-0.0716513739802197,0.033519294389763754,0.005008217483475574,0.032439770112489,-0.009773161827979493,0.013033224008626165,-0.024426127344093773,-0.69673463495293
2023-11-08,0.004712975564204136,-0.0027431493867505763,0.008912248159458347,-0.003804409159120059,0.0015548819507322786,0.03075479304248252,-0.015659361333489996,0.0152790611388407,0.00150701212855342,-0.028434557643702396,0.011862505644973487,0.003578296346961718,0.022523677184071778,0.025760624907661622,0.009438629440429391,0.006765365588287331,0.0025255862865549705,-0.030540220146172747,0.03940372908713341,-0.011860880900047444,0.02283559682606695,-0.0044721717252749205,0.006484770091056413,-0.016231319981236614,-0.6898135728966555
2023-11-09,-0.016270782093021574,-0.014556807689787177,-0.0013324177922343639,-0.018875709435003274,-0.033378322416243944,-0.05028413414933841,-0.04185998931945434,-0.053114231048399074,0.002742364506182815,-0.01998711991138913,-0.053247889476117916,-0.027783618319398462,-0.05755536253038429,-0.005338640960028451,-0.01961536067745584,-0.008412938869947095,-0.026116068430856898,-0.05858485715128037,0.03873384728370488,-0.04359551948744678,-0.004793934964527069,-0.021213843330580517,-0.01109548043676667,-0.03995111552790542,-0.6836733744537673
2023-11-10,0.01474007131267574,0.015945771121670393,0.015156977528175686,0.020822862008621046,0.011656157495129715,-0.004082316933696872,-0.01761079184012082,-0.031080808596464116,0.016115838522317016,0.021234643138502207,0.0005708495486926868,0.022241985381046714,0.009067513296372676,0.025538318939743343,0.009504869078920786,0.023644954597596968,0.03190313620963536,-0.06662852286329812,0.056569691093979246,0.017762594278794674,-0.0035062346960040847,-0.0004608377711292633,0.025765341614114368,0.0069510459788173495,-0.7053304837754454
2023-11-13,-0.004110848157711344,-0.0022922526528418308,0.004805748778403229,0.0007607853332909364,-0.00540868978183684,0.03571624279241137,0.0034706962580604017,-0.0251215163843993,0.021662823987336433,-0.013067850486400912,-0.03802347885945234,-0.0009948332199559706,-0.01988712328653741,0.006355146032407166,0.009210323721460245,-0.0014659072568169451,0.02037940476409772,-0.03425411296308134,-0.005849820251527693,0.01961834419260744,0.012959736783173303,0.007642205004958713,0.010169756716040368,-0.015897543008172588,-0.6952092415630571
2023-11-14,0.033628984209067125,0.04755244144614257,0.021014619046826777,0.030050602603464593,0.03857190751417172,0.02901025902312182,0.053541262944539314,0.046669987892670184,0.01511801087682385,0.0337857798463026,0.02438240367979949,0.021783571563661175,0.03651391001806492,0.0207222402894236,0.01249573115080449,0.027802184838981336,0.13259872679144968,-0.19473814190715544,0.02931546832208154,0.03591475211943829,0.06517659053606195,0.029433740069453096,0.03568204421221588,-0.0004991584825534412,-0.6912681738774514
2023-11-15,0.02104750047955606,0.053607604624335004,-0.0019597608076583617,0.015627587267766252,0.02364847021208627,-0.0051899326996512896,0.0009918894264708822,0.032903992467231635,0.004142307806959344,0.014735830944615946,0.053071324703709566,-0.03669858816284666,-0.04402101586862417,0.01169236301137877,-0.012200740921653797,-0.006038104255754906,0.08138209998631885,0.08449436783321773,0.057949964250426644,0.017398569522657725,0.14051876145606057,0.05115906940290049,0.02890840040325715,-0.011590322694396193,-0.699247399124975
2023-11-16,-0.050987543758053366,0.014919068439953387,-0.0015659727600991769,-0.01972123242076429,-0.046029086720009715,-0.0037400266956107986,-0.027561504507443102,-0.03632499800186573,0.009722012778470956,0.02191909583228102,-0.011977091034049536,-0.016408008196620805,-0.03462934196664491,0.02008883262630179,0.010524831232143095,0.0036468696328382233,0.01184798016516897,-0.0756107665260165,0.005277852966167229,-0.01635352949214086,0.10549726971466677,0.007762575676466987,0.002650793161436571,-0.03059917086448949,-0.7130656337278519
2023-11-17,0.03321353000377858,0.02193151252468617,0.018916926986616955,0.01864143761600734,0.019187833598429238,0.013164455884909554,0.005384723300557281,-0.007582765921673729,0.009465948915440059,0.0051945143774070335,0.00981869079178499,-0.024678872438205324,-0.001804770167381231,0.0002834484825708916,-0.004852990937204926,-0.017077020383483466,-0.015393313950838539,-0.024436705475099574,0.03992299933973853,0.009382973615664758,0.1128947466745136,0.17418218122450257,0.012765975341633151,-0.0032250241783312594,-0.7124835346781815
2023-11-20,0.026913146616170947,0.024675547495369488,0.008214671101200999,0.0377433400104068,0.03254013993924176,0.024694541079264498,0.038062052673040636,0.020207356949265565,0.01946653628437689,-0.00470594859363116,0.02956921323591133,-0.010000390937739412,-0.0005586282148924981,0.06242323531749516,0.006703948762836198,-0.0049441998713993796,0.07285590511403828,-0.05266766593397565,0.055020583247735066,0.02971157578085415,0.16226437627135293,0.028075291592857265,0.03957329533177778,-0.0066853550325394195,-0.696043938795984
2023-11-21,0.011716132004422564,-0.012601523032401363,0.01074160251440115,0.028633064333841496,-0.02095092118312647,-0.003368543409126845,-0.03083736519391045,-0.018942166486595968,-0.07318121212408302,0.004334728033067448,-0.012782793956831684,-0.008512362555671782,-0.017634031390559635,0.0222224726095821,0.01951490259933708,0.009113004447381945,0.0376987944308651,-0.026232403846804697,0.030481152514082677,-0.09847532137742598,0.15776923257194242,-0.00918028820148653,-0.022833479291042513,-0.019008754477336742,-0.6970908847402848
2023-11-22,0.0012045805869085324,0.0013313801145158344,0.0035438764876518647,0.04323474973932884,-0.008025809069721945,9.264002584385977e-06,-0.005861307194708676,-0.012997798354455803,0.029880160664375932,-0.015086125444397358,0.0029476011064786256,-0.016931590047709055,0.0014067491401379417,0.009563621611201611,-0.012144909923964886,0.012380006300426238,-0.04230151425123363,-0.02742651957399489,0.05880542529377775,-0.02391575068874463,0.1629611568643623,-0.025853167419164436,0.00525080484133067,-0.010840062089631397,-0.6939103679762624
2023-11-24,0.004082280720179465,0.014837573433750695,0.0273993412477902,0.01767156383276358,0.018171362812957614,-0.0011302803033290676,-0.002681131218932653,-0.008463600876390975,-0.0009134590075953186,0.0044695777862129304,0.016519553638258744,0.009151518152010096,0.01252982932810709,0.01177174368874967,0.035196873098787496,0.00033361448388857795,0.04314918947601876,-0.02115658127851272,0.062377055384669866,0.014504796815647092,0.20635192867639884,-0.0206361292494609,0.004355497336939962,-0.012386362959038166,-0.6792120998033278
2023-11-27,-0.007735718154081805,-0.002634227395109656,0.008597157423607671,0.008108056439813716,-0.01597447718895484,-0.022715131435692704,-0.02479860174382542,-0.027390206378737014,-0.010153156339879565,0.0017900001192729942,-0.0205188029145722,-0.012079373864230636,-0.008938077920420673,-0.0004361947679432099,-0.006325978424852496,0.0176169999760718,-0.037057117093653336,-0.0751403123814337,0.07414145513646986,-0.030912201251358407,0.16305047553983898,-0.04055147663445546,-0.004393897680809444,-0.019298392550191945,-0.7026022675687428
2023-11-28,0.004882436362751763,0.012601595431965151,0.0028707087641721696,-0.02941565198344731,-0.0038243149437522383,-0.006066444506299562,-0.00027444921062935723,-0.013067586267673459,0.0026168766434553348,-0.001015836259593117,-0.02620551993654263,0.0067562571648485115,-0.00609930011045412,0.0038502350319902234,0.020020143921298805,0.002491373961347021,-0.012148773834190552,-0.08425862827023112,0.06259984373336835,0.008421991436253329,0.10691979480608427,-0.0009470531986004449,0.005274875041929139,-0.01766096969128872,-0.6916354989053024
2023-11-29,0.0007153773616968007,0.0031958655843695727,0.0018237777845977465,-0.000884008768315292,-0.08472391493035836,-0.022747307579361276,-0.011428045331695835,0.00026057001783352796,-0.015114452470056272,-0.00780361964869547,-0.015247198073339074,0.0009176590014940977,0.015534753258787504,0.021282608893621102,-0.010210972032482113,0.008674695987394454,0.023407061125596984,-0.07543260447213218,0.1229378562788277,0.015636400837362396,0.12251681036197382,0.004082235784676591,-0.02151059126439836,-0.020863525682021544,-0.6858611442615958
2023-11-30,0.004073864789667647,0.0031231139115113216,0.0046616937307844,-0.002977442834181332,-0.016457716142992407,-0.011105979864625803,-0.03551999807857309,-0.005507311549138194,-0.00018850849385532165,0.020536128119941655,-0.09310978516190638,0.002886134601807644,0.0022301042082664146,0.06034809866807467,0.007292065393580183,-0.0035039622729066133,0.0964741958187385,-0.039756425957439,0.12354748501011992,-0.05777954977703481,0.11112644840173402,-0.009651405408922287,0.05146960456858851,-0.003555958519387059,-0.6864423982555485
2023-12-01,0.005360333329916589,0.0024888911834490823,-0.02811583307816845,-0.007828545759105188,0.029737561994971573,-0.033040881076531026,-0.03581578224378368,-0.01074654214040971,-0.009501287653576607,0.025037952575905464,-0.0002867354753459672,-0.0031683755118337986,0.0013153257991433964,0.0009009113168965133,-0.013841496475827997,0.01716075874308931,0.06023330150891826,0.05756700403116222,0.11435498586032788,-0.019063750126015244,0.08550513262192672,-0.014358090811132707,0.006965598391070582,-0.012208407591010273,-0.6197975912813745
2023-12-04,0.007525151252971263,0.0008496561712614259,-0.022724067477703835,-0.0048600902771713805,0.02382208024434096,-0.012624452743452697,0.006282696622025075,0.0334068701516721,-0.0025207954780109842,-0.020445925912788154,-0.02120510401618103,-0.006457871769771528,0.03383346954960276,0.009573012068166076,-0.007245554527708031,-0.00021710552097509161,0.014381288787248536,-0.005787763652385203,0.1525767839223846,-0.12408039843638574,-0.0503301384208501,-0.012783557666569578,0.022189048145294654,-0.02078100280035844,-0.6080191787802103
2023-12-05,0.0029929559303076836,-0.000285756147798355,0.016315702511588093,0.01865636231911738,0.01105665733372585,-0.0044835944081276224,0.0002642846895051232,0.028687058648226627,-0.0021568153232121023,-0.001810326467136747,-0.016721811696218558,0.0184911256567315,0.019251586754368777,0.016096764674516262,-0.027755786691257,-0.011972924554051745,0.02007646880685754,-0.11679045694028745,0.10972934609896945,0.016215304060274827,-0.0048633534300736025,0.008989045474544044,-0.0028068639732140577,-0.020380369657177266,-0.5571331690949439
2023-12-06,-0.003942581591600547,0.005744958104921594,-0.02914421091149344,-0.014090843523784202,-0.0005853827130291034,-0.007703292137154483,0.014599669337171495,0.023615261285817146,-0.005614543352374213,-0.008912021584382201,0.011383644023431172,-0.01218996131360528,0.02392974921635216,0.0025175213282009334,-0.019503744021030056,-0.006612607011033278,0.020364778919541582,-0.040857068057385315,0.05990177638723915,0.017349634236477618,0.026214311370061916,0.0015246782040143625,0.0035469439996287377,-0.00015338434148026714,-0.5626126682881791
2023-12-07,0.013186936252366888,0.011269420291122989,-0.005159531270262141,0.014733990918390782,0.01274162427702108,-0.006868466648070504,-0.025176883529136607,-0.03221397792436942,0.006680787805113386,-0.01564583959303889,0.018888014374713435,-0.010426150612665941,0.010805533914004961,0.03582700969677277,0.011722992961913148,-0.011565638527502253,0.06459562526741691,0.022500845851779694,0.014385708810165987,0.005062339447289732,0.03599766720321873,0.004532943622499452,0.010771460330013527,0.006602972980631172,-0.5841832935124345
2023-12-08,-0.0008482084026742998,-0.014245339407401136,-0.010164576086518218,-0.009151794282944659,-0.0027693815744848083,0.00363671816315958,-0.020329303572085178,-0.002614667996596709,-0.014576777864024115,-0.003334466537615821,0.009534776892506702,-0.014481615036988638,0.01754575831189764,0.022842489488998474,-0.0008488443839582693,0.014400098606549783,0.08989027303990893,0.003343768325311025,0.08021349304883096,-0.0419396091292078,0.0218141370919831,0.013847597120581145,0.0001613152656554373,-0.019324262691638006,-0.6316946175348976
2023-12-11,0.012647471962401236,0.01741569035549051,-0.0016439867547813902,0.024540552299719076,0.02504411216677882,0.0026119259848298437,0.027254317368828218,0.023492393752169605,0.012258788437907286,0.0043609585766528625,0.0018301998182028711,-0.011771808858418886,0.0211780629560685,0.03335334161953174,0.008780418984455363,-0.0014911052432501348,0.03472619634047924,0.02737788358808757,0.042204578199995346,0.006736781627113553,0.023471626763282183,0.013641725238746183,0.010825984749483153,-0.013822411060591344,-0.6213264509015017
2023-12-12,-0.006268496207614049,-0.020139017481277555,0.00626869200749236,-0.0008240440960706197,-0.00041571712663812654,-0.026335562430506387,-0.03709068409228844,-0.04939575669126328,-0.0019846593642899313,0.0140012529450102,-0.015406566336412575,0.015382772351891338,0.018613906022979076,0.006391255107490501,0.03366580951826181,-8.335132407411017e-05,0.027036041240938058,-0.04775433281379493,0.023373853286274615,-0.012203719971334404,0.03587466429997033,0.01977357728486484,0.01873092075620808,-0.0016348670390475828,-0.6269250206097903
2023-12-13,0.00516366375761157,0.008693894640051436,-0.00764130066346258,0.002599905117775636,-0.0020513353498062825,-0.00451914461030023,0.017882324050159992,0.02698381017651119,-0.012605454085852452,0.0026732155145952063,0.033548421915199356,0.006690809445462076,0.0693832632594118,0.06556637986089764,-0.016234328146674026,-0.014756929725632029,0.04418744479333636,0.040894846082449865,0.03809215800947552,-0.01839629794298514,0.062416031782660086,0.027826399507882904,0.00030507770383847443,-7.519142747625107e-05,-0.632775283287719
2023-12-14,0.024610417154089292,0.0373032703405598,0.001009360070238996,0.028434259053812028,0.02698321395094294,0.009162317325904779,0.03864408835053035,0.06040764986449565,0.0012467614161091323,0.009999401482411407,0.03118742547247022,0.024659031066286197,0.026010369284489077,0.02630455613088034,-0.010970994214486995,0.0003122473942687165,0.05078113844274457,0.033925612170619734,0.019292504436853264,-0.009913139694838646,0.05862365273632819,0.010604190418687987,-0.010843676096762622,-0.00987964859285373,-0.6453779910225722
2023-12-15,0.014815291536195874,0.01223810149556348,-0.016827455629064625,-0.002101854379706558,-0.021785986641445265,-0.012393644612871624,-0.04750550681846588,0.005634569434878722,-0.011399378519666437,-0.00028729256037896,0.02619644022419565,-0.002366826589502491,0.01354513454091899,0.008146644833476602,-0.08799205249810393,-0.025120756212743678,0.03188669356507923,-0.10482895562139893,-0.03365809787600449,0.019263679953886337,0.08095544739535643,0.07799185401821518,0.0072661752368357035,-0.025335687423886366,-0.6722064223004477
2023-12-18,-0.0011757734511030904,-0.014913428399108475,0.001790023521941464,-0.001952784436163424,-0.03549037273938893,-0.012188476371371104,0.009294818070155975,0.06019864881996728,-0.008680351791427121,0.012026528603562792,0.01480893171896347,0.015846771633140966,0.004253142346530181,-0.009875110984190472,-0.04297652979279831,0.026752218077718437,-0.02471250295639038,-0.20364117170453766,-0.019955007397256308,-0.005284465954056405,0.026370016038906652,0.00925619325536875,0.017408076160871255,-0.017972245695959677,-0.6280521216278205
2023-12-19,0.025248757356961304,0.047442917334765244,-0.003578633550250343,0.0218142529435299,0.03379335912061476,0.015262926301060187,0.013089004814194727,0.05854941835654626,0.008708383179729884,0.028644615206046442,0.04104273093923605,0.02764133290709947,0.01652092168773267,0.023200037333267476,-0.01384130380185744,-0.003626266716345028,-0.009820807627204609,-0.14402266114512974,-0.03511868441398436,0.022012869363243315,0.07864787788768024,0.02782450417538418,0.005959889780683181,0.01492490681569092,-0.6025461139748182
2023-12-20,-0.014299391530770755,-0.02854176893630478,-0.017856706135144118,-0.019496428589236503,-0.044060151889131594,-0.04405934606515427,-0.03846203967392803,-0.09688841810018023,-0.010660724999658866,-0.01148013978655571,0.006173468355037404,-0.04413991482941426,-0.034590231149639994,0.032234154304540796,-0.03740541589761215,0.01680649194534678,0.0024451228779147627,-0.1182786150587184,-0.02980583376456114,-0.029417400351364753,0.06848459988902134,-0.010920287755326386,-0.017250402294893386,-0.03302194223008337,-0.6457966798556058
2023-12-21,0.01457254666231389,0.03720765460059727,0.007557803081396308,0.02291090777735194,0.01603336244279996,0.005557492440632528,0.01118103134269588,0.03550190166817635,0.014306972439803944,0.010657410739467243,0.037620628936381184,0.028505269388696464,-0.021791039891989827,0.03291879792101837,-0.005967256500015061,-0.006895951953644008,0.06938288295430017,-0.013870247383828804,-0.016984688771756073,0.016032219060627906,0.07082860933325552,0.0416160858508392,0.0014920214596767511,0.004246065408528565,-0.6183654451335763
2023-12-22,0.02279691433286679,0.018269142097728563,0.1220160951487459,0.009996466381503755,0.06980267469650125,0.011222301963229597,0.008887024139774269,0.041274627219286764,0.019153503701297092,0.01690544896291346,0.06059515743397981,0.025150287495650625,-0.0021117921527814554,0.030346145571928718,0.005859789527173476,0.012690640926545482,0.025277404388412084,-0.05092160327539064,-0.02141829672362705,0.02526566765640781,0.06714906932434617,0.02308643957412926,0.005554210791133052,-0.0012061929703749419,-0.6234097387855921
2023-12-27,0.006394850468964597,0.010441712109130474,0.0023587586768520907,0.0011433122122213035,0.012971026362630589,0.01876175632743804,-0.008717995335068451,0.0027083062022288384,0.00566160107461311,0.004384959734919036,0.010064929123113853,-0.011484901204698694,0.009266178621546661,0.026843627639589585,-0.004615648816081008,0.006956717454995154,-0.054377498542526714,-0.049695841234031035,0.06890166091283167,0.009517490460337008,0.09781020839774102,0.02109701540180753,-0.004406970699162072,0.0032812318268660157,-0.5243449432366566
2023-12-28,-0.005872352434983297,-0.011277760649290092,-0.011447134757379573,0.0010469763432832124,0.026295410347372483,-0.004710642936707754,0.026218005400781674,0.03364712369373968,-0.0041389599100153385,-0.011369597888054916,0.007310122286378284,-0.022441770551575924,0.02467394567404968,0.027325070498583015,-0.02871245597119987,0.01934097403056967,-0.01154258450035206,0.013267136700699789,0.08209450426832499,-0.020617247315152354,0.10162113939794426,0.019499754262647828,-0.011141957573312378,-0.020010496985892523,-0.5402335195867791
2023-12-29,0.0011452499096531454,0.0030350992009819944,0.03520239729743624,0.0016227885256336894,0.015700942125743245,-0.006133023908789115,0.005063154346618637,-0.03732302836092716,0.013338972669728388,-0.002243635358774476,-0.0007101627543291134,-0.015624765706109378,-0.006993053546923256,0.016693403099614867,0.036106234728948694,0.026142650795548006,0.016350054179342877,-0.017121890868310286,0.06947264586108726,-0.007716618767910743,0.12146937114163303,-0.041251516555135814,-0.004851118574567548,-0.014134501307085379,-0.5433381835700686
2024-01-02,-0.023008335028267712,-0.03268328365775408,-0.011417884093307351,-0.023453895163426997,-0.03491056545993909,-0.031075498699357884,-0.027946608649562,-0.04699510954742436,-0.006094001520683623,0.008648666255119064,-0.01983652234181288,0.005023827740014086,-0.01681291386197159,0.006594534481335623,-0.0463641187922762,-0.007002677787805722,-0.018214137710271805,-0.04982468029766096,0.041287958089093246,-0.018101066162262813,0.09251414211519138,-0.02476066708744129,-0.00030251335409714475,-0.02497574781111589,-0.47358273049773636
2024-01-03,0.02071185583704893,0.009765355274133025,0.019490717972147298,0.021932362584242027,0.021399066776972786,0.01936354001691476,0.01188760910011144,0.009527379901393074,0.009335895653233894,0.010997734448835006,-0.0030530153108900837,0.03478518849048795,0.02704945296655037,-0.02041265108078838,0.03004719112873322,0.016568418987462197,-0.017421137604901715,-0.07074571825039377,0.03742049528050573,-0.005916989942387874,0.05943268958704406,0.020429188817824073,0.026667269538430682,-0.01714422229749324,-0.5175392127114113
2024-01-04,-0.01602304857379333,-0.009104225698809643,0.006731742883652192,0.006738675517950821,-0.03110750166822096,-0.02169409776913489,-0.020332833219528723,-0.011209424042663674,0.04598737476096315,-0.023250686320237635,0.0006660067576913509,-0.022950351804749358,-0.004309739328110185,0.01438068887063726,0.026090519723707573,-0.019756900370249908,0.004965366066419286,-0.03594352152762159,-9.211610008597049e-05,0.03579495593677917,0.022914818038778817,-0.007266889117647057,0.007302832020876782,-0.019867280762961292,-0.462972035574437
2024-01-05,-0.005334252321773758,-0.010699010563776534,-0.02517202999159207,0.00026579612225297033,-0.037815038380842325,-0.01127178636715942,-0.03016014526453814,-0.015002363201853997,0.011849825292816751,-0.007371206316408752,-0.014357036826879166,0.013711947498435961,-0.006352860530955962,0.004929382469828214,0.0001905807351809674,-0.026302787677764172,-0.029925417145014732,-0.02215300071705184,0.024144291041469312,-0.01673408907327012,0.021757647481732256,0.0029463687448121334,0.019117812258218514,-0.0317304329138135,-0.4462508339066926
2024-01-08,0.011519503188587077,0.0018764548302578898,-0.00018346080437425805,0.0187447246175787,0.015324219633039649,0.009050738427959892,0.02060444564668429,0.011316463921632769,0.020474710330443235,0.013404373898357136,0.013929640945694599,0.040608899571626056,0.013759008070661105,0.021731326065707268,-0.010095675183491859,0.006497487712321837,0.008582639522984659,-0.07498466631511735,0.048519361744242095,-0.013292412832550227,0.0130412260319408,-0.06923302135825327,-0.013830949232999434,0.0017134856727061276,-0.3514217809827608
2024-01-09,0.007505574470573206,0.008407773008540786,-0.0040389514020610084,-0.001917676715518235,-0.004757849340432885,-0.016801497408451938,0.004653773000501404,-0.038086996246362914,-0.014505666567911524,-0.009452489061980152,-0.020942316387721593,0.057919993843352335,-0.008003034470171477,0.001744934534676057,-0.0028637153543527027,0.006726240805999151,-0.031714718231577455,-0.05316114096533686,0.011211099184033069,0.05404949023498373,0.0016132989250035035,0.005927851851579957,-0.004655324560048801,-0.010932089295817682,-0.317207755290277
2024-01-10,0.00672389204474233,0.006028241324431027,-0.007429937088248795,-0.005938262490892132,-0.009352888531159786,0.008503067509437745,0.00016683369258596592,-0.009996126216191281,-0.01986236527277263,-0.01493983140843369,-0.006110704648200516,-0.046711723835553,-0.0289773778210084,-0.02850793982746158,-0.0014673554671041922,-0.007193704283931401,0.009209973810226701,-0.04882948876336057,0.05371551520881335,0.00020628617633677848,0.00239076008595851,-0.013589563257157544,0.03783848737758211,-0.003908526841484794,-0.3459678175548534
2024-01-11,-0.001403748575667052,-0.006269999474839638,0.0008143406262064445,0.0015618666161949513,-0.019702008057149945,-0.012191626653380805,-0.041103363602580156,-0.02085850245066867,0.00012681974139572283,-0.01709636167181061,-0.056236790717341556,-0.0025753468873943586,-0.031254697547018595,-0.0064442043741665955,0.019502875321262048,-0.013673508438902249,-0.00868270786847447,-0.031965988930460876,0.03808026527772279,-0.02942284330541045,0.016384963696830068,0.02779686957955585,0.006281762922176526,-0.017856025543211973,-0.41062404789355145
2024-01-12,-0.004906622413440975,-0.017804368863207687,0.012644128177881298,-0.061399450769643704,-0.019321955232708854,-0.018900192559476836,-0.028347274828282032,-0.019184157085023967,-0.015105274739859564,-0.012765653101081686,-0.005707995508543395,0.021977780084205145,-0.01396393875269153,-0.002808174289953058,-0.0017369681646738355,0.006502208731486991,0.018724381448199656,-0.026607245714285743,0.024086069282374112,0.028200708906430227,0.010051698677157495,0.0037344057270980446,0.008374051634400415,0.003970084118790185,-0.4381933757353351
2024-01-16,-0.00700636797155163,-0.012528184219537053,0.0007494348903440695,0.014739659984790432,-0.02917048788172083,0.007773871797689624,-0.03510699748325685,-0.0555056622141471,-0.014067545210660892,-0.006206435101862917,-0.024567502172515798,0.01511968322659829,0.013454586158592852,-0.021366596161741302,-0.023924731270847155,-0.03144715094400241,-0.06037450016614232,-0.1446255216591288,-0.09878605964192033,-0.0053843614472305346,-0.03647803885536993,-0.03354580675398655,0.012572902475512793,-0.023382336185432617,-0.43040277976610963
2024-01-17,0.02716462069529002,-0.00019572746459428636,0.02536722984412343,0.0328613450884192,0.021636808246315198,0.0005993255166838463,0.016010685620220455,0.0072664276342593315,0.00876680124493845,0.006526731523550877,-0.00730814716950523,0.017828473613630713,-0.002764100417323223,0.041818210927170085,0.02034282893136674,0.03131094273997137,-0.009774480539883501,-0.11439231282133733,-0.03638678075140689,-0.0320830384319285,-0.03149538114639738,0.03327159446172123,-0.01196952714952726,-0.017709517074982917,-0.3844732631233523
2024-01-18,-0.0016495295635441387,-0.002020671896820647,0.02063240380337672,0.01594346007441061,-0.01775852949640022,-0.0011122039422405416,-0.003768031873380928,-0.014538782406985917,0.007919028186593513,0.02479789630527085,-0.0011001716139648066,-0.008015365066387448,0.021606740253625967,0.005051761358236817,-0.009418650473600798,-0.010340710610111215,0.03585482702897669,-0.09959880274640265,-0.05641214342337619,-0.04156045875358194,-0.017210796470614964,0.0028833744664060745,0.00524595293318697,0.0023282724460160775,-0.3826695697885374
2024-01-19,0.03538387415930577,0.03587049830857758,0.03270574315442776,0.011665212426365201,-0.009441140088842004,0.00214972754201459,0.013406316621604963,-0.02173090467057126,0.008242053530006954,0.005474714637841327,0.0033023289456699523,0.0076510959428852665,0.04047390953914376,0.03154750563319286,-0.01273116886104142,-0.006327785403435149,0.06654225630162758,-0.027761702186195114,-0.05047920110983095,-0.023258589957827702,-0.028129802053020625,-3.4084431390524195e-05,0.0220701408343158,-0.010109962972662423,-0.44665790908499003
2024-01-22,0.02460815682829387,0.026166777404267316,0.030559531268148143,0.019243259100922172,0.03739367806399607,0.024729269563823042,0.05052289977491631,0.03420394076663946,0.015636627305920747,0.020067131622805823,0.06997202976937267,0.024225489341930473,0.03244192411662539,-0.014123124517031904,-0.006044562931234565,0.004965446055963385,0.08526588519774281,-0.0021752480694939846,-0.07798780143002848,-0.009221726161784627,-0.02211584319431603,0.010462424370454082,0.03905225020917724,-0.007834671045731434,-0.4257203475919359
2024-01-23,0.06919229849470288,0.051076753938212205,0.04845669492005267,0.06339012210459449,0.05386010202777136,-0.006168484679354602,0.017209134031043405,0.013492721428388199,0.023306875343890532,0.03351153098575366,0.026113076437848326,0.028779082725973293,0.029057789807259704,0.009650566402058525,0.033567462603066645,0.02898226699833062,0.12535124410566123,0.05713112328487924,-0.06290945247191759,-0.010295015079780145,0.028529861164048098,0.07380002437222877,0.04000435757010279,0.020497810470645694,-0.3749338844327891
2024-01-24,0.012765823863758685,0.02101327709158718,0.0063168637603669975,0.029102850856241647,-0.02249408802540309,-0.022774304722513405,-0.03276347744821784,-0.035948395841182146,0.00995338196511053,0.02226213764178353,-0.007801867706519139,-0.005226796544956502,0.003939731295876214,-0.01727670076700627,0.018330855861044437,-0.0019813365975261954,0.1971061386119457,0.050334098504980274,-0.03481752502705504,-0.040157505547147254,0.05148197009512678,0.010564884524740359,-0.00010517255245434676,-0.00945697436389692,-0.3835923892000447
2024-01-25,-0.016126212719004163,0.0004147658458442116,0.0020209790752399037,-0.0062261614597270976,-0.031328703693696114,-0.025772741482703143,-0.015991875271445966,0.005727505561211155,0.002400393618403829,-0.03723971710805529,-0.023360560328489655,0.02663891492286785,0.010334665322089043,0.018991108553394476,0.013799362398742243,-0.013344519594529425,-0.028709982183485194,0.0154950520350281,-0.03913728427917573,0.00266208201690854,0.08298137854710741,-0.0201463990673324,0.0057284933816672545,0.007210667207229626,-0.3177673864035089
2024-01-26,0.020168866896081772,0.021056538855667384,0.015895326694195466,0.020524945424871488,0.0179375889339346,0.010029040632341557,0.01934660080203976,0.0492890574851117,0.01003381555923677,0.018170177748376037,0.0030699516394026016,0.031452800380532775,0.011322029852848914,0.028307292922072014,0.007130885687397059,-0.002419240307972359,0.003340000754850081,-0.01867820502486306,-0.046659631561525305,0.023838064163209882,0.07435462992647612,-0.009353980514248739,0.01058404267406643,-0.002584703410311806,-0.17528238462452106
2024-01-29,-0.010176673948717574,-0.018233591737336408,-0.027254318667091826,0.0013580257826497633,-0.009426824751767593,-0.0060253712059256115,0.02039570843015648,0.014218939636794437,-0.029509002257074313,0.02249957253727608,-0.004836182202228367,0.009446381668259729,0.02490809252443582,0.0024834009331802243,-0.04283005732714662,-0.013110351409928556,0.003992276276205686,-0.032393602914068675,-0.03473100329555523,-0.07271711555478655,0.019419154941835215,-0.04182554224676893,-0.00807344957370515,0.00023404677799132578,-0.2611591073530266
2024-01-30,-0.007213648570365105,-0.007459850845129012,-0.00024354743748356,-0.0054219268961057665,-0.013109414139531594,0.0003261300267949352,-0.017596471021497417,-0.035353957177950424,0.007758484017068357,-0.005722309165954065,-0.0017069352049023934,-0.007576425123430597,0.008378032118293355,0.032982662402611274,0.014072292795963781,-0.0048576185597348776,-0.016039984844892552,-0.05176289844978199,-0.07923322837501479,0.016742499868888316,0.0010509573279327,-0.00551638169722124,-0.03011593349097763,-0.012460363437885369,-0.20372666560626185
2024-01-31,0.013933940690770807,0.015399400115803763,0.007593223316356257,0.014803043994209064,0.03579532475753733,0.02063471677816131,0.006423674561262693,-0.003819951646763964,0.019220876419913102,0.008165607200640412,0.027051106311680506,-0.015661704502181628,0.001262970273903985,0.055672011305404556,0.007991983532955826,0.008565617175282592,0.001482324886598274,0.0897816998515415,-0.06867770217104363,0.01668955184560028,0.07233201134650469,0.021620661249263762,0.026223483311724527,-0.010005065489019027,-0.21928387223233825
2024-02-01,-0.0034200795132136586,-0.007400873285566489,0.01256194868443905,-0.0020900244482006114,0.01378128431442005,0.0434071965305185,0.009363256051500235,0.008766688173369674,0.010976846015293473,0.016447034493646928,0.04396716849667581,-0.007050410447387079,0.011332949559068162,-0.013278958209681835,0.0010494394904709825,0.010167648828030451,-0.03584164012670499,0.03454189624070714,-0.02680097071152565,-0.0239689471178558,0.033996592008265436,-0.003025750615382794,0.0003883052666535658,0.010802788654327822,-0.15289818289698442
2024-02-02,-0.006587367129960442,-0.009757094879638939,-0.007881302385865818,-0.014916582414571167,-0.027653856457825032,-0.008847833883177558,-0.005487378666328646,-0.010882339771694616,-0.007056623906449011,0.002110295116687144,0.009971550576058252,0.030366158001699395,0.0020059882711089827,0.026174728272028824,0.04869214191880222,-0.007520065440636325,0.0014969444732981785,0.021313671844874316,0.011027160426140492,-0.013436503145182965,0.06189524004954139,-0.03415155112798163,-0.01816049522568053,-0.014715320210826555,-0.13266154294119104
2024-02-05,0.03274341186465546,0.01754673735084533,-0.0001596292792098719,0.00392596460594441,0.0006471429128673822,-0.01352467408051361,-0.019841619197488725,-0.03488963256762889,0.006869666918079664,0.010139249737348255,-0.02101037842235376,-0.01649814389027826,4.657140716290975e-05,-0.0032762965886588002,-0.04358934906750167,0.028993138448694333,-0.04237844522430878,-0.04886628683154981,-0.05585248645507235,-0.0469596762916169,-0.012231171938939855,-0.0359744067256661,-0.00013254348931224236,-0.013760037877268316,-0.0026575045830773414
2024-02-06,0.006387814396356051,0.01659719578120389,0.014870343471893532,-0.006035859675824207,0.04767323053004113,0.017136658569464114,0.02768104312090358,0.05631014087364661,0.007822353147947103,0.009795488873501679,0.02400087209246049,0.039990785557786124,-0.043977505661502714,0.09543134457953784,-0.03696552250949381,0.03706038121860966,0.07328993118168237,0.06658174931197758,-0.033473708532061,-0.01818957235547236,0.020447508060130515,0.025941163825738967,-0.011180327588369843,-0.005460543489487657,-0.006780938197843089
2024-02-07,-0.038669908971831535,-0.0022003574921536373,0.018134548314423515,-0.001356885847403122,0.0064533703968499,0.01067754272108834,-0.0039062965944324235,0.008542734158246246,0.025205893794670864,-0.05066144546549367,0.013488865012277529,-0.009374209152071322,-0.012932999675192347,-0.01507594101498344,0.040024276859351726,-0.00011500003529363312,0.0341252491709465,-0.030203126662247448,-0.06267151717896902,-0.007792528525916387,0.012975319771431737,-0.025910954833539335,-0.010836428167839585,-0.019088826092371503,-6.967016550007976e-06
2024-02-08,-0.01593908682047096,-0.02039121080680284,-0.005972552381913965,-0.020047970451879782,-0.0009213794687430443,0.0011861884976145376,-0.008481622473323402,-0.010713852645252375,0.002191670323617112,-0.018900876300063763,0.01308333119925953,-0.00821784130527825,-0.007166747492222236,-0.02241995576946798,0.05783520949063359,-0.03686757999169488,0.012139009871589224,-0.07752194079961905,-0.025445516582012107,0.00408538190826202,-0.018321961300449496,-0.028973678976441097,-0.004077232134553022,-0.0007333224919635617,-0.03238636213429802
2024-02-09,0.01603531219659926,0.014140683152891631,0.016340036121932133,0.022049000637886618,0.014766167309813394,0.028219651016250902,0.02790769397718318,0.029529603092089296,0.016563569162213465,0.023625373182891485,-0.0035335499117956637,0.02764457532521103,-0.03243785926005727,0.009365090825979694,0.014290624004211994,0.009370531297759,0.040184195849735316,-0.03919373075445609,-0.04217410759906326,0.001685847634472326,0.0014318089827696223,0.006100394796091146,-0.0023149872994691068,-0.0038507708453091594,-0.14803692655634748
2024-02-14,0.013175820442762554,0.015375890126065661,0.006736682652406678,0.01657393677606578,0.019872235926709836,-0.013426908285605776,0.010000634595644486,0.022138499269888534,0.0010850983354542265,0.00046181918921228693,0.03996927185135668,0.012570422787245406,0.023059274435361266,0.06085827661113696,0.021162525697707935,0.022795093742069783,0.010413043878498174,-0.0040604598623184,-0.04807798278153397,0.0033060637460202713,0.02199795110393432,0.010248113950240834,0.016364976156218125,0.022182916206761494,-0.07244256412784877
2024-02-15,0.01180373827509773,0.009285847503758271,-0.000339202393003446,0.006854950811437943,0.014403537126346233,0.001083517292945757,0.011495525719980915,-0.0018387785024138736,0.005887491957971225,0.006206009040159666,0.00350259868186531,-0.013526243473557242,-0.010800252727271253,0.015598902593647823,-0.015296873336844818,0.011000931723931906,0.0044940058115623405,-0.007482335981825683,-0.01990360554799331,0.022368229352510927,0.03224029000579409,0.004148828040262176,0.07931685403901745,0.00824113492681633,-0.0878872107807781
2024-02-16,-0.010310853362220596,-0.010960175588531906,-0.01727525085263748,-0.02048451137287499,-0.010195335051728427,-0.02357633343701815,-0.007377450642719219,-0.015077241844846823,-0.0074577038104717275,-0.0034523543267603873,-0.032895140714574445,-0.014736043371333829,-0.0012040820850350853,-0.00714849781498772,-0.01515814096243473,0.0028740362554628973,-0.0126224336617754,0.04565441424685712,0.020502434309501938,0.01333138001739309,0.03179992468762105,0.008843581760618946,-0.002169610728415816,0.007454692395226781,-0.020793216152120042
2024-02-20,-0.00897330829774623,-0.009381087156891343,-0.013081316335007087,-0.007911310943200078,0.007237136472100447,-0.00931115656325654,-0.010012641617285767,-0.017648823380242984,-0.009480221116307086,-0.010076869225160379,0.019070469570246384,-0.014189023029495651,-0.04278555375757076,-0.009153873183500472,-0.019816587472038072,0.021649093383945717,-0.031111634103393904,0.021505258625570622,-0.03689212766809491,-0.03335387892286301,0.028444882068241695,0.008955786274745359,-0.018088010556951972,-0.022133006427922264,-0.3199673005843299
2024-02-21,0.013553460230818937,-0.0124232402345692,-0.024530813964265596,-0.01020070208443491,-0.014259387090556741,-0.009072164761285029,-0.020498455253769476,-0.029296623643863096,-0.01094042855242705,-0.011094701800175244,-0.026568553521419402,-0.008496638593547878,-0.0031093624280865706,-0.0012337874176036046,-0.03445417582444121,-0.029921144666884003,-0.014688452889126458,-0.01097442984287278,0.003722171274408881,-0.01229129973304377,0.0277522908340877,0.019830755443437376,-0.016225985041151025,-0.019508476051064982,-0.28261248529308436
2024-02-22,-0.005831798126598398,-0.017395006546317204,0.0025907102740438948,0.010380450931334773,-0.02490862434588037,-0.0020257185697611924,-0.01946854445396351,-0.03783800047575436,-0.01758037209680785,-0.005510532433779303,-0.030176227347675222,0.00013269267375082272,0.0002462123144382211,0.026460297031952518,-0.016817019304553704,-0.00993888882744054,0.016312716351688517,-0.0333618005377313,0.038862488940615725,-0.009862703042678667,0.042984668218625455,0.002365055553166018,0.018717647204663956,0.020594828197924242,-0.0957243790469059
2024-02-23,-0.0036936856132347984,-0.0028919867401128174,0.002849158471031954,-0.00919743156506081,-0.028128277851285022,-0.021484579251525804,-0.04379349391615173,-0.07870221618838547,0.010690961238135843,-1.0246625392507092e-05,-0.01375462838296515,-0.008725998953395209,0.00632683059077177,0.03131903436766592,-0.004003778821775272,0.02391224929444724,0.011928400816413776,0.014298035018394772,0.030195363705779465,-0.03444202949617636,0.04114912697925921,0.027559441509237947,0.03746892702330151,-0.006305408591067652,-0.16420309032476144
2024-02-26,0.009119417588446588,-0.0036143301775554137,0.0034809610654487066,0.006104039370815384,0.0051555181456319765,0.15597457701110073,0.03496026120638707,0.010405956974443242,-0.032024666386977874,-0.0030173982829974078,0.012832506086781104,0.03156277203774205,0.04735007283477288,0.01756008843138468,-0.004678035153289906,-0.005979190297758397,0.004050938724410091,0.037869552980927645,0.03466661078403055,-0.0068784258843526125,0.05591950206621199,0.00026759743009896475,-0.032044788303681626,0.015488956226969552,-0.1420105453341729
2024-02-27,0.006267261605784613,0.004838513865470295,0.04761214964206295,0.012821871264739881,0.0064592864443138165,0.030077513897856845,-0.0028371235032830233,-0.008245706178947265,-0.04207338118092252,-0.003337753675018429,0.039288551797110216,0.09130960567095303,-0.009196465083829652,0.005053216394595994,-0.006248967493868385,-0.012114347576669515,0.042378437056485474,0.04666105157943501,0.1318420061722121,-0.0076985380415937055,0.08303319526031183,0.025668767233724354,-0.017727347731975596,0.010984071883285651,-0.1159844107685657
2024-02-28,-0.017458867667227596,-0.02150850489147127,-0.005619835829589026,-0.052123480138256184,-0.026843518861727644,0.0016156817161836479,-0.021377089335834487,-0.028867791713387936,-0.004358120650819419,0.019421950910547103,-0.018713136442126244,0.02995552820082148,-0.06250236144035615,0.011112902052778928,0.006007165591303432,0.0057819541262775775,-0.007435791598758179,-0.017055357558432016,0.143153850289504,-0.01592701602306068,0.06710353727595675,0.026924241048042363,0.0013227600604195366,0.004309221466829882,-0.14262063067034914
2024-02-29,-0.006358029335779669,-0.005812285734053235,-0.04111673734758381,-0.00402945322282755,-0.011440275069080963,0.012801626814347156,0.028080102195840784,0.027622137376656974,-0.024377022309266305,-0.01832067684762484,0.015498295224672498,-0.05901669912512564,-0.03622519169381,-0.005647561755360075,-0.013960800722660038,-0.0032150940412257745,0.026311483327124963,0.05452222072141688,0.034950752950469566,-0.01588774568183071,0.08700148318683198,-0.04016265578163969,-0.03152494511279269,-0.022495466799980823,-0.02282963876012223
2024-03-01,-0.00042014380415322794,-0.00578152001462684,0.001109713566138426,0.005816623901864215,0.0035117434002822634,-0.04897288264486388,0.0024772622226192365,-0.026922654956985204,-0.010211185028529468,-0.019739470293606454,0.02216411996869283,0.023929719547895134,0.0234141313229439,0.007005103482124575,0.0017835627716344948,0.025771607651873696,-0.005115794580963451,0.05030901729471293,-0.012256794106698998,0.0031780109594499173,0.1350124156429131,0.003801612459028547,-0.03239488778324984,-0.0157667595307166,0.05674691873925575
2024-03-04,-0.022819674283045877,-0.04311062897465878,-0.02921952985194287,-0.02514045823525235,0.009694882531571691,-0.08017478741788864,-0.03334759133935006,-0.06236318205209801,-0.04270816595098181,-0.0161731440749755,-0.07660498088682266,0.01691566512767073,-0.018096561182574855,-0.001096521645476689,-0.01830270331323336,-0.032111566720441465,0.03691768586438604,-0.09291127369165353,0.03735670015783188,-0.033628077232618625,0.08779330786345119,-0.04084563809978348,-0.031904951103527535,-0.027811965188624277,0.04573763099020378
2024-03-05,0.011371191061269048,0.013691017530873983,-0.010775762723489346,0.008389841484773397,-0.009950419530983523,-0.028065077166256946,-0.004202616539530357,0.00895183465616567,-0.005301374829807304,-0.0003677372365532561,0.018032307831450378,-0.01268646483119884,-0.02266276556968727,-0.003608591161406327,-0.015838386206652455,-0.012654197168962322,0.03469754903028743,-0.1540648784264217,-0.016600391626771738,-0.007874408490225138,0.0784753944974157,-0.031414527208205034,0.02243381655594523,-0.03160298313581267,-0.04223301650684819
2024-03-06,0.003366473657993918,0.09251854991815511,-0.04315311010566769,0.0010129599305452874,0.02275155199519241,-0.03166908742027508,-0.0037924574816586842,0.030745953906271772,-0.0024031884780082446,-0.010808667110078107,0.04364738385599165,-0.010704173762433156,0.004686872237056772,-0.00125002656163542,-0.016082980334182317,-0.00043543898074172027,0.061296984188693004,-0.03499317506128008,-0.007433568353475417,-0.014687061142610314,0.1416791343154371,-0.01303224614969678,-0.02853171530103571,-0.012006305482341939,-0.0504594685115487
2024-03-07,0.0034529403875287468,-0.007415392310837321,0.0187559669949402,0.0011321100080510238,-0.031705776373498584,-0.010605786141533069,0.03408108238006835,0.029520655401550577,0.0019722734844431766,-0.0038215757075620305,0.05571217627402314,0.020371369901188263,0.0007199006762812488,0.010860790690612632,-0.03498664815660424,-0.018577029756784214,0.023661281029524472,-0.038765757239205056,-0.012761125678061203,0.0014954584896784695,0.1423173768220185,-0.03219420222225333,0.00042679454239324954,-0.020651050615934308,-0.10297073018246206
2024-03-08,0.00910607258525764,0.04511290000458912,-0.006100762126494796,-0.0014153722468165375,0.04365772124498202,-0.017991182317646515,0.014308069459088912,0.015863859398722813,-0.007938161806654964,-0.004347191916571735,0.0030150595681412984,-0.017911828703860988,-0.01673026806468747,0.005535952067394767,-0.004003609111824957,-0.013140037609281507,0.030890156258530865,-0.013139934447151225,-0.007618158688117216,-0.004358030713665917,0.11522845940879867,-0.00684133284354449,-0.001173861120394748,-0.01658052836903323,-0.050616651868388485
2024-03-11,0.005206290496164501,0.0343824520016105,-0.005009538393633717,0.0150234051607947,0.05923459557478661,-0.011066048951359542,0.01151382786170596,0.024794783173259116,-0.0238079255212843,0.0019836599633393792,-0.005658670799019383,0.010987531567570263,0.022780438662046265,0.006947761400063257,-0.012637905448741993,-0.008895103236479018,0.035405911660742584,-0.015132549599027656,-0.0022298947361252264,0.011117236056737312,0.150052968193503,-0.0216504255072828,0.008392774552577587,-0.012720802695860844,-0.0814293170710294
2024-03-12,-0.006520224407891906,0.006922497410779549,-0.0024509642977043056,0.009018099475925467,-0.041953993428558545,0.056687156882877066,-0.0216139718587246,-0.011949643421484302,-0.0019262542268170257,-0.008752546096061131,-0.0024880834332067225,-0.032224392688769976,-0.04600398234295178,0.011413616973380059,0.023476321170036174,-0.021156837454740174,0.08786867378935681,-0.003490586644734339,0.046449432325955664,-0.11045001023329537,0.25082243540502813,0.044990301076544004,0.014913466273167142,0.005696582874396894,0.043986895987690344
2024-03-13,0.00959190192675985,0.030815400321647424,0.0006942909810043751,0.012638781968974389,-0.03946280740629282,-0.009487874765870097,-0.03406914369559577,-0.0390390812182434,0.00430991269485248,-0.02015833679592649,-0.011163701791272351,0.024188396781257948,-0.00921706556958013,-0.002840090547215679,0.04489502021132341,-0.017119153556695466,0.03446337152809731,-0.043010009128412685,0.07032010907111919,0.02418132242441917,0.03107892009991664,0.12226076563734978,0.037312055947577916,0.024438624909553175,0.0651261342094307
2024-03-14,-0.022780611965030673,-0.0055718670242446144,-0.014392730346199367,-0.013250823174967175,-0.06921313939476803,-0.03548549409510404,-0.03849838993429211,-0.04792175339812588,-0.01379737355750088,-0.016407201278684558,-0.03505194992461125,-0.045635121076336826,-0.03079079943874663,-0.0141737108244967,0.011049224507277522,-0.02920026978096313,-0.004205049259630722,-0.0775285007892611,0.04307731084983746,0.002046034778926842,-0.014573481993060411,0.02760795114095016,-0.006250470813226938,-0.040063714839892905,-0.07122153066394055
2024-03-15,-0.0015748326870580476,0.027344527233762905,-0.01656588096533318,0.0024642930838336685,-0.008141780922506503,0.002846066938364089,-0.002586367877119522,-0.011393396447415438,-0.013268582363669235,-0.02572862452592628,0.019952842228959655,-0.01645945726767095,-0.018525324016796185,-0.0034420089079783,-0.027037750218956824,0.004703692129591985,0.01636235696250954,-0.053155722117737336,0.14960291091189148,0.01914152562230309,0.02848306993716787,-0.019030481464846094,0.014141133762602953,-0.01960050725219653,0.15652770582171693
2024-03-18,-0.0016316594892171743,0.015087035060799447,-0.004529853104226822,0.0023141594915669916,-0.019996323646150116,-0.067290152097223,-0.05172508796623998,-0.0630728368578275,0.005565116472722176,-0.030508462954652926,-0.0420810008608542,-0.015700796631577307,-0.030051427939214337,-0.022460772900933734,-0.0012053659461137567,-0.022498032038829607,0.027903446817753252,0.027211055481201507,-0.0019314435306628797,0.004818120326167685,0.03856389445199837,0.006752655104326433,-0.019128721008684457,-0.041232467632747793,-0.020267849666776083
2024-03-19,0.009322326622633659,0.01190466471149465,0.013451887330809598,0.00215306094224732,0.0054766828023413705,0.004481889681831275,-0.02846525596673355,-0.0638329198581401,0.01551930880452268,-0.07189948198160367,-0.01155609091962817,-0.00676577738279549,0.0018301899866761673,-0.003579070516781413,0.02182711094400891,0.003964747780958788,0.053121876760848785,0.005076402688699355,-0.0062807371641496745,0.01143687743541677,0.04881404484377705,0.01636071926805438,0.008909623478832396,-0.026345690107143827,-0.1751373052706131
2024-03-20,0.018048930073226055,0.02961071444725394,0.019085832975114236,-0.003066378173554818,0.01707524939562588,-0.0030006087695467754,-0.0826895139938244,-0.026932454278294715,0.0072631507657077155,0.029521286837765004,0.0160890518010679,-0.00518341614295148,-0.027249575427451544,0.006874607433431157,0.02080000497168988,-0.018472501083611093,0.050320590342800786,-0.11535238726846042,0.0851965562531678,0.0002487540237234853,0.055053096077478214,0.002393589359122039,-0.018720489934814344,-0.015276781414295892,-0.1800247563643641
2024-03-21,-0.004872369659608244,-0.032851280430665875,-0.010876584070329653,-0.015347683823462632,-0.0844555821399614,-0.08712367585200187,-0.046378431711587065,-0.028198763450480446,-0.012622484909316278,-0.03205270812513061,-0.043972596636083994,-0.02754572856521109,0.0055644444349693956,0.030895889967004653,-0.01458374329626122,-0.03788642144715504,-0.13077772529772647,0.23906221230783786,0.07624108980035471,-0.03229944487775671,-0.005308412000640361,-0.05292891990436077,-0.048457306483932094,-0.013845148383442085,-0.14673970431372374
2024-03-22,-0.006841073798299679,0.0002470969269667833,-0.010490699696442674,0.017221682284770612,-0.01462427086892315,-0.009408672267385731,-0.03569870358278038,-0.01939204839344455,-0.007631274150475265,-0.015774399262184935,-0.04009861203599685,-0.010760026252787047,-0.005184426568796474,-0.001444580891238778,-0.03507045264665898,-4.1228351685518305e-05,-0.02027017609679649,-0.058140251125617715,0.0759384096629212,-0.017447184480044675,0.037373217224012434,-0.03712754824234499,0.014155167699001936,-0.0196336040502596,-0.24011509653958074
2024-03-25,-0.0061876125732148735,0.014591412066318421,-0.009571296261976503,0.025835932621925517,-0.015790654093722822,0.0023274231357734987,-0.00843577203465784,0.0013890955449298303,-0.01281934629628656,0.01123050997481112,0.0278617703374775,0.011533020368789337,0.010321179203895747,0.005889824276063882,-0.03046171217178406,-0.011658589196731017,0.006807100823421397,-0.054909327484343406,-0.003569962962059914,-0.007907036061214123,0.009466633812422964,-0.017785080084897764,-0.007522629683196724,-0.0188178383434201,-0.19800141753034683
2024-03-26,-0.005911953481900212,-0.015412382696648685,0.00329949080631331,-0.029252353962943345,-0.03431287076339584,-0.01622206926693348,-0.02489155989120384,-0.04014404544591155,-0.013484679267171229,0.0037746194324337345,0.025999552013815208,-0.01185872015641043,-0.005170247515629223,-0.01965436170587531,-0.018254026755937125,-0.009129686605944487,0.007504945049496614,-0.016631665454618583,-0.014286778106139542,-0.004322372062158242,0.019086650424983587,0.006776679311279343,0.02997580393207655,-0.01900830909744311,-0.2497438475049879
2024-03-27,0.01752609486865353,0.04216963563581322,0.004537175762310053,0.032344921705143026,0.05550282638232984,0.0046690824522885865,-0.04832714204142097,-0.004543069936350896,-0.017287253173217554,0.0025753311419138836,0.051177049307257416,0.007253242996283271,0.013231096617608351,0.035255349327988794,-0.021531394692788752,0.008451961459683188,0.061362004933123604,-0.011762616749812604,-0.023470114720653523,0.01388497388508858,0.03739379310348112,-0.0036524529387003124,0.016328736447091874,-0.012606425020213141,-0.27119339359249306
2024-03-28,0.007310455680385797,-0.0070173240109421275,-0.005531258527324168,0.002505004127450361,-0.007664810519500742,-0.023513667980865516,-0.06410463061830107,-0.05992656911635419,-0.005291410929938567,0.010048884023974747,-0.0383283225116976,-0.01033955810398679,-0.028430389200561623,-0.009979866070432886,-0.003321693348164567,-0.035193789700146305,0.0030128165707659083,-0.050196472589270735,-0.03311261149436184,-0.0038400421971860332,-0.036219534979029966,0.0061905596607993996,-0.0007608262533763677,-0.017309931523689426,-0.2741530596975489
2024-04-02,0.004050282396772742,0.001006514165546868,-0.00017073168900105795,0.011998263669271036,-0.004693289308571713,-0.018212515493961967,-0.019913014796367312,-0.023999819247494503,0.01520035745728987,-0.01281715876257905,0.005032455508069411,-0.01707968370870383,-0.03597379379106713,0.017427111306608456,-0.016227986381859627,0.0033008904610645207,0.0025482859379373224,-0.0019328748132022566,-0.03433703212962502,-0.009637544614029547,0.020797880768226973,0.038069225758900815,0.004815505432317124,-0.023601912658974045,-0.07656194008526096
2024-04-03,0.007621423586868126,0.022416054338790792,0.012563746208762216,0.019197476248227652,0.0044821049525567425,0.00836457732436835,0.011565420165484452,0.012954295150705564,0.021581430404759017,0.0033476398564993293,0.010633645726652707,-0.011857952957138984,-0.001030828412790119,-0.00012379996047007236,0.012596660312464758,-0.007881365737446688,0.043786620312176616,-0.04222362519298539,-0.011678485214783652,0.00508694167295376,0.04653932174879705,0.04378671825613267,0.02342618941041219,-0.02904893495124916,-0.022820428201250298
2024-04-05,0.0011428644704272184,-0.01012740950578106,0.011837848087858038,-0.008406896862289348,-0.012721533124937845,0.005792559157149713,-0.0007291211558356769,-0.017994684657722804,0.006133654610350092,-0.011895732338672138,-0.04527261008389716,-0.0038038549726653326,0.002551035370190524,-0.004006864429517254,0.0017150105826009288,-0.011297446257714672,0.05020351386240107,-0.05234795900689404,-0.02417034034533616,0.0032056871563450606,0.054185257560406486,0.01853563059253327,0.0027302584104755834,-0.02037693898994941,-0.010817728948339989
2024-04-08,-0.003218314126544164,-0.007461579679119756,0.0034863019223430047,-0.025682146305674336,0.0039428610206204695,0.012919715919924801,0.02619753748464526,-0.01833874385761436,0.01754862153249115,0.005969847162964337,-0.02017208895648659,0.001434929903811888,-0.006027026261761326,0.013603100155533898,-0.01754488515865915,-0.01894413662163763,0.0401925743684024,-0.041535199593991545,-0.000246275497223003,-0.012129875529866885,0.06431660553558771,0.034660592857394645,0.0003322338940912051,-0.016252159021653667,-0.05663804041784937
2024-04-09,0.013538573028335055,0.029066904831936746,0.0006675050587676701,0.012213969333472852,0.04568755651221079,0.02120484916796661,0.058656860586874915,0.050920461174857046,0.005116041985490538,0.017029639963296095,0.008040660286354973,0.015181302759623039,0.0021072728877709057,0.02786340773049023,0.0024576166425589463,0.0018313753333158989,0.1220459755664891,-0.016607828794804047,-0.011148984574214316,-0.014557328929583169,0.021979514851007576,0.02861814265163498,-0.02280905607131478,-0.02935616057943391,-0.13081996008749586
2024-04-10,-0.012717625246333686,-0.018612928112644145,-0.018723235262945503,-0.02493124376148137,-0.0382741496438288,-0.01808138676221016,-0.007488516340845908,-0.03381854641993187,-0.006929242882215414,-0.022833762186214468,-0.041033173723294625,-0.032111097223922136,-0.06228967370318672,-0.013652351569409471,0.003368476841868917,-0.019628432207433932,-0.008137907619246265,-0.08972697682644537,0.03389593048526374,-0.02462319638654975,-0.0006560098052977859,0.023828865783482867,-0.0255933941178228,-0.031217304502997756,-0.14229589356656958
2024-04-11,-0.012007724353370164,-0.0005919741848843252,-0.011429345562575799,-0.005818618382654628,0.011353192936396583,-0.0201109235599658,0.003064022578638248,-0.041277436819352586,0.01854832043033916,-0.007734321031918512,-0.02356450958677425,-0.005366474197688986,-0.015009560661460308,-0.019678058875302606,0.013191305039737866,-0.025058636543565327,0.0631229888698257,-0.03295662421356105,0.011918253429254122,-0.0039166243479956675,-0.01790768987097724,0.005815123908122555,-0.02021440956961007,-0.01569040705173308,-0.0712894726948915
2024-04-12,-0.025197559097113076,-0.0283118412624771,-0.04400628037685461,-0.02037545132074936,-0.04885896235458298,-0.02392822890440094,-0.04926847979674298,-0.059463966333653695,-0.017257409370000865,-0.02380431594062038,-0.06558726414239402,-0.005940932571996238,-0.028085597653134675,-0.06773763569352964,-0.03903687567529612,-0.038496622334182606,-0.032521620431518405,-0.06218229792114438,-0.032998652572928666,-0.04530365803438885,-0.020797528718770386,-0.03929217470353463,-0.03049257828012042,-0.03184902112014021,-0.12129185451558455
2024-04-15,-0.01727857108391906,-0.015693384213199102,-0.007744458487734085,-0.025807904320833464,-0.03974134017092057,-0.035515442946638,-0.03705777286666889,-0.08309716598680605,-0.016843039340440957,0.0023747902986743785,-0.026046792304211808,-0.0067037765434728724,0.006232978251001331,-0.030734866662722515,0.0005983895170704745,-0.007514897135512233,0.014286376540876278,-0.03913444312039582,-0.07264508855025864,-0.03476729763068298,-0.02828319420742398,-0.021672875800671787,0.0031198420340952104,-0.018394636400278386,-0.10142485717071159
2024-04-16,-0.004803235287848984,-0.007626558681969042,-0.005075058525292886,-0.0009109613824613838,-0.009330924751328351,0.006421012845518437,0.012235723700334766,-0.0007334124324110958,-0.000963429556142148,0.006533966449165707,-0.005238796211501473,-0.016711262361980506,0.013399758570693754,-0.012222556562315412,0.008088738976588017,-0.004809566393314868,0.059885218380318905,-0.02018967795154092,-0.04183611757135708,-0.057558994124980334,-0.038163759881518655,-0.010037277400209987,0.013120648159243187,-0.019992090584761923,-0.06787424243651996
2024-04-17,-0.009204518157269082,-0.0026694242635222354,-0.0015550862271380694,-0.007234664510106126,-0.016103939330170958,-0.020839602922894995,0.028545983855553292,0.017369038493932676,-0.013137198052716181,0.003617913953490426,-0.0007550432244401994,-0.01986716986537196,-0.04058974698817608,0.00042476606028540864,-0.01606412734362339,-0.01347442371742369,0.025920375680060337,-0.016280565611448194,-0.029777048312231602,0.036192280327217,-0.032496093204832044,0.0030255100898275433,-0.009793381193046069,-0.029490801546682932,-0.016508936197447865
2024-04-18,-0.007112355048985108,0.01659397856140954,0.013692596478476426,-4.659072350143845e-09,0.0003357517886724004,-0.004869234076809281,-0.037019777677621324,0.020207146754382288,-0.008622638519624415,0.0077314964255921215,0.026187464322340093,0.00355358862160271,0.048435816796694287,-0.01779735107915692,0.004957976337581549,0.011639520874032971,0.042260351572504185,-0.016632813330308194,-0.047533798442952246,0.00425227593973454,-0.03329544903702786,0.00640677092211317,-0.021631529674939864,-0.018388689208962417,0.0007834213320734307
2024-04-19,0.013721385022130939,0.026626731186211616,0.02566326480879888,0.0059244648325122995,0.0022482626119035842,-0.028245724810582407,0.005042481958071221,-0.012945266798063959,-0.009193440667158992,0.00466330486679345,0.006816117178776615,0.013322597779113154,0.02216332180802838,-0.004456404847349549,-0.002100145033652967,0.0055383913633193504,0.023033748138428622,0.017626044131705543,-0.08242866830960771,-0.00723364323361575,0.01242001556341199,0.015277946383798868,-0.003779199344240536,-0.006001916298499443,-0.02247147420975315
2024-04-22,0.010856976073855273,0.05163108147383744,0.015126558950983693,0.013245709106172399,0.04839538408119415,0.0009640716813856809,0.03142141480057559,0.05655446374586948,0.01655669994278619,-0.004865001474129049,0.00809125719729864,-0.009624715077379054,0.026200466269977296,0.014506371863950207,0.007916951741367084,-0.014910086341756279,0.07597816804872082,-0.01655588821996634,-0.023958544376028956,0.019083184034888845,0.05655838856455042,0.02315700386893038,0.00560221468480715,-0.013612110616313067,0.034466256064606515
2024-04-23,0.01747602885181898,0.012525790165381467,0.0003543662657841118,-0.0014400195038075658,-0.003531516171631166,-0.011687931388209782,0.02476379728007605,0.0022557209823852453,0.01006273666737223,0.022357934688313597,-0.019194000604613626,0.0216404139373787,-0.019253982421372662,0.02027627357411843,0.0028435273801732386,-0.008797890666375041,0.09363729251818786,0.004799204349029251,0.011609778927739622,0.0063892896985386916,0.04307819674933655,0.014243150894735823,-0.0037974840818145728,0.008814909982901131,0.07472135110821654
2024-04-24,0.008045374866196608,-0.004168880441484224,-0.005305309317050866,-0.007821379429150177,0.016134747637798208,-0.0315776675000925,-0.026909916973716252,-0.001169550950352094,-0.008973741852569272,-0.002733062578759271,0.007929412143441228,-0.001711006089592071,-0.009018027552498031,0.005375655598120588,-0.1482931875081529,0.005890210093898007,0.05247336979201367,0.03141231618562901,-0.03534104290232121,-0.018333872020333986,0.027902842788637416,-0.005863451394865882,-0.016707501288597326,-0.015511107041267236,0.09755816701229914
2024-04-25,0.007129924349013939,0.00574890291002772,0.005491769924240719,-0.0011658301464961829,-0.02214035464261621,-0.0171843756104737,-0.004643553296216796,-0.003365460459694214,0.0005673328787925147,0.006951666421668001,-0.024201016527648167,-0.0057019135944592625,-0.024879654976395327,-0.003256991889116101,0.0026317190545905866,-0.003664419985407119,0.016617134412219015,0.03059212142072054,-0.059147213195572035,-0.006859875052244946,0.07857848306703352,0.012091192291311614,0.0038452515818436783,-0.020065978043859567,0.06686247311411675
2024-04-26,-0.018288935336083223,0.008888825581535587,0.007213049467204913,-0.025222522665010794,-0.015345906893263983,-0.00907171081787117,0.012692604328385038,0.009953235601955601,-0.02586913650341416,-0.005867039448879452,-0.0031293165075365614,0.005712336504453797,-0.013163952995433048,0.032049729918655734,-0.050641929012002485,-0.010780089112175317,0.03840693946445173,0.0009190390666178327,0.01643273900516684,-0.018213621623163312,0.06978569366449894,-0.02443469591976255,-0.02006975536975797,-0.06325514644718155,0.04434325518401239
2024-04-29,0.005722904952666363,-0.008453753683432375,0.0019916147937584228,0.005797519192406453,0.003027045486384994,0.0414019805334076,0.03111948822064803,0.008761895072987747,-0.0045745634661031875,-0.0016944116370236628,-0.017380001493199515,-0.0008943759892526826,0.004788087950678088,-0.016982270337084993,0.007653241678536649,-0.008498022873993483,0.006833359682975049,-0.05879029622340515,0.012252976192810738,-0.01650355130550807,0.03159278004913779,-0.012210648249600498,-0.032557875718925655,-0.044877889710821184,0.0003948357378553702
2024-04-30,-0.015234236824325342,-0.015336739789172271,-0.026680664310556046,-0.033958050729354095,-0.03779844460195114,-0.011278145797619432,0.008261767465661318,0.03318485068981447,-0.02008660249515659,-0.02952106587528802,-0.02520502633050803,-0.02044437282662981,-0.04890075635836677,0.006583349312548892,-0.03541799152557834,-0.015244361847356336,0.004755520170706129,-0.06239234231187529,0.021986970886884505,-0.02636227053603979,0.010219499725978798,0.005115228290085483,-0.05190064195023947,-0.042314003286314406,-0.11254050360902024
2024-05-02,0.032067717442634036,0.06022662388265276,0.0312646303486519,0.03564315031490062,0.0750369835982232,0.05332202497548244,0.07649536644566646,0.013295365379100144,0.024269827243665,0.022467990196938015,0.03657983394433595,0.0007936549176128516,-0.050049999158845115,0.0268501206544427,0.04579005949015191,0.003600463488874661,0.05321384968625642,-0.0051257374388131716,0.056522686680954726,0.04003760766153097,0.038125010995181396,0.06797237855928939,0.032681583346209075,-0.008143799866215495,-0.011453082905811818
2024-05-03,0.003003308853618769,0.01118986677355438,0.02480694674452444,0.0070138132304484735,0.012050998345334296,-0.014465589781065269,-0.011260373098349596,0.014529398788135417,0.03498956904219175,0.0037830378930439057,0.02039455449682981,-0.002319870467920482,-0.008003534629888343,0.03543531095781005,0.03634790511337771,-0.012693305243673847,0.0017794695530142235,-0.02118246521289946,0.05545691755992044,-0.0037717279278127736,0.03845699244724732,0.0030985218813455173,0.006958506737132275,-0.025173976133117226,0.21343045807147965
2024-05-06,0.0014199203543747707,0.0018200327272186456,-0.009927126203124303,-0.0005601539081973028,-0.006431864390224806,-0.03204108153604346,0.01766266990276133,0.009971117942944252,0.003633249116144377,-0.0021771020933140095,-0.004641087608013628,-0.013515827378181355,-0.0025181862928992382,0.01476989537155693,0.0007007244078742758,-0.011045248968293508,0.013650316879701752,-0.0483650850782581,0.07241382757688486,0.0036020433618593195,0.026800686150342257,0.0032610594927378056,-0.02542049417895098,-0.029507191686150458,0.4525328723751336
2024-05-07,-0.00618944792005327,0.006413069731943777,-0.00743421345606976,-0.0025943383846454005,-0.00605619159458215,-0.04039355797462829,-0.040641357502515074,-0.003962648504567068,-0.009085304893476587,-0.0033455463221578885,-0.00291801677856518,-0.009625374769362094,0.004688651788391063,0.014270954343013065,0.00044320533994457456,-0.020930926125055316,0.01265085468055216,-0.014435329402496588,0.05604857496886595,-0.019052660212310002,0.01950917252729134,0.028827204939591455,-0.018564069900094182,-0.017349512325119165,0.4241823415004464
2024-05-08,0.007230867997736201,0.004294589565288387,0.0009344732482139406,0.0022671151964155367,-0.014487725677677199,-0.0338615540429652,-0.043339345398029194,-0.03261653878544135,0.011063328941894657,0.017990011159119135,-0.02021822095208492,0.04350948857685921,-0.015292495558422825,0.051864595180111994,0.026782470172512562,-0.0037626032214177485,0.02332719881220191,-0.08637734188689061,0.05636598055467967,0.03208481575737676,0.018202762749362167,0.004569966646639889,0.01122893393683122,-0.016043499323641464,0.41869985277811295
2024-05-09,0.01091632799029063,0.006457179018436898,-0.00018584139834276758,0.008643428852184831,-0.00985020668361214,-0.004696007910656941,-0.003383538285731902,-0.005668852864309182,0.014632813023934155,0.015464791700936509,0.0021813098492142746,0.014500660705363488,0.032872757806567954,0.018335082278870596,0.012240704306707206,-0.004082652336297676,0.04976555785452508,-0.035478432963946815,0.06908654193397834,-0.015378484090426081,0.01416653134174628,0.053980218046619344,-0.006157349803220913,-0.019628899601835004,0.44380279993725824
2024-05-10,0.0029515374037072384,-0.006263735429047124,0.004466049982526865,-0.009934543115635797,0.015183550727230433,-0.011571907428109207,-0.05472628993653639,-0.03489675989695662,-0.005410628438794474,-0.011085159881438766,-0.028898151989718457,-0.030502873742094372,-0.031437556971017355,0.014229749893844845,-0.017605982249081165,-0.012581917730158487,0.03733687690522891,-0.053403774523471115,0.0862649921066343,-0.010614728434167109,0.03987636795645466,-0.0005109088645253168,-0.0058175276707396195,-0.01900916064003244,0.3787633469466216
2024-05-13,0.018405700068387043,0.020845654146808723,0.005839984867298753,0.016804994342820123,0.07532769837371744,0.004785721642630358,0.028021978136388404,0.04781042666468749,0.01862180112013001,0.015114741653890595,-0.00739352632745538,0.005560824265652187,0.001064359799537895,0.033485477891941784,0.01967148589277201,0.023046011431292035,0.11797917341468511,-0.018914328607609998,0.13080682303951452,-0.0004527876786045715,0.020644897609755963,0.01459586281225489,0.01135294300551326,-0.018958484899020744,0.3630377072066724
2024-05-14,-0.060550637593035916,0.009076340946397865,-0.018324690654701103,-0.021482597613249776,0.016521960568977256,0.00608465090049215,0.0484062883232248,0.07189085540028706,0.030674243994968986,0.021441313127773087,-0.032655684507917115,-0.022606451941104444,0.006921160448752239,-0.010137240953128401,-0.008116236171023972,-0.028850330956794568,0.002358184165766941,-0.05455035442728595,0.17008710799337035,-0.04422766173389292,0.03389420490459738,-0.012241813060739903,0.028944158277640186,-0.02940290037107174,0.40298439185462853
2024-05-16,0.06166026201024244,0.01044090941689757,0.027304046531495985,0.013666983734055727,0.0367611760630604,-0.013680072631015672,0.026525280171373566,-0.0245198092476423,0.02233961040648036,0.0012696205457787269,0.024677140325633617,0.00802086435732674,-0.03471175648805558,0.0205089945719219,0.0027672500400310884,-0.024366559171535074,-0.0034973317475590626,-0.03044884363577538,0.08678502687192102,0.00011388896287378714,0.032295327989192435,0.019635634812311453,0.028932323249461822,-0.02008244071656884,0.33103278945770764
2024-05-17,0.007474443195532476,0.02591642145032913,0.006018804571640057,-0.02765504969636523,0.009327136444204243,0.012375404850091032,0.01649202165738961,-0.022759056030357327,0.011282379143528809,0.0033130003818451215,-0.04243621334186298,0.0012248205923377498,-0.02358299883262882,-0.0025275493733668553,0.0016099098124526812,0.02639506128336455,0.025198246700433913,-0.005885748076106312,0.08842818061125945,-0.014337910822131317,0.023397376772082534,-0.0013999319992132886,-0.03175221890108526,-0.007245344660888442,0.29730934341193227
2024-05-20,0.00876189910293168,-0.009034436147044356,-0.008939127534148494,-0.011369929127170608,-0.01862323045060066,-0.1522180391291703,-0.05689595389025015,-0.03488762680579993,0.019977904559402626,-0.015333767701757428,-0.02105820431470351,-0.0073797682850131885,0.03171882564183304,0.014989096294812043,0.008529132304061493,0.004841408763222255,0.025833092753811737,-0.08701427337096157,0.06169859776830511,-0.03372781057587726,0.04848524512885377,-0.035999111999718614,-0.025454769424697155,-0.021858311497355065,0.12558971002132613
2024-05-21,-0.005180709394434713,-0.01659573734979969,-0.026761605502926167,-0.002972672984140279,0.009281722318045693,0.013395776473029697,0.11573576111917272,0.03261469526679317,-0.010451301751345454,0.01250914755042154,-0.014157417251958515,-0.0028077277025299052,-0.016065641376430073,0.0006933788717045086,0.0063856329749472085,-0.00042560678279623954,0.044559241688663764,-0.056059003748147984,0.005647769610848119,0.0021898248114167185,-0.029907061567012505,-0.03527543496125363,-0.03922056401174645,-0.011502381904776371,0.17466054498158434
2024-05-22,-0.02819619466390033,-0.011427440948462486,-0.00045237726299840464,-0.008853037062860891,-0.00020525737701015956,-0.013990920352078606,-0.01458083504159835,-0.020462665970964022,-0.01265933345849457,-0.021404925979720657,-0.018069607640562868,-0.018399337196886578,0.0034382753242905295,-0.024434983730316162,0.013320716998859394,-0.012570652925870784,-0.04501650428140358,-0.0662909446645441,-0.0801476098885946,-0.02860505643358402,0.057630756811043016,-0.008064333931687817,-0.007845306857123924,-0.020140627277090206,0.14661561188633665
2024-05-23,0.0021434811593736836,-0.015848018929841556,0.04499491554697377,-0.0010834753844793932,-0.10497091725600893,-0.031693316490399304,-0.036418482831942156,-0.062369526595504765,-0.03086402272448041,-0.026859754649914858,-0.04396406030359579,-0.04143264284649728,-0.02144204317283227,-0.01760676490104074,0.0051066432632393965,-0.006897055089867488,-0.027109974976690765,-0.04025602971212883,-0.07686513066389755,0.003540735854914212,-0.019836492004000617,-0.027434330559149345,-0.0006120296244653822,-0.03731462471800928,0.2552384942025583
2024-05-24,0.014906450425761664,-0.011857863532501955,-0.005610182994382873,-0.0002076817146169363,0.02399454921992561,0.013359938717403264,0.0067575570039049015,0.009775191641799186,0.014529293981091707,0.01630061219283241,-0.0002827043173474486,0.00028322098704647303,-0.011804391261590053,0.01946516810859955,0.006602020569194789,-0.01503969595623289,-0.031086935977020058,-0.03073015834998405,-0.050187405268834806,0.016009005695642564,0.03446895665621619,-0.028069092680479635,0.025095550876387707,-0.015128742613421564,0.29149895737998444
2024-05-28,-0.011512352334096199,-0.013753860955468267,0.017005610255458103,-0.005099152249213645,-0.020279244962620346,-0.011782712225597236,0.01838577930612173,-0.02039899925293498,-0.011186646486931684,0.005500429556045461,0.005835242485034975,-0.0005834430863906892,0.0049782912434401805,0.0027915383117960157,0.03640944732559315,0.012177607889692688,-0.04523486684979883,-0.029788190541160553,0.0008743540031097563,0.008094310727163156,-0.06494582954527461,-0.02598298842766722,0.04501821648752258,-0.019668207154370676,0.2029229070140326
2024-05-29,0.005120954666382849,9.494931601983225e-05,0.007290172833474884,0.0030777587609747137,-0.015497268841011214,-0.014568374232498682,-0.010351689206673731,0.008082991808092466,0.0073665845958807985,-0.009398892432778694,-0.01013389318358393,0.008289341901845493,-0.007867571456714684,0.0200911182223944,0.0519459985749362,-0.0018215033996210606,-0.009500270693079571,0.03476606814874694,0.0061930504606630965,0.011027872007450368,-0.014932221691960401,0.00163046922237009,0.0014243614979279062,-0.020132357812305157,0.23941272718882356
2024-05-30,0.019322631965706716,0.040775749790564975,0.014142165119692018,0.019040367443193817,0.04810865415604715,0.04130752181384567,0.0639232205460798,0.1045360739375445,0.014823174741348977,0.029522012153273547,0.04762307870459925,0.02556429172898156,0.02991913709613514,0.05380386463091624,0.0040198122610553,0.008284433001271019,0.03289223632914484,-0.012451525192419544,-0.04982566163063218,-0.00902087083339076,0.04662945870895152,-0.012360785757502657,0.01752450427169272,-0.008176470553376336,0.21067136662946084
2024-05-31,0.022028406710407733,0.016441935490355997,0.011577459238996335,0.015817959914181223,0.020735192115432843,0.012785032837880017,0.004033073759505124,0.02893057783468045,0.02825322286565668,0.03228610803313181,0.017385656018538587,0.010806806219543663,-0.050615974198262914,0.06325899901833631,-0.013687721969766309,-0.009154636688534667,-0.010340234024796224,-0.029349911432418607,-0.06563641545891452,-0.018923921093794926,0.03305659673237016,-0.016102246470895976,0.02476888442314662,-0.016280332617084725,0.23995313708605281
2024-06-03,-0.006597176385153669,0.0008947511094632432,-0.018397040414958044,-0.01564386562149589,-0.02336798620683833,-0.028951024115051238,-0.027626979733793355,-0.019784050939285036,-0.0034697563362319217,-0.004943175169182745,-0.04730639603057474,0.01109897124585646,-0.01016460539110342,0.004136498939075306,-0.014879044921851436,-0.007417198338473652,0.010326255516326155,0.9372333298144462,-0.10486242061105555,0.005637730790037265,0.025143566654949545,-0.011712231638407622,-0.028766798001977456,-0.028768637859460933,0.3817687968099348
2024-06-04,0.0037158404715977866,0.0031757585951770473,-0.01003753411122299,-0.016811396520019395,-0.0017576601452982121,-0.015016983871335654,-0.019486149076600956,-0.019454146011465334,-0.03908335895275972,-0.00858817148673452,-0.029489433295032397,0.04061799929792809,-0.016650082460474502,-0.02198366898014814,-0.014129451293669493,-0.011374596568966666,-0.01360486553269502,-0.05957359962676767,-0.11349584255460332,-0.014727183741515604,0.004669621320855244,-0.02059458023907912,-0.03157704796907945,-0.004116640716509745,0.23625737250833345
2024-06-05,0.013293819946480268,0.000951419392540398,0.031084389742842777,0.012604970796146642,-0.0010490624341239485,-0.006715950203876497,-0.0023537246557411295,-0.0101140786239855,0.007961919979844856,0.009202121029026067,-0.028197041768552533,0.004076071691553551,0.009251385458608707,0.033370349669185284,0.004663004028038875,-0.0010614641544149928,0.00027334400064993325,0.08364410560341784,-0.1048515842445209,-0.021692550635092345,0.051457951462316576,-0.0031776598150339286,-0.009219710501243816,0.0057074176796558795,0.223504267072955
2024-06-06,0.013096829560077072,-0.009779817505242705,-0.0056149063808635935,0.008327520841788338,-0.02309036368981765,-0.019174767220109468,-0.0031817276292172014,-0.06924519861100553,-0.002183364866697457,0.011775831137615267,-0.0040621475902100634,-0.002305245311003956,0.0026351148678145364,0.026405942116308756,0.03714149762654717,0.013982061562320514,0.033260981801577216,0.08621844090469244,-0.10208390000525358,0.0022833011627199085,0.03176687426854308,0.04271256724982875,0.02067641905457851,-0.01862758947853238,0.19451731059455812
2024-06-07,-0.007248995137119518,-0.010166982482665676,-0.0016403160687001872,-0.010523652851036625,-0.03964609530462482,0.003912596194446172,-0.017809385749115725,-0.013881964085039056,0.006012678014692963,-0.0031499530160302713,-0.014843063551745583,-0.014912431701772921,0.03709425702535318,-0.021005542355170603,0.007415280108388211,-0.016665697864938767,-0.007187183485573789,-0.10043545295803591,-0.03651245908848544,-0.01949652363799681,-0.00903061970916641,0.059305064163851506,-0.01926202110741404,-0.03685049873699875,0.1783293863241444
2024-06-11,-0.004991731476437722,-0.007139205048984465,-0.012162329064015487,-0.010878714008897394,-0.020880481051306132,-0.01746172015938552,-0.05956257208813531,-0.07214179426915612,-0.010337645545908991,-0.00833398705617694,-0.012111427371515271,0.018697672160783663,-0.015405725216408261,0.019412113719285085,-0.024280834997733147,-0.02040571062673735,0.021809702908477835,-0.0669118864700522,-0.070741275475523,-0.0059707907145608585,-0.030491664810858632,0.016001554300972165,-0.010396072644063836,-0.01816750670251699,0.27411683973961964
2024-06-12,0.027717876538269737,0.014588531383345593,-0.00563889380531668,0.008879332413651797,0.016397246129058907,0.015710256235092146,-0.009607406935636775,0.01202459368241593,0.010930944608743332,-0.001483888554393742,-0.01367048322194686,0.08857912855592365,0.009292040959204106,0.01820770967893215,0.030984767308339434,-0.013463517681547077,0.019304976679065833,-0.034998140962938185,-0.09116225498954633,0.03071276685821034,-0.012371291140493068,0.0352590900387475,0.01100616695913681,-0.014157663018681377,0.28216351089674174
2024-06-13,-0.008503107770727825,-0.010499924311637931,-0.005990935492787175,-0.007703993690296618,0.03620417056138092,0.02011662239845613,-0.009515116132191026,-0.01049992401649058,0.005909134342818145,0.015663880380409,0.0029008508390406806,0.005374535853533757,-0.030608859654747023,0.030768577183518442,0.00037722214345259353,-0.0014086562472237496,-0.020375950490384986,0.01928705290556576,-0.0773904335236778,-0.020007203666046802,0.028744817893745056,0.036619143086357164,-0.011816306191677617,-0.018234674886548174,0.2619054382206081
2024-06-14,-0.016329212304242557,-0.013590621309963802,0.0031515430356410246,-0.01954829758617105,-0.017535439295239263,-0.0045100936132396185,-0.021663989035776154,-0.01689370614980168,-0.008518185593930694,-0.016891941807463007,-0.0319216512510867,-0.014353523783428912,-0.01633672354394644,-0.01940569486916932,-0.016444126827444117,-0.0066779650497359455,-0.009008105316185566,0.025226255274825915,-0.009876477725078714,0.0017635409186702589,0.03054071822994442,-0.001981976949334663,-0.0019121134765361925,-0.01548710305177936,0.21919535916322097
2024-06-17,0.004105020265317227,0.009820624842074466,-0.004998539480204567,-0.0153193808772627,0.043586221416109794,-0.018716873365227427,0.008526915079777986,0.01635650074420103,0.0022277461247126595,-0.005053961243108529,-0.008858831486612928,-0.011104656913305422,0.007274515343070442,-0.008170526040668813,-0.022246241326265515,-0.0007659475409443894,-0.037836380739818876,0.07892315038677022,-0.03733756767528296,-0.0103587436952427,0.04261860079446844,-0.018098721085699987,0.014378809864205477,-0.019805872696432747,0.13905323472901676
2024-06-18,0.008269497140881432,0.004849513664961336,0.006205575037509181,0.003591851489933351,0.04182927905682865,0.0071867713687114865,0.030379902066058895,0.014677884154853604,0.011235097314136855,-0.000982539598331944,0.005081618414931155,-0.018532704470042405,0.008186633153146605,0.031182825794377367,0.0020500795991202914,-0.007490651101779933,-0.06866664363762875,-0.003280554965789939,-0.041690423107406116,-0.007920907308447522,0.024877773104202472,0.04386282588056689,0.0014796543553663444,-0.00816394157570044,0.1468160187486225
2024-06-20,-0.01160467217707195,-0.0040933905502212875,-0.007645745577873564,-0.02467305550833898,-0.03414726818339875,-0.011625462964608535,-0.006975292501930186,-0.013122860970890993,-0.006745461881729531,-0.003577724826694828,0.0016555651070655486,0.0037327801064681587,0.007965157911436815,0.030288780740229893,-0.002865529806330258,-0.009221934877745808,0.03633098299934212,-0.04782373918581062,-0.05883539728471365,0.01967570380895145,0.042658021024982284,0.022603001292851976,-0.029912188868443823,-0.023668097407524957,0.031434255499595665
2024-06-21,-0.001770239787358907,0.0014391109689686488,-0.0009619871967501137,-0.010549362373819315,0.034936011207914675,0.008474034815640907,0.024298476237289535,-0.0026542891659993018,-0.020346464403349862,0.00762658505021685,-0.008970681998029861,0.02430340582111068,0.054842231499799166,0.05681778658472947,0.01051748747887804,0.00421575671704888,0.05745444832180646,-0.04404165256573056,-0.020126007934967105,0.016097949249027854,-0.01702646131488672,0.02815365545371007,-0.013928916480083875,-0.007516008927614171,-0.003330349236911112
2024-06-24,0.012506561823638851,0.00500269347649307,0.01270724262992906,0.0022971032145104875,0.0008703351722350039,0.02859158570628284,0.01648251002477963,0.03422841849819558,0.006824085531976554,0.008658041155860774,0.004674834716439591,0.011974504562688448,0.036203076369659026,0.05310026913608956,0.06296598670852438,0.037612687935937084,0.06609711292930909,0.014698421167784748,-0.0374031045511779,-0.022869811978897814,0.037004008877258965,0.05326350039854799,0.019651041363733857,-0.01549956700317523,0.009223980734577975
2024-06-25,-0.008684925117664721,-0.01614919088825062,0.024621043268135745,-0.005468326442679472,0.01327882181554818,0.02739769372490186,0.016320018744546916,-0.009551270414858815,-0.00980177473434829,-0.012297350868815005,-0.007707742909709769,-0.03678258341321061,0.00839723612576826,0.014448530650117863,0.008313471599030953,-0.013123777514818857,-0.019829052639666056,-0.008507886839293932,-0.053921163103997194,-0.012308345968937817,-0.00784017137916293,-0.013411622265407708,-0.017505488740724995,-0.013201734635867712,-0.02333538173664018
2024-06-26,-0.006200923314974238,-0.004528107353110045,0.0032309788057660604,-0.013600898029912378,-0.034888030922720636,0.0078061402722413575,0.03782795515158921,0.047205086589056755,0.0016297342997075859,-7.989348434822574e-05,-0.015479294889488848,-0.026405570878375806,-0.02007033196663044,0.05119806069594168,-0.01210713922026474,-0.027918640499284053,0.026582602162243285,0.06994869844418306,0.0302596368939414,-0.020829226349398655,0.025246515328972485,0.004574650052405538,-0.010185101349222458,-0.020038061000421603,-0.04814481341318555
2024-06-27,-0.012726026427999915,-0.028168407530183348,-0.0018580228339096783,-0.013255989306929172,-0.015130017487512415,-0.00823014682865486,-0.020409382619523297,-0.0329988267578144,-0.006659721249421047,0.01144946725661411,-0.029256610359348456,0.026354833283864565,0.019436872432743835,-0.0233736640580966,0.002083717579950628,-0.013513436251557875,-0.0005204358681284438,-0.06828015598495663,-0.01659553353562848,-0.003789655125768898,0.028163336305857545,-0.02754853664931911,0.0011230129700867675,-0.01672397186769603,-0.017059316262499458
2024-06-28,-0.0031063810307928597,-0.023308056028115143,0.0011860566108214954,-0.009791279275843778,-0.04987426706830511,-0.006935222915596451,-0.031472572014837996,-0.04594891043169047,-0.02022692275199467,-0.0023630167720264383,-0.015219749194936072,-0.005791489093921132,0.009925175531449337,0.007316979805265467,0.01673968114447577,-0.013174462069595494,0.011797310262969374,0.002563925263753486,0.0010037609626076804,-0.005890354645623819,0.0060773021682321016,-0.01045876848927696,0.000753377405019906,-0.027708459528697493,-0.029616889289161952
2024-07-02,0.021304746695026466,0.00702507250828277,-0.013387175305652255,0.011101085256216336,-0.0048899766298843295,0.02946110848331851,-0.001548658564100358,0.03176504110412104,0.003562010696842366,0.0005348176326029908,0.032677114194866075,0.009261813429660926,0.006668916808389547,0.018664793133180035,0.01603731675674136,-0.0024942096101671085,-0.053770240521593404,0.14296412773429812,-0.008535805398314666,-0.01896239369609065,-0.01205784332238724,-0.0070350766273362675,0.01089128483180346,-0.009008351200195164,0.17228654159943657
2024-07-03,0.02227529795038996,0.016208825785993586,0.006676869660422913,0.020423157351023846,0.02755500899054053,0.04112998799437517,0.07987236193695146,0.06289789284270086,0.023795264402203253,0.017443665515873175,0.032697636609943403,0.0061274503425645666,-0.0018659647188595807,0.03530741566959117,0.02089787526974418,0.0019040543473507476,0.05006819666600526,-0.06301525197838975,-0.005336682758884548,0.02009578247335253,0.02497922820753562,0.022730411603393286,-0.002436752190866698,-0.006224855913965044,0.30922926289151564
2024-07-05,-0.002170602088518825,0.017388159880356024,-0.013564817804113782,0.005173086953704997,-0.0036880093309078488,0.008039002784126392,0.017238068557388964,-0.03276025356109202,0.008776734411633624,0.0002993392654599969,0.008496524558379681,-0.003082085815084956,0.003365109987290671,-0.020975570609308547,-0.036756606273941506,-0.007872407554844196,0.058376194890360944,0.012163690084971979,-0.07447700534202406,-0.00943136705524028,-0.053701858604043196,-0.016631905396827573,-0.025997787144395712,-0.0006517869458955161,0.3208014322196999
2024-07-08,-0.0002989318084374304,0.0038850262554237514,-0.001181055998774605,-0.005901637659408987,0.0250569923907058,0.007904200874260914,-0.01848070701596871,-0.028052095718547276,-1.5624814813208765e-05,-0.00959784405161579,-0.014105982981881926,0.011075106290507009,0.005920528540376724,0.026153186362724012,-0.006464586071633249,0.01695408251670516,-0.027710746696349653,-0.1156827148788917,-0.05750516283358653,0.0006433731557842215,-0.013860358559029229,-0.03714080095841066,-0.022232666707681537,-0.026336316245642144,0.34279584478266467
2024-07-09,0.019317450784063883,0.024753666993819534,0.011116294817857808,0.07916828733609438,0.033884256683620384,-0.001056663042519057,0.011238388018102397,-0.00862524420249422,0.022103994132748328,0.001066306390457017,0.02846019141213363,-0.010515233270453783,0.009326498884627998,0.04156024501682021,0.008999921280919088,0.0032059773483716913,0.03348131438123492,0.1750352661082264,-0.011644172568635924,0.021116048895358563,0.03849938489666993,-0.01328483158769922,-0.007880106656689034,-0.02340899492190862,0.33041321780555455
2024-07-10,0.015347037130886365,0.005985403270550194,-0.006242021195696834,0.0061647643425790655,0.015234642910661345,0.050185562206333856,0.06488552074682996,0.02384440057048387,-0.022727044697263055,-0.009552135764253955,0.015900778610019817,0.022208001680251055,0.027709750772082486,0.02219811778295444,-0.018296591994878764,-0.0005490668209131577,0.015418655128005776,0.009903799291600457,0.013092777428660218,0.009946625833995304,0.055071103562801094,0.005444588505467918,4.083203287996717e-05,-0.03654468836409963,0.33645034884939307
2024-07-11,0.016076906091654353,0.04692506187942391,0.005873253653259969,0.011205316344308214,0.024767689937437165,0.014315878860746478,0.02686612625863316,-0.016028492294722918,-0.01937254995249782,0.019707670682608036,0.037013554951453864,0.013733573288304601,0.039885660493698794,0.03897687332274247,-0.03925272867010088,0.0012070794925924666,0.041440027934013246,0.08076270755567738,0.037371898670913506,-0.012943229491693797,0.018519728319242867,0.007813005492871783,0.03831990167800914,0.0009083294139968778,0.25559408881191725
2024-07-12,-0.008507373456398293,-0.01883932468288252,0.007162288446579623,-0.028285121736079777,-0.04422969500336582,-0.004537108175429738,0.001711822510522154,0.02902104734924027,-0.007884218314203384,-0.01035671870404753,-0.0124492324510862,-0.019427874607410467,0.00604701788194828,0.03927599564421369,0.0014730104573841274,-0.00015718653077101408,0.011880855209252639,0.0374777514823188,0.04719104460846224,0.005210437596552264,0.011842540948777458,0.013087267271814973,0.01620900299571848,0.018250203345906657,0.21412066501165583
2024-07-15,-0.0067655080995248085,-0.02499585425580464,0.010160135300309125,-0.03239129481315217,-0.013350033176057763,0.006454400349534595,-0.0033170925059995415,-0.025659471295223946,-0.03935819491504344,-0.00880054148632603,-0.030977109597778774,-0.011809167931438491,0.022796981058528454,-0.019241955399498578,-0.02161054973360854,-0.014868654889919508,-0.05170997490349427,-0.015535499111462014,0.028587350036061387,-0.007748965889411319,-0.062375929291077936,-0.0230929353718331,-0.005227811209888356,-0.025058763239004467,0.20880390603504817
2024-07-16,0.013087421310071123,0.016017639331361355,0.008065978888448067,0.0034843023121375882,-0.010306351408169934,0.03926246835769365,0.041307828887742204,0.0480496127165182,-0.006280552202123202,0.0005175950720825995,0.02190394971665488,0.017541988014947885,0.02582884254660711,0.015986321439024342,-0.002556894766334583,0.02471892240257456,0.01892873878083301,0.011608347944753072,0.003744261418962891,-0.018072886495250406,-0.08600855596778523,-0.0042065363600681804,0.009253433392527377,-0.006152312160721429,0.20945300229148378
2024-07-17,-0.014601146895231731,-0.012907502980547547,-0.005991415837532488,-0.03002947663364275,-0.03232241299211236,-0.013256307467828576,-0.0297074190050991,-0.05320239831601081,-0.02259237370065237,0.0017554880604928602,-0.01912483755926453,-0.007291180886213944,0.024593738381399888,-0.009819075040560232,-0.025519583185464878,0.003036097870344312,-0.011712678975794422,0.00371174828584242,0.010013922582132961,-0.011691356089877925,-0.02984104735941029,-0.01739646068672074,-0.026782559340392753,-0.007595417367311841,0.1278731910089499
2024-07-18,-0.014635853120849696,-0.03408618977885891,-0.0074338957336812506,-0.008343925381298689,-0.020076805460078617,-0.00812464841439231,-0.006311716283511126,-0.028974828909991812,-0.014817027622123113,-0.020323083674727127,-0.015595673477783234,-0.02876217153581684,-0.028040035406959207,-0.04056158444672153,-0.0002409623875204714,-0.006284501179498303,-0.0597905313558863,0.020362390558624766,0.009914361257458815,-0.03399100787100906,-0.0707135532742541,-0.03474309707295331,-0.00636192181050288,-0.01924330397773588,0.05292474569381134
2024-07-19,-0.004304462794051833,-0.0015062980560867079,0.006267232018868141,0.000836222436973344,-0.030838268984131,-0.007194860133692416,0.018433563562272548,-0.01602828979370252,0.02923181175903755,-3.4086574939307113e-06,-0.03087593141415812,0.007729359222278243,-0.00044856993722885985,-0.05303753272019884,0.0429765764468415,0.008153587384940764,-0.05227834680581356,0.09293324082185839,-0.02065080387552054,-0.005472598942926177,0.00013865528621526124,0.009163218743819534,-0.012264668937961076,-0.0005310731020352621,-0.003890542880457204
2024-07-22,0.0008633021637778349,0.007126525300769515,0.009022033988801192,0.006956349449117827,0.0022998687611761603,0.018364239167279583,0.04435435599864235,0.03027629913426777,0.02097014532320607,0.005990826688633488,0.012807960391337803,0.0230156738841909,0.036699274407829385,-0.004693565507499886,-0.010759779204410624,0.014188576935163733,0.02499030909507982,0.016635629539275554,0.05229032184089166,0.0070960141313312075,0.030770316733124803,-0.004346293531954926,0.024125325900055117,0.010605290632299091,0.005569420541560843
2024-07-23,0.0021759240848195915,-0.003618488185480273,0.024252198027283622,-0.0007202249366276003,-0.011683730842772189,-0.00719686731687319,-0.034222717564990734,-0.031190618947496307,0.00038210393374016327,-0.01493161611506677,-0.005605563353460408,0.019937364832077975,0.011844333569468679,0.0025063746773592577,0.006418744708511115,-0.03978572381551859,0.012894638243853507,-0.020626831434090498,0.021376647501668344,-0.005455480074129326,0.022703442443903876,-0.013917418377740298,0.005214897570452903,-0.006420016349766966,0.042487237484776896
2024-07-24,-0.0029923853076766482,-0.0003659995712445019,-0.009030761958506495,-0.012915400358346818,-0.015018078770773102,-0.012771327836516577,-0.025550577451424528,-0.026866314057611862,-0.014130932603725999,-0.007982672765326937,0.0011538798466899092,0.05456657807951948,0.007922334874702397,0.014673296295893534,0.007484465833666354,0.004142633429369491,-0.028155535265515508,-0.02047557675759959,0.008494572608867657,-0.027461879690696134,-0.09595050167203589,0.007615378245019011,0.006946733732620558,-0.004651013219600264,-0.039698492188166346
2024-07-25,0.004064672624308097,0.03527544255238957,0.009275521483382843,-0.001260847723392411,0.006054382762748389,0.024804969675896293,0.011566525914178394,-0.0076315980124065375,-0.024910270667433676,-0.0003094450024193618,-0.0021366742843831332,0.023721539062278918,0.0176248022953005,0.019322857874710664,-0.04488185425153579,-0.03501847070989572,0.01178547207326286,0.0034673359410533067,0.008636664117176451,-0.01949646887356049,-0.027970802481068868,0.017752350886836465,0.02904104199391666,-0.013077236783800239,-0.04249236950392732
2024-07-26,0.021625806286028393,0.013421054470705185,0.0032231992475744153,0.014369487474892528,0.01507481815657008,0.002147763339669817,0.031599676506098406,0.027746778870737288,-0.0046457557558182705,0.022160029658972347,-0.007590147500973865,0.003163066736480147,0.004327234845933781,-0.009304005618986366,0.042787626591751504,0.007774033655853829,0.04928769755479445,0.0509019671018176,0.014870992628573276,0.00012108498477747531,-0.005298680631732222,0.043527196792358724,-0.004965639689642698,-0.0024622657605247733,-0.002056150051300998
2024-07-29,0.0022252923383798695,0.0016215235732486288,0.01110072996200806,0.01743425395038689,0.012128350100274243,0.02095765814979833,-0.010350644531368136,-0.012351233074425871,-0.0012151832577234067,0.017574669607947513,-0.013417802496692555,0.010951379201817657,-0.010203053421771857,-0.005275286821812775,-0.020018839608740402,0.0016241631658768796,0.035073638740006574,-0.024162471294403076,-0.017656893973907017,-0.012434396359321087,-0.0016710179363091937,0.013188333969134103,-0.021322177079046156,-0.01241185161233882,-0.029223888392309494
2024-07-30,-0.000650566732874891,0.007238334521936007,0.0039466545193083125,-0.005900771741738309,-0.004870399447152396,-0.0035499998275617672,-0.0077794969388124136,0.025899687093490664,-0.010868131394614178,0.013583909879406386,-0.002885069364674586,-0.010363385674471481,-0.005026251948426097,-0.00969293709453023,0.010015450859824249,-0.002849418683195215,0.017628710559035587,-0.0219660699455686,-0.017203938810268937,-0.01324128915597167,-0.03266928174080108,0.025752756425475365,-0.0006864249873390627,-0.016885343739898473,-0.0701556447261188
2024-07-31,-0.003844283803361437,-0.008777651168097367,-0.015570867376779152,-0.013738413882951828,-0.030624579438494393,0.005348978883202626,-0.02674679082622966,-0.021497888768073237,-0.016372230999225357,-0.00231114669275434,-0.015294790132013847,0.01944330041468989,-0.002190609417970113,0.013766935038415973,-0.10358555416652182,-0.007717213104129095,-0.020326077512466956,-0.009475193999630593,-0.02342623472213745,-0.014857178971812601,-0.003803067946162808,0.015836775352507493,-0.004765557283553212,0.004143842303381495,0.014850546882022142
2024-08-01,-0.017351347075653445,-0.013531393294803906,-0.00732762615379956,-0.01691588862121307,-0.022276562448821036,-0.002413024018813492,-0.03852154251012507,-0.07656568616822901,-0.02006529153902925,-0.0009590129659122759,-0.02580347852319198,-0.019760921315414404,-0.03310041221025761,-0.07127055695879692,-0.04372569193843712,-0.04026033958960551,-0.030281232220183307,-0.060219762558388124,-0.04293198987770097,-0.042750578744683465,-0.0012882967034827386,-0.027619073907266145,-0.03229744277598068,-0.01948702614462594,-0.06757465216285319
2024-08-02,0.003997631982263439,-0.0009895027512727417,0.002200372702679365,-0.011644109393033952,0.014406174886167689,0.008283880608386474,0.0029770704827154493,-0.004795221892428647,-0.02520835423190293,-0.008791554509336108,-0.015648017752108556,0.011508184207145167,-0.01728882618120553,0.03605963198501794,-0.004499170379235862,-0.00669703848362968,-0.0018836876554628734,-0.00666947287986408,-0.029736836501598418,-0.02482363482688832,0.014634487436264942,-0.027915592374338827,0.009587443658729544,-0.016170542877105287,-0.159381508449972
2024-08-05,0.012174233762327846,0.004301228906906429,-0.001985567112199327,-0.008248871339109565,0.012998930265406772,0.017992591594285123,-0.002925288905159862,-0.015840099931877183,0.014243489605591408,0.01744570212465013,0.02465942200879545,0.0021091444263365844,-0.0008732586545472376,0.01551329456116135,0.07474754311474197,0.019913255189142776,0.07438780665592226,0.043238514987911536,-0.03738704712395702,0.007806634756444275,0.09187419136249342,0.059166546851008306,0.024716956886043695,-0.022099011753432762,-0.1751414560920581
2024-08-06,0.008416824829760694,0.014991398747233431,0.007323796264839588,0.010763519907140973,-0.013612746984447921,0.010250004203895768,-0.0180674043441017,-0.03357784400767838,0.040944004658855615,0.02867509647333022,0.05568179723075395,0.008825494705365644,-0.0399358698294483,0.013942892198732126,0.09842782156808028,-0.012797669659018296,-0.025887489318847656,0.048472265297691663,-0.08433426163605873,0.014951568364388157,0.09946966620491682,0.027461514113503505,0.007136259050591898,0.010079682844071458,-0.16485956193254903
2024-08-07,-0.008722995728722927,-0.01032704713566146,0.011466156407467176,-0.01654865292016794,-0.052098580753516144,0.005312368196867201,-0.037291100631508534,-0.04803491328526399,-0.03612910595493379,-0.0010274810857439087,-0.04577781781608792,0.024815729149022747,-0.16806569692793427,-0.016568704594040695,-0.04186655598572253,-0.01598825111150104,-0.03331720238796376,-0.014755729194398493,-0.051644790825207565,-0.00977472699480375,0.014060489328860948,0.0018815311392179623,-0.040973502180091326,-0.02230056837976724,-0.24414434546375618
2024-08-08,0.021867317334511638,0.023982589060273618,0.02760719064994377,0.04192983633185521,-0.02077345413948528,0.03389446761488668,0.031663939871300784,0.024654203085623827,0.029700985711989647,0.002819702496434706,0.031940018505663526,0.004653714105274931,0.02139402040399263,0.002415942232823154,0.027554282356816673,0.0068912802742713275,0.06025772315741884,-0.0007225131792049089,-0.0779230173944635,0.011437886415749832,0.04097742719676223,0.035528921007141,0.07124201473570357,-0.005304354778125742,-0.18272635389517466
2024-08-09,0.0010103591677175228,0.006509865415710081,0.0053552466598632,-0.0035219492108572448,-0.047419600343039936,-0.011355430719318327,-0.03491441339360846,-0.016336762351728207,-0.007884423539701646,-0.003265050389562818,0.0033449051088503268,-0.003008242955722551,-0.01913437831638709,-0.00037435370084781816,-0.001646218299865776,-0.010781892966441275,0.09008114570682024,-0.005511893270142232,-0.09071869014469769,0.012560376124584938,0.05254672094905821,0.04758686904133658,0.007769790546730881,-0.005691121181304992,-0.23647871793853736
2024-08-12,0.005367417231058269,0.01550592792203731,-0.008030224478565384,0.005229339890142848,-0.0037839514529190987,-0.012033868011771975,-0.0263014334747671,-0.006034452728788664,-0.0086979352867258,-0.015048948700503217,0.0609450383035528,0.015089997945597844,0.02157785486268682,-0.009427937813148324,0.021320037074053166,-0.007886897380712132,0.04898827765763092,-0.0010620835665750006,-0.0966853512903848,3.756727925452452e-05,0.03978666608791159,0.028355034381291278,0.032224601670143516,-0.0027873226299132137,-0.2304210600100065
2024-08-13,0.004281439418533983,0.009885571968825113,0.0023135525152035985,0.016390358964219365,0.012104437754254516,0.0011793557563448687,0.042361511948737274,0.020508121421856318,-0.010206627124847878,0.016991442252066502,-0.0024843433654851976,-0.014075806127281654,0.012900218963623145,0.014514061370294762,-0.00727373502414741,-0.0036636727293879456,0.030769884217733745,0.006407237307914926,-0.05202925748335474,-0.007370449753713149,0.03210725482701471,0.041008969841641374,0.007359573477200065,-0.0016014360064241506,-0.2040123923364614
2024-08-14,-0.011864650975285773,0.0006315655201103443,0.021793554108956448,-0.007626072569198006,-0.04659330400526862,-0.016604687639048654,-0.018329898941580214,-0.035808141615879086,-0.009428550177327244,0.005384281160083493,-0.008596212867118869,0.004108732001652848,0.006092030633414014,0.0051814881282148395,0.009227589432202254,-0.008201492965438928,-0.015374090595381862,-0.03691881718654921,-0.05886537317951479,-0.017576551763646586,-0.021750703664722537,0.09290825975130668,-0.0016302324166728166,-0.017544109013424403,-0.14313580983133345
2024-08-15,0.013978856085805402,0.05874790825190246,0.010495984072042441,0.030509722422149776,0.00028309364053846764,0.010802231822659492,0.01128170725753086,0.003086664750298951,0.014646950652101642,0.029668668338975523,0.005040274617937213,-0.005124707261295436,0.019891022718665274,0.03011374637387787,0.01225442054586523,0.005861889149002764,0.09130060231598747,-0.022620573238874675,-0.04405571480424675,0.016030090447932466,0.03642986960357164,0.0023810699846034122,0.009904497089982645,-0.009029492651060234,-0.2179835623376256
2024-08-16,0.012088233031192663,0.05531981788620555,0.015969984303481732,0.0347406907278911,0.01897160344713167,0.04484570068276028,0.01711436562291646,0.011420485795890167,-0.002640771740851533,-0.026113267880078728,0.026664782442884283,-0.010622216309240096,0.03877574947680329,0.021647678550954064,0.026316392538352273,-0.0029694838148762726,0.018334441087811015,-0.014945258827298358,-0.04637915883493471,0.01545652493011862,0.0739126414061484,0.03704694981192014,0.000573146153774795,-0.01363883488284412,-0.19501035590601645
2024-08-19,0.003700691083906804,0.02420227020654253,0.025377745852011246,0.0240106764088015,0.03082262115055756,0.03745483118378057,0.016634734261765427,0.01349507608359013,0.007376862614780988,0.013845537353867732,0.02490665357214228,-0.014396959414853194,0.010866041226626155,0.022339252356889272,-0.005298065221657877,0.02449535439128203,0.0518123723685584,-0.04113535804939228,-0.027283882724914332,0.017286454807925455,0.015170504276867502,0.005809246808142099,0.012025423127220325,-0.012289060107812388,-0.14028017441628648
2024-08-20,-0.018633586085431864,-0.021524308734844566,-0.009559832480976027,-0.011439598764412584,-0.003159897548657975,-0.028893991197069147,-0.04299352086076258,-0.054025905310461364,-0.026855253254541633,-0.01403687750532645,-0.047748342657727316,-0.007161869789845454,0.0271050421204595,-0.0009663362688034915,-0.030035956338009262,-0.028224260739202034,0.03852392786730552,-0.037241920712277055,-0.038866005663144354,-0.0339108597784028,-0.039824810344919026,0.022937983615848534,-0.04425853966484117,-0.014316425771192187,-0.16525615721378462
2024-08-21,0.017130577623163834,0.02753841523202638,0.030169531342544298,0.027826512819469462,0.013853047199247293,0.01647176935005823,0.020137221923475,-0.0007936706665484516,0.012149468061918967,0.005123676232123842,0.012350666931590037,-0.0016009009863092727,0.040421730422340874,0.029968194481407417,0.011517416392373026,0.015088019018869359,0.048338449040500775,-0.022883316775543006,-0.007859886211509903,0.010905589946320626,-0.00022537300487635026,0.0023905394664232027,0.0050783565489764815,-0.007856313041135543,-0.19432627167210637
2024-08-22,-0.010291775047012397,-0.020773913128374843,-0.10357390600484573,-0.03335651492023439,-0.04992836774145659,0.005881968430773377,-0.024508298691041097,-0.017610272234806934,-0.022478047541552137,-0.02099153503500406,-0.01706467895006658,-0.029244648711938104,-0.0075411293449687555,0.02178579050900753,0.004644422503833789,-0.012147504400082165,-0.028099121704747043,-0.04429887350158013,-0.008885167239755298,-0.015795621339282806,-0.021774989469190542,0.025454512883040348,0.0018617803686049594,-0.016505631672413257,-0.23603677398479794
2024-08-23,0.0071456683644768315,-0.012331708899447347,-0.0023985124496845867,0.016097586248242646,0.08762084433434758,-0.002122493974573647,0.006548278265379626,0.014703144346499775,-0.007037983035516504,-0.027003671772512616,-0.00031124690081019146,-0.0021948764775679974,0.013696576553139383,-0.008645859160019476,-0.00822935123912738,-0.006451107023634828,0.0104511839299124,-0.01786167327919508,0.010012027373616839,-0.006940459146704381,-0.01987034286538636,-0.0062356599426941495,0.0010196520754184313,-0.0013152628423157564,-0.21348069148090876
2024-08-26,-0.04340558135604167,-0.04753782347134061,0.004947261683560189,0.005758057052436261,-0.02980982243236463,-0.016252427327533514,0.007826519566901613,-0.01960971732205996,-0.017497801986467332,-0.007801607777146891,-0.014185132442965265,-0.011708107667206646,0.043424793786495774,0.013515105700776742,-0.02826002660309379,0.0004308407507833678,0.06485428057588583,0.024315448189479172,0.10227731507951021,-0.009878806188916123,-0.007283834933579647,0.040527331486907237,-0.003024983552769367,-0.01924707820205085,-0.2409267658196259
2024-08-27,-0.007114803674594383,0.011207410182893396,-0.010233015677048707,-0.02286554797272744,-0.0068688241771079905,-0.014603337947110773,0.029280571998132165,-0.03445197266503619,-0.021782429677699278,-0.024963175643853974,-0.029560870943345363,-0.004497265480117862,0.019703306954511834,0.011377360029002803,0.008191009285953621,0.01087545263608325,-0.0074425062510800055,-0.023258058071008447,-0.07208736557185624,-0.034711424493320875,-0.019951405440673753,0.004174748239068826,-0.0016705653462613101,-0.01430235134306268,-0.2808004731273508
2024-08-28,-0.018363888384078764,-0.02232516759140879,-0.022555488131410617,-0.01929758517855551,-0.03641423874307281,-0.1432941098148922,-0.08243776102179479,-0.08649812696284165,-0.011286712440410684,-0.013774046329497747,-0.02277793474419909,-0.010620305214341763,-0.001625054075598542,0.0009855966747041034,-0.03254608266715153,0.006199922570919281,-0.0329426951111893,-0.04293366103563612,-0.05652654564425774,-0.01612775985078141,-0.22966902737913752,0.00013059713098040326,-0.01543004670919812,-0.016603815012895762,-0.3219568831724333
2024-08-29,-0.000699577051294864,-0.00634521887950712,-0.010030557804966533,0.0033728004604518524,-0.007206788011424492,0.049777163720827744,0.043982296236249274,0.012589117580130038,-0.006825773265146662,-0.007351002986799582,0.0006560549641905222,2.6048496646335906e-06,0.0416009954430383,0.023241657689138773,-0.0021521844368801446,0.01058656239879574,0.05824836200845751,-0.030432290029234088,-0.09302087807532256,0.013505805112775215,-0.039037532959046106,0.011620048849481535,0.046402728003238636,-0.006965141583004653,-0.2990861297889047
2024-08-30,-0.0027772769100194994,-0.018119254290004383,-0.017729882594605173,-0.005771010640273189,-0.02165050331017171,-0.03787637513541209,-0.014682488372329106,-0.06252034482237723,-0.007174571041300926,-0.0171072234102857,-0.01982328437457037,-0.01606776101736307,0.020140415005037493,0.0008622545733858455,0.01989566518399477,-0.02357073470356663,-0.0477434878984786,-0.018909553878007745,-0.048414712780175506,-0.026577432973835302,0.003604086276335572,-0.015544221223957266,-0.03521778243494089,-0.019421861236241122,-0.29828256109802054
2024-09-03,0.0009477970810110037,-0.007802274992794178,-0.013597976892526065,0.0004542349346761121,0.00445292699216826,-0.00516429394536555,0.013285942672618178,0.01585356289537443,5.9831149674671735e-06,-0.018202657792490418,-0.007734736399415354,-0.016520678169400282,-0.007501546467323594,-0.0024995707123000033,-0.03190401332489634,-0.013765921423578797,-0.030302268882849703,-0.002484638130955674,-0.10414381290632313,0.005074234788447152,0.023900971037679408,-0.03244852960244338,-0.016892742468894828,-0.01827657954995099,-0.25103330999153683
2024-09-04,0.0036295340276712995,-0.011208049525982311,0.008833678387203836,-0.004302692064539704,7.207171263301504e-05,-0.011653716509329781,0.005193701390403538,-0.01884900374689147,-0.011227391164972844,-0.010215846003325035,-0.01338666902060659,0.008603625183644326,0.027296037493336645,0.06743253049984355,0.008154765799683661,-0.02935582362124456,-0.0049386798368072915,-0.015366171341133716,-0.08613675704394641,-0.028652922076001675,0.01746059393315802,-0.021405150001118867,0.00083855838210245,-0.015605934425880208,-0.300069477093562
2024-09-05,0.006578218737075314,-0.01413923598993061,-0.0048608286468088124,0.011852514157860039,-0.012201927295425685,0.005656027417811238,0.03668719081482963,0.10877261887452971,-0.004253718057281475,0.0010919612560775782,0.0019169130508089882,-0.0018711126743292672,-0.0235488411960052,0.04297937426802689,0.0008567671577446312,-0.00870063438058899,0.0694462133780882,-0.024443792944030096,-0.11964444364505289,-0.03960799352638189,0.046198173997871184,-0.042633324338678724,0.008017906060558744,-0.013662328314044125,-0.3545541047461537
2024-09-09,0.013500265646699372,-0.0028525110163035716,-0.0022929792008956618,0.0062265184389762585,-0.0009470682801394625,0.02294169093391929,0.02494944969738011,0.1263378785090199,-0.000515142929766732,-0.022419026010891296,-0.003029013228364019,0.00274611838797445,0.014315373481149196,0.008276958258220946,0.02027408175119727,0.01814486249149394,0.02594497190768208,-0.01555357241954225,-0.12975995154199127,-0.00023517715877352519,0.00039469734894104214,-0.02488898584106991,-0.003922368864098247,0.002098917324905303,-0.33432621598880075
2024-09-10,0.0008375509689855232,-0.010971343923415033,-0.005328019551374408,-0.0017121131695676528,0.006992263382112673,-0.0005793779490924633,0.03206321296895531,0.00885059780249109,-0.009229837030239385,-0.0029982420680113586,-0.014743178232750509,0.020368136775339885,0.008082485071199352,-0.007917266278005375,-0.007937580955235779,0.0018158102653309527,0.03163144732157552,-0.02876359662429606,-0.13232495338012962,-0.020683515133707586,-0.010098085564416603,-0.02553568792482519,-0.0021153418266244284,-0.010076010649424982,-0.2560960053370316
2024-09-11,0.014856591393709317,0.016161089916118865,0.019242697931559416,0.017052451945599012,0.024119664405886976,0.011724225008600042,0.04343205486886137,0.010748139392037448,-0.004720242570918853,-0.006674064666424617,0.006674243142672953,0.01234630470526965,0.0671675352499197,0.05181379334531533,-0.013166849315166429,0.0026277297196442007,0.09788162303415038,-0.011813182171985903,-0.14939633451378675,-0.009431228513880119,-0.00461274004997092,-0.005551604814314159,-0.003181492205002856,0.00823793267153139,-0.22489123673248312
2024-09-12,0.0015161512453836234,-0.004771841913960295,-0.006091093120882851,0.004192230307672018,-0.012657081429288564,-0.011302947832468768,-0.028691625147395317,-0.03693905935338271,-0.0025456169088849956,0.010091987004025249,-0.010316001791133123,-0.0048655241530547455,-0.02246542779655125,0.0075518061513157875,-0.009541449564688609,0.017006169291764905,0.011252721724536174,-0.017386858954397844,-0.11726295558698918,-0.019705983049660647,0.02058124889543489,-0.016028457041490918,-0.021735953325782487,-0.00525832863884923,-0.26750657864785854
2024-09-13,-0.0018196060946330528,-0.018513366584554714,-0.008560651520228002,-0.005666104881180911,-0.04133081243731651,0.006640945770920448,0.02472330229650277,0.044728240569253064,-0.0016743443973786798,0.021410152405993976,-0.011273367899652387,-0.010527614366671045,-0.0010631817991038073,0.012028415472339127,0.014327508930384703,-0.0015496363606299912,0.05553571314301542,0.017521573732708795,-0.08637159528990856,-0.019275445372158972,0.016920004856449067,-0.008676788266949287,-0.001486046259317808,-0.0006994484765864284,-0.2853547946886763
2024-09-16,-0.006205001512853414,-0.00825602294462946,-0.003750729285869836,-0.00775924128246952,-0.004355134990348342,0.00037512818692841954,-0.009117538709180195,-0.020691129111799822,-0.018618065563279607,-0.01148367467322775,-0.01860772248492759,-0.01797667190309693,-0.006977935033026572,0.0018367108265351373,-0.020340759259113383,-0.002912176703215419,0.057061293459219176,-0.014020630173203319,-0.12020301290166446,-0.03168047183888234,0.02387940486104445,-0.015546333056165484,-0.01050651770751354,-0.015998093454372087,-0.39885154459027683
2024-09-17,-0.004212707643392877,0.005602667761566593,-0.001392758144405537,0.0014817684332548708,0.015279097845313894,0.05625661481866184,-0.006756077236389824,-0.008086046482939646,-0.012198865886148269,-0.0016472253605548381,0.012181618124299298,-0.010125293199437224,-0.008296064630695987,-0.0030547226657741122,0.028617183282714675,0.0062427063581875775,0.05958785449569293,-0.00018236548302374977,-0.08090816686443869,0.024245647381810453,0.03897329421082607,-0.007211987192395575,0.014396809871445315,-0.01729604768474946,-0.2956457467639627
2024-09-19,0.005928442558690961,0.0017483737614685246,0.011081489310825532,-0.00614340187454232,0.006420543644976018,-0.0031749599114084814,0.02784902895232233,0.025237093879237227,-0.01140874960314986,-0.01662815842824228,0.021606667190028572,-0.0011932515380723707,0.005931072559043349,0.01180733371066256,-0.004865821943905058,0.011532344615096557,0.005027085597933745,0.015220323084679244,-0.005631371356162318,0.025616477179823516,0.034118104930045634,0.022727520421613745,0.01658443640327434,-0.007484103039830603,-0.22294950866009466
2024-09-20,-0.013579415482734558,-0.011913916561898219,-0.00895746855287094,-0.016750440669013766,-0.011773185096775163,-0.01766247992550385,-0.016795937984249387,-0.02135538793868874,-0.006150114205572543,-0.0024543408204756867,-0.021106771927934642,-0.01704668081786076,0.03461484152884564,0.001314702892279973,-0.016945247793916485,-0.016757526304364223,0.01941240282904788,-0.010500859367210458,-0.11121736360716805,-0.04119399517185973,-0.024786177916600205,-0.00013996580685515791,-0.007105328926786392,-0.003980382139161964,-0.24773683774613953
2024-09-23,0.011357598308792793,0.02500970719810125,0.01306870346390454,0.015624114637125652,0.009203667392731818,0.022210367485667293,0.0010888164563076508,0.037486602543835845,-0.005059054182753986,0.017238569310638052,0.012686546039210933,-0.011915752559261361,-0.03104772567247871,0.03700308447675238,-0.03909569387041778,0.00043286423592414636,0.0101409551135212,0.02044821773444272,-0.06643527131979998,-0.18775723188410165,0.010990396629439791,0.010869334615326798,0.010259796213398786,-0.00733702165960104,-0.2724435233916438
2024-09-24,0.028220043186830468,0.05923902222266286,0.03242349070347772,0.03801747911818021,0.10146158997947086,0.03318449240263033,0.05196403384190518,0.04170740360522385,0.032363035673652174,0.012816780478335454,0.05774256648882714,0.0061688548944673904,0.05103133254875014,0.007743728377759718,0.09313716382773807,0.02065086418021811,-0.01070069817113617,0.06757239878936283,0.00837178773982128,0.04130838224356603,0.16185587268448276,0.043496917347819464,0.03490246140093034,0.013852003804677437,-0.28165721964219037
2024-09-25,0.017142964950007222,0.027258087604375536,0.016115479083787188,0.031054978269730693,0.04166305144187121,0.011432377473646227,0.04066529427323884,0.009675123628471338,-0.003678823288278177,0.004784307774477803,-0.0027877176447362872,-0.006786846610887465,0.009546291734845225,0.04988928903840706,-0.013947430452158627,0.02783044585823302,0.048881349895340875,0.00915542010055348,0.04611195589449846,0.006983002737979582,-0.010188501208300949,-0.017426685886818283,-0.01651287331464446,-0.01720854620796075,-0.24935505668605895
2024-09-26,0.04617206877562574,0.06787565702613363,0.009339236740502965,0.04251034946674648,0.07892953565263272,-0.0013223502890251648,0.049262417125083946,-0.02586978475393431,0.048283840169512704,0.039912110526929556,0.029981246823786112,-0.008613439425616765,0.08356151213826624,0.04240150904726958,0.04830902902724876,0.021951955927153488,0.09576656416687945,0.12021743191219358,-0.007395374678499489,0.006219536468729414,0.05121577780449549,0.03260992431662091,0.08385301253853994,0.017188979237793944,-0.16531475343752589
2024-09-27,0.018244942649293883,0.021043643659691247,-0.0013794720568861552,0.016597137709538634,0.05818033610239448,0.005275276877962476,0.04712924551813802,0.051223967644338675,0.006395716668379459,-0.022728908351274058,0.061165195518054105,-0.023856948997454275,0.020126162768945965,0.05190470615123499,-0.012865230360261881,-0.005624528793635286,0.1796318975035609,0.18442810187396064,-0.01158849074989432,0.008024003681166514,0.0623986078159684,0.05460155100859421,-0.03232731668367006,-0.01907685018051819,-0.11881163362736491
2024-09-30,-0.06261305658703842,-0.06962539080670316,-0.03404725203131043,-0.031192370647410317,-0.062232815401677244,-0.07777689391302078,-0.105962670833329,-0.07851798701213042,-0.05913229874836279,-0.04955713191929678,-0.03859308888561053,-0.07225606337945023,-0.013422852738144808,-0.014901336447035951,-0.04915235865407719,-0.01713037918493887,0.003908478025120399,-0.031116150865118763,-0.08386342486872012,-0.08248092033836218,-0.04430487991308907,-0.042473235812214294,-0.050357898087376896,-0.057067310883948785,-0.19098741916605566
2024-10-02,-0.027273981493630695,-0.05950502124541035,0.010318443315883163,-0.029130309528540788,-0.024098107617281816,-0.0437315827384287,-0.05750717489529711,-0.05268282716740269,0.010847042217893454,0.00822320762167239,-0.008624030427553442,-0.027499255503279252,-0.0028420062409524327,0.03582295145430381,-0.045992841837908416,-0.008871861630120326,0.002057181725196644,0.09108500739316949,-0.013800604457934407,-0.046111661657453396,-0.04719207855145213,0.03747548272404044,0.0053474206134918045,-0.022317944699435044,-0.07077740002543798
2024-10-03,-0.004614023976600157,0.015889332000950107,-0.01917750282392483,-0.02583128359510689,-0.0438059525184854,-0.02305612145159197,-0.04506842636730035,-0.050047711629893854,-0.01142592438850909,-0.016382192995654243,-0.0032186269573253323,-0.008435699099916594,-0.014861099687039303,-0.004725310915893788,0.023455278182679562,-0.021164289956236426,-0.01401031905943484,-0.0005688812364175178,-0.05777246920004875,0.026361388551970455,0.02326099912192059,-0.016728459233277926,-0.003913940291409235,-0.008862251372460772,0.028820693246195406
2024-10-04,-0.023958582960812436,-0.0023525777876696186,-0.013493097624599937,-0.02967889448610872,-0.028622833216072174,-0.04289081013547691,-0.010203782582001608,-0.03626723100365692,-0.021390516911779622,-0.0044435714428278095,0.06556738884839586,-0.015614415575514573,0.01585817830805558,0.002316876800253942,-0.04662666564642326,-0.026984179125699614,0.08797814400147952,-0.04589989703853936,-0.014600049262980974,0.019886243137033466,0.015798552403051058,-0.0003882360753660885,-0.025415639367877607,-0.027417959426337846,0.11785171368479652
2024-10-07,-0.004438445034705918,-0.012286503570935081,-0.022547304986112793,0.0011742416547741996,-0.0521022625040255,-0.015133143003103311,-0.021318630566793506,-0.03149285838351712,-0.016949801536065956,-0.027621627922362668,-0.02312686001666986,-0.03401445369008349,-0.011353097111868604,-0.003785367598349243,-0.039019194070335717,-0.01520094757139201,-0.05504064740752712,-0.050695714878212006,-0.07516144928356838,-0.04461460670029971,0.025644865082118606,-0.028427574481747375,-0.02741511710925193,-0.025222010664797345,0.027888185996881365
2024-10-08,0.018881273184266023,0.03722565049904647,0.040215422921348054,0.028075950498720914,0.028337464252813582,0.03893684169832312,0.04553466335159295,0.041039744232092,-0.011471626304885407,0.05451323014049181,0.018926949201371945,0.008923171918678419,0.03714876746095297,0.05521748711783703,0.0406972454671124,0.033756431976398105,0.03716511460626237,-0.02059690829073424,-0.12631485397058873,0.06939176371624711,0.021480375407480823,0.06561164664297858,0.055927203484132715,0.02111078766134389,-0.035079704476577156
2024-10-09,0.01896548055864944,0.030532622730184533,0.0008241841886749146,0.019963776748144646,0.0351251443227667,0.04360398651075359,0.041328620373163316,0.05054488810914992,0.040908880979087625,0.01411032838223858,0.03284342408863705,-0.006412252627635673,0.013590535353373179,0.05126347522610897,0.0025942394565827698,0.002238074356572417,0.059921746383378105,0.02633310206547046,-0.1253462009731866,0.012948379350621764,-0.014499453400777407,0.055137937846959195,0.026971772900402424,0.018701341983282882,-0.035625679959200074
2024-10-10,0.003532269637217089,0.005181857378451227,-0.0011841132345457028,0.0011070516472617697,-0.008063993975385486,-0.02406648038753545,-0.027656917158494054,-0.00727780916166576,-0.018699622691410234,-0.003134505242437191,0.017721678290964382,-0.01768380414781079,0.032948412013094286,0.004886221822830716,-0.01200447482060174,-0.02405622354296799,-0.009292698626603535,0.016416974333983925,-0.14038134907188593,0.037093340162924315,0.027050345023724942,-0.004039687391241165,0.0023720997960328116,-0.012743436081012693,-0.037409690554084496
2024-10-14,-0.004366424446000883,0.016795145845597492,-0.0034417460731376304,-0.020962456608504376,-0.01171170204759453,-0.02314902430936805,-0.05268190415860263,-0.04252616508746876,-0.01173754413736916,-0.013085593654365901,-0.017069998857680013,-0.018473155605174707,0.009084885645174179,0.007155334929236146,-0.0007312282754954325,-0.005260692505185571,-0.04014950591516375,0.06574837407670642,-0.08197454697610962,0.008737510871940524,-0.031477766818179376,0.0009795610363312335,-0.027664226704999573,-0.011543485404536424,0.10168924950784541
2024-10-15,-0.010326339104762439,-0.02821308717215243,0.0006722809548385111,-0.015309035983669061,-0.0034132061536519265,-0.009874349218256251,-0.02661226724805521,0.012210268166996219,-0.034325244074201344,-0.035882988527054405,-0.008455403150564589,-0.002843448683911398,0.020343793270178656,-0.0076771507473863965,-0.024760821277251654,-0.014950863268318404,0.0014355333286415473,-0.014164449422676473,-0.13372994048085518,-0.03822675098340633,-0.0511582504496656,0.011539895277569823,0.004894837126984131,-0.026559948902771136,0.019592766461168143
2024-10-16,0.002572159380032746,0.013213080992309889,-0.0033352532660178014,0.008776295896207875,-0.00038124884457602093,-0.006324317178748373,-0.00308720798447637,-0.022817814600136432,0.009168927237201308,-0.007172420745390817,-0.02218350452749751,-0.00936025024508691,0.04462144061100237,-0.00479055719981758,0.0009755399446091939,0.006013232324438622,0.03258700732264863,0.01841678733341845,-0.10501435819737348,-0.008250711114394682,-0.02058177705632669,0.03634437166957838,0.018444829261063278,0.012369163787806725,0.08533720903162112
2024-10-17,-0.013209460945359908,-0.024296188980969968,-0.003955622288651983,-0.014677883397305691,-0.01809518275106936,-0.019922130163586682,-0.05120418368698165,-0.04605670449520882,-0.005983073832953378,1.5672921634735104e-05,-0.032543431569608594,-0.033118454253248664,0.02159404234209905,-0.03695427707868115,-0.023794467836383948,-0.0011699427524904937,0.05093746321527859,-0.023826546405439797,-0.13286061178060082,-0.03283806879292095,-0.042199501948580354,-0.004447403302008768,-0.019909513376906163,-0.02011341236669395,0.10099675125881635
2024-10-18,-0.009639476659224377,-0.02144671748828242,-0.018836024216538627,-0.01694790349287456,-0.04313963347982541,-0.004648044626194059,-0.03951635077016924,-0.04634097235496515,-0.01868715120325859,-0.029296562161371775,-0.03991810362096648,-0.006545357595907131,-0.019741869316621585,-0.023742620248840995,-0.026415884637419507,-0.016281944940970905,-0.006359603597918206,-0.003060974174312725,-0.10997910694399948,0.020362432187550406,-0.017764494803008235,0.01172009851027389,-0.012325917531346153,-0.016833628406464407,0.16976197742740262
2024-10-21,0.002127606392275494,-0.004805585120956302,0.00656322157680056,-0.022140226747404235,0.007103714304968367,0.02010753567884871,0.020276041067660122,-0.0003131593730735238,0.005306582079753319,-0.001826322440065642,-0.00979967051986752,-0.002705072433095812,0.011899149695108191,0.0065451966159593145,-0.005915525882020378,-0.0027180310622240134,0.04906640754720204,-0.023925503571185835,0.023042114547673576,-0.006515318200788434,-0.012597628555430784,0.015459142953592853,-0.014745052800006153,-0.015177858031491298,0.1726251261404037
2024-10-22,0.0037865279171311883,0.015766855931947266,0.007163360559201415,0.011636935864965059,-0.0007332360004437266,0.004038813745819825,0.01324266133571328,0.0013904905718251648,0.0024330464235005067,-0.009670554640236917,-0.0009876649682517558,0.008651776812061085,0.03961970486109245,0.018127643248074143,0.013298010829339013,0.00857750291379955,0.057105400746654045,0.025509709877392206,0.04297145776792388,0.017406209595088207,-0.003577262776662926,0.01799872449018869,0.014077884929062146,-0.004966337521980835,0.2308358796648382
2024-10-23,-0.02149823568296727,-0.022377362041353432,-0.010879791150909424,-0.014796515226781715,-0.041299995432655834,-0.020527277118820964,-0.01770519251061331,-0.02094178273656011,-0.004341523112483592,0.0009315587902851696,-0.043191512506794205,-0.012468820921258117,-0.015647380399117505,-0.03494774183768623,-0.04529728273623468,-0.006920441242657005,-0.002496249815669427,-0.04985743174003299,0.013194587862361828,-0.023602795439944813,-0.011067264118654996,-0.02271337200815504,0.018596104254507084,-0.016685408224374365,0.15271282851067625
2024-10-24,-0.006028427840190864,-0.00917468552295575,-0.002558237432677246,0.0017376783853146893,-0.01287579087961599,0.006056494223726228,-0.045239152083746736,-0.024171216753976488,0.0024303162230496778,0.00013782890832159111,-0.023830719034359404,-0.008629619514048725,0.15600317114343953,-0.01420147272129979,0.015500424889937747,-0.007870153311097305,-0.08710955683348831,-0.04240783991417296,0.006432236860992591,-0.0025770971074835503,-0.03051985450191852,-0.010037643364280924,-0.01665289322588559,-0.017469744406597987,0.2320877406373021
2024-10-25,-0.007644199795607154,-0.007588316830443698,0.00014939463440066802,0.0018418536073956382,0.009143428484214455,0.00585847733624556,0.03447231427989994,0.03865428223386469,-0.005824570808784624,-0.010472586959119679,-0.012619717511107131,-0.008593001091573127,-0.01941488866541674,0.0071781002025332885,-0.006237406228718045,0.022100874945581106,-0.058162329156136505,-0.04084923847591304,-0.0036648907592488067,-0.00676585244975858,0.026598856716731456,0.025614057051434713,0.007359917257957704,-0.01664437423010512,0.16273385371059268
2024-10-28,0.004305536565078594,0.02267130048726851,0.016210974416120072,0.022158284308947396,0.03315387505744627,0.008740486085932142,0.05199729486962812,0.08659306359849173,0.0357259059744941,-0.006999285642338315,0.025052341024148106,0.004976199094863798,-0.0025263979683960436,0.04432411999502017,0.026184095935231078,0.011598770155364813,0.019163513345320737,-0.030427995774853445,0.027741734792012807,0.019842002421323057,0.04018720932153408,0.01881613542256555,0.006077894685154073,-0.014036401343968885,0.1811008883590539
2024-10-29,-0.005806272900344078,-0.01619701988224942,0.009121143219303463,0.0007871784819821759,-0.009082713642741047,-0.008629261230156948,-0.018998438290775854,-0.045556102930030984,0.002621466684026519,-0.005831328189932927,-0.02006476817229108,-0.014090165372783625,-0.03067135896993467,2.553677042849145e-05,-0.028707342189604468,-0.003989449495258146,0.010507941733897574,-0.03398046411598965,-0.007060092998323331,-0.012896984606464712,-0.008212703933021981,-0.010532739783501222,0.0007934684318777752,-0.017230668167852126,0.16214431514463
2024-10-30,0.0002706870922579707,-0.0023183532268378215,-0.0013889212192722544,0.004275336442582711,0.022949256667426088,0.035431135316341456,-0.0011100179126597443,-0.02405197218758759,0.02097685267251248,0.00106103143191838,-0.005125476122395445,-0.03498374732001519,-0.013741835082249132,-0.008090209901705059,0.017674886401991774,0.00774727285954091,0.0168395952376863,-0.03233428227783497,-0.027082715329451168,0.008642822662081384,0.0015340015459059941,-0.002975634726255616,-0.0034394884912738455,-0.01496753413895724,0.1983380814166087
2024-10-31,0.006655105763645697,0.015019307599946963,0.010773769958533297,-0.006477632097307118,0.0076295182402084105,-0.09515498663632016,-0.03353360365053348,-0.04840986496091215,-0.001051873772231371,-0.020031629494110748,-0.014289449540723642,-0.005443846480558068,-0.017367009337749817,-0.026853399537395073,0.006172961980935199,-0.0005831391171677858,0.047555245038793936,0.009066781784911937,-0.06988927356121122,-0.020223466283426417,-0.015046145214755002,0.00384651764434385,-0.009966240377659696,-0.014903102322740946,0.14666253003149388
2024-11-01,-0.0018875607118389315,-0.005782305207241989,-0.004754867012914166,-0.009909946513098289,-0.004992576888731892,0.0031458415491572023,0.010766920910370459,-0.014999339355515784,0.01925325060779759,0.019093277391364794,-0.016199648005947975,-0.01202162132510054,0.0076141604044948075,-0.00036060236455048855,0.004821132612242041,-0.012126684766194273,-0.02827751636505127,-0.026412452291837973,-0.08293692552673915,-0.0132120901129551,0.017532247272518786,-0.03479509047266638,0.03339080655698812,-0.009740085901285056,0.10118848706615657
2024-11-04,-0.004194346336473309,-0.007178352923382869,-0.01184880756498885,-0.003634387312316689,-0.0076787601720100795,-0.03336826649422708,-0.01615715869097123,-0.015526698105659098,0.0035911435977233896,0.04156948210462752,-0.03960271370418056,0.0005682728300060447,0.0008604095905562215,0.013912044072624585,-0.015752001725853226,0.0003047524334631735,0.002086285401778243,-0.03551133516678717,-0.07050234371313646,-0.005030970744556051,0.04247561197728289,0.008455438847754682,-0.01688650769404698,-0.019373146186640988,0.09563928095104424
2024-11-05,-0.02041472135457978,-0.019101031369437194,0.001148714819703578,-0.011412492850842892,0.0010098820210004966,0.009226049459654329,0.001693024071928395,-0.020528514223859262,-0.008745371228533028,-0.026095585801779397,0.005687717021890526,-0.021391541387457136,-0.021051377207470634,0.0034799789496786637,-0.01354475823509771,-0.0042448032002601055,-0.004009082549343179,-0.017201817312491596,-0.052702256725843166,-0.03502547415927049,0.0069027280531197555,0.02861377173211488,-0.0018780868137238116,-0.010409043336683355,0.0767254580539829
2024-11-06,-0.004595510157461735,-0.011444745898643305,0.001955854638207688,-0.0008802599629922359,-0.018719851520610065,0.0033008738648425684,-0.032505419492708576,-0.03460621093370897,-0.008275154405652296,0.02447056330354469,-0.017544310098463578,-0.025785354641281844,-0.006438765608815178,0.00812588894933075,0.02808696102245989,0.005895726900426501,-0.0277226279867121,0.005446420684296571,-0.08321531609230759,-0.0110571219211133,-0.008473986968632441,-0.046261686704217375,0.009733391580595496,-0.020961332123162757,0.021172093506180545
2024-11-07,0.017631512550249973,0.04363835684934814,-0.0022092830975265487,0.012377585805624314,0.050591223388394724,0.01811926616333226,0.10575149581230558,0.02969378464116712,0.013549980242283377,0.0008867237945058282,-0.016592097567482256,0.015686847554586603,0.0003318349713561375,0.02344194080893236,-0.0069361729836942,0.001471748032639164,-0.005155383489058529,-0.015736789057807732,-0.04622129485563098,0.03593422637153498,0.03119845895895179,0.004024498388095932,-0.0033501444590834373,0.013322399003394159,0.13162896554510417
2024-11-08,-0.026661568685085513,-0.04050924412401491,-0.0008342345895661074,-0.02851578350367867,-0.04229740210088473,-0.04328922940615576,-0.01829302623633755,-0.049173265129722976,-0.034449525442395434,-0.03866530283527925,-0.05253152456945698,-0.0030548200384604707,-0.030761584060935987,-0.012700872243707417,0.00880792433578903,-0.020255899257113907,-0.05962633191091715,-0.06819959535025466,-0.08469500257611084,-0.02458813222464029,-0.004215194977324144,0.018719340640156013,-0.028625023962677854,-0.01594742568959784,0.3106523358370046
2024-11-11,-0.014512195855029053,-8.483287802407702e-05,0.0023344186646949705,-0.016108258361343997,-0.005746974171946917,-0.010659745503162066,-0.001217018122470881,-0.034584310718615785,0.0008230220911562558,-0.019079057752899642,-0.03430666591097531,-0.020549794015525924,-0.02335445254171975,0.00013694968910038519,0.015043851124692642,-0.030415669848953386,-0.04254281060740228,-0.05973496188471916,-0.09094181027755721,-0.024303749880457137,-0.02680449492419057,0.030008263467673935,-0.0027037719933444837,-0.0025587585164678073,0.27030603549591525
2024-11-12,-0.014809417321800189,-0.02598902786640145,0.009387702118453634,-0.015238413684290908,-0.03522086571488281,-0.025966198376600524,-0.06511385309805107,-0.06279945027381473,-0.01227562565873086,-0.014846981887655764,-0.044477077121952924,-0.049055695552338685,-0.07897731458451507,-0.008221337551676866,0.003013440259544975,-0.03748967768465539,-0.02801255955356985,-0.03099099880707945,-0.12947566197093907,-0.02938342050875964,-0.04259232905111987,-0.05300646155787292,0.008621218847688628,-0.018608500194879696,0.12296185009124305
2024-11-13,-0.01215572937599052,-0.02114264216946049,-0.01605123479489834,-0.013593427164163896,-0.019891482522765513,-0.017837421981466317,-0.04383999611013223,-0.014903785035005557,-0.014147220171807584,-0.003391887231290802,-0.042053293821981086,-0.017292052042886863,-0.004456819612825624,-0.002182973673615418,-0.05397956669493653,-0.031218220502659877,-0.06479119340391104,-0.05706922437981121,-0.12921814393744102,0.013762441732631192,0.000362988402685005,-0.04779773674454191,0.010885190147504886,-0.018218239487032384,0.05684194857964697
2024-11-14,0.0017278089436845168,-0.03959663056510854,0.09678260705837594,0.009386723527616825,-0.10928943074671493,0.008011242219512216,-0.027934731087828846,-0.01793590595382899,-0.02197205209547548,0.0068581687197042385,-0.0006993450942509583,0.004284528129638199,-0.0652117419922239,0.03340875430790158,0.018672415247921625,0.0005006104599609706,0.025134270669585845,-0.05670884984447899,-0.09357376466864642,-0.03196173914961786,-0.027177263026462395,-0.013246641104779022,0.0005131267891953506,-0.014193928038490955,-0.016960035190210165
2024-11-15,-0.01181764065150992,0.0269596362902087,-0.007114031471965987,0.00023181971855334993,-0.02532526804145585,0.009673650140648249,-0.0006522680446804374,-0.00032691579770494084,-0.010861746591788846,-0.008740324001923039,0.006581856301455469,-0.005552713368960127,-0.020626849807008796,0.03552173413976156,0.024691154207566957,0.0009433384310011395,0.00046831259240187606,-0.035671626790657274,-0.05233839410328445,0.010414518414272989,-0.02984896403569426,0.04090884655864824,0.005966286926114117,-0.018749705259245353,-0.015523814475979614
2024-11-18,0.0076916508850521925,0.0010617320658399265,0.011366119939341335,0.01636607361486453,0.025113230085806793,0.014344220066044189,0.008968235006130643,0.011467406513868239,-0.0015496580071178157,0.00459511408780755,0.024139744656474837,0.0028271652184905793,-0.07555463519930816,0.030069223346933294,-0.003881128405919254,-0.010653192635316722,0.0220841711767088,-0.04554425287619934,-0.03368825954178922,0.005973700217642541,-0.004676300919465359,0.04432877962624415,0.006514554385747662,-0.005356628499001981,0.11495375367488525
2024-11-19,-0.005832182897566485,-0.0018146063943736968,-0.01274317565834937,0.004106772045461948,-0.018046355092635635,-0.006605167144147717,-0.06208204708685905,-0.04662168664969901,-0.034904996493125506,-0.0029862169344453404,0.06486557620876954,-0.005977252939420641,0.005131115202688941,-0.014400887316854627,0.008038635409960193,-0.011676067550189573,0.021712746814207318,0.02639826875379625,-0.1694095483780299,-0.014162234183776379,-0.018756604766276275,0.01824434622029636,-0.011902582467308465,-0.008562984823741404,0.186692001901809
2024-11-20,-0.0038970839762771936,-0.004302378392101014,0.01004171989149416,0.004765084811619413,-0.0009249375343095556,-0.01661784416342471,-0.02302836890442439,-0.005703559617244558,0.013833261160301147,-0.005465897394117403,0.0014126015500659506,-0.012677480511855355,-0.016114621339309743,0.045470076339130916,0.026672904885395754,-0.03671910364437658,0.008947574044464446,-0.023032454703059924,-0.17877708907183154,0.0011961170337422278,-0.02961336438327289,0.05523721254788905,0.0007112775530133675,0.002066245486864071,0.15517984359494896
2024-11-21,-0.013523190823131248,-0.0015860760301564802,0.008603946174399635,-0.05288270786813509,-0.007087512179635214,-0.009037730723636228,0.01006412557347347,0.010499936704478907,0.011401984549738176,-0.01212541555707991,-0.025631395351276454,-0.0035793645135644425,-0.02427753296642776,-0.008568815287713027,0.010476748537306069,-0.016205009749373445,-0.14951605654018707,-0.04447954751154537,-0.15788776863701037,-0.020495051192672142,-0.0671951980655876,0.023298861453550757,0.0056307667165733655,-0.01359538264005089,0.2202676210119996
2024-11-22,0.0021440265131742464,-0.01851813371659694,-0.013455889386584152,0.019556982515138266,-0.004347761125692351,0.013447034254777002,0.025366677005367766,0.0478095506129681,-0.009405200349792753,0.03543362228813596,-0.003265228492638439,0.0022314337781870197,0.04098891303183416,-0.011935168107782057,0.011147018472880577,-0.012163270684298011,-0.014677550522886773,0.0038189029311290756,-0.1892916772586689,0.011036727741359664,-0.04511026631986137,-0.016324782888247125,0.018735785192516508,-0.010187399586530588,0.3251963963565361
2024-11-25,0.01598976479281533,0.007490021088571774,-0.004967270337166152,0.033130784990863305,0.0037328567938730295,0.00318272911194617,0.0015539057473754614,-0.03202770941665367,0.0014901671548521733,0.026393540898090873,0.012470377655638076,-0.014416135746424974,0.02642713290076948,0.005540043112038262,-0.002023967111747016,-0.01530843044731156,0.05527308531438324,-0.02501277834613891,-0.1475586250697234,0.010256587228884895,0.024782788772758524,-0.020594939700046333,0.0008545758838900408,3.5543579884667054e-05,0.29161945967720726
2024-11-26,-0.005851778592989465,0.012332012035813689,0.014230969835250074,0.0016978636536579828,-0.009672391316201678,-0.015712401554875854,-0.0017947670857276776,-0.05382797940330397,-0.021962155254047655,-0.03400677685434894,-0.004739926601270206,0.011475234704336312,-0.023221397574061275,0.0006895513299127742,-0.013228758345673053,-0.01727286727005184,0.041664536773815763,-0.03559611013479391,-0.14597309418142235,-0.007240678273116696,-0.011588542837951632,0.08296874957353362,-0.04239857053688045,-0.014523047708462244,0.002379013520908302
2024-11-27,-0.008964750220590845,0.014861824059989814,-0.012213301329371928,0.0020167411934921553,-0.007034734562468503,0.024942001605103625,0.003159686339494927,-0.021858575212041154,-0.012850381699821889,0.002960604381676779,0.008552642212279915,0.012482774756960247,-0.0026089357749946585,-0.014215585608673198,-0.0038143844282579886,-0.006606903243410622,0.0407771410801967,0.04462974780226525,-0.07587394378823065,-0.022404039777756624,0.031679289878076666,0.053640813136378585,-0.04490471327345846,-0.003922442265522186,0.10683716021163181
2024-11-29,0.016218063620666356,0.011651476577068998,0.013257994399932693,0.017827746687969492,0.0014201999042688929,0.011611690416081455,0.00960579309936449,0.01960604427814938,-0.01040365308433433,0.02063821758517448,0.014562932991955657,-0.00055307641247615,0.00025323435103308256,0.028467035976809774,-0.021682055703194147,0.0026332014698093875,-0.038363424168499916,-0.009874362116174873,-0.036793395138525864,0.0061358642111710715,0.07223059206592786,-0.011223349439290708,0.019952752818829467,-0.004286615430148966,0.2027960881195081
2024-12-02,-0.004729745857578904,-0.010273069483707431,0.0015114604173898094,0.015164448664106489,0.002638232079618774,-0.000458323654475179,0.01175702541521817,-0.02731001377105713,-0.005398290281080964,0.00637251097924918,0.00927090904723471,-0.029491605697143597,0.009868385421820447,0.022228503565189017,0.010332919033284371,-0.007437897057483767,0.06443505908210678,-0.037379210829199705,-0.0174277979033145,-0.029648734911342123,0.05257273872117496,-0.048866918956632976,0.030660748338176447,-0.008534385049993376,0.12387048396842082
2024-12-03,-0.013161897527890765,-0.006576685790928516,-0.00022543206164760132,-0.006176142897300507,-0.04690608489320647,0.0030499858822419235,0.012775221567370432,0.017057930062742033,0.024911137827084318,-0.0018073212183677967,-0.0021299910590319993,8.733224251478156e-05,0.00940267925869831,-0.0012390474449387456,0.045816152402012866,-0.01252439542442585,-0.029634717480801376,-0.0018661314372636628,0.01713626658314693,0.08281358028309094,0.012011225958894478,-0.013061042888731222,-0.003078001021555643,-0.006158805368641107,0.1374094007636415
2024-12-04,-0.016353881358305622,-0.023572338188518005,-0.0026554810851853183,-0.01514580139423194,-0.0053325970163981,-0.006859058317755351,-0.005332621757888734,-0.03499189500955313,-0.016946141429465267,-0.002021936630048682,-0.025087616960662973,-0.031733138045478726,-0.04616137667170639,-0.018710954932135482,-0.0003759002890149077,-0.021355898630636694,-0.07882366720388012,-0.0031034196076611398,-0.0024605222102356272,-0.024651611994862765,-0.021669641000979456,0.015077005115244235,-0.0028691929638317015,-0.016762228158816117,0.21825892757008392
2024-12-05,-0.000840651787717861,-0.003423479429606635,-0.010008009814332586,-0.005030016852499819,0.0008385437069564627,0.01669728102032142,-0.02287168831941999,-0.02085615672852259,0.02184137856042412,0.024250014597909875,0.0064549701539105,-0.00533397755615117,-0.004747033746223539,0.003916114522700687,0.018070576572084995,-0.0034386100346229798,-0.020384467995324562,-0.0049842321676607515,0.01794689254041293,0.018328756423791503,0.010503996219349387,-0.0023251722659696217,-0.00015674175126567658,-0.013009573216275494,0.16399845759309528
2024-12-06,-0.004359657408721684,-0.013234972825263536,-0.001572253534202539,-0.01035484265688269,-0.01477943381061686,-0.015948520747440353,-0.028272964096800468,-0.009029554882201252,-0.008349782505789882,-0.009856951989411611,0.006125271196246951,-0.007412844480261693,-0.0016005772868401547,-0.009200398024686307,-0.02467607992839893,-0.020547290553256214,0.01059616712497724,-0.0019603792688107635,-0.00717643740820062,-0.007601043500198745,0.0029604924389803333,0.019914496057492626,-0.014331996255205093,-0.00372290516533913,0.04016920578587202
2024-12-09,0.03312610241905367,0.054768485308046344,0.041016043029042715,0.03879268473945863,0.13923460323448844,0.02009083629366004,0.047934122348118,0.05633701158227078,0.011169283340525915,0.016313477628558948,0.039598898505786684,0.008515176794363644,-0.00038472870621064637,0.006305176142712865,0.04593972304738858,0.006337117204026077,0.16958854775929622,0.11357639012677767,-0.02752751111984253,0.021457798068385214,0.09087589906698912,0.009815396840149315,0.06844254014593942,0.014552778419113732,0.08804166100414035
2024-12-10,0.008025414638467065,0.0032217530027687236,-0.007858838530970025,0.013354646483547006,-0.02240941146530928,-0.012356473986536054,-0.007463560610799003,-0.022842582687828572,-0.00842288535078406,-0.006557408180725588,0.033557894038112934,-0.03503902988316643,-0.01336536225540963,1.5610513695030193e-06,-0.005212975784466001,0.005702445011336987,0.05406974447270696,-0.019000038559495724,-0.06749662657307143,-0.006293772637081307,-0.035228435231659194,-0.005492913298716373,-0.028650302534649508,-0.013314563311685013,0.06157187792579388
2024-12-11,0.0030985791058790735,-0.0031973174213787425,0.00575081279853773,0.015743623001981177,0.012029822332594309,0.0007140559956715364,-0.01942454860886189,-0.026678090170098145,0.0080676796869521,0.007938550090096141,0.016985192573260477,-0.006664570259709346,-0.02474024053671453,-0.010314798577981121,0.0052978290502248004,-0.011295092085922276,0.014331013713141827,-0.03557529758288669,-0.09639058667461753,-0.001874127488861621,-0.008395502342384953,4.716648344094132e-05,0.0034007459131424334,-0.011235472114375256,0.04249423439460842
2024-12-12,-0.014572458291431944,0.0023536197412545867,-0.011811296484012801,0.0020197643780992536,-0.026353152854426853,-0.019985830031059026,-0.019738629537226715,-0.019612547844579886,-0.017144178371754193,-0.011241697019912178,0.00960750651162412,-0.00817047837079743,-0.00839468585295522,-0.003237121798256748,-0.023784879502444567,-0.0008395068588764598,0.013305439221113824,-0.03182355229893419,-0.07611729792701172,0.007461090362508971,0.015113157783144704,-0.027120944169847117,-0.031124275709266347,-0.024622221154819157,0.03214788590479989
2024-12-13,-0.004651166284789232,0.003924885711956483,0.009018711821493719,0.016313490253766716,-0.0011366117027995504,0.004114236140466465,0.00035288548953027465,0.0033105309497476476,-0.008640517576179563,-0.008404600921062988,0.022208535609470337,-0.010456816429958327,-0.0038034253337860813,-0.0035031898566073583,0.0021422870300604746,-0.01737060314163552,-0.0014979687140785902,0.008982527432379595,-0.08617329077134384,0.0001304274869238231,0.02961818663349436,0.005534747850917121,-0.0046063614777971384,-0.013148148488906108,0.035979090364772315
2024-12-16,-0.008381688067816917,-0.008916694337484765,-0.0037771304276035256,-0.015378771422824622,-0.01669587160529129,-0.008180355300871578,0.0035022721600057594,-0.026432975334642284,0.0038740285947749253,-0.0008713357106898689,-0.017802814135384648,0.0006000433162560714,-0.011854963138162367,-0.054939406816783665,0.009862998389503774,-0.005231426516168036,0.3281941552736376,-0.042811051456236426,-0.06177807658635481,0.012096957962261401,-0.034377912384730425,-0.006688578295405034,0.00894033321779264,-0.011921005919596772,0.034635874275797285
2024-12-17,0.015472529339995544,0.01879461601954513,0.006777545734216739,0.0160567551457369,0.023486726959349502,0.021363781849657038,0.03656264477305671,0.018613474826610243,0.03392969372948351,0.015308248321649565,0.03788567930203168,0.0073462424380004165,0.02779760640626816,0.017441571877992557,0.013553247079219677,0.016121975656312015,-0.11464956616191235,-0.03773112339503004,-0.05154513900503166,0.016111576893524937,-0.025771181337469917,0.03180864945311135,0.03229448470134666,-0.006237364481601504,-0.050877972905553626
2024-12-18,-0.017734282426650205,-0.016841256582842523,-0.024443140115501638,-0.022071245976635345,-0.02518962592874585,-0.016395857828272242,-0.03220217273421788,-0.06366252774689651,-0.02772674843316436,-0.011255711481641062,-0.038557448386392745,-0.021227196620067557,-0.04604062441456469,-0.027218188416554767,-0.008738907610445712,-0.01722687254989086,-0.04672061321120702,-0.07641818197716765,-0.015762023560682792,-0.010251732622096998,-0.008942137090034774,-0.048668765686168736,-0.020136860990523364,-0.0237401918812975,-0.07171221213893797
2024-12-19,-0.012622691822506638,-0.015249990999844698,-0.007634852948059767,-0.011454318401991737,0.019505758770405945,-0.0034769274996389044,0.018319931628669517,-0.013130210057149538,0.015274514685163165,0.0068128312268527225,-0.031009358289695643,-0.012757101888004052,0.0037997452254183717,-0.0027085316816800598,0.0013023016311020097,-0.006766434938966337,-0.03290988554351881,-0.03256428092545127,-0.05704586744702733,-0.005541963389111171,0.0075926321197514746,-0.004657614596650261,0.0069685401791865775,-0.010517941690616595,-0.10483134517000292
2024-12-20,-0.002316477645873616,0.007724915862878046,0.0014545841160271689,0.016879266171151652,0.014762005413055501,-0.018438630557635505,0.010419809774541822,-0.0006855416594667707,0.014160031690167774,-0.0003532648322419618,-0.014487269658209123,0.0075711091078898285,0.007836846167613709,0.04285748780423382,0.01832706393195971,0.005738264348814637,0.050090737930023055,-0.02875000238418579,-0.06760002698898304,0.0052760913312144275,-0.02732172901990193,0.00406249753526744,0.011914012164133903,0.003961218080218654,-0.08296403562156918
2024-12-23,0.021254281431706934,0.010291733800221747,-0.0042026770649858936,0.01652618287101748,0.012241993973396426,-0.0010594872963348712,0.016010793520619515,-0.0036634104545624213,0.012608212054803225,0.01400133042516627,0.02056125504266082,0.0013915993127009418,-0.012971009523832122,0.0021769007911156546,0.02059009240427856,-0.008372143033846036,-0.024819821299875477,-0.03927735211241312,-0.07245066998229954,0.010961279197404528,-0.016595571405675025,-0.0009440697690134003,0.018624702402721738,-0.0043880559085460735,-0.09833605745547302
2024-12-24,-0.004683477925131019,0.0017217818312484923,0.007070930829734312,0.00019141827878987883,-0.0013230631335700016,0.0026078501511945795,0.007512531437868786,0.021236825393444958,0.0014870454399114053,0.030929766208205978,0.011145333110379019,0.01165032026406565,-0.005095608269246932,-0.0023727143119138816,0.009836884601988949,-0.023338063375517692,0.04754124127694692,-0.05545150538520294,-0.06244414050979685,-0.014474782955668397,-0.002369248152233938,-0.006553179855524172,0.007548477898686734,-0.007962981819816362,-0.08837174486002852
2024-12-27,0.00297977918780834,-0.0002515015730362169,0.0015996975125911472,-0.010696909889221007,-0.008449311392174308,-0.013887394471607029,-0.005953709012642028,-0.04391389192784945,-0.019038991143132233,0.009578127513883983,0.013649049273879443,0.019597271649330894,0.008350266487530789,0.03309164642034523,0.016460142167687764,-0.0010145625034790884,-0.02223172681137675,-0.03196275252444958,-0.07817362423235563,-0.0037159922098025655,0.012640323922073815,0.0019928220988092438,0.005951805575697744,-0.005809684158998962,-0.10441422385129473
2024-12-30,-0.004377915115416742,-0.012727041056519783,-0.011588698529202857,-0.026689971153538106,-0.014861486404208368,-0.03967491265862788,-0.00913325649793062,-0.029861823292596568,-0.0053382113471422965,-0.004909870660152249,-0.028694134953393124,0.00519573433363818,-0.012042876004867309,0.0570556056791911,0.004843273593234443,-0.017359217122544846,-0.03743203860835187,-0.053253639356238947,-0.08392825350865674,-0.02427329290149871,0.003372472613136779,-0.010701220560558555,0.012620283210539984,-0.01994486072913526,-0.18801046850954461
2024-12-31,-0.006838861882402014,-0.009710999707850054,-0.004911117624329497,-0.010670029911933443,-0.01680424050924567,-0.013525607323030875,-0.020655569428877363,-0.03150611647973112,-0.01288527204047163,-0.0016877069364280572,-0.010127810274430549,0.00553693042138681,-0.03178059647169518,0.02787161462550336,0.01789875038530786,0.0005037989884326688,-0.025082113720777954,-0.05717652249716598,-0.07355566091791843,-0.017637646360921022,0.01167424820657037,0.007312910031999964,-0.011836627977063419,-0.0011425107244513732,-0.34238916516331186
2025-01-02,0.014584267592909095,0.003382043015798919,-0.0076949252083823305,-0.006176105229081186,-0.03225720066263671,-0.006466028412067781,-0.0031156295820236046,0.030439764082266896,-0.03244461150006828,-0.014412175135558813,-0.01655681295302014,0.019908009996237874,-0.013703526681799305,0.009987707025309822,-0.02209863303990478,-0.015165171156452328,0.029037144185522612,-0.03706675687962213,-0.09892011148584368,0.022074648888521287,0.0005152668617973699,0.020166992526472027,0.004282408593822673,0.0011998818957121848,-0.21613328890346406
2025-01-03,0.006700219010456587,0.023964697975913607,0.00557159521640882,0.006642219092999335,-0.009383696150719545,0.001956260992324932,0.01863902197854439,0.02436938968796798,0.017834808624946685,-0.01999135680885078,-0.002587614057444787,-0.008530578319850268,0.024755365553085662,-0.0006163043199962637,0.010499988267067994,-0.009010513440995349,0.061313115927520645,-0.0409955444523914,-0.09789117700144445,0.02943617328414616,0.02442265462437443,-0.003549171827219255,-0.026754104131788914,0.0027890972307098583,-0.10087631332398062
2025-01-06,0.012075557506245671,0.0070122186708767575,-0.0005309909759986242,0.0038577647410757976,-0.00571420214736218,-0.014926071494402726,-0.01097171448469425,0.002250686726460671,-0.023659744621432277,0.019244572433828155,-0.01592389113264714,0.00813483573318563,0.01975004372528999,0.0006249184845432687,0.0027598990329504858,-0.01754524728850726,0.07991229577432701,-0.05581187241734187,-0.11854428362035685,-0.08322412227502307,0.005462823516979132,-0.04813624858487986,-0.031040308937279493,0.0017358539376619575,-0.06030053539626401
2025-01-07,0.008688891165194335,0.007334598604312514,0.014692110890332177,-0.0019913121878680773,0.014576041061064249,0.000280857033287063,0.053640493477997264,-0.036630533300041845,-0.004147482623020449,0.001182912496167976,-0.0061311762115737745,-0.008262780412845117,-0.044377390630693125,0.011097648411992678,0.013344825397307858,0.00290993135716211,0.02386740386563857,0.010048215858738718,-0.13953237292835563,0.019304525084624657,0.0019042167474037086,0.00903698135974329,0.003317047689455732,-0.021149775720142427,-0.07417036973413127
2025-01-08,0.005580899876485024,-0.002222097076525875,0.013575853293499307,-0.009803923140929593,-0.02108774180507378,-0.015094978146964255,-0.02774221806140087,-0.006085502046257019,-0.011376538790710766,-0.013684102269401976,-0.0011082272217336486,0.017264886984974304,-0.026941423924968566,-0.012634500563607154,0.016198517215621377,0.0034655519273352198,-0.017463183993149833,-0.03295817902320841,-0.13422078990559305,2.9838482327182447e-06,-0.0078309809653484,0.027095098423051578,0.049495379769812775,-0.019167811913314625,-0.06288103164151937
2025-01-10,-0.015871014343808776,-0.016089196993133714,-0.03336321592592384,-0.030616441554706553,-0.027540694588069514,-0.016065176868512387,0.0203582833676621,-0.018111923261654672,-0.013172144772295336,-0.016776379548879006,-0.007110041551519286,-0.02324262415335754,0.04063098144232358,0.025750135361039872,-0.017827506607638877,-0.017371559745659182,-0.08957677396289021,-0.021040330798093088,-0.1595320943889268,-0.00675698581494788,0.04625250944930315,-0.020040639086036816,-0.027236208012631047,-0.015030615226270694,-0.0412041476024686
2025-01-13,0.003669184044322371,0.007666167702401472,-0.012328551217314465,0.002242400036688963,0.0004485912201559472,-0.008709972658012655,-0.01442829362010134,-0.037699645040544794,-0.0007001928206072927,0.01947329595892655,0.019229959029706256,0.03722898675722508,0.013882052856530658,-0.004626903352398903,-0.04214751294032715,0.003763657271878218,-0.0009312893255081223,-0.0361259112887643,-0.15712041489269601,-0.02072170484225766,0.061234232898260244,0.0035726677376064497,-0.005800087730442383,-0.015457013236218065,-0.07683916325028184
2025-01-14,-0.005814152732549593,-0.0049596632529781415,0.004833864682233235,-0.001649041713031263,-0.00825747747089911,-0.01395511174510855,-0.029948348051431872,-0.019662967474126325,-0.006232038303129794,-0.013245138199810325,0.0194291685967376,0.04845427391393886,-0.02526604727339743,0.022669844306633546,0.004563429407087982,-0.008838012968294784,-0.019265196883528346,-0.03309601150643593,-0.09402896669315641,-0.005340960428567132,0.05375402887885583,-0.006541277323671824,0.013662338115394412,-0.007615251051575456,-0.07557640703965329
2025-01-15,0.0036903350470929297,0.004471829914230563,0.04551037263598401,0.010574067853818203,0.015144897191401885,-0.002461625623384478,0.01417521876261607,0.008742507970637803,0.0006140820494930921,-0.0039244080830070915,0.02845115543170751,0.022252847994165936,0.025482892138824376,0.03761966547711215,-0.009095800628318274,-0.007698220413260515,0.05448957464770521,0.014062760463484425,-0.0399589325216656,0.014183139202099682,0.0027194047252740994,-0.009567194813082436,0.01584952699788822,0.015058404269948422,-0.041637157559621274
2025-01-16,-0.0029197237127566167,-0.015895478045794054,-0.01511809728063862,-0.006816830713310296,-0.024428236400556025,0.006403263261258729,0.007262179291374515,0.0057690694399756826,0.0016294368067055753,-0.012935507407246583,0.007538970316745441,0.012913474096873268,0.01952690778502819,-0.0020241463673790205,-0.0013556817247490915,0.002990386259899669,-0.0016406967324334998,-0.009176709100076175,-0.049688242925499115,-0.017887313096802582,-0.007353694622266094,0.010364019812174385,-0.02067376573217261,-0.000513454310523076,-0.0754081312176983
2025-01-17,0.026144056332851662,0.035174891586665424,0.010274344346376196,0.02631289228512479,0.010780910566041246,0.01397203555935489,0.015131022440238118,0.03995014460441837,0.019536008490491197,0.023912893117464806,0.049505849760624,0.01573231957254495,-0.005541238024305284,0.04124711665668679,0.03000799980584845,-0.011521252753277977,0.02133774466426175,0.0012757098789464294,0.004344783910455341,0.01889074004936142,0.06419825414978675,0.02685239671522255,0.021232410980853267,0.005321281974618675,-0.05373719626827256
2025-01-21,-0.020786874664936117,-0.05445431337517681,-0.004354303351027933,-0.004358990012973574,-0.038714875168675555,-0.01648318087751044,-0.02255152988208242,-0.06945791626309061,-0.004559224734315803,-0.008934760666036157,-0.024367541119138525,0.009188756384879593,-0.04126666206854035,-0.02653741931597209,-0.22178443003006076,-0.0187597313704142,0.01698855896417828,0.0623962212960405,0.0682229714077569,-0.028048491275615595,-0.00014180519368856004,0.021156544044330428,-0.004532121177296067,0.021346549934164294,0.002209563201625686
2025-01-22,0.022938721725759503,0.004540096744393152,0.001075978164673863,0.007818270086463075,-0.017145794868900777,-0.02914805436019563,-0.022245292623851998,0.012850924677181741,-0.004531988572772483,0.010925237802807741,0.008673724898544233,0.026118420987384594,0.011381367420960187,0.010729386774911642,0.01456024478928497,-0.030791414598571043,0.0519248717065961,0.06099243869154969,-0.006684699874735189,-0.009908512572170514,0.0048504869227663505,0.021194107280186447,0.021713592122774905,0.012855321401589404,0.04788481516170573
2025-01-23,0.011032343340072304,-0.0033661666100094356,-0.01087899192521713,0.00724662042267421,0.00511461578334127,0.01649797763232952,-0.005415822777821044,-0.02536376246486971,0.030272776978488958,0.01044869353709621,-0.018398722024600245,0.02095769458727581,-0.0016232798771670387,0.025449866577020197,0.0057255107505438385,-0.005809074674675063,0.021331178381976068,0.028766223570601435,0.03614551224127416,-0.018136590550790754,-0.018976189742136995,-0.035681706458560614,0.011601486434143382,0.011093466225545967,0.05269693001224218
2025-01-24,0.024085782629066133,0.018550547588498167,0.014760991051821826,0.0315568931769028,0.0012157960401590895,0.00773444519584654,-0.00047551274042889613,0.014133813482482882,0.02973061331007054,0.0307138522377004,0.031188197561291542,0.014978381500374782,-0.00426981153436079,0.017231066835217135,0.009464358002807982,-0.0013559005765563237,0.07741904566953939,0.02136190233151214,0.07894284363701654,0.009116091685361871,0.05179138898118274,0.03674383798455283,0.007033584341224142,0.008321574117492458,0.021607222930639214
2025-01-27,0.004039519947293124,-0.0023957292058013335,0.003109348962764713,0.016657446224864536,-0.00048386671517186564,-0.0007131697864125597,0.01046553820489704,-0.023386428694763928,-0.009732091351057792,-0.014219869722963963,0.0268756067694067,0.007705452015808412,0.019625389964591955,0.03150949467793951,0.029476510335321393,0.011610125728384713,0.03701106688581324,-0.11048175809614846,0.07116031827612734,-0.017280630532997332,0.055137353037747916,0.019776968629480418,0.012717704335890367,0.0021217516692442207,-0.04851437438753792
2025-01-28,0.058153315176638465,0.01866939521221478,0.0005685599624654092,0.016820066153856006,0.010080312904153788,-0.020368209151471306,-0.0018659972317331963,-0.008980539822922018,0.013461658877046201,0.007394109795883175,0.033278378072161274,-0.014538485044601646,-0.005790842735860835,0.035307317895256984,-0.020437937347072443,-0.01950951902015141,0.06248562651709633,-0.17116191068285858,0.07177339445718345,0.012033504609543666,0.03728670771059117,0.016727374478395785,0.012468602479354551,0.006133693368969961,-0.0334662675241969
2025-02-03,0.022155601761156385,0.02709760599751787,0.006982543557516818,0.01198336456090554,0.030290325810344187,0.02913257715106865,0.04621828808770889,0.0033813693079900453,0.01623703324408754,-0.007653450682133411,0.05258122271060839,-0.007885936155724194,0.023625875083921777,0.013709050545751333,0.0183468874131274,0.008856192003922736,0.006848971863746556,-0.15256628410305362,0.044946000171310896,0.008604569710857879,0.03557590653961662,0.04150053118692365,0.0007723222754547621,0.004599240854760156,-0.07882837520200159
2025-02-04,0.02103686288340434,-0.010585751411179123,-0.006612403868035743,0.035821993027685295,-0.004139550413019721,0.003105660886401296,0.007659609122933064,-0.015477783314217786,-0.02643060651952034,0.0056875733623718006,0.007365299118960111,-0.03446958608178974,-0.05385952283526296,-0.005584844289798441,-0.009179492933117928,-0.0026401603616739155,0.03717850056550698,-0.1313083843144892,0.13286518031162164,0.000252627140421291,0.024537071071822014,0.06101439564493871,-0.007913241211384259,0.005862185651531293,-0.05636339183596839
2025-02-05,-0.00937544512201327,-0.009595842092909979,-0.005574639449654306,-0.017436068510016445,-0.02538507868245632,0.006525760396337121,-0.006374766298463785,-0.0134245190944291,0.0035476753116849835,0.013321057500728983,0.03219354213711734,-0.005305818482937097,0.027947178768628955,-0.02645902152066204,-0.01379844866347002,-0.009130082581181087,0.014018903100523339,-0.16773040632091873,-0.05294460512708177,-0.029238968285721145,-0.017239488706226824,0.008574527474592308,0.0012194083312191406,0.008485225458239487,-0.0488345176155589
2025-02-06,-0.008664810436318171,-0.012295972135993982,-0.0017349507345542081,-0.0024761946240127175,-0.00973971669248086,0.0073622021319939,-0.010829826104510887,-0.03392556531393054,-0.016439783634603966,0.06144936708277493,0.057177153885373144,-0.027130684203143796,-0.006736504874570559,0.02468365855472454,0.00822688321820575,-0.011206666886062755,0.023389315710830916,-0.14995782903068766,0.2546322256132145,-0.008766300447800135,-0.02607765707998777,0.0734308409230453,0.026201469049517145,-0.017861673089153318,-0.07554010238121833
2025-02-07,0.007475786580753319,-0.0045077095128297495,-0.004150130449162903,0.007956776201994531,-0.011466986681997304,-0.01838789263512053,-0.037067546632377324,-0.027547647162196598,0.012171902198468976,-0.014686363046185313,-0.0043643491777526355,-0.02994272860396263,-0.00987365591923417,0.026606308574933735,-0.016420666543959017,-0.005087103020043782,0.055106721050261376,-0.11776808076471212,-0.09243446759932639,0.0014303972212474925,0.01686409711158876,0.014132622581481957,-0.00935039804979565,-0.015816189399439184,-0.11561732772189293
2025-02-10,0.027512607220892882,0.017085514829025428,-0.015132080735460796,0.021692869003280935,-0.0260747185805561,-0.027314044024482786,-0.04273684766379482,-0.009334151809807678,-0.02241955192079026,0.005589809345676544,0.00941342886914076,-0.03206789488838413,-0.008403551359772443,0.03871199289957672,0.0052051544189453125,0.003657116897078483,0.04226510956391394,-0.06372979434584825,-0.2246119978950608,0.002477809859855684,0.0009791753365528955,0.0016482022465236223,-0.000843575001850505,-0.0043203554314459325,-0.09103761748204942
2025-02-11,0.04677632852916025,0.00250877286724438,0.014410074454667354,-0.01879276305172284,-0.00387754691285358,-0.020698370785180553,-0.019571490559289084,-0.05501606272725679,-0.013180310139713214,-0.0006794740959161771,-0.0089206395961553,-0.007885380915752083,-0.0034371146779006434,0.03426022083966207,0.072968244218373,-0.009753696160554104,0.09002912501246119,-0.09603560104289122,-0.04951716231983194,-0.010284033128284742,-0.06530799171151946,-0.03988850376583808,0.005418895171189986,-0.006607565501022039,-0.05027391152323768
2025-02-12,0.012736590302540263,-0.01892087713934898,0.02271723857911412,0.02260971650008914,0.029916027594729444,0.015473181556789894,0.0016153900373989671,0.009328716620494948,0.012032671399100803,0.0018233812341359457,0.00254547732811794,-0.007828437181839565,0.032865766681162256,0.021860366071809523,-0.015057456146592929,0.00876449631066234,0.07591822676860915,-0.05998847169540067,-0.03097000846655351,0.020907097357462767,0.10204237028403251,0.05559040109174851,0.015194303333379011,0.006960853262717226,-0.09376439491317978
2025-02-13,-0.0026258455546255277,0.017767460358209863,-0.0019436141200002144,0.0005066872829937452,0.03130598646405702,0.0025211565266902713,0.0250941617057292,0.014769829089411823,0.023041132626428373,0.025014296147297,0.044666257422861566,0.028239507651524276,0.004435662048304367,0.040816899322891675,0.041252097929646014,0.004161312854522814,0.06716026349098247,-0.02096149500903277,-0.00035648994264647627,0.023210914397895577,0.01517980555415499,0.033814237457684415,0.02678851097139412,0.012051760389406807,-0.08570292192988782
2025-02-14,-0.02155792565443848,-0.011449531477477293,-0.024733216970837857,-0.0171229252203986,-0.0048918390900904996,-0.0096361861677422,0.010499118058587387,0.0008313077698927085,-0.030001785257737446,0.027531072976242577,-0.01541228756525126,-0.02945332825267133,-0.030678066554190364,0.02187799661273515,0.019052421724844004,-0.0053342638352251726,-0.01167515162452848,0.028873485497763474,-0.06418382335428485,-0.01650424730699873,0.005670501549358331,-0.024074576040695628,0.04778772238829565,0.009149359709309524,-0.17216092082125434
2025-02-18,-0.02286500117790491,-0.033446832168147145,-0.016273204419398613,-0.02791621113959364,-0.03225171592323439,-0.03013394706280892,-0.0051463404861668005,-0.04446975253422736,-0.014909256995036979,-0.00010453902252238745,-0.033730495089207,-0.02195005967386343,-0.03357785364584964,-0.004197100218608751,-0.02950872989258535,-0.028467280217519098,-0.023797414204218215,0.042107866273927375,-0.03352546349954644,-0.020656535969751033,-0.05393258515406307,0.012533440258078565,0.017250693352824475,-0.007039562327952109,-0.14482837241986246
2025-02-19,-0.014965930091806134,-0.012066340685697563,-0.0032501437986502957,-0.03171978643436457,-0.033311583066654604,-0.015738645550961605,-0.01644541887614226,-0.022074083150560364,-0.01911634817311425,-0.03452887085191669,-0.0463644402515454,-0.013603425130757407,-0.036907320337555616,-0.023823215936200848,-0.010882629496396512,-0.009630543411157655,0.004157835295588663,0.016378013832301752,-0.0596970359976261,-0.003340004458095791,-0.06900657108091857,-0.022875001721664567,0.0005546828897391443,0.0047437999789565755,-0.22113081100753562
2025-02-20,0.09341418170742433,0.042187397605466526,-0.002117051367266809,0.019417521576452268,0.11090183460077263,0.006384297180231702,0.01003241969415991,0.0070836442074693196,0.00428064890728308,0.010817310776932931,0.05713297018985486,0.023132733577775788,-0.00808785594100192,-0.02193911123711889,0.02556925494931872,0.030536187568888096,0.09130645970388285,0.048935429801308716,0.20470833681700795,0.023373588287411762,0.01624989387696174,-0.034147807543586595,-0.0098030888571069,0.001966264874109225,-0.2345788684204948
2025-02-21,0.008795462683219846,0.020550040259718738,0.0032493802580757514,-0.008717063382742252,-0.015864433437905,-0.024138415654582746,-0.00506674758605008,-0.02198997397746394,0.01682346381176769,-0.0015300322735678495,-0.0036663073297360516,-0.03814183341210631,-0.016253085949961665,0.004797773927254445,-0.015589578472689158,-0.0026087123467810613,0.048556104389904764,0.10570743355199608,-0.040455464296673016,-0.07479379944091069,0.022267237949725294,-0.004549800484387245,-0.02784673717378061,-0.015597336521514849,-0.24349696006278998
2025-02-24,-0.07647374881149993,-0.052078782425153625,-0.023724486784447496,-0.04649635952778253,-0.10237222696480164,-0.03575886690620045,-0.024641756516420865,-0.03351920719884616,-0.042177642362257295,0.010816325345052391,-0.0738997516034976,-0.008420239050815792,-0.04296817390718599,-0.04676918825793741,-0.04162659200973862,-0.02276583127180254,-0.07285848957656693,0.0692013887248395,-0.09679215153795795,-0.05586681029380014,0.021466558990016038,-0.028808772563934326,-0.020014328738130027,-0.03507451663563321,-0.2515552283241643
2025-02-25,-0.002891548637006802,0.004837969894886607,0.002404128781771986,0.005859975795284411,0.008427859559896334,-0.029402178505684384,-0.01448299838164313,-0.05697416161673907,-0.035835731326990805,0.01819207242779375,-0.04036098481062955,-0.015852932803415265,-0.029051149010094535,-0.010658571215886314,-0.010387985498516605,-0.003986182295093621,0.03339658333225515,0.07693341876690263,-0.061817725033774806,0.008557428544332613,0.005102632454577982,0.01115986527762236,-0.0028168184169142796,-0.013217492938838338,-0.2144150688211064
2025-02-26,-0.012874809449225588,-0.016671541477018326,-0.014159067434932782,-0.024957314125645724,-0.04944107279645937,-0.0060001882958798936,0.04610228748322598,0.0558157428190269,-0.04328345041044912,0.008501212239415912,-0.02315632761956976,-0.04166797406476619,-0.00689683921916695,0.017418721598870812,-0.017124147424652958,-0.019941903582288756,0.020995756436489987,0.12676040933758337,-0.07498682988883354,-0.010898393589028221,-0.02510609214515369,0.030871225658775536,-0.008512333965737917,-0.0034791863407650503,-0.19650990877666252
2025-02-27,-0.02228638540483363,-0.01117142629793988,-0.0021727613426711923,-0.022725436855158154,-0.023655870041137672,-0.029284873295036373,-0.002723790668824222,0.006290932451176179,-0.02066797807160803,0.01668997350628021,-0.027333394702951153,0.030013902107770773,-0.0720957090820985,0.007845877994336892,-0.034411356087209244,-0.008461070680642058,-0.037626121157691594,0.11960017487378583,0.057475569511450164,-0.012098954652718041,-0.004141188070506008,-0.003088465418516262,-0.018386357734180292,-0.03172053257356622,-0.26272861213416787
2025-02-28,0.010299090984356996,0.01447181062608438,0.001942511988840545,0.006444933227732541,0.012030178759502519,0.016942012511440563,0.04714061632410704,0.021464736836134923,0.009595961068706638,-0.00038450734734529757,-0.018955600871865763,-0.024624176199453895,0.012739457337959115,0.014090420476080334,0.02581355102750238,0.007296910545178337,0.011462495493029135,0.03452986337963182,0.0053671514842805745,0.02168826833392168,0.03690802256266279,-0.008605051294224841,0.016793094605467518,-0.005776401821527277,-0.2975810952688125
2025-03-03,-0.024726909149466958,-0.015799157937953168,-0.01756597727091469,-0.015879102346231022,-0.025939014008793504,-0.04795853984446752,-0.031966593649717656,-0.06401716728856,-0.0021514087823879535,0.009704241033335892,-0.02494070534578996,-0.07959034053745584,-0.08257482356248624,0.009412497148477694,-0.013671788335158253,0.01335340448818445,0.004213208068664098,0.027516699070928574,-0.047745569934937615,-0.028760875627845905,-0.008658173783521184,-0.017629106010870643,0.007084343948640104,-0.017907308115335252,-0.30450481315411326
2025-03-04,-0.012259808889073187,-0.006007706231133891,0.0004902031991356193,-0.00032390388630509914,0.014034505355963622,-0.005571600837692703,-0.0034577142965527274,-0.02176878451284725,0.007975604164317085,-0.006476704417064272,-0.01391352410194846,0.012058645655177669,0.03899323472078886,0.0637904197104393,0.005570644084931686,0.007752934990421512,-0.0029269824195007343,0.0595502967552457,0.015223437883576718,-0.0075547792561646565,0.027811442156054023,0.009810566109221819,0.00636032300097189,-0.0029110159234182476,-0.31344104083907365
2025-03-05,0.05479640557536403,0.030045640507462723,0.014940339735601604,0.020185602536106906,0.025959459016422715,0.014732576404569375,0.025902548601314912,0.021450982196945523,0.04827772838827871,0.01967519677540186,0.030207717277024537,0.003005129931862971,0.018640884555957138,0.05916265279713695,0.038301928484153036,0.0041386869801589565,0.047078178267504045,0.10881770694312576,0.02467854763448063,0.005432285572775752,0.05813559359181797,0.09499820162452166,0.006394353182773038,0.009209594333547955,-0.27430979272668243
2025-03-06,-0.03456370797554309,-0.04671520712433741,-0.035297541686184486,-0.004830439485991489,-0.027390346126942022,-0.029228398782008447,0.003695429218194768,-0.03382709981463505,-0.010076597433548828,-0.017741752811138545,-0.021237198521549705,-0.013507361900308434,-0.02656830820760825,0.014286575933642354,-0.010317891526252843,-0.017315268526437833,0.002533955263025467,0.15486683983747995,-0.1264648276431909,-0.039160102394397156,0.013835546981572522,-0.038691843527001724,-0.01273348504802041,-0.019828234769148745,-0.32165240724117483
2025-03-07,-0.024147467574636816,-0.03381896769030046,-0.01132769516929022,0.01434954528810084,0.03203768931911655,0.016929872049207706,0.019048003668043156,0.032470263219541495,-0.030083479964240767,0.012816694436542875,-0.007314531852856132,-0.02945166314401726,0.01277560817461687,0.014065702373667444,0.0014594896351378672,-0.013371024870575177,0.026485332817014706,0.12664152376495186,0.044092441238656965,0.003850839699485409,0.04293809642499502,-0.03036434902320273,-0.004973669342500542,-0.004048220760618615,-0.3131316862431298
2025-03-10,-0.042755743782980526,-0.0270438550962242,-0.01635241620996364,-0.02237038558126625,-0.06307419847847395,-0.03088564338456279,-0.0008456579205160519,0.0002756586778580594,-0.01961866844743576,-0.0036715697906094524,-0.041000836098489035,0.012270880879889479,-0.033752948889305245,-0.0059862012253179,-0.02414774146303511,-0.01891660958005481,0.004440854729717225,0.062301719965863755,-0.040623854918244606,-0.016725972767329234,0.01650328884072394,-0.0551598206070536,-0.004963188272788632,-0.031033364445972933,-0.348955307341016
2025-03-11,0.010548415740750272,-0.011258957702871886,-0.009450770688611665,-0.005479242356391079,-0.019918647648735077,0.013777441347139208,0.04997809951243881,0.06584027307759133,-0.026241298783193923,-0.010001517051657749,-0.03369470115634687,-0.007140882282429928,-0.0031172036887768817,-0.018783713174784666,0.0007055956727803903,-0.03995938422367851,0.02333702751344635,0.12261381280579853,0.008452424774866074,-0.007932938664167444,0.05065342982928178,0.05531631271044413,-0.016438069822135803,-0.021517607577000386,-0.3097350523476674
2025-03-12,-0.011826440798390236,0.0009415769031293486,-3.6763359772540305e-05,-0.0033395274246854623,-0.016444952354383924,0.028570617136135512,0.008737354179241708,-0.012962672809817999,0.010165006293606282,0.008202987779164062,-0.01634607354422124,0.019365574844131705,0.006613601531513913,0.012601741685222878,-0.012111157423873142,-0.01703424084731575,0.02670460716911016,0.12636615160136877,0.014094653157203485,-0.01291105015887739,0.028173159007443438,0.00563806309939241,-0.008889643526028723,-0.0072985892142073405,-0.3363617387478731
2025-03-13,0.021751616162963616,0.019102896310071227,-0.0007039410507865274,0.02338493302374367,-0.0007499513791580092,0.008744544681487554,0.03116103433299444,-0.06133364903924199,0.011506280724568274,-0.0062664160251918455,-0.03738278365467962,0.018345605306739454,0.008195665468614388,-0.01608997438677917,0.02116877191305666,0.004008752113906278,-0.017674679226062473,0.09768092639296388,0.047456255755203625,-0.01026752371529227,0.016856323618571256,-0.0179034855941258,0.0034532354751772854,-0.004882167794831527,-0.32282886562226365
2025-03-14,0.009365025034145713,0.012749591465006871,-0.0100104837183429,-0.0055477150214992,0.0019441662298085305,-0.057383377720522044,0.001195980741221403,0.036214657923924864,0.0022306556410987,0.012915573590297269,-0.017735492833433897,0.0275063853856643,0.016696890033149447,0.019432468483671084,-0.002085929900397465,0.003874747130988565,0.04487038972894952,0.1372218587452807,-0.0015457362114984496,-0.0037508262394606584,0.052017132547374834,0.045005613655438426,-0.004749934853263249,0.001532257302749862,-0.31326860166195847
2025-03-17,0.058136832731226384,0.039658750763133854,0.00985946742028343,0.07946225915738947,0.05659676795955759,0.011341076234675063,0.01812264326617874,0.02886269807811459,0.05326670495742292,0.023625787821981437,0.02507733751526975,0.03113705577690462,0.008743832385193606,0.04365937391574182,0.012446571696902886,0.010209900572573316,0.08811837208250739,0.13738429661281093,0.0642025446091814,0.013078877133186007,0.038561183864936455,0.06428902474077747,0.03167648234612774,0.014473943794870214,-0.3174592165363792
2025-03-18,-0.03318279353314657,-0.018994182765990075,-0.021088349099014136,-0.036140565107463885,-0.024194877601668052,-0.04360206811903766,-0.0750810300927871,-0.025897210170599982,-0.008611790163547628,-0.004801098690182637,-0.02590694360251311,-0.012447209964228545,-0.014549290383294222,0.009223290621483304,-0.012316834123045184,0.0030750435555202404,0.06041740549895347,0.14415889381877278,-0.022786001082210294,-0.028249982624553582,0.02277442478804037,-0.012533211148543,0.01013896345995624,-0.0028670729733599742,-0.35112413277728405
2025-03-19,-0.01433294173354338,-0.011590029747754249,-0.011472939239957736,-0.03818631573754183,-0.019900620788454337,-0.01645742895355995,0.03248938564377157,-0.0190635139263462,0.0010959680263813443,-0.0031363110061717325,-0.027082597706922784,0.02469680055009671,-0.010632220775096957,0.02415713238195294,0.0003725872899886795,-0.018184216781008566,0.025412884873387886,0.13694240700152727,0.04320444505348808,0.012570420458769549,0.009766320906277492,0.0013626701946325426,-0.01781701913146705,0.05199791792785646,-0.3414228866202894
2025-03-20,-0.01865462434559828,-0.0031321726259736504,-0.008605088466063449,-0.02389478615908247,-0.02876126766204834,-0.02181737226964897,-0.03553484101751214,-0.06998025031791422,-0.010084355977510562,0.0038203375949690255,-0.02263468958374848,-0.004148515069218206,-0.021751254690527633,-0.008217447114662435,-0.006370145816871675,-0.03819309928017289,-0.08738658484596895,0.07281786326116135,-0.04184535592882643,-0.011404901408086365,-0.003467249128711436,-0.03411333478197176,0.028081732133853787,-0.028460130184093768,-0.3204987107053151
2025-03-21,0.00458034362040749,0.00771840606187113,-0.006805923750049292,0.004403570370217436,-0.010624177189332173,0.012816561922664338,0.014626813545454587,-0.025718682558758532,0.0024781832628990585,0.019568469547033063,0.0007470025177001016,-0.03114530862041076,-0.017151202558857603,-0.025861429625107513,-0.02697119823051275,-0.0035765112572607727,-0.038044523843864586,0.07318932423134283,0.017875237129458155,-0.06827182629346185,-0.010850013264261715,-0.007080184618932228,-0.01599411726225053,-0.043028558495045055,-0.31498499670732283
2025-03-24,-0.01607837211260954,-0.0069078915086305814,-0.007969551607233782,-0.004274018742616903,-0.016866316341765164,-0.03280327611354017,-0.036143090094665764,-0.01884972498548665,-0.026885458236691306,-0.004151311291882065,-0.01666952848043779,-0.007897177422635404,0.025006742656578984,0.0046086702159919835,-0.006221030032902419,-0.012680680301524028,-0.06735879455953253,0.06255319339434373,0.030516657403261815,0.00024738791702927365,-0.0029581504263660463,-0.022321358802227742,-0.008674833308363827,-0.020499638410620635,-0.26777743471308935
2025-03-25,0.010178687298563416,-3.783327036965822e-05,0.006985402771392035,0.006357392700764519,0.001440595074474249,0.012174857440186315,0.0233818236814487,0.00970001388301478,0.005220517034032923,0.016371195413628303,-0.021709962195018306,-0.01847275246983837,-0.001090288838360709,-0.013354537828188628,-0.007533565533666131,-0.009127453670195407,-0.012347048061654542,0.09477893722792885,0.0395820093962731,-0.02073371344121222,-0.007181858785823336,-0.022059107234566944,0.002429819870132688,-0.0116879863977849,-0.2761918102046995
2025-03-26,-0.0074595898839872055,-0.010137379781901545,0.0015628269789920157,0.015185504330468058,-0.0015748567948470349,0.009642642841027671,-0.009744447391362265,-0.04332722853885329,-0.005812903009483561,0.004134187649761811,-0.022583859604286438,-0.010646611098753533,-0.028812566284328267,-0.007730929763211214,0.007871560193812632,-0.014767953966401515,0.002214284582350956,0.09146555439592197,-0.004099455138867336,-0.007130790195438386,-0.008937132320264163,0.025494431209616808,-0.010803379166222538,-0.019318092583432644,-0.3238051120548521
2025-03-27,0.013289559406717055,0.013074285150115994,0.007882386256175433,0.0059072771985908545,0.013316965124640978,-0.01521599211385316,-0.007135438872005961,-0.0492262432685826,0.012640681801749487,0.0020341196685296214,0.0023922798928570632,-0.015844848045470483,0.01379623288766707,0.01894784142657846,0.011066528607437398,0.006719470511192593,0.01123366591744257,0.09146555439592197,0.041835738441784676,0.006522685283131713,0.008290572077558789,0.017323303670821133,-0.017902186828892663,-0.015280403463649672,-0.31135545167035605
2025-03-28,-0.017364422807451985,-0.01662282645693236,-0.006067481225281002,-0.02776672442323147,-0.026962570202247682,-0.003771958099763384,-0.008471570610862122,-0.03600828706725567,-0.0386347003079327,-0.020516055870309247,-0.06145866203921435,-0.010244618897671587,-0.0600502601810472,0.002378179465626351,-0.010378533286054092,-0.01769098783682843,-0.032295150282541485,0.055851034975000324,-0.055534342721605734,-0.021126110811471754,-0.0218174252264568,-0.05944421099949471,-0.027446004881203967,-0.02797500759617244,-0.34196698212708776
2025-03-31,0.004470167207927034,-0.005410060709149844,0.013397185923052835,-0.005178204172909817,-0.00032977533685085714,-0.010483408672029904,0.022681788225298982,0.023725226153498147,0.0007481587855111549,-0.00010092304058351154,-0.013204442243798686,-0.020119925821309614,-0.013606285156678055,0.008538597346077426,0.017509328216997577,0.005403301006602801,-0.030326472514519143,0.05975869997566807,-0.01588894999947421,0.0001957987046903309,0.007551872938362347,0.0027021134151561377,0.00837014713203632,-0.01893799622471326,-0.3729703993906315
2025-04-01,-0.005836283705994205,-0.002949925475675297,0.005896430323174551,0.0011735454101775566,-0.01577150328419752,0.007405936602968177,-0.020082217436835137,0.02753122604698799,-0.0068087846378838135,0.01609407385547601,-0.026918985854820332,-0.05314306391010992,-0.02159336883922358,0.019696118124846063,0.007970864006042522,-0.0104715163735426,0.022448568898382648,0.056299134185305855,-0.0028855840379448106,0.01070168485273193,0.07916501148046229,-0.018923546457232487,-0.021629022330591274,-0.042614834162762016,-0.31048747033285073
2025-04-02,-0.028883831796058357,-0.012532913531342005,0.0023627270661641386,-0.0064537711804708575,0.004114744241870083,-0.009062444582574214,-0.008773940861748653,-0.002708280352944792,-0.0009132404663081406,0.009246142901907284,-0.02641009397579064,-0.0025653767281057505,-0.005333184660259227,0.0024782771208606835,0.004257806615626913,-0.017604596469810052,0.01900593439737963,0.07798762657270975,0.03193107786518201,-0.004319390181912297,0.020348541190202463,0.03041973636939521,-0.002844903095089779,-0.01609664632439467,-0.3138081370520416
2025-04-03,0.018905753476316844,0.011640510975592822,-0.008097122927789746,-0.0048615451382939545,0.004750964422515436,-0.011257781218386609,0.00793291859637546,0.012570871032648645,-0.023834890172051426,-0.015236997838533495,-0.03282595135982047,-0.028467590702440093,-0.008376307406964045,-0.018220632268688974,0.016360192935222395,-0.017513664870818846,-0.035247257141156396,0.03545971996183961,-0.0412007762509915,-0.008087003819109428,0.020002186760267326,-0.01098885504302527,0.005531589204101239,-0.030996310954191197,-0.36742839851996734
2025-04-07,0.016368362284628457,0.07355374604312259,0.061736776529351944,0.026301284829566063,0.023582841695506618,0.043529103487152776,0.06056407477119419,0.06585918913440625,0.015084664199382258,-0.015155077648222992,0.00371851888920971,0.048903155299276246,0.03643191933091994,-0.025566900153483396,0.007388471113476847,0.025252255087142128,0.08251325149103916,-0.11585832898764914,0.004680584241878227,0.08017234484460345,-0.13012401702937693,0.054965478574134474,0.028623159853322644,-0.010998431556818788,-0.32655318721247273
2025-04-08,-0.05859163841009052,-0.06789416200227383,-0.02297739450189673,-0.05043551963361648,-0.06702882768674934,-0.05333481048476252,-0.053017025858896005,-0.05636137155948129,-0.06416046833601918,-0.0534573279036723,-0.008412284802211678,-0.05627137111625591,-0.08766583733235289,-0.04557411778707443,-0.046972693056992365,-0.07194086953819556,-0.10986053340719881,-0.12693572757983818,-0.1372975336975657,-0.0705092453612074,-0.15377880366298424,-0.039386033380990226,-0.044212128871886414,-0.08254131757606953,-0.38645164805084875
2025-04-09,-0.017725417733769455,-0.0032105293419988357,-0.008186353183373907,0.007336105530412418,-0.027716026751729017,0.00829625829580749,-0.006572000798792943,0.008537518513174414,-0.017308723738398868,-0.02434889231807158,0.0015731088906938417,-0.04925887609594193,-0.06969878024648524,0.05724310425254475,-0.016067225607082514,0.007350609996347179,-0.054087566557911915,-0.08046668629905951,-0.06643132886884173,0.05805815980356388,-0.04290853919961857,-0.025742065738598607,-0.010769703715276635,-0.031251077377654424,-0.30840314107317
2025-04-10,-0.0356019112729834,-0.025617672586546902,-0.014977515190093826,-0.04303348739387691,-0.033202607962735664,0.011033183878946806,-0.020597160597957243,-0.03938086142028929,-0.06163771333788293,-0.05423463050214594,-0.06150785645728052,-0.05066665672845194,-0.13417453327068807,0.04675982756466324,-0.016696334000693258,-0.027936017339286856,-0.028264313203447466,-0.09216491505801883,-0.07888242906232168,-0.03519122876637304,-0.045044379189000616,-0.03629072200889005,-0.03531957001341013,-0.07163174154951679,-0.3871144755459154
2025-04-11,0.014221791048080412,-0.012825911667483036,0.026245846104380854,0.01419170811287862,-0.006940880432037555,-0.0005134762462555287,0.02139967401037346,0.04823443375940539,-0.00708695296210371,-0.02614039748373287,-0.02951063581165303,0.005584775397130315,0.032240728383894135,0.038713428618696755,-0.01821613067637795,0.015602098816973164,-0.024939452381861238,-0.10681644767920728,-0.07713714348983047,0.010268157921939025,-0.030809037343199397,-0.04033549136347947,-0.0351478000762927,-0.00992263641261204,-0.3820594791482823
2025-04-14,0.021061171385242883,0.009834926664077148,-0.0029506256221794036,0.00460649216274267,-0.008929183421630182,-0.003473509364053773,0.007855353753704497,0.005218395762871086,-0.002961366207831384,-0.018678345571127575,-0.017106435397487907,-0.02222426872773564,0.003842749730763151,0.007145054965532305,0.0012160818715272192,0.016424180073026262,-0.03169890576880907,-0.1213439094660228,-0.050607350384035965,0.009255322418415757,0.004962841803024531,-0.010002195261374469,0.0099456627116139,0.004096171767014267,-0.3636891625250426
2025-04-15,-0.009515986999845016,-0.008937690293863043,-0.0015603089568647643,-0.004006404819529519,-0.007290864075045533,0.006079334427725458,-0.025097935167561758,0.004522084274467542,-0.015341154102803345,-0.011432063384035684,-0.008323938082268834,-0.01728302555574679,-0.026344919734518912,0.008268298354094039,-0.0031246154321954434,-0.012069877649284022,-0.008611023209158297,-0.08921423643995796,-0.005157252666968426,-0.013857424106775706,-0.009736488110831942,-0.019893601359728397,0.0102941112781898,-0.010820493952485077,-0.34574057062805685
2025-04-16,-0.01796839983685472,-0.009930283912551019,-0.0018498392781612916,-0.006297769753829341,-0.012702708625079384,0.015635503858030475,-0.010691262402081847,0.028410096090933923,-0.012612772984949672,-0.017757440808694014,-0.022773167231934344,-0.0290468770758171,-0.028372775591288035,-0.019432539444423025,0.00816880293471467,-0.0019242825147470777,-0.04582892860878596,-0.13535468929626582,-0.06398792151136423,-0.0015871005665649696,-0.027420175207846564,-0.06641264385333723,-0.023411864641913138,-0.022203617712514556,-0.3342546581259562
2025-04-17,-0.02826380907306225,-0.032011555083297005,-0.03181603205733585,-0.02931117708903197,-0.030678266392354825,0.0008458927771175517,-0.03861945728179883,-0.0010471572323696998,-0.05350822733201399,-0.061649366135901995,-0.02610191699940656,-0.012824694616390242,-0.018206644492287927,0.004050011101226936,-0.01589347223731219,-0.013523530293671704,-0.04421430394742465,-0.159737139954796,-0.04928308862955977,-0.006597551908368859,-0.006553161782543504,-0.051788942067095944,-0.04419591401522538,-0.03346893233080972,-0.30220992114137324
2025-04-22,0.02177186141548182,0.0017599399816750072,0.0031690628377927244,0.009196537883910505,0.0006330818376572012,-0.00044134001771911624,0.009357076335940517,0.033667850273062516,-0.002538269449471997,0.04532468117544686,-0.001998203285533906,0.009181138962922386,0.03448062674292052,0.002407055376485223,0.0012783172755213013,-0.005712858327620252,-0.025265511211820302,-0.12083859526296836,0.010550139184275054,0.029636426455406317,-0.010105989404748827,0.05112157224930347,0.004411230025538337,-0.019865283246205734,-0.364930093246838
2025-04-23,-0.005369770351409953,-0.01672233599532391,0.0013984671799962545,0.00792402312431495,0.00040999735156721506,0.0018655391909720986,-0.003673475506962065,0.03709227107576463,-0.008478502767657603,-0.009894424682232117,0.008968007196034744,-0.018608671866260806,0.0032207633920524614,0.02115319167829255,-0.035069539612471945,0.0019510063675383105,-0.0011007801645733784,-0.06756845286407631,0.02629325897420265,0.009898876060550066,0.023940595538837206,0.06170429014059686,-0.006139181598175836,-0.027400594114952437,-0.36131532159981117
2025-04-24,0.016716602885742837,0.0142823273756989,0.018337177122847992,0.02914389863413036,0.032444228263723174,0.01890247658288935,0.018911098672350857,0.0634193512121739,0.0018069646456322364,-0.007951108119386596,0.009152710472823733,0.00457290221515172,0.010665520931368633,0.014217869662108473,-0.007313391805945146,-0.011209980603633984,0.02442705497245501,0.05001058941493186,-0.0023628711700439675,0.024669225823770402,0.02244799861775726,0.04406580122182202,-0.01314153765963988,-0.017038626704829807,-0.375712530062171
2025-04-25,0.009050076277202779,0.01929645977754424,-0.003283168311432716,0.004550557470802241,0.009507997533094281,0.0014574911010558633,0.001844765392286396,-0.013691181857319323,-0.009196288494334404,-0.004313783049338493,-0.0012715849496681697,-0.021722731763856307,-0.03210168183535578,-0.0029135047859865093,0.0030079751233063057,-0.007706504046157581,0.0008009768828149966,0.11036360842563497,-0.003272720779221694,0.01130866809113229,-0.02100770063489854,-0.004552902300427597,-0.011913369286735143,-0.03120593193578647,-0.3795588144542301
2025-04-28,-0.003703722269673859,0.002574250464518091,-0.0009998192000847395,0.008332647900410217,0.006476359162254308,0.019432952528247505,0.0032148544492187625,0.057984928885316256,0.009570692981966777,0.024536105293256227,0.011180985321019854,0.014651209070391635,0.018449010866845805,0.004301862787865263,0.0009409891741658516,0.0003031136434539228,0.000621673183073268,0.04967498899975986,0.004688618798423416,0.016941522803443076,0.036581201729746216,-0.0029279422694040713,0.012700738729525263,0.0019216188320769767,-0.3772506995770599
2025-04-29,0.0022875817143319654,-0.010717512896459613,0.007316184442313967,0.0010176110950546047,0.006122093948746077,-0.005426948276550214,-0.016197528633761005,-0.007904063348136536,-0.007335892158460755,0.002986387379907862,-0.005344533403690788,0.00018894730961682704,0.003943651498939493,-0.016367930023384214,0.00970071704980735,-0.026144590421389835,0.04818916285184338,0.028283271476877037,-0.05091654109265009,0.008243481590957336,0.03741102793268314,-0.014255275318731941,-0.0077351097090966325,0.0007664114683760825,-0.4008452768795938
2025-04-30,-0.01421969157298475,-0.010586217107691365,-0.005201063181857757,-0.01478045069626066,-0.006737355143356161,-0.00662924939569598,-0.009514848758377492,-0.0008540274056576536,-0.02202643850830266,-0.07326631470648026,-0.02639379969714062,-0.018591131067103306,0.003577049332941895,-0.013699608017931575,-0.01039849304285867,-0.01888039947832254,0.04008566912682299,0.032134018976194945,-0.006907476914433719,0.00208570019896559,0.026900030294504607,0.01837347899546682,-0.030433103137623152,-0.006739830925716728,-0.4322166555991914
2025-05-02,-0.00047855961918419343,0.012063731052304849,0.002356994371405019,-0.0025318142911521235,0.003111422682342102,-0.015520574081109961,-0.013640245327118272,-0.01694604396804511,-0.009034609062924193,0.020378459362033308,-0.00197554213606288,-0.001844540790781668,-0.04021279235122932,6.469798988573139e-05,-0.011864780518282325,0.0008820553263333419,0.04905541110542799,0.03190788221955598,-0.020112579776670247,0.007422723853803159,0.061088328395682456,0.04611426357463033,0.003777271317754849,-0.030362486839294434,-0.4010029088547814
2025-05-06,-0.0009934607567340104,0.0037210528681073107,0.0024464150669449847,0.006647208850638631,0.004091512449592827,0.009281334431264776,0.01859453159011304,0.02122920509248649,0.0061058002198419725,0.0003689597588381055,0.006909558728228626,-0.05921909350783561,-0.03718075636960516,-0.037192533223725954,0.0008260195052141039,-0.013959773766069716,0.0849853111093728,0.038127044823569545,-0.04254914913911878,0.0232949949836192,0.016892084014915154,0.015076247059024883,0.0031389263668815115,-0.0162953348846977,-0.40651834204137316
2025-05-07,-0.015633095685806286,0.0013717139451936422,-0.006152509104252135,-0.03881054592670552,-0.019617815155797635,0.009859080569768919,-0.006178607978572059,-0.0028093084504738908,-0.0018047746998008929,-0.008224350181946671,-0.02917421357384531,-0.01783466943937506,-0.029424377747397368,-0.060201032099432505,-0.01510299245110458,-0.01594279386027475,0.09355901441069592,-0.01860476644322684,-0.03421305599209956,-0.008019919673643017,-0.016357297039538587,-0.016285088519323088,-0.013508427223944297,-0.0028779201074710103,-0.3586672316636669
2025-05-08,0.004079842752235274,0.005799689032137678,-0.003950694173139757,7.232331374651402e-05,0.002911584867029582,-0.0025065210257317894,-0.0008519864379993303,0.0207445791646812,-0.010279881763692766,0.004791434788910864,-0.010317934239453486,0.0008120655086865103,0.011580378163813299,0.009344439670029736,-0.02171216442049384,-0.0067201420253607536,0.1022266048089564,-0.02482517934822137,-0.002217529028691878,0.02930468376605888,-0.01065780736641686,-0.0011267519282723848,0.02732875176005556,-0.0038732674208730167,-0.29384097327815695
2025-05-09,-0.014525664226895052,0.0009904592970235715,-0.017418526053237127,-0.001576168961061386,-0.00659450854312571,-0.0026616573101249097,0.014778336708898943,0.010364389857859146,-0.001730234651749818,-0.010885941813625122,-0.0030293469793554184,-0.011771080378206178,-0.03669441125843553,-0.019948700369352923,0.003215076926701199,-0.01390631392058983,0.06545887306879195,-0.022778955532802958,-0.014320723513018607,0.023652395017162542,-0.0040275730901174756,-0.009273244903596156,0.03090342718585748,-0.017934890908145484,-0.3102235270475552
2025-05-12,-0.017854446132031687,0.0020225459773561827,-0.016276924263784687,-0.0008171028645396206,0.0025759722326137435,-0.00846709519466804,-0.012901368271189484,-0.007173690214711481,0.005045751282857003,0.02166363711335295,-0.006910407343063252,0.09186101749258846,0.02532701788145375,0.018883936357972475,0.019279802070484076,-0.017515500886004065,0.13562595993405946,0.020303704793630306,0.004384423373522406,0.025846552644755327,0.0829621586942193,0.011651492545400544,-0.00958898717124923,-0.0022323728719553237,-0.25002106181697625
2025-05-13,0.016736500800073717,0.05917654333323452,0.01154529047278019,0.01615294164683201,0.011674056668715904,0.009434970870110027,0.02742135420102998,0.02881014781221669,0.018904546355791974,0.01208212209314885,0.009814363051674935,0.008855731201592443,-0.013371092831959919,0.02017430611263693,-0.000547788803132554,-0.006904184143321057,-0.07515121729193486,0.03284230946544042,0.017522065571226264,0.008963729788941555,0.022025202811055244,0.01063402207390185,0.02581364462047353,-0.034211264541901154,-0.1891254078636201
2025-05-14,0.001885065474213965,-0.01630973007287939,0.005562344271452302,-0.007147999149864526,-0.005193138036453382,-0.007423586567302021,-0.003472364795652716,-0.0030665126550275534,0.005936307981434075,0.005359495429581473,-0.018925749602907493,-0.015548234103543668,-0.031332971708915025,0.005931592310607803,0.014094864200293156,-0.00834763548743267,-0.03951963977633233,0.06223011011111823,-0.009590627829504927,-0.006949723411588171,0.06730076413696229,-0.019303638204959173,-0.0009472770609197934,-0.021717242508681234,-0.11592430810338739
2025-05-15,-0.06241384674374584,-0.01016948446944832,0.13972981823203212,-0.027956030213429517,-0.007656203326776967,0.0008377686212401869,-0.005527197948277496,-0.011571862719284565,-0.008342499923389313,-0.03486795718346658,-0.031739190972095876,0.015136351924239344,0.010572827250753036,-0.004276351419812197,-0.009001163228438247,-0.01109995241704853,-0.034876101961354156,0.04522344171231629,-0.06571769775781422,0.025798774885964715,0.00742642138121008,-0.02325194992705848,0.0004952411221843533,-0.017824525950113634,-0.14191098478484532
2025-05-16,-0.023850636203918696,-0.006558594654271777,-0.017505543471519225,-0.015064409591027728,0.020415878970301282,-0.006397399964144346,0.012155725200494238,-0.0076856178620801074,0.0022071950349165093,-0.008400223565331544,-0.001566559036131343,0.0001667433699350518,0.051943412199750405,-0.007466225791370129,-0.007846968512560948,0.014104521396125058,-0.04502116430453473,0.0812985485379123,-0.008895727374586992,-0.002970643439526466,0.013147524144916378,-0.011598824715929545,0.00973132543586308,-0.014016004634281543,-0.10492018589948016
2025-05-19,0.0075383198458318645,0.00938623804705574,-0.00040048949422510915,0.008363711812043872,-0.01698742593297875,0.010236969015768427,0.00592990252367831,0.019963544912630082,0.014135346786882996,0.015025173007809256,-0.016595270006975693,0.012781696938338083,0.029054967380685026,-0.01937213093703183,-0.007159737324418991,-0.0053699776578824965,0.03189794702570303,0.1111409536208483,-0.05805880767361693,0.0097723108303851,0.0029855696309253332,-0.03534317411448473,-9.919891406373615e-05,-0.013298158525400172,-0.09030170062466358
2025-05-20,0.00544518479462841,-0.005506582896057877,0.00136186080560452,-0.005202241462876733,0.012516249512279476,-0.004734698179605812,-0.00709591212979277,0.013811870765295664,-0.019371597166006893,-0.002513636713442624,-0.01856177047187757,0.007083126749124258,0.006728824667502131,-0.03078310865272038,-0.0007510799867136431,-0.052139861984564106,-0.03508565385370499,0.09425046506673374,-0.0991653806551075,-0.0037508474941250203,-0.017058092618040033,-0.04507584261992592,-0.0064078975873166355,-0.020874316623316957,-0.11338431478814637
2025-05-21,-0.01755487813372325,-0.020722392233099796,-0.009388914729393405,-0.02849639709373164,-0.023058595307546725,-0.013147106050961477,0.12302963346368401,0.0030535603253125654,-0.02536418318748479,-0.015003093468027084,0.008559788060237938,-0.021232677272871814,0.008409364778793726,-0.00555991832847158,-0.010831669229880103,-0.021162535519480996,-0.06544687018785422,0.05575677295603554,-0.12392285793673052,0.02133088885174872,-0.012485091908131962,-0.03819284219406727,0.012110529039142337,-0.028249243356095244,-0.1308230462862221
2025-05-22,-0.0018915446920995116,-0.004755464636386875,-0.0013508008943096117,-0.00463383191407063,0.02388947674435027,-0.0007075350057298424,-0.022042579923600036,-0.007375503291902286,-0.014831110350518317,0.003814380370907422,0.033902129958988336,-0.0015406272613889271,0.011626181200549812,0.0004782062442207913,0.00033489493209692967,-0.010622196871480916,-0.04994776781177801,0.04139674545254901,-0.03205121157440749,0.01113426481770552,-0.03817360112002122,-0.006178016400033681,0.010993981751517667,-0.012985503265086629,-0.08315683888358028
2025-05-23,-0.005580646428739233,-0.010349516013832827,-0.005912507893348629,-0.013117110389290865,0.012476688516401158,-0.0030278507833807478,-0.007206089060047938,-0.004870309111483673,0.0006777223566065693,0.00311788977155647,0.002049825519523374,-0.0021870861505627337,-0.02319288304031042,-0.006884651191194857,-0.003783672966254592,-0.010532079358501423,0.00998087058405761,0.05213615805431315,-0.06908130486945685,-0.15279635282633497,0.030927480341693236,-0.02331507586791104,0.01738276560907992,-0.015045910073719804,-0.13471900558837047
2025-05-27,-0.007768760925520146,-0.006185757089894883,0.013577890481135668,0.004387088525865224,0.02677660693931272,-0.009337211874473561,0.0025630364689082086,0.012895379526780326,-0.0042621615982840755,0.01094142882207727,-0.014668072516952568,-0.016010708280039032,0.012919370220947801,-0.007138615600181808,-0.01257148366314631,-0.021992205996658076,-0.006729991528736878,0.13239620867593538,0.062085109171185815,-0.019824462117424724,0.029691348111758886,-0.005783825118374386,0.0021733000956181137,-0.015523849486021257,-0.10891541412169836
2025-05-28,-0.011392815244611887,-0.021594198276203125,-0.017343942499757237,-0.01320139559746103,-0.01206186266144127,0.00409251972135416,-0.00904986744532732,0.014706447849893056,0.003957206527334112,-0.0028857938147347495,-0.020200014114379883,0.0010782542730261024,-0.02326435631672319,-0.0037361677624146994,0.0033151984770902754,0.021614538310791298,-0.023097573639361935,0.09306129319571754,-0.006618687894511588,-0.007594439885670323,0.001604971810857947,0.001990776095593505,-0.020475954627722115,-0.014707547015755384,-0.11034756579252236
2025-05-29,-0.028317599873365684,-0.020986046984107554,-0.02738058065009852,-0.02542369172149528,-0.02414296168596919,0.031444637440348755,-0.020688772201538086,-0.0193563454598229,-0.009217152191621558,0.007902623375407813,-0.027551825731414348,-0.0015953033919501314,-0.016842225835706492,-0.00021955260595796222,-0.0040455223038161625,-0.0033903198542728497,0.001073678240844922,0.1140788326707054,0.00839960503490067,-0.020968129369861588,0.02642834617825418,-0.03231742899640977,-0.0015193409937006574,-0.010605717774075929,-0.11577698444266094
2025-05-30,-0.02037883241201277,-0.014235574730396605,0.001292495352214873,-0.01686143961030606,-0.024526702820625967,-0.01061097383504972,-0.008437170873160205,-0.012188822477092298,-0.0055770435395794404,-0.01251001049635958,-0.012359638739134926,-0.01578461263423503,-0.01733570387156147,-0.013019620782830144,-0.0017352059267264908,-0.002144875300224114,-0.012062998204082964,0.053872704592327514,-0.03087521988388464,-0.015814725241883654,-0.05550390908558056,-0.03914963394760451,-0.006981671753974794,-0.029729345302849763,-0.13728249605758525
2025-06-02,-0.00631513281937135,0.0019105881387246892,0.0027469943325511004,0.0002530813231576001,0.009519997417922532,-0.008330801831471057,0.005584910960240386,0.0037888129202408027,0.0055392671895766465,0.007288454632998764,-0.004969132989259495,0.008527715742710829,0.03422880172121112,-0.005244946977354448,-0.007174886728207874,-0.0071681216855280505,0.009727547518534552,0.039617937172240714,0.006250388719257538,0.003929105224589335,0.06471588107739912,-0.006019909898929754,0.024086003203672712,-0.012476267975413458,-0.04736547571437344
2025-06-03,-0.010213254430800678,-0.01149502628513177,0.002422977036705687,0.0002820935066534247,-0.012567806910801615,-0.005609318375776495,0.0012320695699064022,0.006961399413438096,-0.02155878008660439,-0.008224983066012936,-0.020225411755411815,0.003936515458485834,0.011190068406889297,0.009523435162675176,0.0031910270404218455,-0.012204245882682763,-0.06659190822329464,0.03635092964665687,0.022672993943419373,0.0006818717387175877,0.03970224894839647,-0.017977690654785605,-0.0001315289435591671,-0.005899847748531584,-0.13629583533417766
2025-06-04,0.022146980179926112,0.015847721889515887,0.001566734014164739,0.0023714686550884156,0.007954149112956888,-0.007223352198907573,0.01787207602689711,0.05257063416781249,-0.00433028508392741,-0.006140640641158712,0.015634529267994246,-0.00026177122096737726,0.04447742970595936,0.02219775453983308,0.011445803502447616,0.0026984877217641756,-0.027516345462136327,0.06521443734378773,0.0653921128471211,0.012404508840755835,0.04621059713988229,0.004436172727777965,0.007768477549770614,0.012919373390378963,-0.1050470879024048
2025-06-05,-0.0057744956501875055,-0.006319505292503691,0.0029227913082128243,0.0026579665641546235,-0.005131678829419339,-0.017182076222437392,-0.01186686439470419,-0.003707443747563932,0.006949074274174016,-0.0009454581803876039,-0.009211879320000782,0.0010633440631335755,0.003888875460587693,0.0290823669110456,0.024061608048535854,0.0019291054350800696,-0.03618030150340912,0.05062945689642162,0.0068647658820799595,-0.0008044616234580415,0.029279248611548958,0.020113568455237818,0.012195818686220994,-0.0004553638823072692,-0.08960019942023789
2025-06-06,0.004158818002197862,0.009580969027147335,0.001632458597093267,0.006702174366826519,0.003521443893039322,-0.008476792702823976,-0.017966002600849795,0.033818789397273674,0.018762207749824178,-0.004082746065781517,0.00285863448793533,-0.010728499698606453,0.00849473938949008,0.0344173924552762,0.004785247132608639,0.0015305684699515876,-0.020992182853043384,0.043760619890952146,0.05127565982890747,0.01898696672681366,0.01716196953415139,-0.006422113229283211,-0.007561774224358553,-0.0005048056203628137,-0.10396546753492697
2025-06-09,-0.0012139435364385553,-0.0062545717991501215,-0.003328850371138392,0.01061324352915638,0.017481404797363265,-0.014233201697508524,0.0069605116473800965,0.01250321105599106,-0.0005459929885616166,-0.005879563493820461,-0.004907336748689928,-0.019583484941911977,0.000545745673343534,0.02721629693796568,-0.005709704844481744,-0.0008954884133074437,-0.004922138188096947,0.036654754557819524,0.03296372316706231,0.018110505206498484,0.034514077425938705,0.008988402523086858,0.008969728074240235,-0.01775275231248441,-0.0884768043124432
2025-06-10,0.0063717131622982315,0.0051846702682072365,0.007520235426033084,0.0020132586553589515,0.0028532891464385646,-0.022422226619337793,0.012073050065104951,0.050933197584713596,-0.003622286385432827,-0.004156801209691752,-0.01319224603267044,-0.006156831377708061,0.017506616212092263,-0.002518663026742529,0.012059416971541559,-0.010212528300183599,-0.028702869002197096,0.04393620096875761,0.01944417830280387,0.01228682333121478,0.01578737534612884,-0.0023935417777402046,0.017292389133488184,0.010724572183906877,-0.11601338279613171
2025-06-11,-0.003035742662027663,-0.011553557778489654,-0.00045919607195543666,-0.009979801407564937,-0.012107320786769904,-0.0029169310047355568,-0.01998568887406782,-0.008421168396718914,-0.013227471778346489,-0.0027044617743967603,-0.012811993257270782,-0.003079527560559736,0.021693446591248833,-0.009683713456149046,-0.013537918320808306,-0.011426182887063874,-0.00446391959316772,0.05837170476496767,-0.044771287289101624,0.0011583645838222356,0.013740771482287029,0.00696380011151132,-0.010582424045667116,-0.010370678744829331,-0.11062178738149941
2025-06-12,-0.0016320295222790326,0.0037726790081029637,-1.908680165918497e-05,0.004058150476363931,-0.0056202603123362005,0.004384219323950056,-0.011600682992754963,0.0021844936987867047,-0.008015161429820394,-0.0021640495166157514,-0.012299612446375785,-0.00918816538003242,-0.022502888463460602,-0.0027661260535296606,0.0020116005651071855,0.004666075839370398,-0.010738674011256721,0.051280419275840705,-0.0057225677687632315,0.011940346403886526,-0.006934132052739073,0.04581593745116663,-0.00949230774382126,-0.011884995284423883,-0.1243102111530009
2025-06-13,-0.011261308507252044,-0.009509816020116912,-0.0188445584333371,-0.010250980902976603,-0.01667223214898872,-0.007802517107138085,-0.014546086391637014,0.02225521999587121,0.004222319977589706,-0.019557566440427054,-0.009155637958713214,-0.015166055510998033,-0.02924126422858997,-0.012665536879692407,-0.002584162319894223,-0.011803743610850792,-0.0021339138628680976,0.008120738652850346,-0.04047193119741388,-0.004222123577274028,-0.027833079552740503,0.03551358693016193,-0.008084672666593962,-0.024653841754693095,-0.1174897893353053
2025-06-16,0.00774267721393862,0.003786161278647393,-0.00012331854851144186,0.0024043733317400395,0.009182809611266052,-0.004732708497568461,-0.008214317764423607,0.006527587591631079,0.0014439519276794321,-0.00476873398716815,0.010733044865664176,-0.0065168979502758795,-0.012653242575117574,0.011804800456450604,0.018263092535206304,-0.0040799860160594115,0.024841463211652925,0.033357946578838726,0.02432052905979276,0.009422827083795049,0.0262619672367721,0.018390734495993266,0.012799955902968785,-0.0016055056035824133,-0.09767491324464062
2025-06-17,-0.016834238012214287,-0.009995390639039314,-0.005487185261621175,-0.010052640972104343,-0.018800020217895508,-0.026389379346217434,-0.004323274057034587,-0.012701151146742307,-0.007843317054175736,-0.021535048130226886,-0.01905526327829543,-0.015253897951564954,-0.026126281460165046,-0.012072845999586135,-0.010449310079100882,-0.02050649402253446,-0.04700270279189844,0.04421289340423007,-0.030678954817265014,-0.003190088932077839,-0.014518956387354787,0.008727856718323102,0.006893604187162783,-0.011485290680809612,-0.12357885652971246
2025-06-18,-0.007518835666542878,-0.014250360214745683,-0.009796081553470115,-0.004791257256598014,-0.007775282442381681,-0.0039076303292256975,-0.010960996619615804,0.0017027167893224338,-0.04184721428030269,-0.015114765460403579,-0.012955718713172137,-0.012726759281200928,-0.015668193845578937,-0.014959692421173898,0.00010511168336724275,-0.008043192233162744,-0.051376400572246905,0.029809885304648898,-0.03034353859889327,-0.0035337399757637833,0.009640558906223395,0.014417069123959791,-0.01302390862184899,-0.013284467097093411,-0.10119088438803159
2025-06-20,-0.007305219040170119,-0.01756252855434537,-0.010116425108029903,-0.010290689882120008,-0.009909701325291898,0.0008112816664753719,-0.008113525571268099,0.0006278985087677658,-0.017933290703265325,-0.005342878544710494,-0.009982372065192813,0.0026129440113282776,-0.020937842107757065,-0.01919802177356389,-0.004448413203544055,0.0006658585123120453,-0.05952379171588762,0.004592016845388347,-0.0676228916515168,-0.005229102626198356,0.023248675363506388,0.00130246526704636,0.004194645076113446,-0.01491259418757851,-0.07077570241306363
2025-06-23,0.0014830661319813476,-0.006531237934106815,0.0020002857905938587,-0.006649075555284378,-0.002641143989882133,0.024245397440185723,0.011952982296587367,0.0027646415812825342,0.014850035740449297,0.0025267578626297915,-0.03260876190201156,-0.015891788316813038,-0.0029447796687691596,-0.01956736623602573,0.028102354425237452,0.009404292521746127,-0.04648205674878625,0.004608616028431323,-0.06358155060124981,0.011912026870194437,0.00566274388549326,0.009973225286813658,0.02299364180557739,-0.011239149938651383,-0.07027917602606515
2025-06-24,0.01873327477571962,0.010040536663151745,0.005973512300815997,0.011310054341143738,0.012387374507963234,0.002466851862606978,0.01574939615669968,0.015668966414445373,0.018209377934147675,-0.011556009687946345,0.025369732414153523,0.0012391460689351597,-0.001723796671575628,0.014628152227820879,0.0704095162963958,0.0053286713949638465,-0.02205736303030581,0.015416030396274705,0.011256311847474443,0.01738103552494019,0.03801554915010885,0.07381986279971375,-0.00291881396975735,-0.009252820304074039,-0.11935146065175939
2025-06-25,-0.026839435261028055,-0.003952049321831241,-0.007325690290439502,-0.004406443606546961,0.006912914098881728,-0.012268131975038732,-0.01427641976176841,-0.011289252422626905,0.015349883811235587,-0.014447106276492261,-0.0157340188383136,-0.010433587194220384,-0.016506930903600225,-0.012028208782440375,-0.03214714286883713,-0.009608667510701996,-0.05511063637783786,0.008237655626420093,-0.047269290040272804,-0.0014363599658255843,-0.03728260828195096,-0.008901580938733056,-0.010046694207651141,-0.016067421821705397,-0.06287457191507628
2025-06-26,-0.00378517934591438,0.0032580250857527915,-0.007374680341706963,-0.010789214521736201,-0.01143418295915466,-0.02379177140700739,-0.05000560401678589,-0.011323936091244602,-0.007071770000128819,-0.0024771684712683317,-0.023859146231823836,-0.053312630740699696,-0.010298131167657765,0.005614660047208453,-0.0021069074229828066,-0.007668003075476659,-0.051154776264756174,0.004489614532352082,-0.03337066130301847,0.0030774718016040037,-0.002926427903815032,-0.007500648913821406,-0.010833012986435464,-0.004966478382000927,0.01109015339851438
2025-06-27,-0.001525176697745767,-0.003945820591319871,0.00210879363649652,0.007823730303495369,0.009177705902128741,-0.02524218749900986,-0.009016283505187128,0.01906547695226468,0.002853227332683117,0.0145311496506495,-0.00260997108333072,-0.011993793273739173,-0.01202958493080597,0.009567063860013603,0.0130000486420212,-0.0017305393455497864,-0.05508908615043939,-0.013454139441381185,-0.01990660216227591,0.0019486114138356214,0.01808727571013824,0.005532473353623946,0.01196518863212681,-0.0019172890137997278,-0.033498941014198924
2025-06-30,0.01344697101176795,0.0015937373122538734,0.0013135056889252983,0.008348077834318568,0.0040058908674016624,-0.005607688544263967,-0.006026489720094119,-0.01738005424022704,0.009418170444421392,-0.0012773138150885543,-0.018941185408545946,-0.011070819892405104,-1.0844362856476941e-05,0.023451029762469044,0.004698755233556673,0.005982874963257778,-0.06016521356937865,0.004592016845388347,-0.035513526550294605,0.004339143306555382,-0.003309007855615387,-0.021970308721257048,0.0028438393964977937,0.003269494884661217,-0.028634118534512032
2025-07-02,-0.007283463786050937,-0.004621940273295877,0.0026437290736733843,0.009464897158977692,-0.002760220878638142,-0.009939913742212036,-0.0009469270933581964,0.019037553167529753,0.004241503617481879,-0.007692368583025688,-0.010567705182368825,0.01716967090980992,6.11090593782837e-05,0.014532048379235496,-0.03389098240416155,0.004780747583838618,-0.028372582243784028,-0.0064303285975790825,0.04102937948957042,0.001723974370400727,0.04362890754248805,-0.0011515892359452717,0.0034891006216664078,-0.010993123380061531,0.00793829353348463
2025-07-03,0.004323531669099934,0.00456137668152623,-0.0011053857616931673,0.0009306191530693564,0.0006338012969406837,-0.012303276095804394,0.0004647814180958054,0.01483604780433967,0.005884113805469937,-0.0016485490866530172,0.0035554967742064125,-0.007137187541409795,-0.00787241824235907,0.008273441462484321,-0.004660785098326348,-0.009861076514454004,-0.02577380911467786,0.004630402456174965,0.00585825310265875,0.005198141358264685,0.040649367153528626,0.0011978920927331327,-0.004393715795685593,-0.015036989892777908,-0.0007931797353706305
2025-07-07,-0.010675736186905871,0.00701360963482478,0.0002479729600228797,0.025659992041715762,0.01474128274791564,-0.015461275114253215,-0.009232383248537257,0.000666132650001483,0.015253988157098997,0.007807602400266456,0.009260005558253237,-0.0046704140356966795,-0.02276875682597934,0.004246085166344615,-0.006671961193679188,0.010549006117766213,-0.10567474649909869,-0.013373709696190783,-0.007449135959936792,0.023790856535361282,0.0279774688560257,0.01617281942372162,0.017178289917275213,-0.011886381281763114,-0.028567618639907533
2025-07-08,-0.009696381898185114,0.005044932324819618,-0.012998727301601343,-0.004103472948199016,-0.0029826160568319215,-0.005692002954187814,-0.008824518553397831,0.02707664988865366,-0.00580145222211359,-0.010541649606184311,-0.003992848484187239,0.0028431658790759595,0.0009927331279100393,0.016322689202822316,-0.015587500388183684,0.0019709610790803467,-0.03910170635774857,-0.013373709696190783,-0.01679266806506785,0.004796358109614873,0.04032148918647138,0.02811544795213594,0.004360553585665228,-0.007560997144153925,-0.02404269498395284
2025-07-09,-0.00992697724288838,-0.010181095137695162,-0.0063988524323125295,-0.010873897426374568,-0.016762594625412408,0.011152676188594501,-0.0032651718733530677,-0.003038417656841763,0.006216860197675977,-0.0002617301225867896,-0.005133477226847205,0.02653156953167435,0.029110843823835664,0.00026840629538393834,-0.014715438448510754,0.002443188809560626,-0.0248432903534076,-0.04219983858984677,0.017396938417791885,0.004731720660755334,-0.008798794913955188,0.02533576304271934,-0.009351860829680758,-0.002345994829649367,0.0035603041601339758
2025-07-10,0.013932538370754477,-0.008613442292179085,-0.012349608166250747,-0.0013861785230875334,0.0013997584884815062,-0.003199943887974732,0.01050239644093831,0.04948414689196534,0.00178864818815061,-0.0009345416025472453,-0.017768578603304053,0.0013395113376586387,-0.016466196272843847,0.007552837514582578,-0.0014148493323276057,0.019735432881582193,-0.05148249972164687,-0.03137782184855653,0.0032076788800754485,0.007112660888022759,0.01886108267692732,-0.011737386786875303,0.022425263564994857,-0.014842388270637885,-0.010854385138656997
2025-07-11,-0.003675884297145382,-0.010046423674066607,-0.002035042178573754,-0.013922375238187068,-0.020284061020157007,-0.0012882409195812405,-0.00012424532557142598,0.046613337360609686,-0.004409677471088669,-0.014139999146473459,-0.01449544731642105,-0.019240859755533357,-0.019399268582081186,0.000768055761525499,-0.00502046695811631,-0.006036455945211183,-0.04487391696359977,-0.02780180370092178,-0.008726059788527474,0.0003728619751519613,-0.011729527084609281,0.012692389904912948,-0.025414834530868236,-0.014421977676362219,-0.04367548927408549
2025-07-14,0.000809339425213107,-0.012383205594882596,0.00857259026812307,0.0012592499209607144,0.022788869716346083,0.008483825286506264,0.0055734883315476935,0.011837982635001687,-0.010208226705018308,-0.011296605786045189,-0.01006608511305429,-0.0016617034554995413,0.0078100935617833045,0.013751892258803133,-0.024156964598571418,-0.0013013965281455375,-0.07672387419514515,-0.009794361343536395,0.024925799342538024,-0.008263646248880652,-0.0010056146454274772,-0.0011698507263274704,-0.008451757677482186,-0.006631647270497365,-0.06271030140593581
2025-07-15,0.011224999693266513,0.006031694167395463,4.331106526112016e-05,0.04388160484378334,0.017206325470674022,0.004150484384816799,-0.006577740482810235,-0.007092424413927323,0.009878727670582288,-0.0165757973172731,0.034339685366263195,-0.009407652669444322,0.008156245655903449,0.0484076798808597,-0.014627044504371911,-0.00078579261718148,-0.04529335880801422,-0.01337245110852392,0.07875184962975501,-0.005543624414898529,0.013621431416815266,0.008683929800871626,-0.007428353417940126,-0.0019742398530416816,-0.11053043082038638
2025-07-16,-0.0021465509806286587,-0.004151930768412804,0.00672021565749481,-0.04349791641272682,0.012406788878841724,0.020252782301092953,0.001032125324466282,-0.020872012308968624,-0.006891674709056939,0.010783284331021159,-0.009176111350372662,0.017279752037256513,0.003347270854283213,0.01580064973050832,-0.028575421443195026,0.0009056079126725791,0.014868892048595539,-0.013386295572859974,-0.021186610622252577,-0.002480876398294085,0.009708019882254337,-0.01593309229551365,0.03965614664746098,-0.00025757713921370495,-0.056025974479466
2025-07-17,0.02309064093627966,0.03056206751554491,0.005302784420424533,0.003119212365983559,0.005870724537103689,-0.008179938504251028,0.005790124339710712,0.0627421917542681,-0.00931641850057463,0.013950276012588025,-0.0035279076408286647,-0.04352282015023534,-0.020203518048800828,0.007390989145278581,-0.0031747536380816177,0.007610870727712715,0.0658948385906244,-0.0025712424047713567,-0.04186261206267128,0.006037630947762773,-0.0037205381794754855,0.004544766458709493,0.002359113986089012,0.00020728376842193974,-0.02952816929573776
2025-07-18,0.01859361983922936,0.038303839048338784,0.002193026579137225,0.0017103867376135895,-0.009603388389139544,0.0023385014254411196,-0.0013479306271152458,0.013379793060808609,0.0024961354896051446,-0.030735108124231636,-0.0016318521871619973,-0.026661803075788804,-0.031345118900463764,0.022650002995659557,-0.0160853450587628,-0.020614620921935112,0.020701321434360764,-0.002736468453327201,-0.03343595198216753,-0.00637778135642908,0.013053660430154768,0.012925991212037635,-0.008563052190832088,-0.010357604829762557,-0.024403030424845817
2025-07-21,0.0007580577308803349,0.001272893566036215,-3.3376937728313294e-05,0.004333576480458845,-0.0029781233289334352,-0.0261466785068164,-0.007948809325361683,0.02231455275737204,-0.0009104589072033153,0.0053920826879574335,-0.014467312775744867,0.00365957424671981,-0.005403757510675011,-0.015342424154564327,-0.05109692108340158,-0.000741385434172126,0.014069031273974852,0.04764011078839281,-0.02237055839705282,-0.0011255356189221466,-0.006197914331011023,-0.014737931853580521,0.005373317934178834,-0.012561446205749283,0.02423656198239632
2025-07-22,0.003703641002071434,0.018913121904114316,0.012865202092248174,0.031371990085354184,0.006182198629001823,0.0027931623204990874,0.02645479175690202,0.08483573358065888,-0.0018792818205531914,0.017447688026427155,-0.0048045565016194836,0.012919030226938855,-0.01550400135880814,0.03237775946770083,0.0164654233527608,0.0015412263135918813,-0.0523333359896343,0.06218408957381949,-0.01290740436032578,0.017189456084487187,0.04496955099166455,-0.026640925841025065,0.023144339622968024,-0.0016065409175335388,0.06679427530090765
2025-07-23,-0.005154055433517213,-0.0069352325419833605,-0.005092527953411752,-0.021102449094588027,-0.004381126475041852,-0.016525674648468103,-0.0019604641093874386,-0.022266450520401992,0.005352204175237407,0.0053830515678880975,0.021904390008746333,-0.01589315655511403,-0.0039290395947844114,0.03858559639760806,-0.011105198205449196,0.005483277240698081,-0.003372681875488226,0.141445809378836,-0.014491471968990699,0.004668765159207,0.02179532332853107,-0.003693209038407308,-0.005607791055695421,-0.0005866064937396498,0.12444707387542042
2025-07-24,-0.011888567583385079,-0.01455203118433912,-0.002910238577687241,-0.009678848437493559,-0.028785576042108407,-0.022455254951220027,-0.010806403787823937,-0.0036071624665664492,0.0002018259081466578,-0.007206045777854886,-0.032762793148867764,1.803854646276193e-05,-0.008451566364708785,0.0019566311751970655,-0.038207143064679316,0.004250734342118978,-0.0776919869367324,0.20621976852560508,-0.06695457779798597,0.013260919567734009,0.02184944251416554,-0.09903712767526174,0.005615688106407557,-0.00489927926298106,0.06985021685405379
2025-07-25,-0.0018819283154775102,-0.002070204117406216,-0.0014043313214933129,0.005602335272455905,-0.0075059346691197515,-0.006843321076995035,-0.011204600335550485,0.012359263874248017,0.004506543200146984,-0.00048508738265706786,-0.011242597754042793,-0.0011305619352635077,-0.0007508479105308163,-0.0013420169540141469,0.0207055933978324,-0.008253627377298733,-0.060695793122410246,0.058656265010264885,-0.06179510475075989,-0.0034266280307392316,0.00826699693822408,-0.04930796729099174,-0.010436899624518547,-0.012594716283690244,0.06822189040073545
2025-07-28,-0.00620183353121917,-0.006248431389759723,-0.014102740978567119,-0.013848577737571421,-0.01784477036891663,-0.011531874853245694,-0.010848073391879876,-0.019066396628222626,-0.003113477230072048,-0.011123130433077555,-0.0036419294102127964,-0.019694490610961624,-0.0026366385949645466,-0.0049478931835025275,0.0023208418596372127,-0.01112171942756357,-0.06625543942186873,0.0369982663224,-0.03540968659392019,2.635478134238589e-05,-0.010454005488798823,-0.028104263361198978,-0.010082436784307203,-0.007845301612216304,0.017286152860888082
2025-07-29,-0.02974504999612515,-0.03028907915108603,0.0013605045969964369,-0.02391279772922894,-0.016551633940955046,-0.10379255569664181,-0.03523770189274278,-0.029668225103211876,-0.0041825769839748395,-0.009477720628473851,-0.00012315862963496738,-0.006989546456743545,-0.010978965755995773,0.020023156205014603,-0.012249905017635898,-0.008789382351703012,-0.05957619367966571,0.02975483467355966,-0.06501249982092938,0.00551591723368583,-0.0015231055973793373,-0.005656991755134011,-0.011980697850189403,-0.012878896002940232,0.01807958737042714
2025-07-30,-0.016453864793770312,-0.01802682479152784,-0.002963037400200874,-0.013750542011908506,-0.022965978847738655,-0.006593676025537287,0.0023250250178219467,-0.015251841005120115,-0.018720521666986456,-0.0030965341863746776,-0.03147255666205462,-0.007081193726949042,-0.0007951452495497113,-0.0033073863660860736,-0.045789763180332455,-0.017324591620706542,-0.09697693251610373,0.015406963053256284,-0.058849055495571734,-0.0035507823441623954,0.0014645422770100947,-0.028427960424362464,-0.01469719645288814,-0.02060533575266099,-0.009617686671281267
2025-07-31,0.02296871579717985,0.005590455247993065,0.0007461132057056119,0.019085604305034254,-0.0021125738827844076,-0.013167325591366463,-0.001846614305050398,0.09844947482922417,-0.011659522503504105,0.00275002948135894,-0.018584192327832705,0.0023139613550400284,0.01091362232459625,0.04131864645855221,-0.010765194229274355,0.017462333225662485,-0.1058605980279067,0.040571073911769506,-0.06667645202501638,0.004015667973086945,0.011709877844903627,-0.010770402074714358,0.0002237759357035518,-0.010210099779432547,-0.0262717853772364
2025-08-01,-0.017335595010867122,-0.011245286505316754,-0.007576215798172803,-0.011532389577663893,-0.013580343520151139,-0.014271301648988932,-0.006376726691610934,0.04042329186017124,-0.01827672575774042,-0.0035023882797096118,-0.014873833418160398,0.020077621267640122,0.00011526265686567783,0.042552847699161234,0.020372786683784172,-0.02693951164483044,-0.10626676182817418,0.019046629557711192,-0.07147367745651867,-0.016908646981574793,0.0032817019764106448,-0.028148818754519134,0.013026274621340539,-0.006829476998339801,-0.07187417830238518
2025-08-04,-0.00784670188471659,0.008936392650297442,-0.006199108368508566,-0.0012742380923270735,-0.003387020488387682,-0.0025354379147034534,0.00982177560529851,-0.054783120607568514,0.0052298654265789946,-0.01660222140339651,-0.014212462729874198,0.00622432585229693,0.008339089198141414,0.018004761352995224,-0.007558236830952358,-0.0033731473396686473,-0.05594931616492749,0.036986360266374696,-0.026590388238584506,0.011446585717209468,0.014846717722889924,-0.0142326146512477,-0.011343577903240809,-0.005587919634515881,-0.028975344064936737
2025-08-05,-0.010048452106765415,-1.9604264707595576e-05,-0.013850101355637912,-0.02044224379573656,-0.011832902379984911,-0.02304454091753272,0.008739755341632183,-0.010600043051582464,-0.018122728432693247,-0.07621134708362032,-0.004436835107193726,-0.0042850660491207115,0.0010440830890388053,-0.007302033312320155,0.01309956571077997,-0.024041626568166885,-0.07915840885961012,0.01896095810590892,-0.014705032347025804,0.0052481889437248075,0.008897107904300539,-0.006824815682336061,-0.024287023478415493,-0.0071235318575485485,-0.06042302856825743
2025-08-06,0.016202732303824963,0.0033145991140817177,-0.005515676981925566,-0.001405181721975235,-0.006429816560387436,-0.023817252366562403,-0.021567621354841915,-0.00638162070563697,0.005177171935242253,0.008809617830371597,-0.0021440141280079095,-0.013379528568079446,-0.019534613431671732,0.010352258265330594,0.005157296728453442,2.2427056463270034e-05,-0.05042739659795892,0.019033692178067607,-0.026444781663451766,0.009918773242337808,0.008686805114941576,0.0010295502537358558,0.023788099423200926,-0.01603035591885349,-0.0583162713981612
2025-08-07,-0.004337828877860717,-0.0007279170817865444,-0.006147558843593415,-0.010110934900725788,-0.016579263197854743,0.0030467299106842205,0.000683830723806178,0.011988750087301714,-0.010708245277479156,-0.000846841143874677,-0.020588330882524875,-0.013109544343767765,-0.1194615693070803,0.012673942509944025,-0.00019300998745330755,-0.0023417951005256787,-0.06629418555589373,0.015381118041523756,0.02311438266031951,-0.004180629018420645,0.02707580975989754,0.010497430972979727,0.026701549642639266,-0.0861976557764279,-0.021034877656152196
2025-08-08,0.01541716182107411,0.005594303835928072,-0.013118805888779339,0.0007539143062857967,0.0004035211076922618,0.008210613321626203,-0.0009056602305089756,0.01633784368097624,-0.042448119957824826,-0.028428591455298746,0.00752464342304604,0.01576941983700131,0.008868419260507077,0.025568071500459144,0.0027242543237002703,-0.013803414831375038,-0.07429019975330975,0.01897135753069401,-0.035107995800222946,-0.0024905164137221103,0.03934464070040522,0.008033799360111171,0.007733355407467002,0.00033810062438521804,0.25733509914793484
2025-08-11,-0.017640801666903516,0.0006153689496499748,0.0006493380329994913,-0.016627259156428598,-0.006776615754064297,-0.006102789873397518,0.0037346950803827106,0.004732361700918064,-0.00871720852175173,-0.004222157725307651,-0.01449544731642105,0.0014625480453493989,0.002458125699141167,-0.005740570266454248,-0.005164688157399788,-0.009350011394756774,-0.05990674003653096,0.004604771364711713,-0.054999641354021356,-0.008424839396831918,0.001369804676421893,-0.03018496801489845,-0.00907293764202044,0.005892406211830847,0.32536527202767185
2025-08-12,0.030186339302905152,0.027431612799475813,0.005941901102207048,0.018070572477480118,0.01956641123400593,0.0011367039820002756,-0.038892849177700084,-0.061314427151213824,-0.013971178524513905,0.006611243276895884,0.02497442821055218,0.012578490391550678,0.004934841138277024,0.009294688341289215,0.013278543625234507,0.0017352964097763213,-0.019242374392829054,0.015417325730991527,-0.03255441610536225,0.01672435419688667,0.027329193685678987,0.024302195989471587,-0.00599487916789887,0.0009484144307876363,0.35180139174921754
2025-08-13,0.0061090616607002435,0.0013768463810164278,-0.016948508748755642,0.013545036755622242,0.011984282279516645,0.005788256036704187,-0.00813395403424777,-0.0011152651736315855,0.0018588340259153568,0.016944945002044465,-0.010044843960936634,0.03253846016487194,0.013915125890838986,0.018568280812902627,0.008861802600651059,-0.00813395403424777,-0.005586753261990651,0.04045046209992309,0.0026738361819176326,0.009843435948926782,0.010428286292110123,-0.009433299803856432,0.016145717243008173,0.005396987366449224,0.384807579074653
2025-08-14,-0.014983462155353733,-0.009281649797796554,-0.020398743888373705,-0.010148456119172589,-0.005489701219030807,-0.025007857962258906,-0.020492710865897212,-0.020500907537449042,-0.028355424547436003,-0.005087315305825069,0.09173060299896085,0.010735424747170264,-0.006621207834227372,-0.023924929254302008,0.03351384059134621,-0.006703038233199621,-0.021074845680464027,0.026156852486177495,-0.0459535814980101,-0.01023010258617807,-0.04374321862217456,-0.05707671390735014,0.016967364315558342,-0.01137463722081733,0.3758506042656671
2025-08-15,0.005528812011021733,0.02796696526598219,0.011375657690677388,0.01082534582228889,0.015066784095099317,0.0006282133507076182,-0.0029610957461396747,0.052049853070362806,-0.0007280329834015165,0.0045797958073439116,0.0009914783285109863,0.011338394120810502,0.009121325575654593,-0.017911478874381825,0.006355221648690179,-0.0008627715458355834,-0.022439572401310004,0.03862364828936182,-0.05588107192838665,0.001144170771699482,0.005558005836692859,-0.06459092165122338,0.0003483493883045252,0.002950752428084291,0.36986640005541793
2025-08-18,0.0011802330132106853,0.002383213142659324,-0.0014106385117049758,0.0029025438806749015,0.012539075722599602,-0.01782744809666481,-0.008205580437313675,-0.005575767657190145,-0.010515255590531902,0.0025268574855830117,0.007842890032928596,-0.007749311196577069,-0.02150008286200611,-0.03247603153089085,-0.0010260462024400674,-0.018389982819190798,-0.01497449118712102,0.022955193908637428,-0.031109606030111148,0.018574980203526437,0.0063680734517428395,-0.10015837386895676,-0.00027681398836809645,-0.008024802935586384,0.32935667060720464
2025-08-19,-0.008545892380545594,-0.009349979998289792,-0.00451173672471572,-0.009499053561492943,0.0017649292313490772,-0.0039011041996921403,0.05246680008711668,0.026060990893930658,0.004356475366930068,-0.006097610659928532,-0.05435483181632106,-0.011126444868067797,-0.01233798442963474,-0.01160987510335687,-0.007504218918886085,-0.009209132025034261,0.02416420694977517,-0.009955043362400273,-0.05151410626829678,-0.003197909504625951,0.00039900664439196376,-0.05414661056458414,-2.1767897435909234e-05,-0.021151359620156795,0.3074707270576176
2025-08-20,-0.008550811732961794,-0.0077125908639090746,0.006914725216296214,-0.030537771248366652,-0.00870746589524718,-0.005489708648620195,-0.012580314858817832,0.010824830279365205,-0.01543973694868972,-0.010984333931605472,-0.021995295705902418,0.006978249000662018,-0.033715825554633594,0.002843282854304352,-0.0002497830958071434,-0.015357187221202828,-0.013124491932380078,-0.016118086276556087,-0.04764002880121532,-0.005983508410483451,0.056521221793005116,0.028840720180257184,0.042701240922797146,-0.018573202583172743,0.2917411348362762
2025-08-21,-0.003303044594875737,0.005715952180201933,0.008018410735983972,0.006510077721663121,-0.056819753255537675,0.007001134486187555,0.09843972946417412,0.05098561840410776,0.0024448816246933625,0.0052856976549933155,-0.008755757204264025,0.0062754729577543245,-0.00023833278741658415,0.011634068478021842,0.008170206086700382,-0.004961457329530683,0.03152779447366827,0.039237694460762196,-0.0015423409785367825,0.10852835410844164,0.05993773364037991,0.007570116276302441,-0.00534246028208607,-0.015222609418585886,0.24349167456306575
2025-08-22,0.01762805543065471,0.02597661497817927,0.004459337965511123,0.026458176609612805,0.014495513658433934,0.018983358699602215,0.009685102142149571,0.08260771352122664,0.004511630289270485,0.004644318327489572,-0.0021850185709982872,0.0060693686215274045,0.021638323636021584,0.03340589454967047,0.006425283024565909,0.009780039124391182,0.004693441696601353,0.10039785775986454,0.01796505685717653,0.1044806635933786,-0.034778350761775934,0.018008148231175136,-0.0070976705854343125,-0.009111356576744667,0.29522070644731513
2025-08-25,-0.02422707035834515,-0.0125551239608791,-0.02592337600502237,-0.013065792746606797,-0.026712902666128135,-0.007017447848300606,-0.014721924964154254,-0.09683104352280003,-0.00139049418029491,0.006483138921221432,-0.014517663192626928,-0.012515364424649178,-0.018579882148969218,0.0061462389585758,-0.015790289050685247,-0.012491843528390278,-0.008395735512256919,0.11497778793064772,-0.010487832678165443,0.02037884860758865,-0.007336482974009684,-0.02789958321910102,-0.027143313710773942,-0.013450790699604975,0.21685705476793915
2025-08-26,-0.00014511317410126345,-0.0011174708567860403,-0.0067435061189092815,0.010798147154200688,-0.01354366727364309,0.039865281502005745,0.00946883871492643,0.05662265174471259,-0.010188097446601763,-0.014828331873316225,-0.01733600786064926,0.010603057789308146,0.01293242820749363,-0.0023203021190292272,-0.002920176297366628,0.006515138374653784,-0.07233819177277367,0.0858936230779308,0.006123330623206913,0.01974724215098078,0.004177213045503558,-0.027731593113542896,0.012099738924556513,-0.018388241114603243,0.1458281429871473
2025-08-27,-0.01994926305130995,-0.00990054047444655,-0.002200080433438889,-0.0018085335086759358,-0.0053104931370143715,-0.03646110896674204,-0.04370663135186248,-0.04334371191353903,-0.007135904504102619,-0.014757169505689838,-0.005662058513767776,0.006915445693149502,-0.020235594444521943,-0.02631572315471664,0.01999733229125722,-0.00933532698472106,-0.04520209921831342,0.07966112118717938,-0.05830501438549307,-0.007443958797682448,0.020534711949433238,-0.031183028008995084,-0.008696702805174872,-0.0218795538808928,0.1821873091389583
2025-08-28,0.00470421774258134,0.02674544118045219,0.009015476582290516,0.022127055911234983,0.011135499537997307,0.0270035622099567,0.0044289831579005234,0.003469509242038038,0.058060293813047004,-0.006242574270133305,-0.006289959033019876,0.0068515567521629794,-0.001563479575580562,-0.011683292903398979,0.015004216249915103,0.0002846016645112748,0.055766603585191366,0.05693868396126267,-0.06920722421900216,0.006183648307623191,0.014758813789748082,-0.052768684511653285,0.0257232939521308,-0.012490668167882357,0.19827659213025917
2025-08-29,0.13678430995932755,0.027859107555801232,-0.00048720000388979834,0.038563458708313014,0.00216400318578458,-0.007672077470409988,-0.023643563746600482,-0.017261841406904455,-0.005506788364331161,-0.0024227177244338094,0.01213289927372041,-0.0038447404558148435,0.00696985808341033,0.013939024698264912,0.02287290075270798,0.008912966080179219,0.05477444298966727,0.05113500011320693,-0.06610876786349273,0.006255891558328841,0.01655078607213345,-0.07737777346000718,-0.030992986039313775,-0.012743569252839593,0.19725288225392967
2025-09-02,0.002418837405485652,0.029321886624417592,-0.01022971081344981,0.026142702614828206,-0.02007969803409826,0.037267463001366075,0.003649873701927042,0.0049174812274519475,-0.01992600866088201,-0.029881143605457017,-0.013288369092050445,-0.018072644146542638,-0.0010159595032154245,-0.0053564028649533135,0.009068926906065977,0.0016077502052489479,0.17257042764573272,0.10152530834212992,-0.037559993358083466,0.009166098420710034,0.019345366069042802,-0.025106970502279724,-0.013907712823125529,-0.017742305235415423,0.14781961460676385
2025-09-03,-0.00696002323857392,0.00908868494234305,0.0035874553511332508,0.0008550543632910301,-0.007694810137102381,0.01598678898944028,0.0012785230772041078,-0.04280501751190313,-0.0033544031225232196,0.01657773264552098,0.04720697023041498,-0.004191341125533321,-0.06655944380169954,0.07242223835150008,-0.007593580746906192,-0.0014822029365971767,0.09137104755321901,0.0994965580875613,-0.05938216728142309,-0.00032783746901465793,0.03656473658392545,-0.024062514305114746,0.025329014168045783,-0.02037365588265072,0.13903931330552033
2025-09-04,-0.016537952655798827,0.006953471278597023,-0.00043900527001838885,-0.0025048543678897195,0.0006201588249479251,0.008373816897929043,0.004281168278978731,-0.008781332943927467,0.01307906122331004,0.003677129097197529,-0.004242299881951017,-0.027225041532895733,0.015675710512172758,0.0034584627279430347,-0.00496080911106811,-0.002887624883627149,-0.04596000091991714,0.0591355419738151,-0.022981438606789917,0.027321184921945685,0.020639564488660556,-0.01901106053926105,0.011604362977664096,-0.01061720329001048,0.18492667114546957
2025-09-05,0.002991103103788806,0.004573826433740491,-0.0025375481651073173,0.024884568749984348,-0.010736093307341266,-0.00979496885609954,-0.007199234748101246,-0.0298639749257813,-0.007381080658767303,0.007080136636400836,0.006507731634815661,0.015276125327988277,-0.007713952246976574,0.023689446436771844,0.011170313809826027,-0.0030938242335090127,-0.05403839372616703,0.07700288923946474,-0.017172285843105373,0.0028387010121109224,0.00564124910238939,0.0018407738170691523,0.03489152785774863,-0.004240500351497922,0.21642432468941664
2025-09-08,0.002489094290868188,0.037996039208843424,0.024607303711373207,-0.0027116429805510434,0.004177518338722264,0.006517995738130944,0.01192347849944353,0.019841624044526496,-0.004477034332648455,-0.02001430257225012,-0.0350421892491426,0.00985112851470471,-0.035055797759392604,0.02767656986980427,0.019571574807389025,-0.000680928170524342,0.045118916303585443,0.04455638410923024,0.009020595448974822,0.016424197246995842,0.013538010140716095,-0.0017622014331728497,0.022938267150210523,-0.009209585712936619,0.23883643117057862
2025-09-09,0.009861301276967493,0.03513359928693527,0.004888763095400428,-0.004077180561947169,0.016627433247252688,-0.0076039571266133255,6.79109606234185e-05,0.023889693927321654,0.006663591228829313,-0.0044149088016934845,0.047358085806118444,0.002366857276014045,-0.005627970167584095,0.03347472232187276,0.004062504049244131,0.004399722928133176,-0.0204307956514449,0.07962234557579961,0.0014390434965605436,0.00044938136197192335,0.01321342069141318,-0.00317435164291624,-0.01027747759245512,-0.007282081713841371,0.35610690085235186
2025-09-10,-0.01887342864642061,-0.01788104402788837,-0.008723033775929312,-0.0399596828493346,-0.031176552329614915,-0.019001756966428696,-0.025970444255829617,-0.046578139344425895,-0.009498610831143561,-0.008471178242822952,-0.020140367633901812,-0.09676516871493135,-0.100967982963175,-0.011070329193890949,0.042529832967276304,-0.00714632071009802,0.01430249043608911,0.046653885248185256,-0.008877576136823384,-0.004953348176487515,0.00919920882817582,-0.03036656469973742,-0.006611979242339139,-0.024402701632375567,0.2753026477273708
2025-09-11,0.05618928906550713,0.03221202615671381,0.016712166830510133,0.0223392698768472,-0.01826946707519106,0.028058322094139054,0.016550211521169755,0.030127911347934022,0.01549786488109639,-0.008836060591763562,-0.03158527545752854,0.037840382764727565,0.04375496463808659,0.05384507651863224,-0.0006763893715865388,0.013801190978318223,0.16037466347730422,0.07910974124137615,0.02947984971204254,0.01669869550064118,0.018703760191640217,0.014410363531811354,-0.013210524872205198,0.012833640038079519,0.3307690509573691
2025-09-12,-0.000909792163713341,-0.004395775488115983,0.0068512094749078045,-0.029131726036160877,-0.0029181484714694284,0.021784123332061478,-0.001547390536420612,0.006755844594922067,-0.003733504718651859,-0.0259819563319591,-0.0004153728867695161,-0.023028749428475437,-0.018947526785941804,-0.00025909815675562164,0.006636260026047669,-0.004354760880252884,-0.004511710831525018,0.07539847017134127,-0.021685178800832983,0.005282189490979361,0.009679066365736011,-0.022634071482160567,-0.0006064130851496374,-0.002502858554622178,0.35627817797766936
2025-09-15,-0.0058354560599696015,-0.0069463860863012705,0.0013369496228998745,-0.0056516720000073795,0.01000867385319526,0.043607526108170536,0.0033353786452963163,0.013518598118501313,0.004648860118905862,-0.009627379326794028,0.01917010504838501,-0.005720396136468797,-0.007418144700155227,-0.0016767714044297888,-0.019107197072785187,0.009592307405414058,-0.009166129776539966,0.08137645028906837,0.009260454710093846,0.005989969360761238,0.021358183443110024,0.0073643598893951,-0.020024683113708752,-0.013983282523587603,0.41594195419949154
2025-09-16,0.027680995084665483,0.0386286638010811,0.003286606310352269,0.06347727415819548,0.00516003172715318,0.01466309624649842,0.0016854113502406953,0.06984391469843976,-0.0028591406314144585,-0.00903046941482355,-0.010605275175321616,-0.003985911203163051,-0.000422897758797669,0.0067225412133893325,-0.0019016676387570985,0.011607305135211021,0.01224973431907661,0.059934491470201356,0.014108111289386382,0.008261335937519876,0.012173863148210895,-0.021905298970510523,-0.0070204994208104,0.00804630603744938,0.3485668358953442
2025-09-17,6.236020756311689e-05,0.0028667822211154714,0.0062825285645558004,0.023265438733667043,0.0009585259333273477,-0.006407915612439141,-0.01025824695642008,0.018708219242814517,-0.015712866038033235,-0.013870723546677843,-0.016067431792790687,0.0011124465354395152,0.0019277907131198813,0.00862936202873854,-0.00012681835146111098,-0.007157985216243445,-0.010151346589130639,0.1206732632869012,-0.03949395622490648,0.011768345398104785,-0.009143671601124281,0.040553285794933114,0.0053061853581828355,-0.01447385280497071,0.3193935353878967
2025-09-18,-0.0028366947611727644,0.02438535375787687,-0.010730662176189898,-0.009941768839677678,-0.0028366953641926207,-0.004193913546881367,0.017652894780321393,0.02077316806491125,0.015491688270511395,-0.0159772252387691,-0.03129413065059894,0.015480652459982647,-0.005268699594799253,-0.014444509510998738,-0.011022947729882882,0.001041003862549461,-0.018394813519080566,0.14514398475064194,-0.0042120977510191615,0.00793244671836213,-0.016261257514478156,-0.04317165437940851,0.008255807835588325,-0.008703546452321298,0.28033670852390724
2025-09-19,-0.005192310036506664,-0.016655091376344355,-0.0012587844867215647,0.0006006648998337916,-0.004016338478142534,-0.005657442211312258,0.0009043405840443164,-0.02272294877673442,0.0068568160403352785,-0.0031449004170517325,-0.0015656865043319756,-0.0037291103363525924,0.001272281206118775,-0.008112010796198499,-0.016580477650782854,-0.019293214760188526,-0.043948652650010356,0.18440394108997338,-0.019375136042468655,0.004623576247206218,-0.002492152567740269,0.0037436116313172008,0.013428487422231461,-0.009551852861413579,0.3267046230201398
2025-09-22,0.0026317238937760834,-0.01718796131750233,0.0123384211665869,-0.021534844028273437,-0.002181094860727817,-0.006230572205569329,-0.002630395656497031,-0.059993412453707484,0.011717230392027433,-0.009815750398039835,-0.02081929423839024,0.0001227737898750192,0.01705876112477145,0.020178514571306483,0.028603180657798655,-0.004595956690833569,0.054531143342430255,0.21965989356448223,-0.0366947899595792,-0.015699834151476022,-0.0025880413097448818,0.005699434027371053,0.008337024261529269,-0.020255949617649205,0.3953766996939594
2025-09-23,-0.006414076099810262,-0.0026446437645964993,0.001888563877958216,-0.05023991646932491,-0.015656901418309666,0.00033997592163803603,-0.01888026107772145,0.0017002110418700145,-2.5954796239346933e-05,-0.010585702376426087,-0.02721635322497684,0.0018614182463980722,-0.014390492015137202,-0.018215576113011944,-0.02730556987664179,-0.0035469789150154307,-0.08222065500174591,0.21529279045984429,-0.03376478880297318,-0.014596264625008515,-0.010362004996636975,0.03525205866985193,-0.015319789857329291,-0.015598840519708723,0.4389736634640897
2025-09-24,-0.014438117697884945,0.01811758609242098,-0.015676610793166845,0.0045820848164204175,-0.010361736130781063,0.0011642745930495746,-0.0072987591150843745,-0.0016001463456675191,-0.016179390337492827,-0.0004637520324370925,0.010365971730110335,0.0029555592901806538,9.777740203098517e-05,0.036610156158807916,-0.007528920979844034,0.012307165950744992,-0.00865875153500606,0.21268646203903518,0.032991015718301764,-0.012281139156735454,0.004098704020468968,-0.018781046512013844,0.02164738847665637,-0.015356440544793126,0.41259882728503583
2025-09-25,-0.008155800568062643,-0.006007953270754318,0.0013637578127918548,0.0003034368350216532,0.006847318268029312,-0.015950736301041046,0.0009077453326988838,0.02469953109962475,-0.016106483395299298,-0.012688556971622189,-0.026591495215074423,-0.01617968861642971,-0.023757660424664095,-0.010155216472876094,-0.0010041807928031776,0.02426855724368404,-0.010489915398564142,0.22019333919830864,-0.058589947867489056,-0.02470708178028702,0.0059397154689273535,-0.02151822512706092,-0.007488754167058631,-0.015139592267250923,0.3673761336955257
2025-09-26,0.004447444538145273,0.013219442007676552,-0.0027064448297277055,-0.010282969316967372,-0.008541783329259034,-0.0530140801920258,-0.023305420856923553,-0.03197509513673269,0.014356350971951981,0.0035831359515592354,-0.005073154956211523,-0.005086174774475372,0.01187905252289223,4.2552742882451255e-05,0.01277659799827946,0.012695014945490746,-0.03370755622616084,0.2816464922788684,-5.551768391764966e-05,0.0007099702127046914,-0.0055438809924655,-0.031232942098354144,0.013663052306451151,-0.007975329279774401,0.4227987846999419
2025-09-29,0.009006578490930783,0.014983278587161752,0.015208033084421979,-0.002600074440394229,0.00967863133886393,-0.004061505341388383,0.0034898355930421676,0.00712176089258687,-0.009365157234957233,-0.0014618829091097574,-0.016135569113864157,0.016307048957415526,0.028950087116533574,-0.0009415675281765346,-0.020137678767185196,0.013056677360120394,0.002641641667592509,0.4490102681494297,-0.00701202730412076,-0.0030364354908735125,0.011495132362925764,-0.023346438689573867,-0.0038086371850918344,-0.009422294461780445,0.39735832605292054
2025-09-30,-0.017616133203506412,-0.0171504109373678,-0.0008967936244940189,-0.03756947659151921,-0.02660523137955617,-0.027508786851799583,-0.021589600487150973,0.03321354485386063,-0.017983933432150212,-0.02039194891071039,-0.039709483219735,-0.005972322745575798,-0.011372331431703908,-0.00889988015691101,-0.022612816788820878,0.013109191806599307,-0.0180326474929402,0.4494945242914856,-0.02317022836768179,-0.01707736737332488,0.0006102786228057155,-0.04111841065051691,-0.017452747095787702,-0.024026705537499082,0.34450851515621705
2025-10-02,0.005770475440927347,-0.019747846261757185,-0.00808559593271685,-0.020179386017675438,-0.01837205272505349,-0.01478934165299739,-0.025432063426245377,0.0031374227478837557,-0.0008969429923092465,-0.007076990398495853,-0.016452190206360573,-0.01807379957331845,-0.026657394625802633,-0.019156886495065195,-0.021980389137072787,0.001684578892664046,-0.03602575485807591,0.5561981268671508,-0.030239674614527257,-0.022454927771035638,0.015477762568416376,0.014638481230647926,-0.0011582589286334155,-0.027677743922386422,0.32360567109243665
2025-10-03,-0.011792396747371203,-0.017476947637155682,-0.0028833146497242446,-0.00044247780740469533,-0.0191059640752278,-0.031098099240768895,-0.027928593871328733,0.00041765828901141333,-0.006769861416182521,-0.007605973248885123,-0.025452335097576717,0.0022313228357448978,-0.018466487703054035,-0.009598760280598806,-0.019423779580831413,0.00811119824636819,-0.015320077108940566,0.42797623828489795,0.008476782719669451,-0.02312844020199034,0.009699154394096077,-0.043080424337415435,-0.007863920057336715,-0.02324531896021198,0.3226039184336824
2025-10-06,0.008848693463153534,0.018291904930096026,0.009671173182810744,0.012535223326570755,0.009144441350327437,0.005563671044167551,0.014160940768463082,-0.012398839554150443,-0.0115788083482109,0.01961675756379533,-0.023165491800564375,0.0049566438703916305,-0.01449257635311263,0.01435964242401866,0.006012308651555998,0.012068723504607748,-0.025459172562790067,0.4598486453176587,0.01713722217773861,-0.002282831565063037,0.051745319167836534,0.010875083243602868,0.009119616259364305,-0.02071724026836308,0.3830817694075037
2025-10-08,-0.00781866178427737,0.0038936668941405017,5.535418945967763e-05,-0.006202016417551581,0.003510754824829432,0.004072205602229095,0.02157005784858046,0.016606331637237348,0.010684667968416495,0.007725766345076712,-0.012539580941409278,0.0028625915749045383,0.004657658812921461,-0.00846204171150522,0.015504681950903043,0.022413575545779274,-0.005568281564562794,0.4245379980534498,-0.015655421692593485,-0.002261268380402859,0.008258040512374443,-0.004589345718473248,-0.01721624533986632,-0.008807484285243694,0.4155628802414191
2025-10-09,-0.025167190607894074,-0.02600970010333703,-0.018301290367578105,-0.03531480121455388,-0.0322459198149988,-0.028945117986733382,-0.01884172937852724,-0.04678596336662999,-0.013637111156851178,-8.092639621615216e-05,-0.03451961848541896,2.3415421881223253e-05,-0.028043075168769027,-0.015981320078208183,-0.00222515876102225,-0.019980677378235834,-0.022714839692093536,0.4028297974199697,0.03421465799777956,-0.015688328261870388,-0.042233135122114795,-0.04944552193210483,-0.022860855203535202,-0.018415453465250753,0.38090401436269716
2025-10-10,-0.06479479656365184,-0.059687966298539674,-0.036817396612355946,-0.05974176532472042,-0.09206498751339165,-0.03724128583776587,-0.06040239097424693,-0.09655304575379642,-0.04150510030049892,-0.030282714151077195,-0.06250241397476675,-0.025804890429319882,-0.07274721094499503,-0.04078627963398773,-0.043394623136047694,-0.03372379601510678,-0.06933317302277497,0.2922901870988335,-0.015492180476065376,-0.05994840482030983,-0.06266518735707605,-0.0379024462061297,-0.029691753300071344,-0.05127660126956646,0.29260803976995975
2025-10-13,-0.002025373226154148,0.018745963967691237,-0.010687563985764537,-0.007314540219295562,-0.017655944873948504,0.011830233494518394,0.004809104406652942,0.007699041702414311,-0.012380762912767351,-0.010129986463601526,-0.018973922128773357,0.01489238686064831,-0.007184518630168335,-0.03065764492642431,0.016987547557146154,-0.007085862653008812,-0.026180954564651193,0.34940801786971365,0.005213717196137946,-0.006392312444824966,0.013881813229317919,-0.04489954601634627,-0.009018323968733033,-0.013430014709459703,0.3464711078440308
2025-10-14,0.0177624475674123,0.006549284262249433,-0.004665463739106812,0.0002466576665338671,0.019897157146810507,0.022414151450341757,0.0037448341079155956,-0.011249468155834164,0.0069824549402215386,0.009787732254124215,-0.009368233772458878,0.03363300826558624,-0.014195235425415231,0.0034342571527627985,0.021760925049526092,0.017188198416739908,-0.01877078216566641,0.3024707669463995,-0.015666772565258724,0.00036856381185090825,0.004691044822674018,-0.0062486022240934025,0.01539690540630323,-0.006400647333576592,0.411620718805771
2025-10-15,-0.002371143160619149,-0.0014712359745120418,-0.004510302163766466,-0.013849681755083165,-0.0030675106431879984,-0.014955599291824662,-0.01968028900625718,-0.020930093098581626,-0.006986286211620341,0.018910016567230903,-0.019595203635568326,0.0077313443530326875,-0.018603786554618806,-0.006371883428933911,0.08198502188949308,0.014588080595035802,-0.02045684468719189,0.29799406740653533,-0.0195702567509054,-0.011780991488510306,0.024080270778633173,-0.03272110034227804,-0.015242543453540702,-0.011262433480965672,0.453935319257569
2025-10-16,-0.0046721762009117596,-0.006426604044388329,-0.00399563652893542,-0.0026318628674900646,0.0008479232113320911,-0.0063321420451081245,0.0033318384009071167,0.07758221131457188,-0.0004994950993152392,-0.006910034815470589,-0.023989379763565633,0.001054835995971004,-0.03846051942044071,0.017437384608115503,-0.056621982445130614,0.005241792801135903,-0.04396297045990294,0.1805160904330012,-0.023389259729260092,-0.01979210123007613,-0.014372075267663043,-0.03895526068271771,-0.0015460911239794095,-0.020972992768918508,0.3843717034142642
2025-10-17,0.05093147769664541,0.03537481627109473,0.029230417518066654,0.032520509199411185,0.027369794762618138,0.029549695206966486,0.04003006564742684,0.04176434489107095,0.024517317439728847,0.017072975598160012,0.011378744438966804,0.033557590507358404,-0.0016546118252905861,0.04415352601894207,0.02130896964606732,0.03428882349137519,0.01331349967290052,0.1406664936289963,0.027691498904784506,0.019916165348279558,0.04227638075138729,0.0035943359211985104,0.029656943491114474,-0.009682124157923355,0.39399267157326157
2025-10-20,0.04027090219803253,0.025889170129584915,0.008667197435543894,0.012508826078013069,0.021889213852627654,0.012689595071834425,0.024474240650053325,0.0504927920853,0.008945525902204654,0.020597863414571815,0.005154057378447874,0.011411900281407705,0.006431222049328333,0.005600744019681025,0.01737083140071416,0.0010230316653339067,0.08917956964437002,0.15437635286891482,0.061562697338085615,0.018888423721847403,0.03297772886415662,0.008263455354169391,0.0021224630633374097,-0.01442676833390888,0.39196439051014
2025-10-21,-0.019786632736964682,-0.008482945881830517,-0.017798344505999264,-0.015467614926092166,-0.0065341642566077995,-0.013892239008455154,-0.011533206964877474,-0.015446200228014684,-0.0013777195931234942,0.0052630060934300005,-0.025331412092274408,-0.007053109410907976,-0.007745252407488468,-0.01763920342649261,0.031013415903387465,-0.014898969626549685,-0.01562235098515874,0.15804956818675353,0.017471645228368526,-0.010469055407440697,0.0030228699425158823,0.0004036245924052828,-0.010943273512057039,-0.016073623924000913,0.4293243059231231
2025-10-22,-0.004839935763841341,-0.005310943774854082,-0.018378340187808928,-0.012311512117613277,-0.001292944717010247,-0.01060894759161235,-0.003860633158537463,-0.02557266433020189,0.004507416721457824,0.0014432871642826584,0.015087567080949826,0.010401066082661892,-0.010226738558321569,-0.016191279172488304,0.00670847431368915,0.002020237214465981,-0.01969458689738901,0.14785622375475094,0.01458544932474215,-0.014141944434942544,0.006471959143231176,0.02597085201398719,-0.004573357012661594,-0.01408200204052723,0.4060833716648584
2025-10-23,0.014377028534606318,0.0016390134201469397,0.0018436204980103454,0.004482643544733378,0.019732915112370852,-0.006122057183847507,0.01540158600918562,-0.015844599508268775,0.009725867623896045,0.0017872326072712053,0.013491729828667864,0.001686951010296811,-0.0012540343933816755,-0.02139410930737584,-0.0013990609448164548,0.0013671051803894052,0.014156793276288271,0.1441736385868191,0.025867424314152565,0.006561744784151946,0.018142864944744153,0.0009392807476273912,-0.01340389673484177,-0.001991323362096953,0.4559023087019676
2025-10-24,0.008417571940134483,0.001343270895684645,-0.011100775330191048,0.012379207283131244,0.005963163262334259,0.0009275002973312407,0.01038075964902796,0.01852648568470605,0.0030307306988492932,-0.012545008822055337,-0.016469792106199255,0.004931244151862746,-0.051234787664478976,-0.012761117955507273,-0.0015280401761513795,0.002661368676235787,0.02937741395537019,0.17646516802473378,0.011457836059773907,-0.01831289850690676,0.002141241857320564,0.01040883991369812,-0.005075577412640975,-0.011957159525469274,0.4801936903847015
2025-10-27,0.0039004765473253933,0.008016469678338467,-0.013355061785247146,-0.0011892768697913114,0.013604476649657027,0.001842401900572277,0.0557932127824432,-0.005518071794953894,0.008583180436409155,-0.010338254385379497,0.007353732325062978,0.0016752652798319723,-0.013279947727691921,0.007735564200950673,-0.0034984525946311074,0.0054504750088997245,0.01484539582401978,0.17966429848487375,0.0007311980602879853,-0.0018366756169240217,0.014462953607007334,-0.09235413528052083,0.003956605572532856,-0.014063758030434026,0.5057938525304531
2025-10-28,0.0034143467830545227,0.025272977282388087,0.004101928216825312,-0.006181339890919957,0.013946311760730579,0.01519952382666978,0.04251421535687916,0.01048632381681358,-0.010465537609863351,-0.021888257641367037,-0.01164937840979896,0.008081095043369624,-0.030589825568468454,-0.011168099840915602,-0.027652347854926984,0.002626976888206567,-0.013250474211355612,0.061794536257465005,0.0008529995020327696,-0.015844399344785542,0.006242954573430826,-0.14974792269243775,-0.014898903960695487,-0.011716563632624188,0.5524280553792822
2025-10-30,-0.018283464668889415,-0.009466721666619105,-0.017662286483140277,-0.018866408173229487,0.0006937525494461472,-0.011608739321121275,0.008748579558660374,-0.012231884285674788,-0.003179760295659584,-0.003529665414995109,-0.019990418176172975,-0.004071324272311161,-0.026896541446472133,-0.023172748153228895,0.02084922762057695,0.019820797887565966,-0.03150356040574176,-0.001877040603035507,-0.0017967392361600831,-0.014306961374784155,0.01524196593176419,-0.029068468410544335,0.024252144972511047,-0.019781642279318223,0.46726694313069506
2025-10-31,0.002494234240395743,0.005847915650488478,0.0031857407675313087,-0.0018537870714513405,0.011258537498704868,0.01558976237769949,0.04642831266225844,0.03161657294225373,0.009916718255078338,0.004461946013603946,-0.002616618870459275,-0.0013403326581433728,0.0099881180635355,-0.002332233144634044,-0.008977203490253327,0.012821201027571005,-0.04343926861608549,0.11191357941732893,0.008749372694403013,0.0046138423132515705,0.005044559120199743,0.11548588469762122,-0.008959745964056132,-0.019338151128720504,0.4995897384696386
2025-11-03,-0.001929781809618003,0.0012808161022210829,-0.004127411520219226,-0.006275862839543178,-0.005934098932172338,-0.01640689409835716,0.005854672720362997,0.01334117729032358,0.004719819556955329,0.00813706268611658,-0.017520143284280865,-0.00631779470555871,-0.011093744413836926,-0.004102838873696446,-0.001843398631631632,0.0009985235565612705,0.023768146627209275,0.058678355351097444,-0.0005301036258638092,0.0038343572659769176,0.028216647979050435,-0.009500438209952944,0.0155857781496902,0.001435117267331698,0.3755833529543353
2025-11-04,0.003870458175611713,0.002033461112005641,-0.007792208845184945,-0.0038866136573862953,-0.029189488140877184,-0.009894930187998696,-0.008186635882774906,-0.012479049010230336,-0.007718942737896195,-0.010407489882295895,-0.019062662420073928,0.005689208505499588,-0.024178066684939048,-0.005372326750042955,-0.021228482376673186,0.0028430703194441964,0.013183886875640205,0.016051171488758342,-0.012950854282870461,-0.008302515153593704,-0.019411944423972094,-0.05294638496452886,-0.007390462265270403,-0.012360993915762397,0.35763079087782956
2025-11-05,0.010483130741928193,0.01415080260131285,-0.005199466996150703,-0.014438854602948359,0.01109994763674127,0.008545399974069001,-0.03424699820975419,-0.009236762549763688,0.012904788899529951,-0.005132558486157235,-0.017839860994571022,0.03549840216630473,-0.03313710449712437,0.002014698442963203,-0.022575948747590724,0.012052181439603071,-0.006669554815851186,0.016311311313211174,0.0427253245484267,0.011773878035016505,-0.01855230367860372,0.015854678378127707,-0.0017952593079222368,0.006146865351371877,0.3922625981513339
2025-11-06,-0.012777118783378727,-0.021257457391726353,-0.01653367876546208,-0.003520415088196005,-0.016207455120818226,-0.006224904907044748,0.038814093255479465,-0.04678828600509055,-0.020417240222741384,-0.01719952276765524,-0.029638977010930323,0.053932731834365866,-0.07699172843991764,0.007844483754490428,-0.02461925219591954,-0.0030955238273139285,0.011356113230451603,0.00573099776577779,-0.008431305333013617,-0.015287279684960353,0.004721400340844895,-0.00025641614235571986,-0.0159254703953694,-0.008087042116889043,0.28670307531825445
2025-11-07,0.009832307138480267,-0.0032809284826403884,-0.013031341855422984,-0.01586158421410211,-0.0018683434019638456,0.0028015571031632103,-0.041094891683750245,-0.037173009554645864,-0.00019875051791906628,0.003370087445264014,-0.01364207444601584,0.0051546571314202705,-0.013980129890990622,-0.037540150959040175,0.011422401794511483,0.023705786994777878,0.024103435741907653,0.009401286872068981,-0.005017926038259457,-0.006920631842978531,-0.0011600219767466946,-0.007218496445970279,0.020268037140795503,-0.01570521814972159,0.7385880343228461
2025-11-10,-0.013123280425607398,-0.019035460113010494,-0.006264084364689837,0.022444161046882183,-0.007254045226236627,-0.011153293104883333,0.10054522454971537,-0.039035330910583865,0.019463736978203583,-0.0019774230627771505,0.008238941583454062,0.007805365121279717,-0.015455263586776402,-0.0061054850183109854,-0.010995807385534073,-0.010547624032814062,-0.017834889481045724,0.030922697887693307,-0.0027769529479709787,0.002051430548344335,-0.0060736536595531465,0.013249035532640674,0.04997002302663378,-0.013383964118743652,0.6554004848188486
2025-11-11,-0.025938166090141768,-0.0019983260118479063,0.005840396847515139,-0.00382492851346794,-0.010496241506798065,-0.0035976021775575573,0.005489368120557447,-0.06128017887918935,0.011805551741606912,0.0016691701384272672,-0.0147928110842237,0.040927931068674095,0.0012202508610148488,0.009853841546339392,-0.008633957517425683,0.0005199868284533338,0.02100334475842658,0.009078038084994189,-0.007101228238917567,-0.005945876479310774,0.0185620657247354,0.026958311730491014,0.027924431993166854,-0.0011619163382056152,0.5341032175143241
2025-11-12,-0.021689378738028342,-0.026229167492623606,-0.0014222694686295556,-0.008260742703942947,-0.009811239952083328,-0.02576808184270929,0.00763172525100142,-0.02193208842010519,0.01164733691582498,-0.004683886381831481,-0.021507572922637386,0.06139978744798191,-0.01426226894485727,-0.000490089673159777,-0.01765323701186261,-0.0009584382560317017,-0.011019835179041815,-0.023218861888762543,-0.026269764509878946,-0.025893735028090892,0.01994567190608354,-0.023207308776341695,-0.0016582534143424477,-0.0004372100275130686,0.5477406878557964
2025-11-13,-0.041648212773132576,-0.040877851906290896,-0.014449409485097542,-0.071413216609307,-0.05462327020631863,-0.02170264390484633,-0.03218285132393073,-0.04926628458548188,-0.0007736361273676939,0.003102333820263592,-0.03723516758964429,-0.0385247481341493,-0.021719452943475548,0.0036119955308957508,-0.012926915457975419,-0.017194381937705616,-0.050818258920833026,-0.026915243399199817,-0.04728699543645165,-0.03639546247832748,-0.017284320802128383,-0.0045484729901220655,-0.011895981802182098,-0.02516549270254409,0.45231523231115034
2025-11-14,-0.03552303362814635,-0.025799828086378596,-0.007337934905475851,-0.03774978530518658,-0.026580000121194325,-0.00689932270209026,-0.015437104872331076,-0.030199399141909278,-0.028220288334422472,-0.0055790917882163615,-0.03664496771586323,0.0012634977707235429,-0.012161063825612772,-0.03423755408077378,-0.009662257808744856,0.01087044125198755,-0.05138220602282406,-0.05536003581703419,0.01658362292364446,-0.008687556859016121,0.007388069476073511,-0.04080726529981071,-0.02640217684570334,-0.014409801154338875,0.541430769086614
2025-11-17,-0.01093853925151922,-0.00532749935618837,-0.01980761344634485,-0.024200003380080326,-0.009795848944459729,-0.029591962304776342,-0.09210950803318008,-0.0419549623960106,-0.008240597728805588,-0.0015439117408093672,-0.03582883795543568,0.04430705479001684,-0.02236920868355885,-0.01783173410519956,-0.014322186861295716,0.005285889012343503,-0.036014721567008356,-0.08381737617438467,-0.043943347763331864,-0.015521845186057481,0.009312603204008063,-0.010291062016621222,0.017040340004125243,-0.017387602399861035,0.608306689406175
2025-11-18,0.003919205682497262,0.0014932448034348234,0.006557362269187905,0.02180726271939548,0.009682406547744327,-0.008084282615089644,0.022953062783883427,-0.023773133502351218,-0.0024068426918049113,0.008442863505590203,-0.03529881986927752,-0.0008201722092228136,0.0032102724998364085,-0.009654725008213627,0.023748615798862227,0.007254783238831886,0.02133793564590669,-0.09066764198220612,-0.0034732980769230926,0.0030227042185155817,0.030078999812012785,-5.2574527146020955e-05,0.030896729234207942,-0.008996754056051492,0.6860611389541382
2025-11-19,-0.011496402361691582,-0.009841898201845778,-0.03659129334252553,0.010550498510766948,-0.02467540469073315,-0.013613747472241644,-0.03856823429960465,-0.04033928160432554,-0.018349825448417456,-0.0027405676223939412,-0.025616167407677137,-0.01743372796621212,0.0029795893913531213,-0.020776790703306958,0.009281543783296264,0.0011143912651447874,-0.030401589146391572,-0.12875205293513825,0.0012335536206400377,-0.0265144571646303,0.016580211860880434,-0.029888285501085243,-0.00945972646100457,-0.013923547536572989,0.7229756160475505
2025-11-20,-0.03627181108444566,-0.026200489633279922,-0.018840853168230254,-0.0561955576635782,-0.0431509586929848,-0.019073263514429395,-0.04443266694040193,-0.06854421468641536,-0.018844406816291848,-0.022691869106155615,-0.042152037907257744,-0.031456601874417345,-0.02138858486135098,-0.04158062360463399,-0.028044339711236654,-0.011721286904422312,-0.04289382681002196,-0.1535099209847387,-0.011968252089763043,-0.05282392084376808,-0.01682534678486791,-0.0813200583525917,-0.003031331877928034,-0.03234481636119291,0.7105484339674792
2025-11-21,0.008071289398861259,0.0207464042316996,0.016344026611521567,0.006033665273238009,0.0007936212147527932,0.02154897269677103,0.009376233832487646,0.010985368187554911,0.011492979930433522,0.010172115960198624,-0.0042077496062524755,0.010634315590035914,0.015150967983011077,0.08165585785349361,0.025555584440804635,0.005368718592710042,-0.01095568454616247,-0.13953042232046742,0.06547916825505262,-0.029047095289277403,0.017880646366637,-0.012052240809522052,0.004853937956337262,-0.00575727787937641,1.016402916208495
2025-11-24,0.012015092635425662,0.006022783075080973,0.00027469896351539624,0.03726424835024411,0.011316903972001802,-0.01180471681824935,0.0011294033104070067,-0.015222625348781604,0.007823539726344642,-0.016350816099920173,0.019821915393649636,-0.05245834216946055,-0.00512226211460487,0.01433900714111025,-0.001158857426534765,0.024618773257045756,0.027785896557813716,-0.10396336091740588,0.03441887211571881,0.0035468173789821034,0.021428188681602567,-0.014457778303522684,0.015638467385328703,-0.007493684374616283,0.9802794675859643
2025-11-25,-0.03216598060628151,0.008704143749452165,0.00109810251553899,-0.01914187801922196,-0.009809453197623386,-0.010003750391282096,0.030875313262351822,-0.08588283864482271,0.0010038710054363076,0.0038386689987457423,-0.012483535805967061,-0.020369213540927245,0.010799202980668055,0.013303525083143697,0.008228623998981499,0.027875807908507966,-0.07959214589929064,-0.08619389209628836,0.11439439997238021,0.006209126914921814,0.03834633958851641,0.05268159445668319,0.0180892414914946,-0.0038954872493045523,1.0921663225178961
2025-11-26,-0.01050256787110182,-0.0036999143137472768,-0.005753691133836836,-0.012463933991871401,-0.008944337076552955,-0.0007006544539809312,0.001039510389534648,-0.03295317404930176,0.007614720979916223,-0.0016132723839620278,-0.025240317424547687,-0.007125506737542642,0.012873691041589863,-0.008221595952017657,0.003180668687376542,0.0010570505268945318,-0.02588456768626146,-0.10119919542724531,-0.02032491578884399,-0.003109266837668212,0.013290477079992202,0.0013541728471035963,0.005610680041020943,-0.004978804720550234,1.182428485413482
2025-11-28,0.009562305327563081,-0.004126108694674113,0.003597702304305006,-0.0012607653301214272,0.0028644115273350756,-0.00590485046046707,0.011972673342204976,-0.01693821549129959,0.016610618706990543,-0.0024863790164574295,-0.001030077934016549,-0.004844196606180851,0.0035604697973872224,0.007533298886309492,-0.012896490360997936,0.007085576482073641,0.01584841300729045,-0.10794723083591395,0.024112028215813153,-0.005643524097136643,0.01301869943210665,-0.02366318805598777,-0.01538146515260208,-0.002056449525631998,1.2023027432261046
2025-12-01,0.03189797821842477,-0.006459977616339985,0.014751683367034252,0.007694660493352767,-0.0038183457874336746,-0.006693088534800218,-0.0029690488518332447,-0.06913297599885282,0.005724872588202423,-0.001049746576562538,0.004739925299244163,-0.012931787159315422,-0.0155126097679813,0.025335614992343602,-0.015981437629446593,0.004487727395575458,0.03154585737390847,-0.09296597890958802,0.014625295762903168,-0.0006434861720393537,0.014022147917562844,0.013664576083811886,0.0001963873770385316,-0.014888934460608794,1.2634318148657329
2025-12-02,-0.000865694132137107,0.008773280605941292,-0.012245187249078526,0.0012077723587509137,-0.012321645119173552,0.010511979853585318,-0.027834864274960402,-0.030330552985576964,0.006728858390639081,-0.0047495945135702655,0.003683755495386354,-0.01193160505310431,-0.005718338631126474,0.011947982421518955,-0.007802119330403645,-0.004679732598978359,-0.006443642340296596,-0.08542238531330981,-0.02214823870563498,-0.0033913798946970664,-0.016086274266792655,-0.009280277530174796,0.0007645438917243119,-0.011924069033396933,1.347095684452782
2025-12-03,0.0014305950397015543,0.006580234297516974,0.007397077757863357,-0.004194553836397108,-0.006355865686266893,-0.02681046653895225,-0.025917564316148778,-0.04538468186627176,0.028995843983644853,-0.02146066960570936,-0.0017026912765383262,0.028523446926346452,0.012792467970867527,-0.0010135128573175445,-0.018112824396325555,-0.004657233765309798,0.004779837682302057,-0.08943943630758988,0.04114152322202447,0.0003655274229366068,-0.006041492109386204,-0.016980005482402527,-0.005279940950630779,0.004575055835308595,1.4354050254364017
2025-12-04,-0.00793549409271399,-0.0031246875216847103,0.0015047802720595804,-0.002558521627264332,-0.01268491666008964,-0.013633174312565832,-0.00410912873111946,-0.00979728710941441,-0.004413353597830905,-0.009556656078864245,-0.010976380697768517,-0.009912609390579252,-0.009717875854621694,0.005597019023327654,-0.009314144695294124,-0.005917920933032006,0.018989327874331607,-0.08957162738156077,0.011145388588577942,0.001584998217743827,-0.02268479701904358,-0.02108405495960297,-0.014035531596373274,-0.008892972314913039,1.4568401429680566
2025-12-05,-0.0064436131415864795,-0.005662705603657003,-0.002077217286368782,0.005198692215254486,-0.014869170885370764,-0.009188117871906654,-0.0016971733165561664,-0.024860256870599895,0.006928789819867109,-0.0012459135248872322,-0.0020178906655928808,-0.02380203591390806,-0.02790183978503291,0.023736569920855377,-0.010737776842930313,-0.0005404153034257453,0.0576826545410416,-0.06475973285098535,-0.024082513419117157,0.010456220919448977,0.015033838527319876,0.0019029014037379444,0.007968660014927575,0.0059706794469631674,1.4369741286445623
2025-12-08,0.0029967898669036597,0.002134620861746095,-0.01723917254877172,0.005943736638574615,-0.005977650109082355,0.003030024871989223,0.02389012823533232,-0.006054182848073353,0.0028370917302487086,-0.010116107149518272,-0.02438494223780474,0.00924705950297744,-0.011437136663868586,0.02013119120297735,0.006797677765455035,-0.00815767398049383,-0.008221317880994783,-0.05378462807330364,-0.020474803155318022,0.016920248966867835,-0.010952050242628242,-0.01020042218916739,-0.006764972360144839,-0.004673945611016861,1.48255402884952
2025-12-09,0.005161741238303819,0.005560822053304992,0.0009853276312556947,-0.007101773058242666,0.005546339125414912,-0.0007300305692489184,-0.0043300204693983435,-0.01719204110906447,0.011235691009661819,0.0027344025456841337,-0.021696724981394078,-0.006596301663065796,-0.024842617695875258,0.003963626757471195,-0.0070585757595610366,-0.00591714336649507,-0.012985105032042976,-0.06135536335745273,0.027262863899289114,0.01750849288306533,0.018725169947477083,-0.005636994354552005,0.011537169444024942,-0.014338983595287513,1.6005986725048689
2025-12-10,0.008475969000524497,0.0036345578960577107,0.004687217402252086,-0.00776992821172362,0.015991676242246955,0.00324884242491974,0.0034290787367563524,0.004750314842521419,0.006797701277457602,0.0030260267124826434,0.01677046188535858,0.017751044626159063,-0.0023785899499420005,0.02246981011669047,-0.000294127415947143,0.006925122936135342,-0.017225984437813646,-0.0539839667991836,0.01975228838160481,0.010757633078416706,-0.033664587681330405,0.01980595727583956,0.02292729991575304,0.0013106204586414982,1.5071569110871108
2025-12-11,0.013057152268435956,0.005218015941455434,0.011423566502629656,0.007803474162900725,-0.0002388860182429564,0.007779639906311031,-0.00013545872652021007,0.017503164936260474,0.007468225300129694,0.014898273461421141,0.005655304834338626,0.012054320697679533,-0.0041487990848888545,-0.0008187915010288149,-0.019164576406332512,0.004872300527121176,-0.028925213974507757,-0.036540884065221824,0.022959617774481966,0.019825862030436125,-0.037830608039388314,-0.012484182351208739,-0.003050238999242727,0.004700358434977403,1.5262033654742866
2025-12-12,-0.017276391049478312,-0.00907400912940215,-0.008436342002221542,-0.034893011179537914,-0.021782281302057283,-0.01616169867473305,-0.020674715522415954,-0.02724999189376831,0.001755687891180191,0.009455579770149436,-0.0014075709844386664,-0.018024551436831904,-0.032964035872558806,0.014588718132306111,-0.001785314611297828,-0.017974740787382038,-0.04540799534352624,-0.05045313922560568,0.005867299262561687,-0.00795740081687446,0.0014745845084038756,0.0075909616250926515,-0.009601188347385214,-0.027612256148757508,1.6602340854374913
2025-12-15,-0.017212337339909123,-0.010680135698781013,-0.006663651080111688,-0.025903075298101208,-0.014611196494882517,-0.012729309118765575,-0.03369756365100329,-0.010106957904952307,0.003100337953051424,-0.011111962640247941,-0.00330210303855627,0.04041169471577866,-0.02047245984736945,-0.036889300442035644,-0.006787425641793576,0.002805741154618957,-0.04029798013908015,-0.07874474550543697,-0.01447939185733571,0.013889425693422996,0.01180092351849038,-0.03649849138723793,0.0006825005470023626,-0.003227180320668932,1.522311189425725
2025-12-16,0.007086305496868617,0.012221378496218183,0.0005217858260457842,-0.004641487040539349,0.003186997322493612,0.010932785255588495,-0.007365104799584854,0.007813125776088503,0.00030096073880359064,-0.0013240541879999679,0.018261695727009863,0.004769137796842626,-0.021494107816545815,-0.006326055679548914,0.003815723750237421,0.00993278982715684,-0.01947530585549717,-0.07187155346027208,0.029763224952132017,0.016508615208935096,0.020093452440010262,-0.013694709905809455,0.012464834427713845,0.011276664508637513,1.7014078410513078
2025-12-17,-0.02025216318958123,-0.009327074631543586,-0.009339622963076777,-0.02013272469974381,-0.012973469182989361,-0.019926784568388922,-0.02670548004596829,-0.030504733374521975,-0.007130002760065812,0.003905504705226104,-0.005792026181312249,0.004699895700441381,-0.005420406261909316,-0.012143999464720223,0.004251417832039639,0.014936420938163275,-0.01735351752918801,-0.07925952753012888,0.019180711618285384,-0.009265979233354038,0.0026000014514242498,-0.019597640871355626,-0.011304291281368117,0.004493399842063539,1.7730818059817373
2025-12-18,-0.005866009203859934,-0.0015948487416058699,-0.004801352654350666,-0.003698300410934996,0.001810396886587018,-0.0018389435146118904,0.016108677057681264,-0.0017789083785337834,-0.007572319855514986,0.007130061840104673,0.005790746086013598,-0.0031377853324113802,-0.03154097113098764,-0.0009420194233012991,-0.006962815173926384,0.00819329965224358,-0.02849782270904444,-0.06506380884187435,0.034154158693010084,0.007206895786566747,0.04950994028945721,-0.008395028980653807,0.0020856687139265695,0.0024407544695987937,1.8352985907937414
2025-12-19,0.002680603794234182,0.0074052804786075566,-0.0024060556760772123,0.013724126557651983,6.839052820239999e-05,0.010519545472242653,0.00802781735319491,-0.012030797503732704,0.003471141814640921,0.003939774002375218,-0.0036404556907791985,0.02197769078270051,0.013496359097137756,-0.04680273175075589,-0.0011803057275887596,-0.007187285466867754,-0.013828642934918922,-0.04700588589960053,0.0030022459478860064,-0.011752438640196261,-0.06896310066310862,-0.016237058394432236,0.005796627459475401,0.01377458857846614,1.7966433293695383
2025-12-22,0.0029341172400392246,0.007802668768663201,0.004569656381407938,0.005868532195082654,0.009538837671224876,0.00017588875993368447,0.009577568856969698,-0.0024218192467322375,-0.0018527370458089054,0.004835715382898842,-0.014653419680742186,0.005148147533719172,-0.01003270938368539,0.008391165175792636,0.004101162813329395,0.0029195395256171874,0.0160518535278511,-0.05056176667473866,0.023591838401438858,0.000860438355615667,0.003906408862243138,0.0035980681422789207,-0.020111780170804394,-0.00721170933008175,1.8216981814133644
2025-12-23,-0.0008751504056841997,0.002847515012253554,0.00935259523172749,0.005214331891494339,0.0006870319509930667,-0.0034673475403421694,0.002393827253237335,-0.01490934646786457,-0.00722809626082177,0.0032104861060850975,-0.00856633332352752,0.015823462587695403,-0.002242120585434937,-0.013054793951971955,0.0018180475517091121,0.006519947915579527,0.017874041243640226,-0.05069715825167087,-0.034598468498599155,0.008556741828632086,0.014488902404140136,0.008537474743294249,0.008801157900650391,0.014259165562654053,1.8739446684651342
2025-12-24,-0.0015387419231944754,0.006442654517380131,0.0006375443899573341,0.0009999388960022504,0.005920689126714063,0.003818340223516792,-0.0026610687336922068,-0.005610015996494466,-0.003011133994913262,0.006072264952063922,-0.005188496167875201,0.015155606934688537,-0.0007275409346363393,-0.0037330418218191053,0.0016518515563725966,0.004339196609870699,0.010179926476765466,-0.05821022729738923,-0.03335499307078971,0.017606657006906445,0.022329230161330482,0.0024909132628285757,-0.001492079661336576,0.016863515491691183,1.9048671218431816
2025-12-29,0.006540494003277164,0.01541815921673817,0.0016599787275219935,0.0342415141116843,0.0035350150548416615,0.008686130919397295,0.007609351091790062,0.029179114261273176,0.008478315792072477,0.005984856521634718,0.009269734512792116,0.009167154134992916,0.0020049656160952,0.0269298224600647,0.005675370196404073,-0.007523504347050625,0.03688260749656136,-0.08032701457015001,-0.008958056587051844,0.015058061156894231,0.01416574916201796,-0.033354168112133875,0.015464991599396516,0.01392198026653757,1.850325704879829
2025-12-30,-0.009140418083412816,-0.017765486089101,-0.015579804092333727,-0.00829438352954659,-0.006622229565891868,0.02006247759339619,0.0325223640595067,0.037661726494914616,-0.015506982364703825,0.005488526725759613,-0.004463728104021847,-0.002191603226203487,-0.006967340354169904,0.05615772896454896,-0.0023535357824411296,-0.008527710504105057,-0.005509489972338244,-0.08363822123425435,-0.030636087156870162,-0.0003841058641645967,-0.008368918274289983,-0.0077091463248262215,-0.02202213403260167,0.002971618030151113,1.9356855123702084
2025-12-31,-0.0016726584230087882,0.002266379050231304,-0.0039307793612635145,-0.03289466206928704,-0.0035081545019863825,0.018767019691945164,-0.0019494804406936517,-0.030743347179532976,0.00994097482897316,0.008823238517393417,0.009756810610148658,0.011875511347803513,0.00845586923055941,0.006962190546869973,0.015582827894437656,0.002083778628559685,0.014537063371302006,-0.08630778705902442,-0.032575558651007475,0.001973707023349869,0.009999027877972022,-0.011645829167109989,-0.0025066849437647143,0.005976673298731416,1.9963168753900247
2026-01-02,0.017188647860294504,-0.0012984637638692176,0.004199922486894936,0.017156272358860303,0.028039163990738913,-0.013246832589173141,-0.010239588236366282,-0.03154293334590996,-0.005265956299850827,-0.007884112521712727,-0.0011262323632780236,0.009546095105893437,-0.006480563638569414,0.02610127785766858,-0.005244733861532236,0.0022398844162367926,0.007219391109647866,-0.03933186571948477,0.011863162743946276,0.014279848656727046,0.025135085498135812,-0.025553739556776423,0.0021955038992134135,0.014994107266260936,1.9654065951474795
2026-01-05,-0.004128924782928256,0.01578760056850781,0.015362578650424341,0.01646703168405894,0.014852215378837297,0.019172007908628386,0.024003739347439934,-0.025678823436887876,0.015543067655696685,-0.0011282994754123754,0.017638997943865142,-0.012108096276546965,-0.005425358889856069,0.0047629054497275725,0.013305092123424567,0.00019538344644454142,0.03440114456144183,-0.013672218359648491,0.04304892643805691,0.012110436939973157,0.02829599625793322,0.01679597424513135,0.02578520094653225,-0.016432656139331647,1.801792319349377
2026-01-06,-0.026154677817519123,-0.002364638711507938,-0.007437827442465461,-0.02333138058732931,-0.008643259458564145,-0.026656723262087012,-0.018994871599923413,-0.0428197145758803,-0.01087785938460406,0.009291548493827406,-0.013300957670653979,-0.0023132815994578726,-0.01598657591784103,-0.005961556472637297,-0.014287367098524517,-0.007949152322068942,-0.03158976077059983,-0.028585620727035632,-0.0018460866855757319,-0.0010432449743286165,-0.059789754795087524,-0.028585657085226313,0.0319975145036977,0.005183158531839371,1.945494432296318
2026-01-07,-0.020966733048186637,-0.00853634381893209,-0.009671433336059132,-0.015166498719979882,-0.0076315762244854035,-0.012649065351642896,-0.008305187208961562,-0.007470753222901361,-0.01158277361918103,-0.016500421893403172,-0.0032393565559153403,0.005963565851947017,0.0012480490856681126,-0.02035486877740711,-0.004208916730992995,-0.021245843721763524,-0.0008589906430618299,-0.028423436590586104,0.020939189160347427,-0.013449664071337186,-0.02639318578729888,-0.027561360032990034,-0.013263043885617831,0.01652678631016169,2.0378098161377096
2026-01-08,0.05426309893108616,0.03406723468096762,0.006010673361692698,-0.020090643697724953,0.02950610580920321,-0.007122669459329267,0.011194423707405976,-0.02105847608822564,-0.005618453309652827,0.005726542137539425,0.01260545757931486,-0.03724548547514506,-0.024112509467285048,0.0429326494220883,0.02639972133329227,-0.0005206098375353241,0.04168855087972023,-0.0285357636814213,-0.018460015671452057,0.008631584962284,-0.0178966448922655,-0.016448292743998838,0.011068226851830065,-0.010333723128318595,2.0069818841125366
2026-01-09,0.0036521712225685565,0.0011972234196311327,0.0005244079983357519,0.017525155646319623,0.017424536540566082,-0.00219285418626769,-0.007028428768265704,-0.027048486046635345,-0.011663479159436996,-0.014946087332060154,-0.02483913481030775,0.026487929957274003,-0.0038484605199204935,-0.01891317207693577,0.004028419941032091,-0.01579511660139421,-0.03527622463530644,-0.059955911589314126,-0.02155253876588059,0.0013083372029940588,-0.015882292293377787,-0.043758829177970804,-0.03099999894562988,-0.012923919836533071,1.8874609895311592
2026-01-12,0.05010128090724919,0.024440628675023834,0.018128292913967448,0.02517038897642432,0.040748270586911106,0.02084792302779781,0.052961978082083805,0.006433034382979708,0.013881494307818265,0.0008116615917095338,0.025209385196510725,-0.015517691942746437,-0.011486817545765304,0.0444161148171589,0.006800500876596782,-0.003625023165608421,0.04677041875739629,-0.038244754806431525,0.033381667262990744,-0.0027900072538021847,-0.0017472916855539866,-0.019245553015570183,0.0011964988225401374,0.008376606642713114,1.822392251663386
2026-01-13,0.017883663693675445,-0.007851684299427841,0.00016476420186806173,0.02211415728257382,-0.002416604243460796,-0.002827929875722668,-0.0005224203441482889,-0.03268425744048009,-0.03114686421792412,-0.012742946553162549,-0.007730903288697855,0.032052861842712055,-0.004443345977485302,-0.009148795537494259,-0.012010909381725998,-0.004753599374158535,0.0008004887733346067,-0.034390766147850194,-0.028125815463748705,-0.018939582796969057,-0.00022018924970723663,-0.013178928782341504,-0.017429030492950526,-0.008032514363390475,1.5583470149729872
2026-01-14,-0.019709730977130913,0.0038708298387393203,-0.016054060856123376,0.011386383053861415,0.008054265007953365,-0.010558445128749816,-0.023478989962695707,-0.026503704454269417,-0.14006506137830843,-0.028605430535757925,0.001603956376364124,0.014979513098553943,-0.01180037761623376,0.030460144120632915,-0.01183146044994876,0.020450848479603545,-0.014603627826001109,-0.06963176621355682,-0.03357004743069558,-0.011303612588676959,0.022873387531515688,-0.023748534614044692,0.000958089840765286,0.019230848311267312,1.4457949426592909
2026-01-15,0.012196796936360554,-0.0037777726272035794,-0.005372972646296326,-0.003953192536124139,0.011197413734428396,-0.005414030620767618,0.0056576534683165924,0.0028083367498381584,0.03912826011873349,0.004198654669148816,-0.005183372430870192,-0.013063492569344692,-0.02295135953358074,-0.01425942037396144,-0.013247492280296647,0.006068497955348029,-0.035980547062629986,-0.06999909268690985,-0.023077225893880615,-0.008116399701227905,-0.01502733834065928,-0.014935302651068794,-0.0269053452885174,-0.0018161472132818268,1.563475478095484
2026-01-16,-0.030016594681774866,-0.008165228933888158,-0.002034084650260226,0.0009831415378713793,-0.025924814014258724,0.005094838064155338,0.0007228905294696109,0.0023404721191850886,0.03313039214185154,-0.015490286953658616,-0.023621998075366357,0.00022860134298463564,-0.0070206316147151115,0.0002331507607777894,-0.021957965532770962,-0.0003563499827955452,-0.05455256498169281,-0.06288129281529742,0.020008675386354424,-0.0202459034091943,0.01937522216440657,-0.03339919603436248,0.014282480870366099,-0.016130020541634482,1.5742887141323472
2026-01-20,-0.008996452285857659,-0.01570135020213481,-0.009891335632077003,-0.01742192251610397,-0.0319683772028625,-0.008552219332146116,-0.01928301877195726,-0.02807682401028533,-0.018596035483752216,-0.005176305882464427,-0.00964618328805067,0.00897406479286822,0.018201660812862563,-0.011471163699447895,-0.007159068909373567,-0.003480098086804939,-0.013842087254839819,-0.07727127930671895,-0.06493810735372396,-0.024901430254800627,0.0013047364758813629,-0.027615809859098284,-0.033360217356755206,-0.009882510315801896,1.5743087457778775
2026-01-21,0.00757589161942307,0.004976671859749926,-0.013326145430843206,0.02932189412733166,0.0024855756622808034,-0.0014050043184550276,0.00022524756970598858,0.00558430806996979,0.00358538245904505,0.011737666782873912,0.009090801995972564,0.02174965142422658,-0.012520637416732039,0.009717819615872703,-0.004342054054100264,0.005250128264272291,-0.008457531800754037,-0.04477681290711599,-0.0018879982170827425,0.008726164539493597,-0.017974438211941335,-0.03458229337014884,0.00935592920405548,0.0017611212773858131,1.5307815673723728
2026-01-22,0.04785354005279241,0.02683493801803616,-0.00883565132548525,-0.010011924824857465,0.014229796202069656,-0.00737148568938617,0.009721981029328974,0.004108160157805241,0.0053984554306807375,0.009289009299019657,-0.005150276202903203,0.017069151598264165,-0.0032516637605279897,0.012022086895611128,0.018967938996012013,0.011221760296578953,-0.0017190377687588132,-0.03072742115239202,-0.010612435102574702,0.0042480272600093905,0.01250683994684465,0.00710046401876907,-0.00019766671315157858,-0.016444248235227388,1.4599728680922515
2026-01-23,0.0019504795481999349,0.013304521989031093,-0.0038251712916804737,-0.0196995844799005,-0.008335401050822422,-0.010755336360942502,-0.02286953062213337,-0.03373733596224493,0.010010360849046496,-0.000877242350414198,-0.011525638859260168,-0.0033941339055200137,0.0015013316772289897,0.011303622692847792,0.003656232941382509,-0.0017257847617904165,-0.029739031890742118,-0.04507810685933322,-0.01973463975388512,-0.0033033059005403986,0.01669071325760485,-0.05448686801860214,-0.005529937439318178,-0.018354481802187017,1.5792989307162602
2026-01-26,0.010730313742946418,0.0005464314682670501,-0.006883841034886595,-0.02202577262379901,0.02012859261887301,0.004125961151727031,-0.005008137084185238,-0.0023969855350529645,0.013060232848126851,-0.006979579430864247,0.010529825699888695,0.0026574995442165683,-0.009374222201448013,0.010164573246748132,-0.013967900833553037,0.00039189337343392694,-0.02741556522737687,-0.04890105254479615,-0.01297619146828155,0.0021034093243803564,-0.010690138250543657,-0.002081172747828375,-4.302317003113121e-05,-0.012499665665454462,1.5284725109338564
2026-01-27,-0.009177781954267328,0.013287332089461978,-0.006634258979592356,-0.010031938435337118,-0.00292955692331498,1.8578757780440824e-05,-0.0034875530676836686,-0.013663529237720407,-0.025120795109549343,0.007166623394764038,-0.0009312207416364293,-0.0028557316921887788,-0.03033133322158288,-0.0056960386858014855,-0.004999870124682615,0.0008433422750866448,-0.017981161547884872,-0.03787330367014097,-0.011114113745483434,-0.003047026454997326,0.021952731351364996,-0.04034952016977167,0.005077768172567776,-0.009760675997085855,1.106224370508285
2026-01-28,-0.012847747010922284,-0.01978847054872046,-0.01556727548288006,-0.015179964946980151,-0.0029183914354634632,-0.02356291109658637,-0.02707190561267392,-0.06128720410047006,-0.01750732061479099,-0.02625319904607759,-0.009898773243219527,-0.0018870534716250997,-0.02921925787238233,-0.01138952384180758,0.028672202557707305,-0.010574992148590256,-0.019881427073229707,-0.04466538261813935,-0.026683842398148028,-0.02031625534047876,-0.03497982210583017,-0.015335741417374482,-0.03584172442889766,-0.014791101055121825,1.5505657326442628
2026-01-29,-0.019429034398883438,-0.01047853370864249,-0.0023061303590968807,-0.012169260793458037,-0.0010990409102032972,-0.005472142112411871,-0.005243786306419973,-0.0012188284915716219,0.0034583436668429446,-0.010374481622623666,-0.01694596906255974,0.0021395483866726295,-0.008245769115513113,0.029453892294496464,0.007591221122088099,-0.006800067413540556,0.003867926111715825,-0.03014319148818556,-0.04900073870909494,-0.02888772860629829,-0.011039525690641261,-0.026306028670233572,-0.002583019113983731,-0.006866017510034239,1.5339657954690686
2026-01-30,-0.022232798686910082,-0.011114369045748251,-0.018940045490155377,-0.02188235007677619,-0.02673900816184216,-0.015875932213914368,-0.02063207174217163,-0.05007791660396943,-0.005758853730460589,-0.008356601981375666,-0.018043887553545357,-0.010780294408522462,-0.013162216061545662,-0.03698001284989194,-0.029852004372465712,-0.013967333948773919,-0.03153603397186222,-0.04758204650738618,-0.02372483107223511,-0.02112716741481424,-0.01055157800354245,-0.028214630792391615,-0.0312415558781739,0.0015650579265389375,1.4783304050674935
2026-02-02,0.006645820927512869,0.008198594844234908,0.01877846708255504,-0.011338477316290563,-1.6306562501289257e-05,0.002118805018283876,-0.03605833812790893,-0.04284099974531108,0.013990708182838318,0.022299878635317905,-0.0003914727211006275,0.04623160017795547,0.02330194067523017,-0.018341476609687657,0.030673189188019645,0.018441627731963672,-0.038801197207089966,-0.06856311289868211,0.024629990962747206,0.018661775235246703,0.02673501603058459,-0.005858515182301405,0.0006495158115782385,0.007172887776400794,1.6032466888427734
2026-02-03,-0.007669882400122008,-0.0018462230388940348,0.010078756181978843,0.00015001805039283056,-0.017101704105126903,0.012397055536377932,0.004656300267257496,-0.022126826191360416,-0.025671915326267447,0.004267554175463761,-0.02254674389743938,0.011160572151875492,-0.020459706757322338,-0.06312934750862731,-0.00895341762155133,0.00460073800452987,-0.02327450812714571,-0.08643440411296577,-0.030796101368304574,-0.0028188913886670885,-0.03696721365999578,-0.029694542992587003,0.012411263927025296,-0.017594380777055996,1.7361349456921138
2026-02-04,-0.025529437237455488,-0.0025062314339315828,-0.011334103702304699,-0.01798605922214014,-0.045777348195879974,-0.0023243701329326294,-0.015546866452528452,-0.02551974693115122,-0.014481298290663247,0.058114338993797476,-0.008224248244336207,-0.00017571348232903183,0.010097340778810304,-0.025203200636486178,-0.03565590456561818,-0.005765592750985982,0.00583663823069247,-0.10038375738305805,-0.0075917096550836005,-0.00876396483653763,-0.02693722473531024,-0.006992668402778901,-0.005416755554473407,0.006818170415760161,1.5494426427259258
2026-02-05,-0.03473324490365104,-0.019166831221809733,-0.024083424288204203,-0.03692031483047109,-0.02830129698699857,0.00418390546567915,-0.02028287789035621,0.004303540947736995,-0.010097976095199246,-0.005248967480544597,-0.029806534285472863,-0.0051257541278836305,-0.026770708078027394,-0.05854610535934701,-0.014038813315524479,0.00655554649858181,-0.05943767865988692,-0.06110256861529495,-0.001157931516054922,-0.03312337483755756,-0.016303934987614066,-0.016774152751651283,0.02471715196386559,-0.013658986102915827,1.4331117829784037
2026-02-06,0.024035787450180424,0.025867909608269235,0.020138076052396148,0.034337071459554114,0.029097656327637056,0.03365337322956985,0.032503772269864895,0.007187985738592584,0.04065875280474396,0.05156508611834032,0.004688981076934384,0.03667151016760517,0.03798229966417299,-0.027475387316495348,0.008385393856391143,0.017470481022974216,0.013097119548661329,0.035852990158737885,0.040542158770259684,0.004876743197961497,0.02881338637118902,0.06478219157480769,0.0103721495690563,0.01464478755279619,1.6052138825097306
2026-02-09,0.008100579942118102,0.014028184672889576,0.008964337830619895,0.009316758166780126,-4.2802304826228266e-05,-0.003760717073064135,-0.007023693928019492,-0.017918366088386928,0.0036282993825742516,0.011750051030167574,-0.012037930814489672,-0.012042256156692854,0.023894480069108992,-0.007385640132284155,-0.03848982824255576,0.008101035082538788,-0.023896515939981433,0.03210620019113719,0.03625059750361159,-0.006262987108499152,0.027509614350222256,0.005163467136857669,0.007869781907285267,-0.017502712192619785,1.5792680107971666
2026-02-10,0.013407843452876378,0.007022946643205241,0.00027389859655801985,0.005848872734479649,0.006411209594300082,0.0138635954352746,0.008377096780406657,-0.008172643141295621,0.001653581104408497,-0.008061708815673918,-0.000655688586973846,0.0002637452171236898,0.052177700443602815,0.0019589879697683443,0.020123715206231907,0.0017507112816999015,-0.0006666342749555021,0.050316360337051336,0.0332638581218514,-0.012384852296730586,0.031289893817562975,-0.001730978319688603,-0.022134313420939633,-0.006737376151291441,1.5047922549565875
2026-02-11,0.0029832227374249065,0.006417143481565191,-0.049836609913752605,-0.017221863854911645,-0.015353039473001928,0.003354015406276778,0.006257048028802004,-0.0016058738408530893,0.01515757839512144,-0.015757260796911643,-0.016859668383618076,-0.004510050236759544,-0.0068575115426680044,0.042852412629780456,-0.005730369031961113,0.004050749662838138,-0.007613538315019319,0.036396501876901244,-0.003749380049719142,-0.010162385141429642,-0.007761563886173772,-0.04884436757570787,0.017384925372747162,0.002775540524820208,1.3677916488076591
2026-02-12,-0.022199246185182542,-0.007858301982551663,-0.012174648250967368,-0.03499458517742138,-0.03761525734319926,-0.006485464408847119,-0.012539616944508891,-0.019533721963279405,-0.007324244097787758,-0.03469517265334121,-0.023245130150583382,-0.006305512030301608,0.01037409549826318,-0.003090246371873273,-0.0227566433843982,-0.013522448604139647,-0.04434771568534879,-0.010451346866409805,0.025820581721790248,-0.027584472580322483,-0.0389537797787296,-0.02409336245960947,0.006154358339893751,-0.005297685443161559,1.1997009420841476
2026-02-13,-0.020862621844571994,-0.003102409492903191,0.015345296508555872,-0.014231752939979359,-0.005881535187457709,-0.0021260013569358582,0.011016731169339877,-0.019470974858670553,0.013463839759066065,-0.008717560533921476,-8.730146804125649e-05,-0.002486836127724823,0.004262364200082747,-0.009733896205250558,-0.016233762992790002,0.004454922081575496,-0.00954040397124345,-0.03548684926861878,0.057052505024863365,-0.009052880394332719,0.01031179740336352,-0.006972402922811982,-0.015817993136745923,-0.007983289658439086,1.2022976326841324
2026-02-20,0.02567234783485106,0.03182273292794413,0.03219443676965539,0.028810376059672516,0.031321669694942766,0.01894706875287211,0.014727680697124823,0.01750244839313919,0.0256351583616663,-0.0032470705925888854,0.028860792636461907,0.015387504515193218,0.018936907911754952,-0.008058122189236627,0.006945545694258204,0.018231942053590355,0.027101128980137057,0.010918258163540084,0.0326832641075685,0.009836819865449264,0.0348821746136061,0.0013259268834744375,0.01796877755883619,0.018668577693516264,1.3373969286861391
2026-02-23,-0.01959433007557998,-0.010414970045158678,-0.0033541703385964183,-0.017890202995093252,-0.007343257678140591,-0.01165233072044658,-0.012917071661799118,0.005675351278434215,-0.022300322714572607,0.017041019625491316,-0.004412644750660055,0.02847663601320516,0.006411604044038066,-0.02143626514158925,-0.02780585068380781,0.011626063321082736,-0.050335596831003304,-0.021524142823084458,0.049030607373354185,-0.023316264152526855,-0.0649078116961751,-0.0317946822963735,0.004456714915655802,-0.0031090382168521558,1.180293227770794
2026-02-24,0.01110793949308908,0.012117254859737692,0.021425583336176945,0.006977336391439826,0.005480738878290037,0.0172743248724323,0.03643306643318067,-0.0071832678697854035,0.03348641843734401,0.0070340808642848085,0.01977052859970896,0.018057212412315282,0.009680677735850685,-0.018858418091546758,0.001265666882681371,0.02839522262458649,0.016079297010920035,-0.01725747150530399,0.08350143142547806,0.0006084900215026501,0.014595394872938261,0.01473475785551992,0.001693228283013326,0.015581537673693413,1.2118920760368814
2026-02-25,0.004057044770145568,0.008577695342582459,0.0145145741745909,0.006261879461399555,0.005508314878666543,0.004352811130749368,9.433913672340921e-05,-0.001011842730861745,0.014394447900629492,0.011514206465611077,0.0015565986501999696,-0.009587984266621219,0.015252061609579703,-0.04729359141113754,-0.03162719455901619,0.012590834861473388,-0.02125115232582897,-0.016802522030087585,0.0821501794287598,-0.010939836957030602,0.005045236473769199,-0.020338499809206434,-0.002610386613673854,0.01793478577033425,1.3017765345528005
2026-02-26,0.01196837364603609,0.014292342601335717,0.03165103456570906,-0.008688256678193063,0.020275035480391113,0.019452554920247778,0.028711849330647965,-0.01966090578918811,0.020805462820458587,0.006283883774352406,0.024222200114671022,-0.0025306557042582556,0.0633144690376981,-0.04316321962666536,-0.001227018584813333,0.016505895912870994,-0.10215539423454445,-0.031517367154475284,-0.023054618921310777,-0.015514020643405568,0.01282437565007255,0.031079987485091998,0.01803710789662727,0.020430127328950443,2.0798526565650737
2026-02-27,-0.01380955807152473,-0.0059788459704123165,0.0038420871648103816,-0.01623990642527673,-0.01324815526666534,0.0008108646512450246,0.004950937738581018,-0.03789460910510434,0.000634379824995257,-0.008364996112400824,-0.019745471624024735,-0.007999773464065996,-0.001570854566010138,-0.022090017795562744,-0.022537174781050107,-0.004012760503416701,-0.07549752449819613,-0.0669482754299009,0.04996648757512978,-0.022090017795562744,-0.017200472547578727,-0.031403405715026866,-0.01895715618999194,-0.012267876694724511,1.8174481996665297
2026-03-02,0.021984852286525358,0.017401302167583843,0.01645266178173399,0.01957850532103622,-0.002765050194020735,0.010610865016320359,-0.011851521902715212,-0.043949486002914595,-0.0027056690948218387,-0.008272289099851449,-0.0032004031384746945,0.022499952663201928,0.006231100570872616,0.006182907506399937,0.0033494563553309042,-0.0003760738611647829,-0.021184287192308582,-0.08855944439912289,0.04665626848549764,-0.022736995276516292,0.023198639411491584,0.05883745110792593,0.0022363787517072353,-0.007351315836751304,1.8263609329532366
2026-03-03,-0.01663933651194871,-0.0013360634324878218,0.005339847467817016,-0.010617184548943226,-0.020341584193839468,0.0024575924495988666,-0.021906510921051447,-0.02236872911453247,0.034138873670632064,0.0019285741853376503,-0.01288714296677318,0.0017095929381549801,0.012337529863931662,-0.03343024192408384,-0.0004956444817093564,0.0005461696046942244,-0.02034462562772077,-0.12820398654805099,0.029085548300492148,-0.013587632647667713,-0.0021418603839122863,-0.024045601097739455,-0.01827589935954088,-0.004090110497243948,1.862343056144117
2026-03-04,0.000898548982348979,0.011426677402749608,0.005806787076152897,0.009352621143360551,0.030881487550564968,0.021071763977601687,0.015302950631257195,0.044657005564794794,-0.0001321137161294228,-0.0033662857063236906,-0.0020715617833694244,0.025830449206904138,0.0561570644783016,-0.031957321076485856,0.005728874768253123,-0.01108566485695106,-0.0213529678393527,-0.13360553936160546,0.00745732961716028,0.0019718935415842243,0.0029210153837226915,0.023858287589689997,0.0005257650207479703,0.022027538707194427,2.1117918637219906
2026-03-05,0.008483835172667265,0.026839038591083497,-0.008806877491199239,-0.0057351079247207615,-0.051617032548351705,0.005749509241975481,0.0034017999613558114,-0.008673239719791948,0.04149157537677439,0.005068630621379189,-0.0064022002872370365,-0.008155508381508025,0.019405105677357426,0.04306890560478305,0.003213633492105128,-0.02132148085094443,-0.02851017186788396,-0.11787553103090065,0.031205180417129164,-0.018719529817643243,-0.01075498745784731,-0.013128728132018153,-0.014734902076047662,0.028188302698591183,2.132332614745051
2026-03-06,-0.021925732453303093,-0.008662025735647783,-0.02615291664070496,-0.026279308983998106,-0.04125290498331813,-0.0053547117980080605,0.02056306584332046,-0.011744421125580495,0.010137183814527884,-0.03873419005960821,-0.03374007057941797,-0.006489533984248452,-0.013001446366404323,0.04772572822500565,-0.025466645753719375,-0.0161259037873126,-0.032255784567733814,-0.13199589055874628,-0.028619642287094904,-0.029485940521872145,-0.04606894170186815,-0.012874995138560719,-0.03718117450131042,-0.0234800656471551,1.7532066246801046
2026-03-09,0.00697029914787306,0.01762288885496921,0.0004572279701366977,0.019336964757582287,0.034812001595941,0.011376335439406082,0.028629695432442093,0.009235877244018864,0.01316235550290279,0.019157769839721173,-0.015022550421705416,0.015969775935190667,0.007760731784555164,0.05565418429042546,0.0019327578265377898,0.001430811472064697,-0.012435233162713555,-0.14664217919766687,0.019898635681207866,-0.0023777345014271978,-0.013448901070639563,-0.004371149167182509,0.023604079094091457,-0.02682826937258087,2.3394201032082123
2026-03-10,0.002094409172243239,-0.0006325518869354507,-0.020356338328503587,0.0155980639314508,0.011036705524189783,0.005736796983383696,0.02056032051824208,0.16877046963930042,-0.011187081796896203,0.0002496533643387977,-0.01944374581418229,0.0011761207928504547,0.010538588709664731,0.016914835129969275,-0.00539438980250273,-0.0024466828549061237,0.016294498300194915,-0.1426137540902529,0.028907452991477678,0.0006697546704153012,-0.033369544878869006,-0.016521834987286654,-0.006324134927415903,-0.011584280206844322,1.8216495010802163
2026-03-11,0.0006622426389939484,0.012555378960462216,-0.021940081793698663,0.0048733254208381815,-0.027928978899188883,0.02431863908124443,0.004132453601353836,-0.016179658982639067,-0.01967295680588288,-0.007585153014196266,-0.021150127117802953,0.006114297338631447,-0.009954424071930146,-0.015899841790506186,-0.0014262453790631069,-0.0024760726701658076,-0.034391895908934766,-0.17814208588318747,-0.0030060707059180736,-0.008523560143763653,-0.048975120509153314,-0.0335705329382564,-0.014451133674674432,-6.343250834950354e-05,2.174434420589023
2026-03-12,-0.002499438902263118,-0.0016361794309575073,-0.00724582419728359,0.0005982819010228457,-0.024274126710147503,-0.005510504984283848,-0.0034959081242887935,-0.03271783237354242,-0.002030928909839802,0.0028204259920237007,-0.026841316652053138,-0.025326758201560273,0.008642751077732713,-0.024426505168255508,-0.007817973591297656,-0.002611838068773631,-0.03730404461413961,-0.19951181272198093,-0.007706991179299183,-0.017133533368881015,-0.016255341305371873,-0.032964364023930326,-0.021538294273005798,-0.013832871274262581,2.0708764495390897
2026-03-13,-0.0015761365582875886,0.011264319016593305,0.008537367243879546,-0.006615035022808247,0.0002432597946613324,-0.0011258718899403997,-0.010688752800036339,0.023838844786649993,0.008037756751501313,0.00756894455524737,-0.006946295191753937,0.0019127256868349818,0.005507041737816465,0.0028728749354587357,0.02542961443499281,-0.0017596769752398211,-0.04979663714617777,-0.19213643221501453,-0.01551035210964391,-0.006123320926060494,0.008298569212688234,-0.01697062443854358,-0.013385266615004499,-0.008825617774969263,1.9944688076141706
2026-03-16,-0.0018282385169200444,-2.9143767502848306e-05,0.0012296990683366982,-0.03037191985833354,-0.011194342533972668,0.021215523251894908,0.0047669893473956115,0.0033437872976573857,-0.005918998045732593,0.011200387675651013,-0.0207307591478747,-0.0023263646886642064,0.021809125989096234,-0.004487956139643923,0.005228093591308713,-0.002110241834235027,-0.04402078094091999,-0.18856876920673005,-0.031046373365361202,0.007369759141157006,-0.004267777580836185,-0.013292093884001766,-0.005817439075147091,-0.0038262530517988447,1.9002125804394958
2026-03-17,-0.00694531697063816,-0.0032843486157336788,-0.0034977420944691806,-0.009035806389788847,0.023078720575709477,-0.013308438327241712,-0.040794484840080414,-0.01382400482122259,-0.0020381550883644683,-0.009809438182821872,-0.01026725268660389,-0.0019750004846426084,0.02493851759577259,0.021590095420111366,0.006062656350183104,0.016422871239720305,-0.02589393086816394,-0.181099265202453,-0.011010713357107682,-0.0013075129657356133,0.0055090299316697955,-0.01752525014007522,0.000799473381837501,-0.0020792027693610216,1.9314225064340378
2026-03-18,-0.04369945214726845,-0.02043747901916504,-0.023567087605029124,-0.019874514521530662,-0.04569837581334668,-0.0006557596651658448,-0.027818183933352114,-0.04224205491205513,-0.020248951956550854,-0.03127050719869573,-0.12068358258903722,-0.027063475154130434,-0.010319925735698066,-0.018291721691829577,-0.00966537764384523,0.017867246883757515,-0.08594474606640856,-0.18759215943042196,-0.05961999165861254,-0.026720313375718008,-0.052281917829498425,-0.12419483765703343,-0.06816214761919948,-0.016068349755503197,1.8745976791311643
2026-03-19,-0.07317337629672238,-0.008276718684297912,-0.005375314811047582,-0.010426288565090425,-0.002930688741022869,0.015131172154455808,-0.005557852726793544,-0.020903072782669008,0.004862322248891937,0.000948114978026382,0.020029057247325177,0.006004136806613269,0.016235705885147667,0.007436024293960841,-0.01711732928752774,0.011329162742191645,-0.04225441128386365,-0.20920086237512314,0.00063702545639166,-0.015208668658893476,-0.014049404972058865,-0.03179305990442649,-0.021359027381362417,-0.014605065820468277,1.9072475536560676
2026-03-20,-0.03101148569002765,-0.016472008314283748,-0.022689656472077546,-0.032150551897702884,-0.034136786890348714,-0.020799994468688965,-0.039946384567844606,-0.08563098716705364,-0.013847083337665822,-0.0340551154854668,-0.014684434402774782,-0.018464537724727226,-0.003447093286072511,-0.014235479108617999,-0.03475720045526731,-0.011301099622175959,-0.005257111095487321,-0.2633541156332775,0.07045769997394724,-0.03268342201362762,0.01784526164451794,0.00104369508904667,-0.032762577969615014,-0.006365936269424055,2.031609230409612
2026-03-23,0.031232954132671464,0.026348518642937968,0.01044149879660905,0.021387484051296424,0.03566272797999592,0.03541853390886529,0.032268145143395266,0.03382739900037657,0.029770527031984795,0.009095529519874024,0.021171014476686345,0.022538181915511046,0.010625719943990086,0.0178055750581827,0.005512004331332587,0.02785605288437698,-0.008107926204027338,-0.32443835489110706,0.07932049813223752,0.013867104263707297,0.006536061293336282,0.01837324729467582,0.003924775805464131,0.01079223524551609,2.6408926536042445
2026-03-24,-0.0025256439135459274,0.003833723573008596,-0.007798519753488109,-0.021258858667445923,-0.019499691832915222,0.028607241088421276,-0.00024137125902967682,-0.020650029182434082,0.009529310471247499,-0.013895827384296178,-0.004506152772636662,-0.002689127512625955,-0.00019027949524108578,-0.02740410694197204,-0.013243573557423671,0.0034738500993749533,-0.02237116394072125,-0.33871411300594867,-0.028612216350320185,-0.015858107401457988,-0.0067930381158288755,-0.028780456394268294,-0.012578988372859978,0.013999755766924027,2.6482523339044586
2026-03-25,-0.014185683984059394,0.03590478118672791,0.003958654525916927,0.009901457467062169,0.00010124863579297205,0.004422956850433035,0.022359667014364204,-0.03160131952281087,0.0041716320618832015,-0.014336576625814557,-0.007591170809152281,0.02015546189595474,0.03519157734219869,0.034312398016002055,0.00678898308216791,-0.02325562258227265,0.13722746300159638,-0.3070051629006395,0.0014436184934385476,0.007586247554464576,-0.023558649724123693,-0.026556943010386247,-0.03604431796845031,0.006915261259564431,2.886843120662282
2026-03-26,-0.003594590084969429,0.004097684650739231,0.0006024581640442506,-0.01818672007339739,-0.02735272390630361,-0.004047153482884869,-0.021492231901888648,-0.05049336229916579,0.006725586639591885,0.005840550845232162,0.001506272214920834,0.014958847839930067,0.013280745311179398,0.0015875553629784989,0.006958921640277449,-0.0005864343398777061,-0.14440906159789746,-0.3221957038313954,-0.017538875429450096,0.0003620333094738193,0.019583367358535275,-0.029534272353680557,0.024772309137933934,0.028845027298575854,2.927077345792529
2026-03-27,-0.021069392047442514,-0.01232367441883464,-0.012090182096178959,-0.02431426126442493,-0.02593153834485329,-0.02472016060522697,-0.053649284947095977,-0.07036991467670162,-0.029493102970680196,-0.02149155670225189,-0.006738087931143832,-0.020818829973600184,-0.002389535031760648,-0.022942464995987844,-0.024830489578547277,-0.013174370301014204,-0.15140573642643707,-0.34666171760366093,-0.029596643800273936,-0.021787524223327637,-0.04328270119807087,-0.01736289964172688,-0.029692264268364355,-0.012130514141988957,2.9537275242950263
2026-03-30,-0.008958029362044706,0.002929800362706736,-0.0002663785107598349,-0.011711504740845036,-0.018607081931240832,-0.0010607239737299157,-0.020543172096467388,-0.009750087014274045,0.0018374454815131003,-0.022498808698344752,0.008490216972287579,0.0002940870477206037,-0.0021149239963378363,0.012797136456866864,-0.0024691713069228127,-0.006784968745342956,0.04786775841970137,-0.3604949812652949,-0.015042485848966392,-0.022256405293903936,0.015361971142115793,-0.04906439661805728,-0.002198472828329412,-0.024393662763901203,3.0596983295148057
2026-03-31,0.03263331851811757,0.02341719917377416,0.02888947924772478,0.032466543010189586,0.03557933079888742,0.031835578476778315,0.024208087351267782,0.077274787918447,0.02452606204729535,-0.008237041514992827,0.021033116144605124,0.0431090936978058,0.07583587976218831,0.002549511584811537,0.017742469922913395,0.04628419353402147,0.042143829797361754,-0.32785506349552884,0.024361434892757217,0.031683563086578825,0.00884640538556769,0.016467942822163018,0.007819379326954756,0.033704331980820124,2.527619961410854
2026-04-01,-0.011975072877228543,0.0021904705932116464,0.0029234859480675723,0.0003615095080979902,-0.017409843187619067,0.011726050010255396,0.005497317340110053,0.004507580238544362,-0.00945701128368115,0.004665931208996499,0.0035440963192674424,0.0052707194632863885,0.05236342517360315,0.003251225419112158,-0.009932158686185577,0.0035741573678254035,0.0055703938451707735,-0.3204322847279639,0.013922327710960802,-0.014170452738835548,-0.006939611142099067,-0.016030701694293215,0.015214409297290787,-0.0060855849899648096,2.5704380390470605
2026-04-02,0.008985319045746953,-0.0033786567981348714,0.011559747942599286,-0.0009138469093660229,0.012017645316671377,0.008016894162397481,0.02373930990690698,0.013834310142951,0.012843829221846237,-0.0007595856370098408,-0.00035227637533696843,-0.0007415856501589158,0.013657877709965627,-0.0048854588067385185,-0.013015230322211746,0.029135008960924802,0.060090810642001946,-0.33132996898211364,0.04793219401010762,-0.017916520882907294,0.020786058423079234,-0.0038754342195376212,0.005343925475213229,0.02587509154802481,2.4816006514779643
2026-04-08,-0.029919156148773385,0.01684344477105859,0.0004002565206240316,-0.004025974895363604,0.007311154861625813,-0.004487074966199711,-0.014556793556457115,-0.015189441999493236,-0.0065157487019738,-0.0016514264208147278,-0.016618059259941087,0.0033268228166329905,0.010634928962876655,0.011594992302599305,-0.02350974374564785,0.0031082431923004084,-0.0026241232009912574,-0.3136511074337869,0.0012080937524656665,-0.006002138085504205,-0.03226294179831024,-0.002511184594633842,0.005695487209891548,0.009020842333153922,2.635146048794389
2026-04-09,0.017109118259974743,-0.0064190885818832255,0.00226251513271003,-0.03320658258117448,-0.0017555555160559955,-0.0038118303657209696,0.011348901329817362,-0.08309043468853639,0.0007658897031614931,0.0006766648725151647,0.004657355308921973,0.0049469918415174785,-0.010713368421462421,-0.0005607132684674054,-0.025229065134794948,0.009242554900807054,0.011371630155926793,-0.3245582247571258,0.06722221363714587,-0.010050152002338275,-0.014967016800909283,0.01789637069604444,0.00045629915891565176,0.006244988799903428,2.683248792629764
2026-04-10,-0.006572343101782674,0.017120622290905718,-0.010136388703706034,-0.022563017703681965,0.010955062991859776,0.0139876724552217,0.018316001583611685,0.0442125022326072,0.0024933178903479014,-0.007688315009008351,-0.013431049281091956,-0.013290218629316786,-0.0031349050279823043,-0.018107327595722422,-0.01972998034551454,0.0018079913765776112,-0.08819889304253292,-0.3244763102552015,-0.013440251306894524,-0.014621348962469694,-0.013288969971704256,-0.023187753797830557,-0.022154323737706316,0.015118737640405389,2.5809717117111015
2026-04-13,0.017256088968934824,0.009196822077300215,0.011106050839340798,0.02105617043108876,0.027092142439261613,-0.002104092642208899,0.01205312288260818,-0.03292519209797917,0.020836098059145325,-0.0004467313815558205,0.009516424399276913,-0.01580725102444469,0.022265617791150438,-0.015451786330692885,0.0026353782285972738,0.010744124919548348,0.03709371822851626,-0.31737180804786114,0.008195259882390227,0.020954173228301842,0.022307878829685768,-0.0012406749279583185,0.011714816501270597,0.015933237995317873,2.531336208036699
2026-04-14,0.03257459309754207,0.0601440675648659,0.014792090376944067,0.041536125385212896,0.03295516212886107,0.005003100165589025,0.04729437487239685,-0.00922914901850791,0.03524291768138621,0.0034720775553456207,0.0249308530617931,0.00979245333988854,0.016208054892139945,-0.012010878320975249,-0.012794729427826335,0.008652960955156441,0.0282744434873754,-0.30321957661635957,0.03541626772422091,0.024842966723568782,0.026235939229576344,0.008645520725573341,0.0012595686576100107,0.007540298938920387,2.6127648972698947
2026-04-15,0.014832314893953757,0.02122106044723915,0.021583515682495946,0.0342720375456298,0.009023389170025098,0.0032285532682054807,0.022476118153345936,-0.02289197069565807,0.03302472822324254,0.006301237650983227,0.01206756300339884,0.012023262585372896,0.044926748184024756,0.007755166271433023,0.031644596698960914,-0.01471317831157437,0.03827871818388151,-0.30288320122691514,0.04676535872698162,0.013311537467562973,0.0636625649925533,0.009095356063053117,0.03599197229475659,-0.01354913976442118,2.8001022813047407
2026-04-16,-0.0008317334269549725,-0.008925599040702226,-0.006213292552801564,-0.007209372637384304,-0.007184449558709227,0.012965140802599251,0.021013181550162185,0.021039689573918885,-0.004287383665700473,-0.029642251975900535,0.06539438006897602,-0.01669197102862252,0.013557840662866694,0.019393459824555093,0.016160273325833474,-0.002213171970350203,0.1057113136561818,-0.270649862354733,0.0241451914907862,0.00736825902730831,0.009841588213791885,-0.02933814542726465,0.012381337861387731,-0.017909221568786937,3.3114128857238034
2026-04-17,0.010868006335934988,0.008127637846949698,0.014401023556507075,0.011750859277004588,0.008909624764741109,0.006696128120561973,0.015698293904102156,-0.01966820062068253,0.009651684535214367,0.013842145652899207,0.012465988758450397,0.008716537309616301,0.03572918341277753,0.01467784978222042,0.00028112783141898134,0.008455356359266641,0.037720283630948925,-0.32180557381266217,0.042170866961140474,0.038731264370234,0.009614687314894343,0.0012026251380252706,0.009461979068517756,-0.0038261051022762116,3.638376622372908
2026-04-20,0.0015479011597723247,0.003529914668739087,0.007316405407367554,0.018356303298006083,0.0007398552698654193,-0.0005363825366087038,0.004286719477062828,-0.020551018925139664,0.017942323942629068,-0.000785791391272439,0.008917939976055722,0.0031669393426752013,0.0277406432850571,0.01712723284008355,-0.0040781834851140175,0.0038040989652952106,0.03686946868366414,-0.31746593964219116,0.04082673019898797,0.004472862751500495,0.008604453418300073,-0.02040325952867761,0.011377011417845306,0.025386945753643086,3.696645235120098
2026-04-21,-0.027865081896447097,-0.028579422949324473,-0.016999174948759577,-0.029977899625021953,-0.034377484609265485,-0.010562104720219012,-0.013520650355396846,-0.043752212821182135,0.0021210236133686333,-0.0207539746185893,-0.009203836643251084,-0.007361329138337647,-0.010018158567075441,0.0001345619790871222,-0.024115793877210523,-0.020491113670356942,-0.026566887479930967,-0.32835003076476243,-0.003314308317104664,-0.02891514914138571,-0.014484291122066617,0.03182238523343317,-0.03373811389107506,-0.013296154458638076,3.4201816444911817
2026-04-22,0.015414754796597485,-0.0029657987412008424,-0.0011895507678965078,-0.003505510694949754,-0.001696163385614402,-0.005881353783270815,0.001364249123166239,-0.011866228766268971,-0.0008339723922556885,-0.008510630372029149,-0.00992907472578175,0.007362711208596329,-0.04896383421489747,0.00018822147210806328,-0.016624530403100857,-0.004438068467526923,-0.035248012904782966,-0.32113019454848457,0.004964694827035654,-0.014628382496012726,-0.008494708489017344,-0.007557305821629279,-0.03400943049259242,0.002725587512905081,3.112311160201518
2026-04-23,-0.011246295920591232,-0.010944106662698738,-0.004742620531303032,-0.0126380739121974,-0.022329221333130866,-0.0016003761738607736,0.0026409666370925677,-0.03370044504121139,-0.002641220327287086,-0.0004067473759458151,-0.01672726501544819,-0.016750971208662757,-0.004860218543816575,-0.011318531497595763,-0.03948484680270037,-0.004022706872262249,-0.03999905368252976,-0.3317693591308696,-0.016194124324212078,-0.015604886733712964,-0.005715281863948429,-0.039833029875388504,0.008320058583587642,-0.008858140248371393,3.100723508936187
2026-04-24,0.008904039673836017,0.0003583469653354321,0.013575396532206074,0.037994739387081866,-0.0007479022937443291,0.015738985993328347,0.016252223285483813,-0.011003864799202678,0.0028340932234822702,0.00025249191340415145,0.002587203603606536,0.00015611520323877137,0.012733525396021683,0.018116063592329645,-0.028474163169391442,-0.006281580372073159,0.008874805022641263,-0.3101792414515908,0.04722091257511063,-0.0044531048062611545,0.024749935140244483,0.002940390236416901,-0.012469021949830794,0.002310428673134801,3.056777201101971
2026-04-27,-0.003186450778450589,-0.0038962730994591688,0.006917994855965448,-0.0026396998704757424,-0.006450509702744522,0.008869909485493599,0.010482432757163984,-0.026691424608386916,0.017618834402317596,-0.01847829723796679,-0.005868787938398068,-0.0014277621428750997,-0.01704358922925464,-0.0028112815830588778,0.0018710113146342966,-0.020830078211836467,0.02273748533136688,-0.3171417363011897,0.012205249188433687,-0.00869411044863233,0.023640189616064955,0.01464628327181261,-0.023867792492443418,-0.009592116618052149,2.7842031661758018
2026-04-28,0.013272962391027487,0.010342932066662147,0.013691654045428825,-0.000868431015084492,0.010670554036472657,0.039824856092139704,0.027294679722716264,0.032340805069004164,-0.0063641245919345835,0.0010506511497492266,-0.019358379807368875,0.004682705967960166,0.004077115131510656,-0.013388377447426714,0.009794173101369985,-0.007041233188372464,0.009920754836851842,-0.3169848503106397,0.0038020481120677463,0.0021302983452353708,0.02912983923451895,-0.004485777406582847,0.030590741649084263,0.004724055236022595,2.499806126152
2026-04-29,-0.021825048131165703,-0.009713519203997989,0.016299675236572497,-0.011482539110605039,-0.023507725638106214,0.004201431136699352,-0.005819106298949883,-0.046295575041707115,-0.008717782792241002,0.006105844025323437,-0.022798199215345094,-0.021895435324134738,-0.049188922320161255,-0.015685289846557815,-0.013705905998224077,-0.015895168213193145,0.0012155657509229645,-0.33145796170507535,0.0029567913794381617,-0.018523582376019476,0.0044690936170763695,-0.036205932719447054,0.013857776934787847,-0.017055251511380987,2.52390833811076
2026-04-30,0.025327818606514008,0.021559787080332127,0.028954372363017455,0.04423231104000225,0.02643829175703427,0.03428515370467777,0.047061211792991386,0.017841273857538198,0.016846258819948723,-0.003417789167568963,0.03710984367028214,0.02534622682704568,0.029693523713740344,0.017857238577608125,0.019990619652861863,0.025812164652519787,-0.023975812867838675,-0.31337249038370385,0.029992580858229978,0.023196993416447986,0.013922437838614687,0.025066544657211143,0.011743808279952583,-0.0035199725594066145,2.5175917565897663
2026-05-04,-0.008962445278181352,0.007535933604281064,0.0014372118844412363,0.016686727433394388,-0.005041100528393905,-0.001511043254097566,0.0008129366909666036,-0.010036576897633487,-0.007767207188558611,-0.021864299103593998,0.000327456375670776,0.013478869861590859,0.0015455826948334028,-0.008799101997821857,-0.00680678861065287,-0.011036877159342096,-0.016165563082614964,-0.29198378110325784,0.056391085324815515,-0.010478176163859931,0.023364156987231155,0.0031670965549521757,-0.042023603567403645,-0.015424198725303984,2.662982886667101
2026-05-05,-0.012958132430270441,0.0003654294043304862,-0.004874136601447865,-0.014310033168198677,-0.002350947388874758,-0.00020368045848229155,-0.01259884432740177,-0.031538280963618326,-0.0003609010777484434,-0.0014718975325698214,-0.00694463662257816,0.013859145753785329,-0.00159544461077743,-0.005680001165041193,0.0028168808161959102,0.010292233999060096,-0.01185280228203478,-0.2849646939986893,0.017998390610258097,-0.005229842636068072,0.016020741990529608,0.0002608150336220749,0.006841476823066239,0.0026906645623718806,2.609850368110033
2026-05-06,0.032297294795490705,0.03297293181046834,0.022045077837974825,0.04636583311232889,0.03290217733781575,0.023196132357432564,0.035866442893317085,0.00413411456116064,0.04622648225389292,0.007588476842430358,0.008631523349163617,0.037644085000470895,0.017472215692810655,0.057528859547300026,0.015532000739141516,0.01698405607928488,0.007648596963609755,-0.2739443422837421,0.017066571190834212,0.030165649573159703,0.04451100133820507,0.026097019513448005,-0.005051770752127704,0.012827506962400426,2.8552702369895724
2026-05-07,-0.020044926573572153,-0.00559850314371535,-0.011369494515621303,-0.00241010773710848,-0.02384872113761083,-0.014440165382593628,-0.021526514828417387,-0.026544276954796664,-0.005459421967484945,-0.010767443226863516,-0.007096345260517167,0.011281308689593983,-0.04419392925874632,-0.0037317760475460426,0.013610541826698963,-0.01215684389214955,-0.0003670265339177359,-0.2992450763410188,0.02128155508943097,-0.009836600551737962,0.0023117472641178693,-0.036422732541107505,-0.023803382309988574,-0.019081750863530145,2.594815646295984
2026-05-08,-0.013310088737813919,-0.0040853200128861955,-0.010339567650408332,-0.04876490220984653,-0.028047381891121215,0.006481302429621749,-0.001927885092399162,-0.01952054970932282,-0.010351264078132139,-0.012354072232277913,-0.011021727737187903,-0.013205570131287425,-0.03440486404540477,-0.013508671736006783,-0.03277531504942266,0.006339375950623394,0.014260579790886796,-0.29927194764760956,0.06922256473598942,-0.00926522094004345,-0.01321119912987967,-0.024486713767870483,-0.03096596274632224,-0.020404477845568203,2.345676754943268
2026-05-11,0.003434668625053927,0.008480644152262462,-0.0035355603837543548,0.012479130292977869,0.0014917128561702242,0.0001854495888600205,0.011466730831329208,0.014520704631025616,0.021133468825345503,0.004307889607811033,-0.015989329972736166,-0.017659828924251886,0.013642023488817934,0.006951124901236172,-0.01088308924771031,-0.003077667627759295,0.005109977348285888,-0.29254494650321294,0.03931878645424325,-0.01935784292269438,0.00564233747886278,-0.015437650092855693,-0.00022946241480403806,-0.008314551309770324,2.2050122858484418
2026-05-12,-0.010610705286297262,0.04100510443793648,-0.014547915205117334,-0.01979390485722954,-0.016539345032275277,-0.0006780613124739432,0.010413032604937644,0.0024316560933081988,0.011790924287530036,0.008600819749158495,-0.009493114895218757,-0.0009190798475612327,-0.00981377679373141,-0.008301551817537667,-0.0019999745240190103,-0.00557457119231064,-0.012260998932819067,-0.30336198557396965,-0.001375629378756238,-0.003105646722272648,-0.010147519618345258,-0.015476402294167801,0.025866142402603876,-0.013101582242869392,2.1112700299836615
2026-05-13,0.07438521892424621,0.031036048936609717,0.008367124321036368,0.07103733214465047,0.03419002025212081,0.06395221085350444,0.04626633705974603,0.05952599656347268,0.010012882416634117,-0.015286371088169326,0.038590176508728646,0.014455443609990626,0.06261828039815098,0.018299814455716268,0.0028181599358854115,0.0021857821304136493,0.04679146870500683,-0.29618195804186365,-0.010482843451889656,0.047511871010447404,0.034864295918732635,0.058660901958464295,-0.020329381052608397,-0.00017098427404149685,2.053374562219888
2026-05-14,0.0015017088220157238,-0.011270185088868567,-0.0088412005890538,-0.004749792336872671,-0.04736923734781373,-0.018421037402996387,0.013708491571999382,-0.0205664613658052,-0.00992920047999113,-0.008301369685485449,-0.021056515161907208,-0.006734062930421669,0.036922652750750906,-0.06111099670512099,-0.002104242455141403,-0.0032906369034025884,0.006611419471558522,-0.3140471622598159,-0.012246314529317237,-0.006408786862193261,-0.008209105798272831,-0.0459300442036481,-0.01821582500056762,-0.002985042241578695,1.906151498870107
2026-05-15,-0.018821505817289697,-0.01989589256122193,-0.007797058954621572,-0.024355896388790543,-0.026962877368760796,-0.041169710588206954,-0.002121501748873933,-0.030503505667124897,-0.001648464198600541,-0.005451586149813781,-0.013220257787594059,-0.014557980299261808,0.002276170169409175,-0.029505644267187492,0.013375828966041947,0.008339804184060995,-0.073239023551678,-0.32815013777701396,-0.009198862595101054,-0.010477876091889438,-0.010772924997533129,-0.022686763049710956,0.01656025295644925,-0.014765419319990092,1.8493876441071375
2026-05-18,-0.0096389021112806,-0.022006203225267584,0.0160847425505235,0.0006390795061184118,0.020621763836640383,0.006818486972357096,-0.02784904836622737,-0.03152663275666168,0.005160061828563656,0.009968129972502071,0.020141286684625337,0.008186819528392286,-0.025880944509429682,0.0012951234860227867,0.00010464902597040471,0.008200108585850963,0.02919820259973016,-0.34629101299911924,0.009280676466909554,-0.00300327538248224,0.010709078409257833,-0.008912314166779733,-0.005165643568418754,-0.021744098570625314,2.073066261137217
2026-05-19,-0.00403180335948039,0.006929270582036073,0.006161484272776407,-0.014196898332080377,0.003240170984450952,0.020081281200913015,-0.0001322484246891742,-0.007379348385779028,-0.013657520185128003,-0.00630727691348798,-0.005390389206033186,0.02344412139170582,-0.012071244508561674,-0.00824975482377166,-0.01839355614893745,0.0244628876355919,0.027976489442806285,-0.36064604677959466,-0.021213769912719727,-0.004277326283824268,-0.004636153478058347,-3.806960263874615e-05,-0.00783228873544728,-0.005965276162724464,1.6507871224242185
2026-05-20,-0.0018354841378722675,-0.005283953533763874,0.014430173352977027,-0.013470848252448153,-0.03605647033571169,0.02867766152908624,0.02318443254463287,-0.006246219323615021,-0.00011588336705403712,0.006146256813419848,0.006191273240403472,0.027738058757803996,0.026711321819736344,0.0181787776401805,-0.028885233624378448,0.04465983364314052,-0.014608366761318048,-0.3568562940192015,0.0027017895053251806,0.008075970012132005,0.02996339676345472,-0.014636257231763983,0.015374228405357737,-0.00863491343182865,1.7385114546401397
2026-05-21,0.021422774530774014,-0.002209918908678832,0.04303116344161184,0.01514128837175388,0.0005523535398059831,0.019025579438113338,0.00994046774301971,0.02085288003567154,0.00420785232968468,0.0009758118111360403,0.005205877201412079,0.018677445456943387,0.043094419958261465,0.0005189603112529806,-0.019838445168505525,0.004443031018975141,-0.0031353537199045878,-0.3964792701262033,0.045196458246835824,0.013596734772904906,0.03816831835499679,-0.00742305552825584,0.018477498449503527,-0.0006353946402798405,1.7768620940588802
2026-05-22,0.00237037253192085,-0.017703605474075013,0.0061071438629234365,-0.02389295200764663,-0.022604927237047767,0.007126488204218351,-0.024515488086980453,-0.04777158466840303,-0.011272716849603182,-0.0014901780690221855,-0.003974273013487406,0.013329403336306056,-0.007562465418253117,0.000343055223627875,-0.041811243612313365,0.008407517836067191,-0.02997647768681977,-0.410659967039118,-0.036470990698966754,-0.005322799553036717,0.017150715660970928,-0.0602857722868928,-0.022071278965056118,-0.020046128387132267,1.698205439301291
2026-05-26,-0.006364656493022869,-0.009486684049692329,0.020896796184741717,-0.029667501461879908,0.018226044445365908,0.00087051849892128,-0.0056965598217109115,-0.027189296464272816,0.014086071477605655,0.010232532169104136,0.008334222385434131,-0.019045872672089792,0.01220091168338544,0.006757349912058563,-0.025091714441949353,-0.001592213328809322,0.056810329500466716,-0.4250076776972338,-0.01894759756424358,-0.02222512436917523,-0.03894804614301062,0.054226839193821874,-0.024560971589913883,-0.01862823686260273,1.8749614942598907
2026-05-27,0.006740850089972605,0.005247510597386373,-0.0061273141828063205,-0.007458898212568177,0.017554910899195697,0.026985723020198638,0.02545017217462142,0.07995942575366777,0.013609549497282325,0.027517284193398384,0.01545063740526409,0.0012869113720259673,0.022704606520453252,-0.0022499622616077852,0.0037095802792994625,0.0034475367845814286,0.00888544352458287,-0.396139396347303,-0.003922507012335763,0.0027971330521552318,0.01880809562547947,0.25137635516780765,0.04741615144925415,-0.017800067297510935,1.8791349621553755
2026-05-28,0.014262204448401095,-0.0005541113216347426,0.008337313596949114,0.029495920245932394,0.018082768708357122,0.006909741445034978,-0.029497295712601512,-0.019464903177838333,0.01265695656388588,-0.0030704057276308427,0.004350810490411305,4.654172568896442e-06,0.0628957918933728,0.07421256130740739,-0.016858315996634343,0.0006952251556333611,0.022131542310557917,-0.4070838294558161,-0.012441089026229424,0.01892961251160674,0.01754751067113247,0.0177824171381864,0.01674077460439438,-0.010992467636899983,1.9145356857296885
2026-05-29,0.006051010548300484,-0.005136380265626683,-0.0086698739635227,0.019157518516826455,-0.004601962284259908,0.01623024719529087,0.009066530350533508,0.032152467989528644,0.007411711170786983,-0.031000215119853958,0.03652758178033233,-0.01872440176486445,-0.003802410391991917,0.021887451849078587,-0.015678285141282222,-0.0024605173703347027,0.01087426250923551,-0.4071125938924115,-0.00974389438020351,-0.01780837037711336,0.01623213864936779,0.06115811683829908,0.0023854588589269365,-0.020837485790252686,1.7355826622679373
2026-06-01,0.00021435736038077913,0.013984503415043426,-0.010327550986059975,0.004513140540767457,0.005349221757263045,-0.02704798233974648,-0.006077174890413595,0.03348356627574156,0.0020955372512501125,-0.008742329834845242,0.02050730460768113,-0.017035507959707763,-0.013161383493115575,0.0331225190795974,-0.0013265523883332353,0.009908757544320634,0.05804911396231738,-0.40332820642610956,-0.02052372694015503,0.013949045323948805,0.028175464403451977,0.06599795471213588,-0.021736408104941818,-0.04256984089609073,1.8878226322542369
2026-06-02,-0.020973614179869315,-0.01629664116536733,-0.010459811258206053,-0.005684243468201733,-0.02494962662026634,-0.023223685277253603,-0.026361643709606142,-0.04111620162850038,-0.023999531152550158,-0.011490056447317265,-0.008958944100807553,-0.018982190633672458,-0.01173131317163012,0.0260341557658208,-0.03790835741571086,-0.002603781504456504,0.004455326119112701,-0.4176174170340501,-0.04158402821146001,-0.007862963541053092,0.03691709452971059,-0.06092100642812348,-0.021919439364518345,-0.029744874841037716,1.7335977647478273
2026-06-03,-0.01566737397678153,0.001230398558548007,-0.014238523136643755,-0.022009110768510753,-0.029225078103606195,-0.006132523263006062,0.005380343705159607,-0.05052302536765696,-0.005029183280037541,0.005126934183935505,0.0030724987405628124,0.018111010308912157,0.02248920349317296,0.002214722703824279,-0.016798351245064236,0.004685223031818619,-0.0019576508761094402,-0.43919429610932426,-0.06108182012215979,-0.007674936381260822,-0.007185145891772549,-0.07081993056908653,0.009789124719622677,-0.024913713424795425,1.5687089649120365
2026-06-04,-0.00110178102304892,-0.005542359153024257,-0.002923340687909226,0.014851785561890818,-0.006884766063649073,-0.0029106488076824366,-0.008887940047985765,-0.024817139835175306,0.005300783027868627,0.004071342713731552,0.005896278328196836,0.004929099544826787,0.024673695330537537,-0.02331513060753765,-0.014247662976268671,0.0027431343176944623,0.012163862698449712,-0.4428716885314887,-0.045464393636379885,0.005143617298791758,0.0312471370327998,0.007640573008671936,-0.004180292179866929,-0.0198744187514448,1.9000945904357245
2026-06-05,-0.03143348443884042,-0.023080428962136357,-0.006324601330981006,-0.0514321424348142,-0.04210876314032308,-0.018119540209298624,-0.038791660285803053,-0.04563978939052049,0.011417878665940462,0.010634176603364187,-0.0012565016722774214,-0.0013947668973337546,0.03338150251977434,-0.0533553934833928,-0.012834973648722103,-0.0076849553501704415,0.028276166293971006,-0.4789112004189954,-0.11077501847868843,-0.014625243382022646,0.012110764552420328,-0.033681030919675004,0.013056062019963344,-0.03448023245126752,1.722833857451549
2026-06-08,-0.010265214885858631,-0.013313777652770864,-0.009151625255368723,0.005436259112884478,-0.021551034525480683,-0.007585814465461693,0.00011511532160257687,-0.013949036388643754,-0.005781555985288289,-0.011273896091735569,-0.0016221861004996896,0.0005575520524618849,-0.0030389375315499345,0.0525900577432854,-0.036078063345205136,-0.0038304444373993274,0.0012145494590927175,-0.5040780055384266,-0.06552102361888978,0.006148073567146639,-0.022168560480842814,0.001729726775571594,-0.00838064080129286,-0.014489142833633117,1.9489583308199236
2026-06-09,0.0012634155697208715,-0.012580141629410013,0.010202663129265988,0.017401936085782,-0.011503766370427715,-0.01013737380936064,-0.01057799743993404,-0.05234273779525289,0.0005730296743362562,0.004076387489843514,-0.0008946711442945343,0.012192322273989475,0.03878497447100471,-0.011319940083956537,-0.008158430079454493,-0.00043907088885597467,-0.06434381352957141,-0.5183302017701856,-0.09619627615876358,-0.005415536506579666,-0.008160603315842896,-0.01512492645570962,-0.0008260914665935148,-0.014225328469318677,2.035012565858434
2026-06-10,-0.004110537291017957,-0.006367236942787846,0.012076006641247528,-0.013789595456150217,-0.0063227619163004345,-0.019262981698902282,-0.022147152120487568,0.0014112191638104843,-0.0038280652014258676,0.011778756211500596,0.0005619242355350273,-0.02501628516402221,0.020149279162849254,0.004988572761651433,0.005503376365094015,0.002102633793539699,-0.06544168910817771,-0.5182576883955027,-0.10377519328395723,-0.007526545414704655,0.001600862944995285,0.043331725282217626,0.018300331843642326,-0.008825531813231424,2.001458536247607
2026-06-11,0.027686356010408364,0.009483567509089408,-0.004829723035093547,0.005510287333634789,0.018843504221183416,0.015746674359633728,0.008025349845932395,-0.019149665750358702,0.009039950345516523,0.0008008903355958275,0.0005898930580103823,0.009483491055455096,0.035348990964369165,0.046890427317599404,-0.0017844900609828018,0.006150744024438826,0.04319448728192077,-0.5183652567403234,0.014012353099233543,0.011606859658789492,0.0485584522235194,0.014091854387181524,0.013163117654372947,-0.01722053768216336,2.059047067450753
2026-06-12,0.002737672935476887,-0.006283223980687924,-0.01214788907865505,-0.0191084069167603,-0.02068576764425467,-0.01711207676668347,-0.01613531765309628,-0.030780413575314358,-0.018542312085903068,0.014220682022764608,0.0019089320197103188,0.0032251902225199913,0.014824398516644521,-0.0012212170954343238,-0.0030319050059556263,-0.0006314317705846673,0.04856095184401754,-0.5219558768299635,-0.08272709492342556,-0.008493987905957012,0.004189455374697948,0.02783976235797825,-0.01702709968473448,-0.010618871836016397,1.9374921807619665
2026-06-15,0.008448773098479911,-0.0013458171120469542,-0.015354301481433574,-0.0031679617507411884,-0.010974860335590808,-0.009129432713942065,0.019064502092714042,-0.02301981234173467,0.006399660021071174,-0.0066407505625639685,-0.006750201756967611,0.012747148947470865,0.013187353383895983,0.06629182191534233,-0.004058091331736291,0.0019918067460524824,0.0044397317965527705,-0.5112340687160232,-0.08126609131050933,-0.009113503454900918,0.03297816003468368,0.009437050334999864,0.002457197308960879,-0.004703269976210178,1.9026495646403134
2026-06-16,0.015647729393655885,-0.003839149597490654,-0.024212294362587095,-0.002817462263787096,-0.0034055795220758744,-0.017889487516709712,-0.015172748156455085,-0.03655266680755731,-0.008787821892908942,-0.007038513777415933,-0.004089003902370658,-0.0009270672862706775,-0.004973652394046457,0.0036021085572752742,0.014864383036512496,-0.00010535316402648931,-0.0028818453917892617,-0.5112421898219018,-0.06720634629978406,-0.020687520503997803,-0.04421996989579713,-0.02182342069348442,-0.020687563592586056,-0.006841023870324703,1.8865298849383185
2026-06-17,-0.015980486678027872,-0.01616745460773894,-0.031242807752073443,-0.026074632385678975,-0.01992791426452223,-0.013297124378370717,-0.013401961476093849,-0.0011468929550143558,-0.0037644583145451938,0.00831195060839951,-0.006533005761575117,0.005505224665332653,0.032792773872930336,-0.010428237950566799,-0.012290492623796778,-0.0027579133971729064,0.0005266513321129374,-0.5149542570616632,-0.04565035715779864,-0.013619781776984974,0.039458037250737155,-0.002340447806707724,0.009261395175649945,-0.02321856829108393,1.6916370901004334
2026-06-18,-9.033590729023988e-05,-0.00821927761083796,-0.001978258074739725,-0.020103884900533053,-0.0032446690735375983,-0.00480940687291076,0.004852637720556219,-0.036464986197636495,-0.01571954508262352,0.002846871250948624,-0.0020806803643045324,-0.005397100104111208,-0.008080931041261619,0.02350109529025901,-0.0035878902419488323,0.002729062038031138,0.014834660102943209,-0.5507476916268617,-0.08997671677219277,-0.009010408823426852,0.02130306224925449,-0.044348479797228224,-0.011679144743561132,-0.018959973601328506,1.9424396331872087
2026-06-22,-0.0007383814878582085,-0.015158673080195695,0.0017636714453499458,0.006951405256638621,-0.009510562419059787,-0.005313981289099101,0.014710119999611138,0.009027875259646878,0.030504247281816887,-0.012597824459602669,0.0074458302510860275,0.01639009440178074,0.03960941196774259,0.018782767618421126,0.008753469594789953,0.009294762307591853,0.0007110226459596802,-0.5506622491858333,-0.11593691492279024,-0.009283139090705439,0.0212955362392222,-0.0038299015647782486,0.013861683707029337,-0.012162361884171857,1.747374920279651
2026-06-23,0.01605887924826943,-0.004073343552255748,0.005741338625947279,0.030826814140511027,0.00494161271529614,0.02452775753505354,0.013264490917141325,0.03695528750178134,0.024965968625298762,-0.004656785112171491,0.019248299513535017,0.03488362211033014,0.04279612993852688,0.06767456424116358,0.01870192654794911,0.011789845828978684,0.06759393361006283,-0.5433068166711552,-0.12844028924537065,0.01180837453574135,0.003980587411967829,0.02337023891652734,0.03472941398870266,-0.0006613490362298302,1.6798758480115619
2026-06-24,-0.016006094356227574,-0.012001003930383947,-0.006094130773836137,-0.013361389752700847,0.02652665325907999,-0.01757115591556946,-0.00439364714127588,-0.016940634068446148,0.026613455572154443,0.0020187134963647324,0.0018671001143071297,0.011702230644955902,0.014997624111254382,0.061767259654317064,0.013751638276288336,0.006283901159970018,0.07833588663681756,-0.5396462198541354,-0.1438090295299711,0.010314982131817363,0.004121472720639119,0.005213481273091292,-0.001544120875686783,-0.005914690794169286,1.7321861560883187
2026-06-25,-0.01941298279442838,-0.00019037002952060345,-0.009829713677865892,-0.014543914250777501,-0.014640405695070524,-0.02178880386100479,-0.0025424855336655394,-0.03992508219382829,0.0076123449885638905,-0.01449372135439786,-0.0014378822943988956,-0.005818408038067435,0.003295103424110213,-0.0015265685612231294,-0.0012569135864052283,0.007003274193070785,0.010056949166455498,-0.5577122830203443,-0.14783824119543054,-0.00784274169038579,-0.03725886910233034,-0.0028627733752619733,0.020292159177757396,-0.016910561255144674,1.705928379683217
2026-06-26,0.03808340516270459,0.036698803020954074,0.03448610729373369,0.03422520566846643,0.035424110492754846,0.019751344112264313,0.03971212275181446,0.026406660344900246,0.05032497589281415,0.012794414682380628,0.023477009516925884,0.017393170208130027,0.01446370868108282,0.03222217099084701,0.046930089502272176,0.008599745313925489,0.06448788196508892,-0.543292260451046,-0.014581706713274634,0.02767995831610559,0.0648775893703013,0.0712471248771187,0.024558126657910684,0.00730542853550209,1.7678657343173079
2026-06-29,0.006681870267794876,2.882938192350082e-05,0.015895956436606573,0.05428361440061358,0.0038946717364478634,0.01567672314868429,0.05880980129655078,0.015618992292104839,-0.030449512271550794,-0.0020625053444276453,0.009424512385565187,0.0024449949240830104,0.015958653656900523,0.04337808906324181,-0.007420168645549952,0.011228797764995857,0.03324818674322949,-0.517980443443552,0.0037960195558122134,0.028377782299657817,-0.019206521465132353,-0.0032244318879101064,0.010467878456086321,0.001619386187161398,1.5703183181832436
2026-06-30,0.013074906660930363,0.006402229369886436,-0.007256839755977018,0.021975269340437142,0.013821707620856216,-0.0012465546413144013,0.02473413799902291,0.024055659610806135,0.0024311630009337115,0.0026065391270242433,0.007443900853925323,0.008599857483280404,0.03019157114149862,0.0843089342147727,0.0032000136739882556,0.022528572495739807,0.030085848080518618,-0.5252661980181201,-0.13756699552553897,0.00248115562731388,-0.010738615950752761,-0.0019714118323002072,-0.01949243688373059,0.005502112481414079,1.4696321351004449
2026-07-02,-0.0025093469039877414,0.015573726613568928,-0.00195489611636368,0.009889285943898596,-0.00042581132819341505,0.006431256400999619,-0.009682376439928642,0.00031418137137939617,0.013219309918607314,0.003948683459406688,0.004006426904628713,0.02800716970636885,0.0004901012074576272,0.04607012886254891,0.016236681464826708,0.005190998520465229,-0.004303041341954805,-0.49626971135930276,-0.1446661358886685,-0.017008744758727157,-0.004205084343178789,-0.04365026474425582,-0.006797649645581716,0.019693949323785098,1.6091005872256692
2026-07-06,0.00037855100124861707,-0.004593699184840205,-0.014077651711975281,0.01486447305225691,-0.005056896282468637,0.01892245378795998,0.006136687164868482,0.017863412121022826,-0.012296334037623091,-0.007027902198656011,0.004571092173474289,-0.019972113050228835,-0.005707599323123258,0.07625028764997799,0.010445139832949701,-0.01300462380481926,-0.0008462376008867567,-0.4891373994913376,-0.11725831484539395,-0.012176612130737507,0.03087838739088511,-0.0223684281753721,-0.018013520717390374,-0.00793863646450943,1.6965629364822012
2026-07-07,0.0042318458131469505,-0.005064556840486456,-6.846918904712673e-05,-0.006506121743555471,0.007477970101850584,0.013945481174345353,-0.01164506426374079,-0.027187990659228167,0.0020171489154887645,-0.006296816224974133,-0.007925831500749547,0.011292992935491242,0.016399890783660886,0.006155416065075858,-0.007043465355829337,0.001135483010788585,-0.003127859263179933,-0.5107555779172723,-0.08123678430291947,-0.007840566062403354,0.04118418856280015,-0.04054152308358272,0.010007647555236199,-0.024225880712463788,1.678498231604094
2026-07-08,-0.006305130323774,-0.0006300888096347768,-0.02233076175867743,-0.019633271050998546,-0.017483958846386982,-0.020608104967699603,-0.002319925547864643,-0.030680094560996185,-0.013122183723670244,-0.019340886776481936,-0.00716273795917588,-0.008202551592151885,0.008935472253918109,0.08223637624776337,-0.001904238152570903,-0.0071867431234357015,0.00642755208265311,-0.5000080647875607,-0.12402675459794654,-0.008890237832079761,0.011339889666219571,-0.00031458786266824745,-0.015448779769930643,-0.021340157770401436,1.6499960425114089
2026-07-09,0.008338219957404691,0.009509355043624934,-0.012517685476109541,0.006487529491285615,0.014098611714368658,-0.0017096920358727896,0.0004682680510206261,-0.014998303880341513,0.0060765078850550935,-0.00760136241282372,0.006077015144126063,0.0038583178843076826,0.02098577525375589,0.036477076913787654,-0.0002243686918315113,0.00557911280305845,0.02523816047817773,-0.5109739255991395,-0.050158728917639506,-0.010661968786557785,0.009767770660118247,-0.005615164791535454,-3.491172956615607e-06,-0.013524170342992359,1.7814324220293156
2026-07-10,-0.0015931579855181788,0.002584287281605757,-0.029770337030549876,-0.0024463037875449567,-0.00363741347844293,-0.00028270014692388656,-0.0038978133227096645,-0.03116589216908472,0.018130684730991442,-0.0003080820411478502,0.002359191463104926,-0.018841497925289996,0.016174315000240247,-0.0023410997534714095,-0.00202491348792766,0.007158164087870844,0.018940987703867096,-0.5183498688980807,0.016058703478250447,0.0033023661911275592,-0.027767261843774538,-0.11596101913419576,0.0010246946965279946,-0.020414342351930626,1.8659638333038955
2026-07-13,-0.005461459299789251,1.5906905862950182e-05,-0.0045022640339321685,-0.02786928138791389,0.012453038606092592,0.011489643891420709,-0.0007775031125074605,0.033383271795772274,-0.006939198432232563,-0.012191999341516269,0.002144300018259493,-0.015053079454419582,-0.03203142594638242,0.022603745629835803,-0.007627130656644887,0.003100232293381744,0.005338163791484218,-0.5504896691257466,0.01716287866305155,-0.0017101660708032096,0.045261314824576626,-0.036070224437845355,-0.009650423730236612,-0.012086149022121795,1.9879080586789812
2026-07-14,-0.0068727616498373,-0.00688269822145271,-0.00271891254381329,0.014161452564428911,-0.005809179642450757,0.006318219914895451,8.597550465094805e-05,-0.03381206049787,-0.009569809882243652,-0.03149613567023335,-0.0019077637300244366,-0.00527284481342416,-0.02094661664433961,0.04160454752676124,-0.0008698825715608427,-0.009283920955220681,-0.013055507020080626,-0.5362213221154983,-0.01826722962486782,-0.006526221236801022,-0.01127996673739673,-0.05534256507843316,-0.0006702512241379965,-0.010416637678249296,1.9871611061538133
2026-07-15,0.0167484727166467,-0.008289883192644232,0.003941401107814713,0.015957465846000884,0.01971049164872407,0.022665515069430597,0.027598599449873973,-0.003977389287818323,0.0011715891662824607,-0.014722077770717101,-0.003905255841491817,-0.003961571767755134,0.03688222288087828,0.05388275183511282,-0.0021195888447316236,0.006330432005334119,-0.049341497160933945,-0.5254363449029801,-0.026466699537797567,0.010101366266080491,0.03527124175058183,0.032090853513637274,0.02396108083718196,-0.0023446918097501657,2.119000979888322
2026-07-16,-0.015272498872378804,-0.00411148000026107,-0.00140720202473954,0.0021673684823459993,0.006943539202502791,1.9932763639651796e-07,-0.026974588631021534,-0.03281607810485476,0.00211534298887206,0.0013547200482160182,-0.0011307931663971926,0.0030723310039397767,0.0021189352657842164,0.016623417106002236,-0.025049858030577576,-0.0033980095528305387,-0.08374680035941806,-0.5146031288149597,-0.03333645456138268,0.00377406963375182,0.006352869855718479,0.006210267319812557,-0.001978096535956597,-0.018844186851217803,2.34519524532825
2026-07-17,0.0006908223267796387,-0.0015666084680443504,0.015166825289050667,-0.013127711079735982,0.014653021298379976,-0.0075214660268232425,0.026930862737706063,0.01274858490831754,-0.016462080960458092,-0.011032969112796165,0.0027042175571005966,0.013922664672956664,0.02179421623229927,0.014458978048295767,-0.010373408951333873,-0.008748622075476109,-0.04235255996030107,-0.5000782064416021,-0.02623343044304005,-0.00033626556396482155,0.027257019759461043,-0.0011052673540853375,-0.020407061767940604,-0.0258909322957942,2.167701758076675
2026-07-20,0.009665907580588051,-0.00043571656589547203,-0.0027579435801422525,-0.01456085952476771,-0.002562247018308983,-0.012852862424462042,-0.026309760085319045,-0.03950450156603691,-0.010744734729960403,-0.0188065755232506,0.009135263698998086,-0.021963822456779303,0.000441878609509061,0.01256749618961539,-0.028616511212063878,-0.006145776843213158,-0.09527831936527986,-0.510916542400458,-0.02633031721772172,-0.013090382922666288,0.0392962077623249,0.0035762640872893936,-0.020035095935430514,-0.01884328709983185,2.1178486807437404
2026-07-21,-0.011793269549646879,-0.014900960432705612,-0.025185919623337605,-0.010593300418573981,-0.019246950131106333,-0.015888784979829262,0.006896550261942469,-0.03502786847767114,-0.01597354790318839,-0.037472406844215045,-0.002779028117047333,-0.004106196841974774,0.00864641528375687,0.0032030504110076574,-0.033806526987196994,-0.008558488231880212,-0.04093415248036647,-0.5000686292326627,-0.025519198798690468,-0.026947222793799908,0.010828877876722487,0.0018188682638955456,-0.0438231385352702,-0.01893154797175811,2.353184831137595
2026-07-22,0.005710929421463895,-0.003299710208236273,-0.015075167525212652,0.009463691479906222,9.981550401416683e-05,-0.0025461166894249487,0.00260307313480701,-0.019828736782073975,-0.018561018577085586,0.016335151144481586,-0.008780095092496443,-0.017933262674269423,-0.0028034813961933525,0.0224773636306419,-0.003347501972740252,0.0030627848294630944,-0.041094805060257755,-0.5072166303567472,-0.019828736782073975,-0.005508028107228946,0.0004730711715383862,-0.005300684611129314,-0.0040868974245127365,-0.021917722360046188,2.3484671748957067
2026-07-23,-0.027176931137079308,-0.013785134987402192,-0.013403993288241822,-0.014598743024622718,-0.016356847181962064,-0.009604124551776949,-0.02497926416816132,-0.03560090525195414,-0.023530665110614746,-0.015215377367757577,-0.00728533861972358,0.016846869100498818,-0.03749701738062139,-0.0002717392391919926,-0.0023231922530756455,-0.010130201560756058,-0.02742541851736824,-0.5145015788998631,-0.09281156681609148,-0.011241278283252831,-0.003679372866948416,-0.0044691818324122945,-0.012843314082536361,-0.031281785889081926,2.1251293707116714
2026-07-24,-0.0007943483789445427,0.0022134748708353413,-0.001168279187677257,-0.01008935299442848,-0.009909605948323352,-0.00964845116503732,-0.023031871883530064,-0.03964707252326538,-0.0012095664318942934,0.010403128471398349,-0.0071792698440960034,-0.01320105357718282,-0.020117427539771082,-0.007640124009081317,0.0033674438294652997,-0.002495599001614335,-0.019368215217693496,-0.5036367596667801,-0.0758703450494157,-0.0010451002328859538,0.016902980453478822,0.0050933627207983,-0.006482999362381059,-0.015615613845827436,2.5408572881909346
2026-07-27,0.015545857382250228,0.01804995362368156,0.016311107078206488,-0.010473371556452893,0.006295996866957587,0.029152051551989633,0.023467632284345674,0.00024909827453889477,-0.012720763561381299,0.012953226781669214,-0.0017228308907478729,-0.015586397399359853,-0.017008883657436025,0.01834499049389393,0.010281958994456053,-0.00950298537561689,0.06985099316394461,-0.4748165242685971,-0.06468949873675978,0.0035803286813749224,0.013567804638733971,0.02540545552474205,0.01116428302332051,-0.01245078685166745,3.037362094144175
2026-07-28,0.008125934334364926,0.004377044186681056,0.0006366346622723729,0.012237903030671848,0.00797420514381919,0.04255564173860038,0.005523571694431295,-0.007599566939499813,0.017484576112729355,-0.006039089283126686,0.013677978619024866,0.020660468555012468,-0.0233329895172959,0.12379547621824183,0.022273945311069188,-0.013402051798078185,0.06396237524557846,-0.44604786428857035,-0.0335371426492439,0.009250738263628211,0.022712745634961173,0.01118098479822538,0.015151466763682064,-0.004233630410447664,3.047502812222681
2026-07-29,-0.007571306854116444,0.0002833764428298302,0.0003104569315242056,0.0016913116622083724,-0.00962004886137302,-0.009138451051336594,-0.010628603138934878,-0.025538427055485813,-0.017238177785431685,-0.00691307386685025,-0.00783173182172825,-0.008783688168532366,-0.0030293791686589744,0.009387473666110369,0.15057617728185702,-0.009024629782190208,0.09076097621364787,-0.4497102116221714,-0.1333392979086624,-0.0014744254971849058,0.005061788121537347,0.013989169789369704,-0.0002606160517116818,-0.005501958668062357,3.1424793274192053
2026-07-30,0.019878224547821954,-0.01563951069803582,0.0013137279791972656,0.03190015575688632,-0.010492343876793098,-0.02499255168998471,0.007810856997136906,0.012138248054931466,-0.006824997541106437,-0.0037812153472222,-0.0034917836711737538,-0.009239897934023467,0.006359777925599053,0.01716243922783356,-0.06471489355353621,-0.013134804340706907,0.01164939698013856,-0.42803904279489846,0.020778400642875727,-0.0022208215259575947,0.00475366162663704,0.013166313553249598,-0.02322030642637074,-0.05896240234375005,3.204903082867335
2026-07-31,0.024340082437564137,0.0184532752878257,0.005976894000601751,0.02858063719153292,0.014201007231964047,0.0009116456590676503,0.007474356714613828,-0.014094129740586436,0.006250075264977228,0.013589392515825693,0.010574200036572057,-0.017286538877240076,0.0020137079980266925,0.03096588826806901,0.0200143726402624,0.008479977968204322,-0.03312565114021093,-0.4387721009904393,-0.00933055372079672,-0.005885293954865145,0.013339616433522883,0.009815062748725234,0.006037077833948246,-0.014225059599144219,3.3313648517802035
2026-08-03,-0.003332178424637733,0.0013015125881647993,-0.007860188505947052,0.008411092750915339,0.007185740241515415,-0.0078635265068977,-0.010978896893429568,-0.01875369177931252,0.020125444173416662,-0.014678990357104182,0.003407857155518057,-0.008532543310554974,-0.004440535279162328,0.008418609996076354,-0.023329100324678165,0.003980089922872354,0.021811657640072868,-0.4568287256171324,0.026974398344938644,-0.010533503292348256,0.0013669143497005987,-0.003781039722255075,-0.0026957823275176596,0.0013588595590645625,3.490455439127329
2026-08-04,0.005069756686464144,0.001321375048595641,-0.003767164108359977,0.0013835762368170634,-0.005249994241071088,-0.0005511640404451956,0.005240511573040951,-0.016687494032992745,0.0068687339168718164,-0.014226193024357237,-0.006101695151786157,0.006417185752163546,0.0013344085966997543,-0.001964176312319821,-0.04100080413143836,-0.01855846349902679,0.04211066756682613,-0.44964143879761187,0.0024100130929944896,-0.012613930806901208,-0.00772202327898408,-0.017249583006753277,0.004185095369918734,-0.006802615409698176,3.7512500162236364
2026-08-05,-0.016434540394567154,-0.01851850480845596,-0.008228833953267567,-0.02751470442966919,-0.029260054594745344,-0.008306221786417822,-0.024705287847322954,-0.04338324105925351,-0.016837180202549318,-0.01713854719277741,-0.015856536148818212,-0.0056305481181084804,-0.0009624397413688923,-0.0010324059508767247,-0.006107623903563342,-0.026301286501474563,-0.029154649714317804,-0.46039907728069474,-0.01263183558005776,-0.020522014453670523,-0.024844685368978103,-0.03874523293431853,0.011696355629607469,-0.013318015224714319,3.7663423146471295
2026-08-06,-0.0005940267043521574,0.010756768249504667,0.007342438702242271,0.0008263315804006854,-0.0069413681386854,0.013146113285367411,-0.005107048180686524,-0.01745159490934245,0.006868924666445286,0.0015066663242002676,0.0033312560138143432,-0.0026141507723441704,0.1271032183318661,-0.0015620018845966532,-0.00014641672798643146,-0.003230034539808746,-0.03966348264547337,-0.46392122551734216,0.0301647822275386,0.014331206947202357,-0.01330184104231269,-0.020903500919258522,0.013566543161308786,0.005268054332120187,4.051486138319388
2026-08-07,0.017050222482574817,0.014221857877633193,0.010890198502110149,0.007254328820099687,0.017316099169299104,0.0174647891865789,0.020061734937220743,0.00873517658363876,0.01325860947253843,-0.012842870097893533,0.007827533594150227,0.0007084991988388634,0.06354105040913782,0.03233599714043622,0.007863975822305136,-0.007370090547413777,0.023094404565366045,-0.46025458249274376,0.04901480042912576,0.010323906350319323,0.03109025588051062,0.0073572163358885945,-0.0001114407993092481,0.007517397483748356,3.951504878186424
2026-08-10,0.024147227351675404,0.006819527533643788,0.018119457190794774,0.000755225824027983,0.007303335822350654,0.005311821199255551,-0.001036898210646231,-0.0038509406973789018,0.01389287028015218,0.0017480226922899078,0.01383994711599934,0.016172343637117725,0.050631380877785626,0.04706541157394306,0.020191045117358364,0.0071641973994407415,-0.03010940559016506,-0.40261395991057736,0.02136535800737449,-0.00018541194254972915,0.06431246548112046,-0.009468728137137727,0.020633989079493542,-0.003974361944739102,3.4962723658663686
2026-08-11,-0.008110599355018788,-0.010212531607670883,-0.010540068123454094,-0.00679727639283334,-0.016489852531969995,0.013821041740826656,0.018802170105367777,-0.0015301915276095812,-0.0004287321559912627,-0.007049841043241023,0.0014775605092895994,-0.009099943724760973,0.10077232176815842,-0.0055360195863188855,-0.012247466086190428,-0.019360005855560303,0.021445204541845175,-0.4422047716114418,-0.012463842954979154,-0.006152745929813519,-0.01494928614972002,-0.016478566136502337,-0.019360005855560303,-0.005806439088380522,3.49089537308648
2026-08-12,0.0017612731145109084,0.008231782493367534,0.01175888288592275,0.008109772614154576,-0.0037830975758995633,-0.009668732288543147,0.007819323780299703,-0.0016059451397889557,-0.007659880683415277,0.0011802008303389844,0.002273939519471746,0.000516110052147134,0.01680215135185459,0.0012890425819023221,-0.019382622276720052,-0.005118257923399372,-0.01658332863908074,-0.44931159696848333,0.04037579544516734,-0.0075226213668528885,-0.023598361469363782,-0.025401465055366,-0.0028822757772357654,-0.012649990639590714,3.704567532978132
2026-08-13,-0.017120549609432767,-0.06546102569176937,0.004015375731647897,-0.003215170519078825,-0.007143463296898744,-0.0017202023041018588,0.01839368888525983,-0.0003298168707688287,-0.0027091387611912765,-0.015251761182393464,-0.007521019967950515,-0.02062917681873655,-0.008547602609400573,-0.016594664117595248,-0.012513511704605795,-0.0031197031546701393,0.034716345771157675,-0.4565177280389796,0.04235524365623888,-0.014204172658189296,-0.04431319126169142,-0.016061362768370557,-0.024390463367106596,-0.012308386839215424,3.7225074463350714
2026-08-14,0.012887604442616052,0.03466257580572174,0.014299219208670833,0.008828343725831855,0.025132365097674247,0.013555358537824524,0.008482388038175692,0.008224649424553254,0.010787618352136485,0.008774265061170405,0.013266370618380208,-0.006867295776608495,0.011156572116518548,0.019111051796010914,0.013500215639433266,0.008422436473729977,0.012657334236040985,-0.4600550326970313,0.027475154834586624,-0.00046458197852028427,-0.0007383460036194389,-0.026636187281972257,0.020623394758439995,-0.0022320497719579002,3.873494361516374
2026-08-17,0.0009661569406436143,-0.010500176817969886,0.005264769807271641,0.01817525428266875,-0.005910108589767038,0.004288462656828029,0.026684177535131193,-0.0007149411582929588,-0.009239324339962884,-0.0035376575653830455,-0.0038624026634594966,0.02245023102961685,0.013020077860358192,0.0026655263349446567,-0.010343776578193076,-0.002415696567382053,-0.0025863423195793267,-0.47809574429698365,0.006259111152403296,-0.015520227289692379,-0.014426441759003095,-0.0396891608409351,0.11911922594213098,-0.018398433423830407,3.6833455408673013
2026-08-18,-0.00827251880556179,0.018313137861647233,0.009850581454926344,-0.1187081484997432,0.002033131767416485,-0.007206744569513979,-0.02571786224967043,-0.003546046458568486,-0.0021347623029753793,-0.0027884469675538703,0.004832745484428358,0.008790044583675716,0.03977369005449738,-0.012300688855438335,0.03649448182925363,-0.0074788551300912776,-0.020838748416440622,-0.4494772206710358,0.018410548005085348,-0.001734300760157792,0.0035302866330320093,-0.004218468903170458,-0.007716898017838814,-0.027952983632255957,3.4549483552771596
2026-08-19,0.017566615304664523,0.022259738088353354,0.026864322968136012,0.012292091318422793,0.011733368541510192,0.040642489906068446,0.023575133486483324,0.032897993491740385,0.035218339178721525,0.010297075647046405,0.0034054050109031397,0.01691906376160235,0.03141696609410305,0.011047030729548712,0.038041495672331394,-0.04137384814300116,0.018687162046366224,-0.47828531223449144,0.05678726729218253,0.03148127030003223,0.018795252172614907,-0.026554316206966133,0.041896797101376615,0.01649313290689336,3.6815907330274102
